:020000040800F2
:10000000A8B10024B10200083F90000899830008BD
:100010003D9000087908000855B80008000000006D
:100020000000000000000000000000003DA80008E3
:10003000CD0D000800000000419000083FA8000816
:10004000CB020008CB020008CB020008CB0200085C
:10005000CB020008CB020008CB020008CB0200084C
:10006000CB020008CB020008CB020008CB0200083C
:10007000CB020008CB020008CB020008CB0200082C
:10008000CB020008CB020008CB020008CB0200081C
:10009000CB020008CB020008CB020008CB0200080C
:1000A000CB020008CB020008CB020008CB020008FC
:1000B00019AA00089DAA0008CB020008CB0200087C
:1000C000CB020008CB020008CB020008CB020008DC
:1000D000E1A60008FDB70008CB020008CB0200082B
:1000E000CB020008CB02000800000000CB02000891
:1000F000CB020008CB020008CB020008CB020008AC
:10010000CB020008CB020008CB020008CB0200089B
:1001100055AF0008CB020008CB020008CB02000854
:10012000A1080008AD080008CB020008CB020008B7
:10013000CB020008CB020008CB020008CB0200086B
:1001400000000000000000000000000000000000AF
:10015000CB020008CB020008CB020008CB0200084B
:10016000CB020008CB020008CB020008CB0200083B
:10017000CB020008CB020008CB020008CB0200082B
:10018000CB020008CB020008B5AF0008CB02000884
:10019000CB020008CB020008CB0200083996000809
:1001A000CB020008CB020008CB020008CB020008FB
:1001B000CB020008CB020008CB020008CB020008EB
:1001C000CB020008CB020008CB020008CB020008DB
:1001D000CB020008CB020008CB020008CB020008CB
:1001E000CB020008CB020008CB020008CB020008BB
:1001F000CB020008CB020008CB020008CB020008AB
:10020000CB020008CB020008CB020008CB0200089A
:10021000CB020008CB020008CB020008CB0200088A
:10022000CB020008CB020008CB020008000000004F
:10023000CB020008CB02000800000000CB0200083F
:10024000CB020008CB020008CB020008CB0200085A
:10025000CB020008CB020008CB020008CB0200084A
:10026000CB020008CB020008CB020008CB0200083A
:10027000CB020008CB020008CB02000800000000FF
:10028000CB020008CB020008CB02000800000000EF
:1002900000000000CB020008DFF810D000F092F858
:1002A0000048004735D60008AFF30080A8B100240D
:1002B0000648804706480047FEE7FEE7FEE7FEE700
:1002C000FEE7FEE7FEE7FEE7FEE7FEE731A90008EE
:1002D000990200082DE9F05F0546002092469B46F2
:1002E00088460646814640241BE02846414647464C
:1002F000224600F057F853465A46C01A914110D38F
:1003000011461846224600F03EF82D1A67EB010808
:100310004F4622460120002100F035F817EB000976
:100320004E41201EA4F10104DFDC484631462A4636
:100330004346BDE8F09FD2B201E000F8012B491E10
:10034000FBD270470022F6E710B513460A46044672
:100350001946FFF7F0FF204610BD30B50B460146A9
:1003600000202022012409E021FA02F59D4205D354
:1003700003FA02F5491B04FA02F52844151EA2F1FE
:100380000102F1DC30BD202A04DB203A00FA02F140
:10039000002070479140C2F1200320FA03F3194373
:1003A00090407047202A04DB203A21FA02F0002115
:1003B000704721FA02F3D040C2F120029140084375
:1003C00019467047064C074D06E0E06840F001030F
:1003D00094E8070098471034AC42F6D3FFF760FF6B
:1003E000147701083477010870B58D1810F8014BA7
:1003F00014F0030201D110F8012B231106D110F8DB
:10040000013B03E010F8016B01F8016B521EF9D1BA
:10041000ABB110F8012B04F00C048A1A0C2C03D099
:10042000A2EB84129B1C08E010F8014BA2EB042203
:10043000F8E712F8014B01F8014B5B1EF9D5A94210
:10044000D4D3002070BD000010B582B0044600F087
:10045000E3F8034600F0D0F8024601940020009033
:100460000748DFF820C0406800EB800101EBC001C5
:100470000CEB8101C96D07F0A9FF02B010BD0000AF
:100480005C640024489E002430B4DFF830C00A4B7E
:10049000DCF804C003EBCC035B68DC88D3F800C055
:1004A0009B88DB1DDB08203A03FB02F204FB02C23F
:1004B00030BC00F0A3BD0000589F00245C64002401
:1004C0002DE9F05F04468B4615460022681C29780A
:1004D000002904D0521C10F8011B0029FAD100F0A9
:1004E0008BF8374FDFF8D480796808EBC101496891
:1004F0008988B0FBF1F001264FF0000C072B2BD2BE
:10050000DFE803F02A1F1504090D110087F800C069
:100510004FF4F07624E03E704FF4F07620E03E7029
:100520004FF485761CE03E704FF4CF7618E0801AC9
:1005300000FB01F0001B84B287F800C04FF4F07696
:100540000EE0801A00FB01F004EB500084B287F843
:1005500000C04FF4F07603E087F800C04FF4F07667
:10056000601E47F6FF71884200D30124DFF854A0D3
:10057000AAF1100914E059462046FFF785FF786874
:1005800008EBC0004068504506D12878A11C10F83F
:100590000900084484B202E08088204484B26D1CC3
:1005A0002A78002A07D07968301B08EBC101496816
:1005B00089888842DFDABDE8F09F0000589F002458
:1005C0005C6400246464002410B503460C4600F00B
:1005D00013F804FB00310648406800EB800303EB8E
:1005E000C000044B03EB8000C06D20F8112010BD4B
:1005F0005C640024489E00240548406800EB8001AC
:1006000001EBC000034901EB8000006E7047000061
:100610005C640024489E00240548406800EB80018B
:1006200001EBC000034901EB8000406E7047000001
:100630005C640024489E002410B51A485D21416185
:10064000102181616321C16112210162FB2181625C
:1006500040F243214162FE2101634FF41B71C162EC
:100660004FF4F0710166E9214166002180F83410F1
:1006700080F8351080F8361041608160C1600161FA
:100680000949016002F0DEFC18B90648002100F0BB
:1006900049F8044802F0DAFC044800F06FF8002042
:1006A00010BD0000489E0024001000506C6400241F
:1006B00010B58EB00446002301934FF4F070029001
:1006C0000393E92204924FF0030CCDF814C00A9171
:1006D000FF21069107938DF834308DF835308DF871
:1006E00036304FF4C0610891072109910B900C92AC
:1006F00001A90948224602F067FC08484FF6FF723C
:1007000000EBC4014A80064A4A604FF4004120F8D9
:1007100034100EB010BD0000489E0024589F0024E5
:100720006C64002481B00A48016841F0080101604E
:10073000006800F0080000900648016841F01001D0
:100740000160006800F01000009001B070470000E8
:10075000E4440258D44402580149486070470000FC
:100760005C640024044A0349526801EBC2014880DA
:1007700070470000589F00245C640024044A034929
:10078000526801EBC201486070470000589F002486
:100790005C640024034A0249526821F83200704721
:1007A000589F00245C6400240246014802F04ABDC0
:1007B000489E002410B501240348202102F08EFB3E
:1007C00000B90024204610BD000C02580146014823
:1007D00005F07ABEE088002410B5044805F086FED6
:1007E000042801D0012010BD002010BDE0880024A5
:1007F00010B500F015F8012801D0022010BD0748FF
:1008000005F0FAFE044634B904484FF4804105F07F
:10081000CDFC00B10124204610BD0000E08800247A
:1008200008B501200090FFF7C5FF08B9002000902F
:100830009DF8000008BD000038B500240093134661
:100840000A460146034805F0FBFF00B1012420469B
:1008500038BD0000E088002438B50024009313461A
:100860000A460146034806F0FFF800B1012420467D
:1008700038BD0000E0880024FEE730B4029CD0F8C8
:1008800000C0DCF8445044EA034305F040452B43E4
:10089000CCF844300368DA630068816330BC704789
:1008A000014801F061BA00006C8A0024014801F09F
:1008B0005BBA0000E48A0024264A016891422CD0E9
:1008C000254A914229D0254A914226D0244A914274
:1008D00023D0244A914220D0234A91421DD0234A5A
:1008E00091421AD0224A914217D0224A914214D002
:1008F000214A914211D0214A91420ED0204A914280
:100900000BD0204A914208D01F4A914205D01F4A7D
:10091000914202D01E4A914217D11E4BCAB2103AE0
:10092000A3FB02321209DFF870C002F007031CF8C3
:100930000330C365032A04D96FF30901091D8165DA
:1009400006E06FF30901816502E021F0FF01816596
:10095000806D7047100002402800024040000240B5
:10096000580002407000024088000240A00002408F
:10097000B800024010040240280402404004024033
:10098000580402407004024088040240A00402405F
:10099000B8040240ABAAAAAA245D01080168012399
:1009A000DFF894C0CAB261451BD0DFF890C0614542
:1009B00017D0DFF88CC0614513D0DFF888C06145DF
:1009C0000FD0DFF884C061450BD0DFF880C06145EF
:1009D00007D0DFF87CC0614503D0DFF878C06145FF
:1009E00011D1A2F108011C4AA2FB012109091B4AED
:1009F00002EB810202661A4A426601F01F0103FA05
:100A000001F181667047DFF85CC0103AACFB02C2AE
:100A10001209DFF854C06144A82900D808321349EC
:100A200001EB820101661249416602F01F0103FADF
:100A300001F1816670470000085402581C540258A6
:100A40003054025844540258585402586C540258B6
:100A50008054025894540258CDCCCCCC0058025843
:100A600080580258ABAAAAAAF0FBFDBF00080240BA
:100A70008008024001794A1E072A28D8144B0168D1
:100A8000994214D0134B994211D0134B99420ED076
:100A9000124B99420BD0124B994208D0114B9942FC
:100AA00005D0114B994202D0104B994206D1104902
:100AB00001EB8201C1660F49016705E00E4901EBB8
:100AC0008201C1660D49016701219140416770476C
:100AD000085402581C5402583054025844540258C6
:100AE000585402586C540258805402589454025876
:100AF000005902584059025800090240400902407A
:100B0000014600208B698A6A002B0FD0B3F5005F85
:100B10001DD08AB3012A30D0022A2ED0032A04D154
:100B2000C96A11F0807F00D0012070471AB1012AF4
:100B300007D0022AF9D1C96A11F0807FF5D00120CF
:100B40007047C96AB1F1C07FFAD1012070475AB12C
:100B5000012A0BD0022A07D0032AF7D1C96AB1F1C2
:100B6000C07FF3D10120704701207047C96A11F09E
:100B7000807FFAD001207047FFE701207047000016
:100B80002DE9F04F846D794ED0F800C0784FDFF832
:100B9000E481B445DFF8E091DFF8E0A1DFF8E0B1EF
:100BA000784D4FD0BC454DD0C4454BD0CC4549D0F5
:100BB000D44547D0DC4545D0DFF8CCE1F44541D001
:100BC000AC453FD0DFF8C4E1F4453BD0DFF8C0E1ED
:100BD000F44537D0DFF8BCE1F44533D0DFF8B8E1B5
:100BE000F4452FD0DFF8B4E1F4452BD0DFF8B0E1C5
:100BF000F44527D0DFF8ACE1F44523D0DFF8A8E1D5
:100C0000F4451FD0DFF8A4E1F4451BD0DFF8A0E1E4
:100C1000F44517D0DFF89CE1F44513D0DFF898E1F4
:100C2000F4450FD0DFF894E1F4450BD0DFF890E104
:100C3000F44507D0DFF88CE1F44503D0DFF888E114
:100C4000F44510D1D0F864E0D0F868C0CEF804C004
:100C5000D0F86CC0BCF1000F05D0D0F870E0D0F82F
:100C600074C0CEF804C0D0F800C0B44526D0BC454E
:100C700024D0C44522D0CC4520D0D4451ED0DC455C
:100C80001CD0414EB44519D0AC4517D03F4DAC45B2
:100C900014D03F4DAC4511D03E4DAC450ED03E4D2D
:100CA000AC450BD03D4DAC4508D03D4DAC4505D0D5
:100CB0003C4DAC4502D03C4DAC4523D190F85CC0D6
:100CC0003F250CF01F0C05FA0CFCC4F808C0D0F846
:100CD00000C0DCF8004024F48024CCF80040D0F8B8
:100CE00000C0CCF804308368402B05D003689960BD
:100CF0000068C260BDE8F08F03689A600068C16058
:100D0000BDE8F08F294DAC4514D0294DAC4511D02C
:100D1000284DAC450ED0284DAC450BD0274DAC45E9
:100D200008D0274DAC4505D0264DAC4502D0264D08
:100D3000AC45E5D190F85CC001250CF01F0C05FA1C
:100D40000CFCC4F804C0D0F800C0CCF804308368B0
:100D5000402B05D0036899600068C260BDE8F08F41
:100D600003689A600068C160BDE8F08F100002401F
:100D7000280002404000024058000240700002403B
:100D800088000240B8000240A00002401004024067
:100D9000280402404004024058040240700402400B
:100DA00088040240A0040240B804024008540258DB
:100DB0001C54025830540258445402585854025893
:100DC0006C540258805402589454025870470000E2
:100DD0002DE9F04104461D4694F8800001280CD00E
:100DE000012784F8807094F881000026012807D03C
:100DF000022084F88060BDE8F0810220BDE8F08127
:100E000029B322B31DB3052084F88100C4F884609F
:100E1000E165A4F86050A4F862506266A4F86850D6
:100E2000A4F86A50266766672068C16821F4C0216B
:100E3000C1602068816821F440418160E0680F282A
:100E40000AD9E16F8969B1F5804F0FD104E0012023
:100E500084F88060BDE8F08107280CD9E16F8969CA
:100E6000B1F5005F07D0B1F5804F04D0012084F8C0
:100E70008060BDE8F08107282AD8A06F8169B1F5AC
:100E8000005F05D1B4F86210491C4908A4F862104B
:100E90008069B0F5804F05D1B4F86200C01C8008AD
:100EA000A4F86200E06F8169B1F5005F05D1B4F884
:100EB0006A10491C4908A4F86A108069B0F5804F8F
:100EC0001ED1B4F86A00C01C8008A4F86A0017E0BC
:100ED0000F2815D8A06F8069B0F5804F05D1B4F800
:100EE0006200401C4008A4F86200E06F8069B0F521
:100EF000804F05D1B4F86A00401C4008A4F86A008D
:100F0000E16F3B480864E16F3A48C863E06FDFF87F
:100F1000E880C0F84C80E06F0665B4F86A3020685D
:100F2000626E00F13001E06F01F0F0FC60B1D4F8C6
:100F3000840040F01000C4F8840084F880603846D3
:100F400084F88170BDE8F0812068816841F48041B7
:100F50008160A06F0664A06FC663A06F0665A06F76
:100F6000C0F84C80B4F862302068E16D00F12002D6
:100F7000A06F01F0CBFC60B1D4F8840040F0100009
:100F8000C4F8840084F88060384684F88170BDE835
:100F9000F081A06FC069B0F5807F19D020684168EA
:100FA0006FF30F01294341602068816841F40041DB
:100FB00081602068016941F458710161206801680D
:100FC00041F0010101606068B0F5800F06D00AE0D1
:100FD000206841686FF30F014160E5E72068016810
:100FE00041F400710160304684F88060BDE8F08112
:100FF000F7A7000801A80008CBA700082DE9F74FC4
:1010000081B007468A4600262F4B2E4A586802EBCD
:10101000C0004068C18800918588E81D20F0070164
:10102000491B01F0FF090099002948D94FEAD0086F
:10103000039808FB0602B8F1010F20D0B8F1020FA7
:1010400020D010785178000440EA0120917840EADD
:10105000010B0024002D2AD9281B4844411E0120E1
:10106000884010EA0B0F12D017491648496830F82B
:101070003120381980B25146FFF7A6FA14E092F8F1
:1010800000B0E6E71178507840EA012BE1E70E481E
:10109000017849B940680B4901EBC00051464288CC
:1010A000381980B2FFF790FA641CAC42D4D30AF12D
:1010B00001001FFA80FA761C00988642B8D304B06B
:1010C000BDE8F08F589F00245C64002472B6FEE7F0
:1010D000002200F001B8000084464DF8044D0120C4
:1010E0000E4B5C7A002C16D1587A1C54587A03EBBC
:1010F0008000C0F804C0587A03F1080C00F80C20F6
:10110000587A421C5A72303008703A2048702F20AA
:101110008870CC7000205DF8044B704798A10024C3
:1011200070B40C68D1F824C00B6A002CCA691CD0BA
:101130001A43036823F4F8434CEA03031A4302609A
:101140008B684A68D1F810C01A43CB6843EA0C0395
:101150001A434B6989691A430A4341686FF30E01C8
:101160001143416070BC002070478D684C680E6967
:101170002C43CD6835432C434D6989692C43214369
:101180001143194341EA0C0201686FF30E01114348
:101190000160E7E742696FF34D0242EA41014161B4
:1011A000002070474B680A681A438B68C9685B1E49
:1011B0005B0143EA41210A4301696FF315011143C1
:1011C0000161002070474DF8044DCB68D1F814C080
:1011D0005B1E002AACF1010C24D01A03836842EA9A
:1011E0000C5223F4704323F470031A4382604B685B
:1011F0000A685B1E521E42EA03128B685B1E42EABB
:1012000003220B8A097E5B1E491E42EA034242EA20
:101210000161C26802F070421143C1605DF8044B85
:10122000002070474C680A68641E521E42EA04128D
:101230008C68641E42EA042242EA03320B8A097E69
:101240005B1E491E42EA034242EA0C5242EA016135
:10125000826802F0704211438160DFE7F8B58C4686
:1012600015461E461A4C616801EB810202EBC10172
:10127000184A02EB8101CCEB0C12C96D00EB421055
:1012800001EB400714484FF4403141600321816075
:1012900040F2DF11C1601149016000F091F80028AF
:1012A00014D10D48616800F01BF800280ED10A48DF
:1012B00001233A463146009500F089F9002805D10E
:1012C000BDE8F84004480A2100F0D0B8F8BD00009D
:1012D0005C640024489E0024F09E0024001000520C
:1012E00070B44268012900D1826C90F86020012A14
:1012F00024D0012580F86050022280F86120C1EBE3
:10130000C10200EB82022832B2F810C01389968A1B
:1013100054684FEA0C5C44EA03434CEA465C43EAF7
:101320000C03DFF894C00A2C0BD0092C09D0167BD3
:1013300043EA066351B10B2C1DD021E070BC0220A2
:101340007047D66806F07F463343F3E701684C6A7E
:1013500024EA0C0C4CEA03034B62036811689961A0
:1013600051680A2901D009291ED1D168026821F0EB
:101370007F41916218E0118B43EA8143DFF83CC062
:101380000168CC6924EA0C0C4CEA0303CB610368C6
:101390001168196151680A2901D0092904D1D1685D
:1013A000026821F07F41116280F86150002180F8CD
:1013B0006010002070BC70470F0033FF0F003FFF2C
:1013C00070B50446002C04D094F86100002510B1DB
:1013D00006E0012070BD84F86050204600F032F82D
:1013E000022084F86100E1696068014320680268B6
:1013F00022F0400222F4E02211430160A169A068BA
:1014000001432068426B22F0070222F480721143EC
:1014100041632068016CE2686FF30F0111430164BE
:10142000208AA18A000540EA41512068426B22F4DB
:101430004012114341636566012084F86100002079
:1014400070BD000081B00068A0F1A441B1F58051E9
:1014500008D10548016841F010010160006800F002
:101460001000009001B07047D44402582DE9F843B1
:1014700004460D4600270097206800684FF00408D6
:101480004FF0030910F0010F36D001F03BFD064686
:101490002068406810F0020F2ED12068406800904C
:1014A000009810F0210F19D0009810F0200F03D0F1
:1014B000606E40F002006066009810F0010F03D0EB
:1014C000606E40F00100606621682120886084F829
:1014D000618084F860700120BDE8F883B5F1FF3FBA
:1014E00005D001F00FFD801BA84218D8BDB12068BF
:1014F000406810F0020FD0D02068C16901F02001CF
:10150000406A00F02000084300284AD001F0FAFCAD
:1015100006462068406810F0100F0BD041E0606E66
:1015200040F02000606684F8619084F860700320C9
:10153000BDE8F883206840680090009810F0290FFB
:1015400021D0009810F0080F03D0606E40F0040026
:101550006066009810F0200F03D0606E40F002002B
:101560006066009810F0010F03D0606E40F001003B
:10157000606621682920886084F8618084F8607042
:101580000120BDE8F883B5F1FF3F05D001F0BAFCBA
:10159000801BA84210D87DB12068406810F0100F61
:1015A000C8D0216812208860012084F8610084F886
:1015B00060700020BDE8F883606E40F02000606637
:1015C00084F8619084F860700320BDE8F88338B532
:1015D0000446049894F860C0BCF1010F12D04FF09B
:1015E000010C84F860C04FF0020C84F861C00090D8
:1015F0002046FFF742F92068016841F001010160CF
:10160000002038BD022038BD2DE9F84F044601F016
:1016100079FC00905CB194F8350002280AD0802053
:101620006065002084F834000120BDE8F88F0120B7
:10163000BDE8F88FB6492068B64EB74F8842DFF84C
:10164000DC82DFF8DC92DFF8DCA2DFF8DCB226D047
:10165000B04224D0B84222D0404520D048451ED0C8
:1016600050451CD058451AD0B04A904217D0B04AC5
:10167000904214D0AF4A904211D0AF4A90420ED05F
:10168000AE4A90420BD0AE4A904208D0AD4A90424A
:1016900005D0AD4A904202D0AC4A90420AD10268CD
:1016A00022F01E0202602068426922F0800242613C
:1016B000256804E0026822F00E02026025682068B6
:1016C00088423ED0B0423CD0B8423AD0404538D0B3
:1016D000484536D0504534D0584532D0934A904290
:1016E0002FD0934A90422CD0924A904229D0924ACD
:1016F000904226D0914A904223D0914A904220D0E5
:10170000904A90421DD0904A90421AD08F4A9042FF
:1017100017D08F4A904214D08E4A904211D08E4AF0
:1017200090420ED08D4A90420BD08D4A904208D004
:101730008C4A904205D08C4A904202D08B4A90420B
:1017400004D1206E026822F4807202607049206821
:10175000884226D0B04224D0B84222D0404520D082
:1017600048451ED050451CD058451AD06F49884274
:1017700017D06F49884214D06E49884211D06E4903
:1017800088420ED06D4988420BD06D49884208D0FE
:101790006C49884205D06C49884202D06B49884226
:1017A00004D1016821F00101016003E0016821F02A
:1017B00001010160286810F0010F14D001F0A2FBB4
:1017C0000099401A05280AD920206065032084F872
:1017D0003500002084F834000120BDE8F88F286827
:1017E00010F0010FEAD14A4A01212068904226D028
:1017F000B04224D0B84222D0404520D048451ED027
:1018000050451CD058451AD0484B984217D0484BE9
:10181000984214D0474B984211D0474B98420ED073
:10182000464B98420BD0464B984208D0454B9842C5
:1018300005D0454B984202D0444B98420AD1A06D46
:101840004FF03F0C94F85C3003F01F030CFA03F3E5
:10185000836007E0A06D94F85C3003F01F0301FA89
:1018600003F34360206890423ED0B0423CD0B8427F
:101870003AD0404538D0484536D0504534D0584508
:1018800032D02A4A90422FD0294A90422CD0294A5D
:10189000904229D0284A904226D0284A904223D00C
:1018A000274A904220D0274A90421DD0264A904293
:1018B0001AD0264A904217D0254A904214D0254A81
:1018C000904211D0244A90420ED0244A90420BD02C
:1018D000234A904208D0234A904205D0224A90429F
:1018E00002D0224A90420BD1626EA06E5060E06E30
:1018F00030B1026822F480720260226F606F506023
:1019000084F83510002084F83400BDE8F88F00001A
:1019100010000240280002404000024058000240EF
:101920007000024088000240A0000240B80002405F
:1019300010040240280402404004024058040240BF
:101940007004024088040240A0040240B80402402F
:10195000085402581C540258305402584454025837
:10196000585402586C5402588054025894540258E7
:101970002DE9F05F002808D090F83510022907D033
:10198000802141650120BDE8F09F0120BDE8F09F66
:10199000DFF81CE20168874BDFF81CC27145874CF9
:1019A000874D884E884FDFF82482DFF82492DFF8D5
:1019B00024A2DFF824B2894A25D0994223D0614578
:1019C00021D0A1421FD0A9421DD0B1421BD0B942A3
:1019D00019D0DFF80CE2714515D0DFF808E2714547
:1019E00011D0DFF804E271450DD041450BD04945D7
:1019F00009D0DFF8F8E1714505D0514503D05945CC
:101A000001D0914232D14FF0040E80F835E06848A1
:101A1000814221D099421FD061451DD0A1421BD0E7
:101A2000A94219D0B14217D0B94215D06C488142B1
:101A300012D06C4881420FD06B4881420CD0414596
:101A40000AD0494508D06948814205D0514503D0A4
:101A5000594501D0914204D1086820F00100086086
:101A6000A3E0086820F0010008609EE0D1F800E0E3
:101A70002EF00E0EC1F800E0DFF834E10168714588
:101A800025D0994223D0614521D0A1421FD0A9423F
:101A90001DD0B1421BD0B94219D0DFF844E17145E5
:101AA00015D0DFF840E1714511D0DFF83CE1714518
:101AB0000DD041450BD0494509D0DFF830E17145E3
:101AC00005D0514503D0594501D0914206D1D1F8F6
:101AD00000E02EF0010EC1F800E005E0D1F800E0D2
:101AE0002EF0010EC1F800E0DFF8C4E00168714596
:101AF00039D0994237D0614535D0A14233D0A9427F
:101B000031D0B1422FD0B9422DD0354B99422AD095
:101B1000344B994227D0344B994224D0414522D0AE
:101B2000494520D0314B99421DD051451BD05945D4
:101B300019D0914217D02E4A914214D02D4A914289
:101B400011D02D4A91420ED02C4A91420BD02C4AF2
:101B5000914208D02B4A914205D02B4A914202D0A3
:101B60002A4A914218D1016E0A6822F480720A60F2
:101B7000816D90F85C2002F01F0301229A404A60B8
:101B8000426E816E5160C16E31B10A6822F480727A
:101B90000A60026F416F5160012180F83510002109
:101BA00080F83410016D01B188470020BDE8F09F36
:101BB000100002402800024040000240580002404D
:101BC0007000024088000240A00002404004024031
:101BD0005804024088040240A0040240B8040240B5
:101BE000B800024010040240280402407004024081
:101BF000085402581C540258305402584454025895
:101C0000585402586C540258805402589454025844
:101C10002DE9F84F044600200090424D2068424EC6
:101C2000424FA842DFF80881DFF80891DFF808A1E9
:101C3000DFF808B12FD0B0422DD0B8422BD04045AC
:101C400029D0484527D0504525D0584523D0DFF826
:101C5000F0C060451FD0DFF8ECC060451BD0DFF856
:101C6000E8C0604517D0DFF8E4C0604513D0DFF866
:101C7000E0C060450FD0DFF8DCC060450BD0DFF876
:101C8000D8C0604507D0DFF8D4C0604503D0DFF886
:101C9000D0C0604506D1D0F800C02CF0010CC0F8CF
:101CA00000C005E0D0F800C02CF0010CC0F800C066
:101CB0002046FEF765FF2068A84226D0B04224D017
:101CC000B84222D0404520D048451ED050451CD0B7
:101CD00058451AD01A49884217D01A49884214D058
:101CE0001949884211D0194988420ED018498842B2
:101CF0000BD01849884208D01749884205D01749A7
:101D0000884202D01649884204D1016841F001019D
:101D1000016003E0016841F0010101600098BDE845
:101D2000F88F0000100002402800024040000240EE
:101D3000580002407000024088000240A0000240AB
:101D4000B80002401004024028040240400402404F
:101D5000580402407004024088040240A00402407B
:101D6000B8040240406D70472DE9F04F83B004463F
:101D7000002002904FF41651FD480068B0FBF1F0CE
:101D80000190A56D2E682968FA4F2068DFF8E8A356
:101D9000DFF8E8B3B842DFF8E883DFF8E8932DD046
:101DA000524690422AD05A46904227D0404525D0EC
:101DB000484523D0F44A904220D0F44A90421DD0A6
:101DC000F34A90421AD0F34A904217D0DFF8C8C3C2
:101DD000604513D0F14A904210D0DFF8C4E370455B
:101DE0000CD0F04A904209D0EF4A904206D0EF4A18
:101DF000904203D0EE4B984240F0408294F85C1041
:101E0000082201F01F0102FA01F1314241D0B8422B
:101E100028D0504526D0584524D0404522D04845AA
:101E200020D0D94988421DD0D84988421AD0D849F3
:101E3000884217D0D749884214D0D749884211D058
:101E4000D64988420ED0D64988420BD0D54988421F
:101E500008D0D549884205D0D449884202D0D44917
:101E6000884203D1016801F0040102E0016801F039
:101E7000080171B1016821F00401016094F85C006F
:101E800000F01F0002FA00F0A860606D40F0010051
:101E9000606594F85C0000F01F01012000FA01F178
:101EA000314234D02068B84228D0504526D0584519
:101EB00024D0404522D0484520D0B34A90421DD07E
:101EC000B24A90421AD0B24A904217D0B14A9042D8
:101ED00014D0B14A904211D0B04A90420ED0B04ACC
:101EE00090420BD0AF4A904208D0AF4A904205D002
:101EF000AE4A904202D0AE4A90427DD1406910F085
:101F0000800F04D0A960606D40F00200606594F815
:101F10005C0000F01F01042000FA01F1314234D0CE
:101F20002068B84228D0504526D0584524D0404596
:101F300022D0484520D0944A90421DD0934A9042E6
:101F40001AD0934A904217D0924A904214D0924AA3
:101F5000904211D0914A90420ED0914A90420BD0BB
:101F6000904A904208D0904A904205D08F4A9042C1
:101F700002D08F4A904245D1006810F0020F04D081
:101F8000A960606D40F00400606594F85C0000F0AA
:101F90001F01102000FA01F1314259D02068B842E7
:101FA00028D0504526D0584524D0404522D0484519
:101FB00020D0754A90421DD0744A90421AD0744A7B
:101FC000904217D0734A904214D0734A904211D075
:101FD000724A90420ED0724A90420BD0714A90429F
:101FE00008D0714A904205D0704A904202D0704A9F
:101FF000904209D1006800E002E000F0080006E02D
:10200000006884E70068C0E7006800F00400F8B1E9
:10201000A9602068016811F4802F0DD0006810F4C9
:10202000002F04D0A16C99B12046884710E0216CA4
:1020300071B1204688470BE0016811F4807F03D11D
:10204000016821F008010160216C09B12046884730
:1020500094F85C0000F01F01202000FA01F13142E9
:102060006FD02068B84228D0504526D0584524D09B
:10207000404522D0484520D0434A90421DD0434A93
:1020800090421AD0424A904217D0424A904214D00D
:10209000414A904211D0414A90420ED0404A90426B
:1020A0000BD0404A904208D03F4A904205D03F4A68
:1020B000904202D03E4A904203D1006800F01000E6
:1020C00002E0006800F00200D8B3A96094F835007F
:1020D00004280DD02068016811F4802F37D00068E3
:1020E00010F4002F2ED0E16B59B32046884764E0EE
:1020F0002068016821F0160101602068416921F023
:1021000080014161206C08B9A06C20B12068016891
:1021100021F00801016094F85C003F2100F01F00ED
:1021200001FA00F0A860012084F83500002084F84E
:102130003400216D00297BD003B02046BDE8F04F6C
:10214000084737E0616CA9B32046884735E001684D
:1021500011F4807F09D1016821F010010160012094
:1021600084F83500002084F83400E16B11B322E0DC
:102170005464002410000240280002404000024045
:10218000580002407000024088000240A000024057
:10219000B8000240100402402804024040040240FB
:1021A000580402407004024088040240A004024027
:1021B000B804024001E020468847606D002837D00F
:1021C000606D10F0010F51D0042084F835002068B4
:1021D000B84228D0504526D0584524D0404522D07A
:1021E000484520D0AB4988421DD0AB4988421AD01F
:1021F000AA49884217D0AA49884214D0A9498842DE
:1022000011D0A94988420ED0A84988420BD0A849CC
:10221000884208D0A749884205D0A749884202D001
:10222000A649884205D1016821F00101016004E05E
:1022300096E0016821F00101016021680298019A8D
:10224000401C0290904203D8086810F0010FF5D1AD
:10225000086810F0010F03D0032084F8350002E075
:10226000012084F83500002084F83400E16C002956
:1022700076D003B02046BDE8F04F0847904B984217
:1022800014D0904B984211D08F4B98420ED08F4B68
:1022900098420BD08E4B984208D08E4B984205D076
:1022A0008D4B984202D08D4B984259D103684FF024
:1022B000040A94F85C6006F01F060AFA06FA1AEAA5
:1022C000010F5AD013F0040F57D0C5F804A013F42F
:1022D000004F12D013F4803F07D0216C00293FD06B
:1022E00003B02046BDE8F04F0847A16C002937D065
:1022F00003B02046BDE8F04F084713F0200F34D15B
:102300002068B84227D07649884224D0754988424F
:1023100021D040451FD048451DD05E4988421AD083
:102320005D49884217D05D49884214D05C49884293
:1023300011D060450FD05C4988420CD070450AD05E
:102340005B49884207D05B49884204D0904202D062
:102350005A49884205D1016821F00801016004E072
:1023600083E0016821F004010160216C00297CD028
:1023700003B02046BDE8F04F08474FF0020A0AFAC2
:1023800006FA1AEA010F5FD013F0020F5CD0C5F80D
:1023900004A013F4004F12D013F4803F07D0E16B78
:1023A000002974D003B02046BDE8F04F0847616CA7
:1023B00000296CD003B02046BDE8F04F084713F069
:1023C000200F39D12068B84227D04549884224D00F
:1023D0004449884221D040451FD048451DD02D4951
:1023E00088421AD02C49884217D02C49884214D0F0
:1023F0002B49884211D060450FD02B4988420CD020
:1024000070450AD02A49884207D02A49884204D018
:10241000904202D02949884204D1016821F0140178
:10242000016003E0016821F00A010160012084F8E5
:102430003500002084F83400E16B002927D003B078
:102440002046BDE8F04F08470822B2400A421ED09D
:1024500013F0080F1BD0016821F00E01016094F801
:102460005C0000F01F01012000E010E000FA01F123
:102470006960606584F83500002084F83400E16C00
:10248000002904D003B02046BDE8F04F084703B050
:10249000BDE8F08F88000240A0000240B800024072
:1024A0001004024028040240400402405804024044
:1024B0007004024088040240A0040240B8040240B4
:1024C000085402581C5402583054025844540258BC
:1024D000585402586C54025880540258945402586C
:1024E00028000240400002402DE9F05F044600F061
:1024F00009FD0646002C6AD0DC4F02222068002528
:10250000DFF86C83DFF86C93B842DFF86CA3DFF878
:102510006CB328D0DA49884225D0404523D04845BD
:1025200021D050451FD058451DD0D64988421AD0D9
:10253000D549884217D0D549884214D0D449884219
:1025400011D0D44988420ED0D34988420BD0D34908
:10255000884208D0D249884205D0D249884202D068
:10256000D14988427ED184F8352084F83450B8426D
:1025700028D0C349884225D0404523D0484521D0A2
:1025800050451FD058451DD0BE4988421AD0BE497B
:10259000884217D0BD49884214D0BD49884211D025
:1025A000BC4988420ED0BC4988420BD0BB49884206
:1025B00008D0BB49884205D0BA49884202D0BA49FE
:1025C000884207D1016821F00101016006E0012085
:1025D000BDE8F09F016821F00101016020680068FA
:1025E00010F0010F11D000F08DFC801B052807D9D9
:1025F00020206065032084F835000120BDE8F09FAD
:102600002068006810F0010FEDD122681068A7491A
:102610000840E368A168D4F814C01943236943EA69
:102620000C031943A3691943E3691943236A194346
:102630000843616A042903D1236BE16A1943084303
:102640009B4909686FF30F01B1F1005F11D3616815
:10265000A1F12903052B0AD9163B032B07D9083B07
:10266000012B00E02CE002D94F39032901D840F4B6
:10267000801010602068406920F00701606A40EA1D
:10268000010604280ED1A06A0643E06A50B1204634
:10269000FEF736FA30B140206065012084F835003D
:1026A000BDE8F09F206846612046FEF705F994F8E2
:1026B0005C103F2201F01F0102FA01F181605BE032
:1026C0007C49884214D07C4B984211D07B4B984275
:1026D0000ED07B4B98420BD07A4B984208D07A4B65
:1026E000984205D0794B984202D0794B98427DD1DF
:1026F00088420CD07049884209D07049884206D07F
:102700006F49884203D06F49884200D06E4984F8EF
:10271000352084F8345002686FF31012A168402904
:1027200079D0802979D00021E36841EAD301236977
:1027300041EAD301636941EAD301A36941EAD301C4
:10274000E36941EAD301236A41EA131111430160AD
:102750006049206801446048A0FB01100009800026
:10276000E0652046FEF7A8F894F85C10012201F01D
:102770001F0102FA01F141602068B84242D040498D
:1027800088423FD040453DD048453BD0504539D0A8
:10279000584537D03B49884234D03B49884231D0F4
:1027A0003A4988422ED03A4988422BD0394988424A
:1027B00028D03949884225D03849884222D0384922
:1027C00088421FD0374988421CD03749884219D0E7
:1027D0003849884216D03849884213D03749884250
:1027E00010D0374988420DD0364900E018E08842C1
:1027F00008D03549884205D03449884202D034494E
:1028000088422CD12046FEF7C9F8A06880280FD056
:102810000FE000E001E0102186E74FF4804183E7FC
:1028200040206065032084F835000120BDE8F09F5A
:102830006560216E20790860616EA06E48606068F6
:10284000401E072808D82046FEF714F9E06E056000
:10285000216F606F486002E0E56625676567656522
:10286000012084F835000020BDE8F09F10000240F0
:1028700040000240580002407000024088000240C0
:1028800028000240A0000240B800024010040240AC
:1028900028040240400402405804024070040240F0
:1028A00088040240A0040240B80402403F8010FEA9
:1028B0000010005C085402581C540258305402584E
:1028C00044540258585402586C54025880540258C8
:1028D00094540258F8ABFDA7CDCCCCCC4DF8044DA8
:1028E000002490F85C1001F01F0320219940806DB6
:1028F00000F1080C02680A42FCD030209840CCF865
:10290000000020465DF8044B704700002DE9F84FA9
:10291000044600200090002C16D094F834000128C2
:1029200015D0012084F8340094F835C00020BCF1A3
:10293000010F0FD04FF40061616584F8340001206D
:1029400000900098BDE8F88F0120BDE8F88F0220C4
:10295000BDE8F88F4FF0020C84F835C06065DFF8F1
:102960002CC220688A4D8B4E60458B4FDFF82C823D
:10297000DFF82C92DFF82CA2DFF82CB22DD0A84281
:102980002BD0B04229D0B84227D0404525D0484569
:1029900023D0504521D058451FD0DFF810C26045E4
:1029A0001BD0DFF80CC2604517D0DFF808C26045C5
:1029B00013D0DFF804C260450FD0DFF800C26045D5
:1029C0000BD0DFF8FCC1604507D0DFF8F8C16045E7
:1029D00003D0DFF8F4C1604506D1D0F800C02CF078
:1029E000010CC0F800C005E0D0F800C02CF0010CCC
:1029F000C0F800C02046FEF7C3F86449206888424A
:102A000025D0A84223D0B04221D0B8421FD04045A3
:102A10001DD048451BD0504519D0584517D0634AA2
:102A2000904214D0624A904211D0624A90420ED035
:102A3000614A90420BD0614A904208D0604A90426D
:102A400005D0604A904202D05F4A90420DD10268A0
:102A500022F01E0242F016020260206C90B1206843
:102A6000026842F0080202600CE0026822F00E02E6
:102A700042F00A020260206C20B12068026842F035
:102A800004020260206888423DD0A8423BD0B04298
:102A900039D0B84237D0404535D0484533D050457D
:102AA00031D058452FD0414A90422CD0404A9042D4
:102AB00029D0404A904226D03F4A904223D03F4AF4
:102AC000904220D03E4A90421DD03E4A90421AD0B9
:102AD0003D4A904217D03D4A904214D03C4A904221
:102AE00011D03C4A90420ED03B4A90420BD03B4A18
:102AF000904208D03A4A904205D03A4A904202D0D9
:102B0000394A90420ED1206E026812F4803F03D001
:102B1000026842F480720260E06E18B1026842F40A
:102B2000807202602068884225D0A84223D0B0423B
:102B300021D0B8421FD040451DD048451BD050453C
:102B400019D0584517D01949884214D018498842DD
:102B500011D0184988420ED0174988420BD0174926
:102B6000884208D01649884205D01649884202D0CA
:102B70001549884204D1016841F001010160E0E695
:102B8000016841F001010160DBE600001000024035
:102B900028000240400002405800024070000240FD
:102BA00088000240A0000240B80002401004024029
:102BB00028040240400402405804024070040240CD
:102BC00088040240A0040240B8040240085402589D
:102BD0001C54025830540258445402585854025855
:102BE0006C540258805402589454025870B50446EC
:102BF00000F088F90546B4F1FF3F02D004480078A0
:102C0000044400F07FF9401BA042FAD370BD0000DD
:102C100048640024F0B587B000240294039404941F
:102C2000059406942848016800294BD101210160D0
:102C30002648016841F480510160006800F480502A
:102C400001904FF6837002900226039603270597A2
:102C50000C2506951E4802A900F046F848F23710E8
:102C60000290039604940597069502A9194800F06E
:102C70003BF84CF203700290039604940597069576
:102C800002A9154800F030F84FF63F000290039675
:102C900004940597069502A9104800F025F80295BE
:102CA000039604940597069502A90D4800F01CF8B8
:102CB00020200290039604940597069502A90948DE
:102CC00000F012F807B0F0BD3C640024D444025870
:102CD0000010025800180258000C02580014025844
:102CE00000080258001C02582DE9F84F0022DFF8B6
:102CF000E4C10B68002B7DD0DFF8DCB14FF0B04AA7
:102D00004FF0010E4FF003084FF00F090B680EFA59
:102D100002F52B40002B6ED00C7904F00304012C3B
:102D200001D0022C11D18668540008FA04F7BE4382
:102D3000CF6807FA04F4344384604468AC430D79E7
:102D4000C5F3001595402C4344604C6838EA0404F0
:102D500009D0C568540008FA04F6B5438E6806FA2F
:102D600004F42C43C4600C7904F00304022C0DD14C
:102D7000D40800EB84052E6A5407E40E09FA04F720
:102D8000BE430F6907FA04F434432C62056854000B
:102D900008FA04F6B5430E7906F0030606FA04F4C1
:102DA0002C4304604C6814F4403F78D0DBF80040BA
:102DB00044F00204CBF80040DBF8004004F00204C9
:102DC000009422F0030404F1B046D6F808449507B5
:102DD0002D0F09FA05F724EA0707A0F1B044B4F56E
:102DE000003463D0A0F1B044B4F5013460D0A0F158
:102DF000B04401E058E052E0B4F502345AD0A0F1FA
:102E0000B044B4F5033457D0A0F1B044B4F5043461
:102E100054D0A0F1B044B4F5053451D0A0F1B04481
:102E2000B4F506344ED0A0F1B044B4F507344BD01D
:102E3000A0F1B044B4F5083448D0A0F1B044B4F5E2
:102E4000093445D00A24AC403C43C6F80844DAF8BB
:102E500000409C434D6815F4801F00D01C43CAF805
:102E60000040DAF804409C434D6815F4001F00D080
:102E70001C43CAF80440DCF804409C434D6815F438
:102E8000003F00D01C43CCF80440DCF800409C43D9
:102E90004D6815F4803F00D01C43CCF80040521C14
:102EA0000B68D3407FF432AFBDE8F88F0024CAE747
:102EB0000124C8E70224C6E70324C4E70424C2E7C8
:102EC0000524C0E70624BEE70724BCE70824BAE7C8
:102ED0000924B8E780000058F44402580069084209
:102EE00001D00120704700207047002A01D0816185
:102EF000704709048161704701480068000C704701
:102F00000010005C0148806870470000486400249D
:102F10000248816802781144816070474864002447
:102F200010B5032000F050FA02F04EF80F4A116875
:102F3000C1F303230E49CB5C03F01F03D840126892
:102F400002F00F02895C0B4A01F01F0120FA01F127
:102F50001160094908600F2000F010F808B1012045
:102F600010BD00F0DFF9002010BD00001844025829
:102F7000545D0108586400245464002470B504466C
:102F80000F4D2A78002A0CD04FF47A700D49B0FB0F
:102F9000F2F00968B1FBF0F004F03AF918B1012041
:102FA00070BD012070BD102C07D200222146501E9A
:102FB00000F0D4F96C60002070BD012070BD0000ED
:102FC00048640024546400242DE9F05F044694F81A
:102FD000A000012833D0012584F8A050022084F8F5
:102FE000A10001F10806D1F804C002EB820000EB59
:102FF000C20096E8C00F04EB80030868C3F83CC029
:103000004033A3E8C00F583B9863D1F824C0D1F8EF
:103010003080CF6A8E6A086AC3F85CC0C3F86880E3
:103020005F661E669865204605F002FA20684562D4
:1030300084F8A150002084F8A000BDE8F09F022091
:10304000BDE8F09F90F8A1007047000070B50446FD
:10305000002C04D094F8A100002510B106E0012056
:1030600070BD84F8A050204600F072F8022084F869
:10307000A1002068816921F070418161A1686068C8
:1030800022690843E16811430143206882691143C2
:103090008161206882682D490A408260A08A02040A
:1030A00020688368D4F818C043EA0C031A4382608E
:1030B0002068C2680A40C260A08B02042068C3680E
:1030C000D4F820C043EA0C031A43C26020680269A6
:1030D0000A400261A08C020420680369D4F828C069
:1030E00043EA0C031A4302612068426911404161BE
:1030F000A08D010420684269236B1A43114341618A
:1031000094F83500020294F8360001042068C36A7E
:1031100003F07F43C3622068C36A114394F834C04C
:1031200043EA0C031943C1622068416B41F0060178
:1031300041632068816941F001018161C4F8A450B4
:10314000012084F8A100002070BD000000F800F00C
:1031500070B5B8B005460024329433943494359455
:103160003694C02102A8FDF7EDF82868A0F1A0412F
:10317000B1F580515AD14FF00050039102902020B8
:103180000C9040F227100D9002250E950F951A20F5
:1031900010904FF4406011901294139402A801F023
:1031A00015F808B1FDF792FF2148016841F00801C8
:1031B0000160006800F0080001901E48016841F4B9
:1031C00080610160016801F480610191016841F44E
:1031D00000710160016801F400710191016841F41E
:1031E00080710160006800F480700190FF203290CF
:1031F0003395349435940E26369632A90E48FFF74F
:1032000073FD48F67C60329033953494359436964D
:1032100032A90A48FFF768FDF002329033953494E2
:103220003594369632A90648FFF75EFD38B070BD7A
:10323000E4440258E044025800280258002402588E
:103240000020025870B50446084694F8A0100129E1
:1032500018D0012584F8A050022184F8A11002EBB7
:10326000820101EBC20104EB810138314861204643
:1032700005F0DEF82068456284F8A150002084F84B
:10328000A00070BD022070BD144A41781160111D6C
:1032900003780A1D002B1CD043680B60017BC37AA6
:1032A000090741EA0361837A41EAC341437B41EA6A
:1032B0008341837B41EA4341C37B41EA0341437A33
:1032C00041EA0321037A007841EA43010843106090
:1032D00070470020086010607047000098ED00E023
:1032E000BFF35F8F0448016821F480310160034916
:1032F000002008607047000024ED00E094ED00E03D
:10330000064940F0010008600548016841F4803139
:103310000160BFF34F8FBFF36F8F704794ED00E0F4
:1033200024ED00E081B00548016841F00201016030
:10333000006800F00200009001B07047F4440258A9
:1033400000280ADB012200F01F0102FA01F1400906
:10335000800000F1E020C0F8001170474DF8044DE6
:10336000184B1B68C3F30223C3F1070CBCF1040F15
:1033700001D94FF0040C1C1D072C01D2002300E0E2
:10338000DB1E012404FA0CFCACF1010C0CEA010177
:10339000994004FA03F35B1E1A401143002807DB2F
:1033A00000F1E020090180F800145DF8044B70473B
:1033B00000F00F0000F1E020090180F8141D5DF815
:1033C000044B70470CED00E000F00700064A11685E
:1033D0004FF6FF03194041EA002040F0FD7040F035
:1033E00080601060704700000CED00E070B515497A
:1033F0000A6812F0040F0DD00A6822F00702104389
:103400000860FFF77FFD04460F4D286810F4005F49
:1034100009D014E0096801F00701814201D00120C0
:1034200070BD002070BDFFF76DFD001BB0F57A7F09
:1034300001D9012070BD286810F4005FF3D000208E
:1034400070BD00000C4802580448025838B50446C4
:10345000FFF758FD05461CB194F8410010B109E092
:10346000012038BD204600F045F841F28831204661
:1034700000F0AAF820680168A26821F4F851521EF1
:1034800041EA02210160A06C002220212B4600901D
:10349000204605F001FE014641BBE269E068237960
:1034A0001043226A42EA036202432068036823F061
:1034B000D00323F07F431A430260A269606902438C
:1034C00020684368DFF828C003EA0C03B4F810C092
:1034D00043EA0C431A4342602068026842F001024A
:1034E000026000206064012084F84100084638BD75
:1034F000FEF8E0FF2DE9F041B8B005460024329413
:103500003394349435943694C02102A8FCF71AFF02
:103510002968A1F1A440B0F5A04049D14FF0007155
:1035200002910390159402A800F050FE08B1FDF737
:10353000CDFD2148016841F480410160006800F43C
:10354000804001901D48016841F040010160016820
:1035500001F040010191016841F020010160006823
:1035600000F02000019040203290022533953494E1
:10357000032735970A26369632A91148FFF7B4FB80
:103580004FF49860329033953494359509203690F5
:1035900032A9DFF830804046FFF7A6FB38023290B0
:1035A000339534943597369632A94046FFF79CFB05
:1035B00038B0BDE8F0810000D4440258E04402581D
:1035C00000180258001402588164704710B501F0C9
:1035D000AFFC05490968054AC1F30211515C01F0CD
:1035E0001F01C84010BD000020440258545D01086E
:1035F00069490A6802F003020968C1F30511674BC3
:103600001B6803F00103DFF898C1DCF800C0CCF3BD
:10361000CC0C1CFB03F300EE103AB8EE400A002974
:1036200072D09FED601ADFED601A604B002AF7EE52
:10363000000A44D0012A7ED0022A67D002EE101A76
:103640001968F8EE422A81EEA22AC1F3080101EEC0
:10365000901AF8EE611A40EE011A31EEA00A22EE3D
:10366000000A1968C1F3462101EE101AB8EE411A9A
:1036700031EE201AC0EE011ABCEEE11A80ED001AFC
:103680001968C1F3064101EE101AB8EE411A31EE85
:10369000201AC0EE011ABCEEE11A80ED011A196879
:1036A000C1F3066101EE101AB8EE411A71EE200A5C
:1036B00080EE201ABCEEC10A80ED020A70473C4A37
:1036C000D2F800C01CF0200F21D01268DFF8E4C04F
:1036D000C2F3C1022CFA02F201EE902AF8EE612A3E
:1036E00001EE901A1968F8EE611A82EEA12AC1F370
:1036F000080101EE901AF8EE611A40EE011A31EE5F
:10370000A00A22EE000AACE741E014E029E002EE54
:10371000101A1968F8EE422A81EEA22AC1F30801B4
:1037200001EE901AF8EE611A40EE011A31EEA00A8D
:1037300022EE000A95E701EE901A1968F8EE612A68
:10374000DFED1D1A81EEA22AC1F3080101EE901AE5
:10375000F8EE611A40EE011A31EEA00A22EE000ADC
:103760007FE701EE901ADFED152A1968F8EE611A6D
:1037700082EEA12AC1F3080101EE901AF8EE611A57
:1037800040EE011A31EEA00A22EE000A69E700219C
:103790000160416081607047284402582C440258FF
:1037A00034440258000000390024744C304402585C
:1037B000004402580090D0030024744A20BCBE4B41
:1037C00069490A6802F003020968C1F30531674BD1
:1037D0001B68C3F30013DFF898C1DCF800C0CCF31A
:1037E000CC0C1CFB03F300EE103AB8EE400A0029A3
:1037F00072D09FED601A604B002AF7EE000A46D0A7
:10380000DFED5E1A012A68D0022A67D002EE101A94
:103810001968F8EE422A81EEA22AC1F3080101EEEE
:10382000901AF8EE611A40EE011A31EEA00A22EE6B
:10383000000A1968C1F3462101EE101AB8EE411AC8
:1038400031EE201AC0EE011ABCEEE11A80ED001A2A
:103850001968C1F3064101EE101AB8EE411A31EEB3
:10386000201AC0EE011ABCEEE11A80ED011A1968A7
:10387000C1F3066101EE101AB8EE411A71EE200A8A
:1038800080EE201ABCEEC10A80ED020A70473C4A65
:10389000D2F800C01CF0200F21D01268DFF8E4C07D
:1038A000C2F3C1022CFA02F201EE902AF8EE612A6C
:1038B00001EE901A1968F8EE611A82EEA12AC1F39E
:1038C000080101EE901AF8EE611A40EE011A31EE8D
:1038D000A00A22EE000AACE741E016E029E001EE82
:1038E000901ADFED292A1968F8EE611A82EEA12AF2
:1038F000C1F3080101EE901AF8EE611A40EE011AC8
:1039000031EEA00A22EE000A93E702EE101A1968BF
:10391000F8EE422A81EEA22AC1F3080101EE901AC4
:10392000F8EE611A40EE011A31EEA00A22EE000A0A
:103930007FE701EE901ADFED152A1968F8EE611A9B
:1039400082EEA12AC1F3080101EE901AF8EE611A85
:1039500040EE011A31EEA00A22EE000A69E70021CA
:103960000160416081607047284402582C4402582D
:103970003C44025800000039384402580024744A7C
:10398000004402580090D0030024744C20BCBE4B6D
:1039900069490A6802F003020968C1F30551674BDF
:1039A0001B68C3F30023DFF898C1DCF800C0CCF338
:1039B000CC0C1CFB03F300EE103AB8EE400A0029D1
:1039C00072D09FED601A604B002AF7EE000A46D0D5
:1039D000DFED5E1A012A68D0022A67D002EE101AC3
:1039E0001968F8EE422A81EEA22AC1F3080101EE1D
:1039F000901AF8EE611A40EE011A31EEA00A22EE9A
:103A0000000A1968C1F3462101EE101AB8EE411AF6
:103A100031EE201AC0EE011ABCEEE11A80ED001A58
:103A20001968C1F3064101EE101AB8EE411A31EEE1
:103A3000201AC0EE011ABCEEE11A80ED011A1968D5
:103A4000C1F3066101EE101AB8EE411A71EE200AB8
:103A500080EE201ABCEEC10A80ED020A70473C4A93
:103A6000D2F800C01CF0200F21D01268DFF8E4C0AB
:103A7000C2F3C1022CFA02F201EE902AF8EE612A9A
:103A800001EE901A1968F8EE611A82EEA12AC1F3CC
:103A9000080101EE901AF8EE611A40EE011A31EEBB
:103AA000A00A22EE000AACE741E016E029E001EEB0
:103AB000901ADFED292A1968F8EE611A82EEA12A20
:103AC000C1F3080101EE901AF8EE611A40EE011AF6
:103AD00031EEA00A22EE000A93E702EE101A1968EE
:103AE000F8EE422A81EEA22AC1F3080101EE901AF3
:103AF000F8EE611A40EE011A31EEA00A22EE000A39
:103B00007FE701EE901ADFED152A1968F8EE611AC9
:103B100082EEA12AC1F3080101EE901AF8EE611AB3
:103B200040EE011A31EEA00A22EE000A69E70021F8
:103B30000160416081607047284402582C4402585B
:103B40004444025800000039404402580024744A9A
:103B5000004402580090D0030024744C20BCBE4B9B
:103B60002DE9F04389B00A460146FB4FFB4C81F436
:103B70008078FB483D1FFB4E58EA0208FA4B4FEA9B
:103B8000241C34D081F4007858EA02087ED0DFF893
:103B9000DC8381F4806959EA020978D081F40069F4
:103BA00059EA020900F0308181F4805959EA02098A
:103BB00000F0838181F40056164300F0E38181F424
:103BC0000026164300F0298281F48036164300F067
:103BD000688281F48045154300F0828281F40041BF
:103BE000114300F0C98209B00020BDE8F0833968B4
:103BF00001F00701052958D2DFE801F00312215531
:103C00003000186810F0007F06D006A8FFF7F0FC1F
:103C1000079809B0BDE8F08309B00020BDE8F08343
:103C2000186810F0006F06D003A8FFF7C9FD0398CD
:103C300009B0BDE8F08309B00020BDE8F083186842
:103C400010F0005F06D06846FFF7A2FE009809B0AA
:103C5000BDE8F083002009B0BDE8F083296801F0D9
:103C600040511A6812F0040F00D0A1B11A6812F482
:103C7000807F02D0B1F1805F13D01A6812F4003F48
:103C800002D0B1F1005FE6D0002001E00FE062E079
:103C900009B0BDE8F0831868C0F3C10024FA00F051
:103CA000F3E76046F1E73046EFE70020EDE73968DB
:103CB00001F4E071802921D003DC49B1402905D10C
:103CC00011E0C02945D0B1F5807F22D00020DCE78B
:103CD000186810F0007F04D006A8FFF789FC079849
:103CE000D3E70020D1E7186810F0006F04D003A8D4
:103CF000FFF766FD0398C8E70020C6E7186810F0D4
:103D0000005F04D06846FFF743FE0098BDE700203F
:103D1000BBE7296801F040511A6812F0040F00D087
:103D200079B11A6812F4807F02D0B1F1805F0ED0B1
:103D30001A6812F4003F02D0B1F1005FA5D0002054
:103D4000A3E71868C0F3C10024FA00F09DE76046BD
:103D50009BE7304699E7D8F8001001F46001B1F50F
:103D6000800F23D004DC59B1B1F5001F06D112E059
:103D7000B1F5C00F46D0B1F5000F22D0002084E786
:103D8000186810F0007F04D006A8FFF731FC0798F0
:103D90007BE7002079E7186810F0006F04D003A8D3
:103DA000FFF70EFD039870E700206EE7186810F02B
:103DB000005F04D06846FFF7EBFD009865E7002040
:103DC00063E7296801F040511A6812F0040F00D02F
:103DD00081B11A6812F4807F02D0B1F1805F0FD0F8
:103DE0001A6812F4003F03D0B1F1005F3FF44DAF09
:103DF00000204AE71868C0F3C10024FA00F044E745
:103E0000604642E7304640E7D8F8001001F0E06134
:103E1000B1F1007F23D004DC59B1B1F1807F06D12C
:103E200012E0B1F1407F46D0B1F1806F22D0002086
:103E30002BE7186810F0007F04D006A8FFF7D8FB26
:103E4000079822E7002020E7186810F0006F04D0E0
:103E500003A8FFF7B5FC039817E7002015E71868DB
:103E600010F0005F04D06846FFF792FD00980CE761
:103E700000200AE7296801F040511A6812F0040F87
:103E800000D081B11A6812F4807F02D0B1F1805F56
:103E90000FD01A6812F4003F03D0B1F1005F3FF475
:103EA000F4AE0020F1E61868C0F3C10024FA00F077
:103EB000EBE66046E9E63046E7E6396801F4E041C2
:103EC000B1F5005F23D004DC59B1B1F5805F06D1B4
:103ED00012E0B1F5405F53D0B1F5804F22D0002001
:103EE000D3E6186810F0007F04D006A8FFF780FB27
:103EF0000798CAE60020C8E6186810F0006F04D0E2
:103F000003A8FFF75DFC0398BFE60020BDE6186834
:103F100010F0005F04D06846FFF73AFD0098B4E661
:103F20000020B2E6296801F040511A6812F0040F2F
:103F300000D0E9B11A6812F4807F02D0B1F1805F3D
:103F40001CD01A6812F4003F03D0B1F1005F3FF4B7
:103F50009CAE002099E60000504402580090D00327
:103F600040787D010080BB0000440258584402584C
:103F70001868C0F3C10024FA00F086E6604684E6C3
:103F8000304682E6396801F4E021B1F5403F29D09E
:103F900007DC71B1B1F5803F0ED0B1F5003F06D11D
:103FA00015E0B1F5802F29D0B1F5A02F2ED000203B
:103FB0006BE600F0E1FF68E6186810F0006F04D0CF
:103FC00003A8FFF7FDFB04985FE600205DE6186894
:103FD00010F0005F04D06846FFF7DAFC019854E661
:103FE000002052E6186810F0040F05D01868C0F3DE
:103FF000C10024FA00F048E6002046E6186810F4F4
:10400000807F01D0604640E600203EE6196811F44A
:10401000003F7FF43AAE002037E6D8F8001001F4F4
:10402000403139B1B1F5803F0FD0B1F5003F17D025
:1040300000202AE6186810F0006F04D003A8FFF7EC
:10404000BFFB039821E600201FE6186810F0005F10
:1040500004D06846FFF79CFC029816E6002014E6A0
:10406000296801F040511A6812F0040F00D081B1A4
:104070001A6812F4807F02D0B1F1805F0FD01A6805
:1040800012F4003F03D0B1F1005F3FF4FEAD002019
:10409000FBE51868C0F3C10024FA00F0F5E56046BE
:1040A000F3E5286800F4803020B1B0F5803F0CD0F3
:1040B0000020EAE5186810F0007F04D006A8FFF79A
:1040C00097FA0798E1E50020DFE5186810F0006F27
:1040D00004D003A8FFF774FB0598D6E50020D4E5CB
:1040E000D8F8001001F0E041B1F1405F29D007DCC1
:1040F00071B1B1F1805F0ED0B1F1005F06D115E072
:10410000B1F1804F29D0B1F1A04F2ED00020BCE5F5
:10411000FFF75CFAB9E5186810F0006F04D003A847
:10412000FFF74EFB0498B0E50020AEE5186810F0EC
:10413000005F04D06846FFF72BFC0198A5E500203E
:10414000A3E5186810F0040F05D01868C0F3C1008B
:1041500024FA00F099E5002097E5186810F4807FB4
:1041600001D0604691E500208FE5196811F4003F09
:104170007FF48BAD002088E5396801F0405139B1FA
:10418000B1F1805F0BD0B1F1005F13D000207CE56E
:10419000196811F4003F7FF478AD002075E51868C8
:1041A00010F0007F04D006A8FFF722FA07986CE50C
:1041B00000206AE5186810F0006F04D003A8FFF72C
:1041C000FFFA049861E500205FE500002DE9F84F53
:1041D0000446002500262068C04310F0006FFE4F03
:1041E000DFF8F8830DD1A06E88B1B0F5801F13D031
:1041F000B0F5001F17D0B0F5401F00D00125CDB19C
:104200002E462088C04310F4807F1CD039E03868E7
:1042100040F400303860F2E7022104F1080004F0B5
:104220006DFF0546EBE7022104F1280005F006F8D2
:104230000546E4E7D8F80000A16E20F440100843DA
:10424000C8F80000DDE7A06D052817D2DFE800F010
:1042500003080F171700386840F4003038600EE08C
:10426000002104F1080004F049FF054607E00021A1
:1042700004F1280004F0E2FF054600E0012535B115
:104280002E462088C04310F4007F09D018E0D8F8EB
:104290000000A16D20F007000843C8F80000F0E717
:1042A000E06D802820D003DC90B1402805D114E0D7
:1042B000C02803D0B0F5807F00D00125DDB12E46A7
:1042C0002088DFF81C93C04310F4806F1CD02FE0CF
:1042D000386840F400303860F0E7002104F108004D
:1042E00004F00CFF0546E9E7002104F1280004F082
:1042F000A5FF0546E2E7D8F80000E16D20F4E07084
:104300000843C8F80000DBE7D4F8A800B0F5800F38
:1043100020D004DC90B1B0F5001F06D113E0B0F559
:10432000C00F03D0B0F5000F00D00125CDB12E464F
:104330002088C04310F4006F1DD030E0386840F48E
:1043400000303860F2E7002104F1080004F0D6FEE6
:104350000546EBE7002104F1280004F06FFF054655
:10436000E4E7D9F80000D4F8A81020F4600008436E
:10437000C9F80000DCE7D4F8AC00B0F1007F20D031
:1043800004DC90B1B0F1807F06D113E0B0F1407F42
:1043900003D0B0F1806F00D00125CDB12E4620684A
:1043A000C04310F0007F1DD027E0386840F4003093
:1043B0003860F2E7002104F1080004F09FFE054692
:1043C000EBE7002104F1280004F038FF0546E4E79C
:1043D000D9F80000D4F8AC1020F0E0600843C9F828
:1043E0000000DCE7E06C30B110280CD020280FD0A2
:1043F000302800D0012595B12E462088C04310F406
:10440000805F14D026E0386840F400303860F2E76E
:10441000022104F1080004F071FE0546EBE7714843
:104420000168E26C21F0300111430160E5E7206E84
:10443000B0F5005F20D004DC90B1B0F5805F06D10C
:1044400013E0B0F5405F03D0B0F5804F00D00125F8
:10445000CDB12E462088C04310F4005F1CD031E05F
:10446000386840F400303860F2E7002104F10800B9
:1044700004F044FE0546EBE7002104F1280004F0B7
:10448000DDFE0546E4E7D8F80000216E20F4E040A8
:104490000843C8F80000DDE7606EB0F5403F0FD07C
:1044A00007DC68B1B0F5803F12D0B0F5003F06D10F
:1044B00015E0B0F5802F03D0B0F5A02F00D0012576
:1044C000A5B12E462088C04310F4804F17D02DE0B0
:1044D000012104F1080004F011FE0546F0E7012176
:1044E00004F1280004F0AAFE0546E9E7D8F8000028
:1044F000616E20F4E0200843C8F80000E2E7D4F839
:10450000B000B0F1405F0FD007DC68B1B0F1805F60
:1045100012D0B0F1005F06D115E0B0F1804F03D0AA
:10452000B0F1A04F00D00125A5B12E462088C04390
:1045300010F4004F18D022E0012104F1080004F02B
:10454000DDFD0546F0E7012104F1280004F076FEC8
:104550000546E9E7D9F80000D4F8B01020F0E040B3
:104560000843C9F80000E1E7206F30B1B0F1805F87
:104570000BD0B0F1005F0DD0012595B12E4620681B
:10458000C04310F0807F15D01FE0386840F4003041
:104590003860F2E7012104F1080004F0AFFD0546A0
:1045A000EBE7D8F80000216F20F040500843C8F82E
:1045B0000000E4E7A06C30B1012819D002281CD01B
:1045C000032800D00125FDB12E462068DFF818B081
:1045D000C04310F4800F09E02C44025850440258A4
:1045E000584402584C4402581044025814D030E049
:1045F000386840F400303860E5E7022104F1080033
:1046000004F07CFD0546DEE7F8480168A26C21F065
:10461000030111430160D8E7F548006840F4807158
:10462000F3480160FEF76EFC8246F148006810F422
:10463000807F0CD1FEF766FCA0EB0A00642801D94C
:10464000032504E0EA48006810F4807FF2D045B109
:104650002E462078DFF89CA3C04310F0010F60D0F5
:1046600070E0DFF894A3DAF80000B4F8B41000F4B6
:10467000407001F44071884211D0DAF8000020F453
:104680004070DAF8001041F48031CAF80010DAF80E
:10469000001021F48031CAF80010CAF80000D4F8E4
:1046A000B400B0F5807F16D1FEF72CFC0090DAF84C
:1046B000000010F0020F0ED1FEF724FC0099411A01
:1046C00041F28830814201D9032504E0DAF8000084
:1046D00010F0020FF0D00DB12E46BAE7D4F8B400B6
:1046E0004FF4407181430FD0DBF8000020F47C5080
:1046F000CBF80000DAF80000B4F8B410C1F30B01F5
:104700000843CAF80000A4E7DBF8001020F440706A
:1047100020F0704021F47C5141EA1010CBF80000E9
:10472000E8E7E06F18280BD005DC48B108280FD067
:10473000102804D113E0202802D0282800D0012519
:10474000A5B12E462078C04310F0020F17D02FE0FD
:10475000012104F1080004F0D1FC0546F0E7012135
:1047600004F1280004F06AFD0546E9E7DAF80000E4
:10477000E16F20F038000843CAF80000E2E7A06FBC
:10478000062812D2DFE800F012030A1212120121E9
:1047900004F1080004F0B2FC054607E0012104F131
:1047A000280004F04BFD054600E0012535B12E46FA
:1047B0002078C04310F0040F09D022E0DAF800009E
:1047C000A16F20F007000843CAF80000F0E7D4F812
:1047D0009400062812D2DFE800F012030A12121227
:1047E000012104F1080004F089FC054607E00121DD
:1047F00004F1280004F022FD054600E0012535B152
:104800002E462078C04310F0200F0AD020E0D9F8BF
:104810000000D4F8941020F007000843C9F8000005
:10482000EFE7D4F89000B0F1405F0FD007DC68B13B
:10483000B0F1805F12D0B0F1005F06D115E0B0F1A9
:10484000804F03D0B0F1A04F00D00125A5B12E4676
:104850002078C04310F0400F18D02EE0002104F162
:10486000080004F04BFC0546F0E7022104F12800A3
:1048700004F0E4FC0546E9E7DAF80000D4F890100B
:1048800020F0E0400843CAF80000E1E7D4F89C00BB
:10489000B0F5406F0FD007DC68B1B0F5806F12D073
:1048A000B0F5006F06D115E0B0F5805F03D0B0F52C
:1048B000A05F00D00125A5B12E462078C04310F09E
:1048C000800F18D02EE0002104F1080004F016FC3F
:1048D0000546F0E7022104F1280004F0AFFC05468C
:1048E000E9E7D9F80000D4F89C1020F4E050084320
:1048F000C9F80000E1E7D4F8A000B0F5C04F0FD030
:1049000007DC68B1B0F5005F12D0B0F5804F06D17A
:1049100015E0B0F5004F03D0B0F5204F00D00125D1
:10492000A5B12E462078C04310F0080F18D02CE017
:10493000002104F1080004F0E1FB0546F0E7022144
:1049400004F1280004F07AFC0546E9E7D9F80000F4
:10495000D4F8A01020F460400843C9F80000E1E753
:10496000D4F88400B0F5805F06D1022104F128005C
:1049700004F064FC00B10126DAF80000D4F88410D9
:1049800020F440500843CAF800002078C04310F0DB
:10499000100F14D1D4F89800B0F5807F06D1022111
:1049A00004F1280004F04AFC00B10126D9F8000007
:1049B000D4F8981020F440700843C9F8000020682B
:1049C000C04310F4002F0BD1D4F8A400B0B1B0F55F
:1049D000803F1AD0B0F5003F00D00125E5B12E464A
:1049E0002068C04310F4802F20D02DE04C440258A2
:1049F000004802585444025870440258002104F1FF
:104A0000080004F07BFB0546E8E7022104F12800DA
:104A100004F014FC0546E1E7D9F80000D4F8A4102E
:104A200020F440300843C9F80000D9E7D4F88800E2
:104A3000B0F5801F0ED0B0F5001F10D0B0F5401FAC
:104A400000D0012595B12E462068C04310F4803F68
:104A500016D01DE0386840F400303860F2E70121DC
:104A600004F1280004F0EAFB0546EBE7DAF8000061
:104A7000D4F8881020F440100843CAF80000E3E797
:104A8000206D58B1B0F5803F0DD0012595B12E466F
:104A90002068C04310F0005F14D01AE0386840F47A
:104AA00000303860F2E7022104F1080004F026FB30
:104AB0000546EBE76E480168226D21F48031114311
:104AC0000160E5E7022104F1280004F0B7FB00B122
:104AD00001262068C04310F4003F0ED1D4F88000B6
:104AE00048B1B0F5807F0ED0B0F5007F03D0B0F5AF
:104AF000407F00D001255DB12E462068C04310F4F0
:104B0000801F0FD016E0386840F400303860F2E7BC
:104B1000DAF80000D4F8801020F440700843CAF896
:104B20000000EAE7D8F80000616F20F00040084379
:104B3000C8F800002068C04310F0805F08D1DBF89F
:104B40000000D4F8B81020F480400843CBF80000EF
:104B50002068C04310F4001F07D1D8F80000E16EB0
:104B600020F080700843C8F800002068C04310F0AF
:104B7000804F0CD1DBF8000020F40040CBF800009F
:104B8000DBF80000D4F8BC100843CBF80000206824
:104B9000C04310F0004F06D135480168626D21F026
:104BA0004051114301602068C04310F4000F08D148
:104BB000DAF80000D4F88C1020F440000843CAF85A
:104BC000000020790025C04300F00100284306D1F1
:104BD000002104F1080004F091FA00B106462079A2
:104BE000C04300F00200284306D1012104F108006F
:104BF00004F084FA00B106462079C04300F00400B6
:104C0000284306D1022104F1080004F077FA00B12C
:104C100006462079C04300F00800284306D1002151
:104C200004F1280004F00AFB00B106462079C043D5
:104C300000F01000284306D1012104F1280004F0FF
:104C4000FDFA00B106462079C04300F02000284359
:104C500006D1022104F1280004F0F0FA00B1064662
:104C600016B10120BDE8F88F0020BDE8F88F0000E4
:104C70004C4402582DE9F05F04460D46002C17D035
:104C8000DFF88492D9F8000000F00F00A84212D299
:104C9000D9F8000020F00F002843C9F80000D9F827
:104CA000000000F00F00A84205D00120BDE8F09FF1
:104CB0000120BDE8F09F2078944E10F0040F0AD038
:104CC0002069316801F07001884204D9316821F00F
:104CD00070010843306020788D4F10F0080F0AD023
:104CE0006069396801F07001884204D9396821F09F
:104CF000700108433860207810F0100F0AD0A069C6
:104D0000396801F4E061884204D9396821F4E0612E
:104D1000084338602078DFF8FCB110F0200F0DD088
:104D2000E069DBF8001001F07001884206D9DBF879
:104D3000001021F070010843CBF80000207810F03B
:104D4000020F0AD0E068316801F00F01884204D9EF
:104D5000316821F00F0108433060207810F0010F16
:104D600051D03068A16820F47060084330606068FA
:104D70006949022808D003280DD0012812D00968FB
:104D800011F0040F34D011E0096811F4003F0DD187
:104D90000120BDE8F09F096811F0007F06D10120D5
:104DA000BDE8F09F096811F4807F1ED0DFF86CA188
:104DB000DAF8001021F007010843CAF80000FEF7F6
:104DC000A1F88046DAF80000616800F03800B0EB26
:104DD000C10F18D0FEF796F8A0EB080141F2883019
:104DE000814208D90320BDE8F09F0120BDE8F09F73
:104DF0000120BDE8F09FDAF80000616800F038009B
:104E0000B0EBC10FE6D1207810F0020F0AD0E068B5
:104E1000316801F00F01884204D2316821F00F019E
:104E200008433060D9F8000000F00F00A8420FD905
:104E3000D9F8000020F00F002843C9F80000D9F885
:104E4000000000F00F00A84202D00120BDE8F09F52
:104E5000207810F0040F0AD02069316801F0700149
:104E6000884204D2316821F0700108433060207814
:104E700010F0080F0AD06069396801F070018842AB
:104E800004D2396821F0700108433860207810F0AE
:104E9000100F0AD0A069396801F4E061884204D299
:104EA000396821F4E06108433860207810F0200F61
:104EB0000DD0E069DBF8001001F07001884206D2E5
:104EC000DBF8001021F070010843CBF8000000F07F
:104ED0007BF83168C1F3032211498A5C02F01F029A
:104EE000D040326802F00F02895C0E4A01F01F01C7
:104EF00020FA01F111600C4908600C480068BDE817
:104F0000F05FFEF73BB80000002000521844025842
:104F10001C440258204402580044025810440258CD
:104F2000545D010858640024546400244C64002437
:104F30004DF804ED00F048F80B4A11680B4BC1F333
:104F40000321595C01F01F0120FA01F11068084AA1
:104F500000F00F00185C00F01F0021FA00F0106054
:104F6000044A11605DF804FB18440258545D0108BE
:104F700058640024546400244DF804EDFFF7D8FF72
:104F800005490968054AC1F30211515C01F01F018E
:104F9000C8405DF804FB00001C440258545D010841
:104FA0004DF804EDFFF7C4FF05490968054AC1F350
:104FB0000221515C01F01F01C8405DF804FB0000B4
:104FC0001C440258545D01084DF8044D69480068BE
:104FD000DFF8A4C1694B10F038014ED008294FEA20
:104FE0002C1047D0102959D0182943D164480168A2
:104FF00001F003010068C0F30510624A126802F074
:105000000102614C2468C4F3CC0414FB02F200EEEC
:10501000102AB8EE400A00287BD0DFED5C0A5C4A1B
:10502000B7EE001AA9B39FED5B2A012974D00229BB
:1050300071D001EE900A1068F8EE611AC2EE212AD2
:10504000C0F3080001EE900AF8EE611A40EE201A53
:1050500031EE810A22EE800A1068C0F34620401C1F
:1050600000EE900AF8EE600A80EE201ABCEEC10A4B
:1050700010EE100A5DF8044B7047186810F0200F0E
:1050800008D018685DF8044BC0F3C1002CFA00F09A
:10509000704707E05DF8044B604670473E485DF896
:1050A000044B7047196811F0200F1CD01968C1F328
:1050B000C1012CFA01F101EE901AF8EE612A01EE1D
:1050C000900A1068F8EE611A82EEA12AC0F3080077
:1050D00001EE900AF8EE611A40EE201A31EE810AD4
:1050E00022EE000AB8E701EE900ADFED2C2A1068E4
:1050F000F8EE611A82EEA12AC0F3080001EE900AD0
:10510000F8EE611A40EE201A31EE810A22EE000A12
:10511000A2E72BE000E013E001EE900A1068F8EE41
:10512000611AC2EE212AC0F3080001EE900AF8EEDF
:10513000611A40EE201A31EE810A22EE800A8BE7D6
:1051400001EE900ADFED162A1068F8EE611A82EE81
:10515000A12AC0F3080001EE900AF8EE611A40EEB1
:10516000201A31EE810A22EE000A75E75DF8044B41
:1051700000207047104402580090D00300440258A9
:10518000284402582C440258344402580000003984
:10519000304402580024744A40787D010024744C45
:1051A00020BCBE4B2DE9F05F0446002C11D02078C6
:1051B000DFF8F883FE4F10F0010FFE4D6BD0D8F8EA
:1051C000000000F038003968102823D0182803D0D8
:1051D00006E00120BDE8F09F01F00300022819D08D
:1051E0006068B0F5803F1ED010B3B0F5A02F28D076
:1051F000286820F480302860286820F48020286007
:10520000606878B3FDF77EFE0646286810F4003F1C
:1052100020D040E0286810F4003F3CD0606830BBEC
:105220000120BDE8F09F286840F480302860E7E75F
:10523000286820F480302860286820F480202860C6
:10524000DEE7286840F480202860286840F4803039
:105250002860D5E7FDF756FE801B642803D903209C
:10526000BDE8F09F04E0286810F4003FF2D012E09F
:10527000FDF748FE0646286810F4003F0BD0FDF706
:1052800041FE801B642802D90320BDE8F09F2868F6
:1052900010F4003FF3D1207841F2030AC64E10F01B
:1052A000020F4BD0D8F8000000F038003968A0B1E8
:1052B000182802D111F0030F0FD0E068002878D031
:1052C000296821F0190108432860FDF71BFE81467B
:1052D000286810F0040F41D04DE0286810F0040F4A
:1052E00001D0E06868B12868E16820F0190008433F
:1052F0002860FDF707FE8146286810F0040F03D0F0
:105300000FE00120BDE8F09FFDF7FCFDA0EB0900D8
:10531000022802D90320BDE8F09F286810F0040F8E
:10532000F2D0FDF7E9FD504510D82069402806D09D
:10533000316821F47C3141EA0030306051E030685E
:1053400020F47C3040F4003030604AE03068217C4A
:1053500020F0FE4040EA0160306042E0FDF7D2FDFF
:10536000A0EB0900022802D90320BDE8F09F2868BD
:1053700010F0040FF2D0FDF7BFFD504511D82069A1
:10538000402806D0316821F47C3141EA0030306099
:1053900027E0306820F47C3040F40030306020E0BA
:1053A00007E03068217C20F0FE4040EA0160306078
:1053B00017E0286820F001002860FDF7A3FD814672
:1053C000286810F0040F0CD0FDF79CFDA0EB09003D
:1053D000022802D90320BDE8F09F286810F0040FCE
:1053E000F2D1207810F0100F45D0D8F8000000F06E
:1053F00038003968DFF8C4B1082813D0182803D161
:1054000001F0030001280DD0E069A8B3286840F03E
:1054100080002860FDF776FD8146286810F4807FC3
:105420002BD037E0286810F4807F05D0E069802811
:1054300002D00120BDE8F09FFDF75EFD504510D879
:10544000206A202806D0316821F0F84141EA8060C6
:10545000306056E0306820F0F84040F08040306026
:105460004FE0DBF8000094F8201020F07C5040EA78
:105470000160CBF8000044E02CE0FDF743FDA0EB19
:105480000900022802D90320BDE8F09F286810F423
:10549000807FF2D0FDF730FD504510D8206A2028DB
:1054A00006D0316821F0F84141EA8060306028E0A0
:1054B000306820F0F84040F08040306021E0DBF8B8
:1054C000000094F8201020F07C5040EA0160CBF8F6
:1054D000000016E0286820F080002860FDF712FD2B
:1054E0000646286810F4807F0BD0FDF70BFD801B6B
:1054F000022802D90320BDE8F09F286810F4807FBD
:10550000F3D1207810F0080F3AD0DFF8B49060693A
:10551000D8B1D9F8000040F00100C9F80000FDF74B
:10552000F1FC0646D9F8000010F0020F28D1FDF773
:10553000E9FC801B022802D90320BDE8F09FD9F8BE
:10554000000010F0020FF2D01AE0D9F8000020F0AD
:105550000100C9F80000FDF7D5FC0646D9F80000A7
:1055600010F0020F0CD0FDF7CDFC801B022802D9F1
:105570000320BDE8F09FD9F8000010F0020FF2D12F
:10558000207810F0200F3DD0A06920B3286840F4A7
:1055900080502860FDF7B6FC0646286810F4005FCE
:1055A00030D1FDF7AFFC801B02280BE010440258FD
:1055B0002844025800440258044402580C4402583B
:1055C0007444025802D90320BDE8F09F286810F403
:1055D000005FE6D016E0286820F480502860FDF7D0
:1055E00091FC0646286810F4005F0BD0FDF78AFC9A
:1055F000801B022802D90320BDE8F09F286810F420
:10560000005FF3D1207810F0040F6CD0B14E3068F9
:1056100040F480703060FDF775FC8146306810F40E
:10562000807F0CD1FDF76EFCA0EB0900642802D945
:105630000320BDE8F09F306810F4807FF2D0A068AE
:10564000A54E012816D0D0B1052821D0306820F011
:1056500001003060306820F004003060A06841F242
:10566000883A60B3FDF74EFC8146306810F0020FB7
:1056700017D038E0306840F001003060EEE7306865
:1056800020F001003060306820F004003060E5E771
:10569000306840F004003060306840F00100306055
:1056A000DCE7FDF72FFCA0EB0900504502D90320F1
:1056B000BDE8F09F306810F0020FF2D013E0FDF764
:1056C00021FC8146306810F0020F0CD0FDF71AFC67
:1056D000A0EB0900504502D90320BDE8F09F3068D7
:1056E00010F0020FF2D1616AA1B3D8F80000DFF820
:1056F000EC9100F03800182809F10408A9F104061B
:105700007DD0022912D0286820F080702860FDF733
:10571000F9FB0446286810F0007F1BD0FDF7F2FB70
:10572000001B02286CD90320BDE8F09F286820F0F8
:1057300080702860FDF7E6FB8246286810F0007F45
:105740000DD0FDF7DFFBA0EB0A00022803D90320F0
:10575000BDE8F09FBBE0286810F0007FF1D1386809
:10576000E16A20F0F30020F4407040EA0110A16AE1
:1057700008433860208E4FF47E42616B401E491E04
:10578000C0F3080002EA41210843218FD201491EDB
:1057900002EA0141084394F83C10491E120202EA51
:1057A00001610843C9F80000306820F00100306052
:1057B000D8F80000A16C6FF3CF0040EAC100C8F830
:1057C00000003068216C20F00C0008433060306825
:1057D000616C20F0020008433060306840F4803093
:1057E0003060306840F400303060306840F4802031
:1057F0003060306840F001003060286801E01DE052
:1058000016E040F080702860FDF77CFB04462868B5
:1058100010F0007F5BD1FDF775FB001B022802D959
:105820000320BDE8F09F286810F0007FF3D04EE021
:10583000286810F0007F7FF471AF48E03A68D9F82B
:105840000000012921D0A36A02F0030199421CD172
:10585000E16AC2F30512914217D1226BC0F308012D
:10586000521E914211D1616BC0F34622491E9142F2
:105870000BD1A16BC0F30642491E914205D1E16BE9
:10588000C0F30660491E814202D00120BDE8F09FAE
:10589000D8F80000C0F3CC00A16C814217D030686A
:1058A00020F001003060FDF72DFB0546FDF72AFBD7
:1058B000A842FBD0D8F80000A16C6FF3CF0040EAFB
:1058C000C100C8F80000306840F0010030600020DE
:1058D000BDE8F09F00480258704402583044025816
:1058E0002DE9F0410446002594F89000012810D0DD
:1058F000012684F890602068016811F4003F33D0DD
:10590000016821F40031016094F89100122803D05D
:1059100014E00220BDE8F081D4F8800070B1FBF7FC
:1059200073FE58B1D4F88000406D802806D0012560
:10593000D4F8940040F08000C4F8940094F89100EA
:10594000222811D1D4F8840070B1FBF75DFE58B164
:10595000D4F88400406D802806D00125D4F8940046
:1059600040F08000C4F89400206800270761781E8A
:1059700021688861204603F0F1FE00B1012520680E
:10598000416841F00801416084F8916084F89070AA
:105990002846BDE8F081704770B5044694F8910040
:1059A000002825D0226850691169136810F0080F8B
:1059B00008D011F0080F05D0D4F88C102046BDE8AF
:1059C0007040084700EA010C1CF0010F4FF0010C79
:1059D00011D0C2F818C094F89100222809D00220F2
:1059E000D4F894100843C4F894002046FFF7D3FF7E
:1059F00070BD0120F4E710F0020F0BD011F0020F80
:105A000008D002209061D4F888000028F0D0BDE8CA
:105A1000704000476B4D10F0200F3BD011F0200F6D
:105A200038D020209061D4F8940040F00400C4F8ED
:105A3000940013F4003F26D0D4F8800070B10565BF
:105A4000D4F88000FBF794FF40B1D4F8940040F004
:105A50008000C4F894002046FFF79DFFD4F884002E
:105A60000028C5D00565D4F88400FBF781FF002825
:105A7000BED0D4F8940040F08000C4F894002046D2
:105A8000FFF789FF70BD2046FFF72AFF2046FFF78A
:105A900082FF70BD10F0400F3BD011F0400F38D0A6
:105AA00040209061D4F8940040F00800C4F89400BD
:105AB00013F4003F26D0D4F8800070B10565D4F807
:105AC0008000FBF755FF40B1D4F8940040F080000F
:105AD000C4F894002046FFF75EFFD4F88400002845
:105AE000D7D00565D4F88400FBF742FF0028D0D05A
:105AF000D4F8940040F08000C4F894002046FFF7EA
:105B00004AFF70BD2046FFF7EBFE2046FFF743FF3C
:105B100070BD10F0040F42D011F0040F3FD00420EC
:105B20009061D4F8940040F02000C4F8940013F47D
:105B3000003F26D0D4F8800070B10565D4F880000D
:105B4000FBF716FF40B1D4F8940040F08000C4F891
:105B500094002046FFF71FFFD4F884000028D7D018
:105B60000565D4F88400FBF703FF0028D0D0D4F8F3
:105B7000940040F08000C4F894002046FFF70BFF2B
:105B800070BD216800200861411E2268916184F87F
:105B900091C0A4F87E002046FFF7FDFE70BD10F016
:105BA000100FFBD011F0100FF8D010209061D4F836
:105BB000940040F01000C4F894002046FFF7EBFE7C
:105BC00070BD0000199700082DE9F05F0446002C15
:105BD00009D0FDF791F994F83800DFF84C83D34FE2
:105BE000012803D00FE00120BDE8F09F2068404568
:105BF00001D0B84204D16068012801D1606C10B1B5
:105C00000120BDE8F09F2068DFF82493DFF824A38B
:105C10004045DFF824B301D0484501D1C74D13E01A
:105C2000504501D0584501D1C54D0DE0C5498842C8
:105C300002D0C549884201D1C44D05E0B84202D026
:105C4000C349884204D1C34D94F8910018B108E0CB
:105C50000120BDE8F09F002084F89000204600F06D
:105C600083F9204603F07AFD10B10120BDE8F09FD2
:105C7000022084F89100E06860B101280CD002286D
:105C80000CD00020A168062921D2DFE801F0090B21
:105C90000E11161B0020F5E71020F3E72020F1E796
:105CA000002615E04FF4806612E04FF400660FE026
:105CB0004FF4006640F001000AE04FF4006640F047
:105CC000020005E04FF4006640F0030000E000260B
:105CD0002860206A002873D000212068404501D048
:105CE000484505D100214FF48070FDF739FF01468A
:105CF0002068504501D0584505D100214FF400706F
:105D0000FDF72EFF01468F4A2068904202D08E4A4E
:105D1000904205D100214FF40070FDF721FF0146AC
:105D20002068B84205D100214FF48060FDF718FFCC
:105D3000014687482268824205D100214FF4006065
:105D4000FDF70EFF0146A069B0F5002F1FD0A06A35
:105D5000B0F1806F2FD00120226A01EB810102FB9C
:105D600000F049000002B1FBF0F07B49A1FB0021EB
:105D7000C90861624A4202EB820200EB4200082835
:105D800001D9481C6062606C042816D018E0606C71
:105D900004280BD008280BD0606D01EB8101226A2A
:105DA000490002FB00F0B1FBF0F0DEE74020F4E731
:105DB0004FF48070F1E70220CEE7606A400860622D
:105DC000606860B302282AD0206D012830D04FF0DF
:105DD0000009FDF791F8B0F5005F2CD32068016849
:105DE0005E4A11400160616C6068E26C0843A16C1E
:105DF00011430843E16A40EA0900304308436169FE
:105E00000843A1690843A18C40EA0150A16A0843F4
:105E100021690143206802681143016029E0206D77
:105E2000012802D04FF40079D3E74FF00009D0E702
:105E30004FF40079CDE720680168494A11400160BC
:105E4000616C6068E26C0843A16C11430843E16A2D
:105E500040EA09003043084361690843A1690843E7
:105E6000A18C40EA0150A16A0143206802681143F5
:105E700001602068416821F00F0121F46041416018
:105E800020684168E269636B1143226B1A43114336
:105E9000416020688168334A11408160E16D606E25
:105EA000626D0843216E521E11430843A16D491EC5
:105EB00040EA012120688268114381602068C1683E
:105EC0004FF220021140C160E16EA06E226F0843C4
:105ED000B4F874100904521E41EA022101432068FB
:105EE000C2681143C1602068404501D0B84211D159
:105EF000686C20F00100686494F83800012809D12A
:105F0000E16B206C491E40EA01106864686C40F047
:105F1000010068640020C4F89400012184F8911005
:105F200084F89000BDE8F09F0458014004540058E4
:105F300024580140045C0140245C014000580140A9
:105F4000005C0140046001402460014000600140A9
:105F50002454005800540058CDCCCCCC10C005F0CF
:105F600010C005F80080F8FF2DE9F04786B0044620
:105F70002A4900272A4D4FF0020820684FF00609F1
:105F8000DFF8A0A0284E884220D1306878B9286870
:105F900040F480002860286800F48000009000220F
:105FA00057201146FDF7DAF95720FDF7C9F9306897
:105FB000401C306074200190CDF80880039704974E
:105FC000CDF8149001A95046FCF78EFE17482168C1
:105FD000814220D1306878B9286840F48000286078
:105FE000286800F480000090002257201146FDF739
:105FF000B5F95720FDF7A4F93068401C306008203F
:106000000190CDF8088003970497CDF8149001A96A
:106010005046FCF769FE06B0BDE8F0870458014021
:10602000F0440258001002584464002424580140EF
:1060300070B50446002906D02AB194F891000128D1
:1060400003D0022070BD012070BD94F8900001289B
:1060500011D0012084F89000A167A4F87C20A4F856
:106060007E200025C4F89450122084F89100A06C82
:10607000402802D003E0022070BD216B29B18028A6
:1060800007D81248C4F88C0006E01148C4F88C0008
:1060900002E01048C4F88C00204603F081FB012187
:1060A000204603F0C0FB01462068026911430161EC
:1060B0002068016811F4803F03D1016841F4803108
:1060C000016084F89050002070BD000057980008CF
:1060D0000B990008A79800087047000070B50446A7
:1060E0000D46002C03D094F82C0010B107E00120DD
:1060F00070BD002084F82D00204600F019F8022021
:1061000084F82C002068211DFBF70AF862682946F4
:106110002068FBF758F80548016841F0004101602C
:10612000012084F82C00002070BD000000400052C7
:10613000FCF770BD10B5044694F82C00022805D079
:1061400094F82C00012803D0012010BD022010BDBE
:10615000022084F82C002068FBF71CF8012084F84A
:106160002C00002010BD70B504460D4694F82C009C
:10617000022805D0012805D0052803D0012070BDD4
:10618000022070BD022084F82C0020682946FBF70D
:1061900009F82868022803D0012084F82C0002E0C6
:1061A000052084F82C00002070BD0000F0B587B0F9
:1061B00004460D460026032084F83000A06B032817
:1061C0001ED0B5F5004F08D0B5F5804F0AD085B187
:1061D000606B40F00060606316E0606B40F08050E0
:1061E000606311E0204604F0E5F9616B08436063E9
:1061F0000AE0204604F0AFF9616B0843606303E0F6
:10620000606B40F080506063606B394F18B120685C
:10621000876301265AE000214FF48030FDF7A0FC8F
:106220000246002A4DD060680290A0680390049551
:10623000206905902F4B6069B2FBF3F1814201D8D0
:10624000069033E0A16DB1F5007F0ED0B1F5807FEF
:106250000DD0294908B34FEA400CB2FBFCFC8C4539
:1062600023D9B2FBF3F0069020E006901EE023490C
:1062700048B14FEA400CB2FBFCFC9C450BD9B2FB89
:10628000F1F0069012E09A4203D9B2FBF1F00690C9
:106290000CE006900AE0069008E08A4203D9B2FBBF
:1062A000F3F0069002E0069000E00690069905984B
:1062B000019100902068049B039A029903F0D4FE98
:1062C00004E0606B40F000606063012620684FF4DA
:1062D000007103F06FFB28B121688F63616B084385
:1062E00060630126012084F8300007B03046F0BD1D
:1062F000FF0FE01F80F0FA0240787D0100E1F50514
:1063000030B4C26D920F0A70C26DC2F383624A70DC
:10631000C26DC2F301628A70C26D120CCA70B0F80D
:106320005C20120A0A7190F85C204A71026E120D0C
:10633000CA80026EC2F303420A72B0F86020C2F350
:10634000C0324A72B0F86020C2F380328A72B0F86C
:106350006020C2F34032CA72B0F86020C2F300324B
:106360000A7300254D73826B4FF400744FF0010CDB
:10637000002A0DD0012A3CD0026852499163416B3A
:1063800041F08051416380F830C0012030BC70473B
:10639000B0F86020436E9205120D42EA93720A61D2
:1063A000426EC2F3C2620A75426EC2F302624A755D
:1063B000426EC2F342528A75426EC2F38242CA757D
:1063C000426EC2F3C2320A760A69521C82640B7EA4
:1063D00003F007039B1C9A4082640B7A03F00F03BF
:1063E0000CFA03F3C3645B0A02FB03F20265446523
:1063F0000EE090F86020436E9206920A42EA134241
:106400000A610A69521C920282640265C46444658E
:10641000B0F86420C2F380324A76B0F86420C2F348
:10642000C6128A7690F8642002F07F02CA76826EE5
:10643000D20F0A77826EC2F341724A77826EC2F33C
:1064400082628A77826EC2F38352CA77826EC2F307
:10645000405281F8202081F82150826EC2F3004220
:1064600081F82220B0F86820C2F3C03281F82320DE
:10647000B0F86820C2F3803281F82420B0F8682098
:10648000C2F3403281F82520B0F86820C2F3003210
:1064900081F82620B0F86820C2F3812281F82720F5
:1064A000B0F86820C2F3012281F8282090F8680033
:1064B000C0F3460081F8290081F82AC0002030BCD2
:1064C00070470000FF0FE01F826B0A60C26B4A60DA
:1064D000026C8A60426CCA60826C0A61C26C4A615A
:1064E000026D8A61406DC8610020704738B504466E
:1064F000002000906946204604F016F810B1616B48
:10650000084360630098C0F3432038BD2DE9F04193
:1065100090B005460C46002695F83000032811D0AF
:106520006946284603F068FFDFF8C880012768B194
:106530002968C1F83880696B0843686385F8307052
:10654000012646E010B00120BDE8F0810098C0F3BC
:10655000811020700098C0F340106070009800F423
:106560007F01090A41EA106060800198019901F4F5
:106570007F41000640EA0120019901F47F0140EAD1
:106580001120019940EA116060600298207202981F
:10659000000A60720298C0F30350A0720299039837
:1065A00001F07F41C0B240EA1140A0810398C0F3DE
:1065B0008520A0730398C0F30120E0730398C0F313
:1065C00003102074039800F00F0060740498000E0C
:1065D000A07428684FF4007103F0ECF930B1296819
:1065E000C1F83880686385F83070012610B03046F5
:1065F000BDE8F081FF0FE01FF0B585B00446002C28
:1066000004D094F83000002618B106E005B001204F
:10661000F0BD2676204600F0B9F8042084F830005A
:10662000204600F04BF810B105B00120F0BD6946DE
:106630002046FFF76BFF10B105B00120F0BD9DF8BB
:1066400010109DF81120A06B012804D1114302D035
:106650004002A06502E0012808D0A6652046E16856
:10666000FFF7A4FD30B105B00120F0BD4FF48070FC
:10667000A065F3E7FCF746FC05462046FFF736FF2A
:10668000012704280AD0FCF73DFC401BB0F1FF3F76
:106690000BD02046FFF72AFF0428F4D16663E66298
:1066A00084F8307005B00020F0BD4FF0004060630A
:1066B00084F8307005B00320F0BD000070B588B0DC
:1066C00004460020039004900590069000214FF4AA
:1066D0008030FDF745FA054601264DB32848B5FB45
:1066E000F0F0079006980799019100902068059BAB
:1066F000049A039903F0B8FC206803F0C9FC0798DA
:1067000018B107984000B5FBF0F52DB11D48B0FB5E
:10671000F5F0401CFCF76AFA204603F00FFE78B152
:1067200084F83060616B0843606308B0012070BD7D
:1067300084F830604FF00060606308B0012070BDE5
:10674000204603F079FD38B184F83060616B08436E
:10675000606308B0012070BD20684FF4007103F041
:1067600029F950B1226808499163616B084360635D
:1067700084F8306008B0012070BD08B0002070BD02
:1067800000350C0010210100FF0FE01FF0B5B7B07D
:106790000546002432943394349435943694C021C1
:1067A00002A8F9F7CFFD2968A1F1A440B0F5E040B7
:1067B0003CD14FF4803102910390169402A8FDF76A
:1067C00005FD08B1FAF782FC1948016841F48031EF
:1067D0000160006800F4803001901648016841F0C3
:1067E00004010160016801F004010191016841F0B8
:1067F00008010160006800F0080001904FF4F850B3
:106800003290022733973494032535950C2636961B
:1068100032A90948FCF768FA04203290339734947F
:106820003595369632A90548FCF75EFA37B0F0BDCB
:10683000D4440258E044025800080258000C0258A0
:106840002DE9F04F89B004460E4615469946DDF80D
:106850004880FCF757FB01905EB194F830000128A6
:106860000FD0606B40F00050606309B00120BDE8BC
:10687000F08F606B40F00060606309B00120BDE8FC
:10688000F08F4FF0000BC4F834B0216D05EB090018
:10689000884207D9606B40F00070606309B0012046
:1068A000BDE8F08F032084F830002068C0F82CB0D9
:1068B000A06B012800D06D024FF0FF3002904FEA2C
:1068C000492003909020049002270597CDF818B036
:1068D000CDF81CB002A9206803F00EFA2068C16848
:1068E00041F04001C160B9F1010F4FF0010A05D933
:1068F000E7622946206803F0BCF805E0C4F82CA044
:106900002946206803F0CFF868B1226854499163A2
:10691000616B0843606384F830A0C4F82CB009B000
:106920000120BDE8F08F039F2068406B10F4957F35
:1069300027D12068406B10F4004F14D0202F12D3C1
:106940000025206803F0AAFB3070711C020A0A704F
:10695000491C020C0A70491C000E08704E1C6D1C6C
:10696000082DEED3203FFCF7CDFA0199401A40459F
:1069700028D2B8F1000F25D02068406B10F4957F25
:10698000D7D02068C16821F04001C1602068416B08
:1069900011F4807F25D0B9F1010F22D9A16B032911
:1069A0001FD003F04BF9E0B122682D499163616B70
:1069B0000843606384F830A0C4F82CB009B001200B
:1069C000BDE8F08F216826488863606B40F0004086
:1069D000606384F830A0C4F82CB009B00320BDE88F
:1069E000F08F2068416B11F0080F0DD01C498163B6
:1069F000606B40F00800606384F830A0C4F82CB0ED
:106A000009B00120BDE8F08F416B11F0020F0DD0ED
:106A100013498163606B40F00200606384F830A02A
:106A2000C4F82CB009B00120BDE8F08F416B11F023
:106A3000200F0DD00A498163606B40F02000606335
:106A400084F830A0C4F82CB009B00120BDE8F08F64
:106A50000449816384F830A009B00020BDE8F08FBC
:106A6000FF0FE01F3A0F00182DE9F04F8BB00446DE
:106A70000E4615469946DDF85080FCF743FA029021
:106A80005EB194F8300001280FD0606B40F00050E8
:106A900060630BB00120BDE8F08F606B40F00060D8
:106AA00060630BB00120BDE8F08F4FF0000AC4F81E
:106AB00034A0216D05EB0900884207D9606B40F0D6
:106AC000007060630BB00120BDE8F08F032084F8F4
:106AD00030002068C0F82CA0A06B012800D06D0207
:106AE0004FF0FF3004904FEA492005909020069027
:106AF000CDF81CA0CDF820A0CDF824A004A92068D2
:106B000003F0FAF82068C16841F04001C160B9F1B2
:106B1000010F07D92020E0622068294603F0B8F869
:106B2000039006E01020E0622068294603F0CAF8CE
:106B300003904FF0010B039870B1216859488863A6
:106B4000616B03980843606384F830B0C4F82CA0EC
:106B50000BB00120BDE8F08F059F2068406B10F45A
:106B60008D7F2FD12068406B10F4804F1CD0202FD8
:106B70001AD3002531780191701C027841EA022174
:106B80000191401C027841EA02410191401C0278C7
:106B900041EA02610191461C206801A903F094FAC0
:106BA0006D1C082DE6D3203FFCF7ACF90299401A82
:106BB000404528D2B8F1000F25D02068406B10F472
:106BC0008D7FCFD02068C16821F04001C16020686E
:106BD000416B11F4807F25D0B9F1010F22D9A16B4F
:106BE00003291FD003F02AF8E0B122682D499163F0
:106BF000616B0843606384F830B0C4F82CA00BB01C
:106C00000120BDE8F08F216826488863616B0398F6
:106C10000843606384F830B0C4F82CA00BB00320A4
:106C2000BDE8F08F2068416B11F0080F0DD01D49B1
:106C30008163606B40F00800606384F830B0C4F892
:106C40002CA00BB00120BDE8F08F416B11F0020FBA
:106C50000DD014498163606B40F00200606384F8DA
:106C600030B0C4F82CA00BB00120BDE8F08F416B10
:106C700011F0100F0DD00B498163606B40F01000D4
:106C8000606384F830B0C4F82CA00BB00120BDE8DC
:106C9000F08F0549816384F830B00BB00020BDE867
:106CA000F08F0000FF0FE01F3A0F00187047000040
:106CB0002DE9F041044621680A694B6902EA03059F
:106CC000D1F80880002094F8816013F4006F0BD095
:106CD00012F0080F08D0886940F4006088612046EF
:106CE00000F091FABDE8F08105F0400105F02002C6
:106CF000114309D115F0040F06D0616F2046884773
:106D0000216F20468847012005F04501012903D164
:106D1000216F20468847012005F02601022903D172
:106D2000616F2046884701200028DBD115F0080F4D
:106D30004FF0010763D02068816941F0080181614B
:106D40002068816941F0100181612068816941F406
:106D5000006181612068016921F0080101612068FA
:106D6000806810F4404F28D1B4F86A0028B3E06876
:106D70000F2807D92068006B616E0860606E001DE7
:106D8000606611E0072807D92068008E616E0880D0
:106D9000606E801C606607E0206890F83000616ECD
:106DA0000870606E401C6066B4F86A00401EA4F86B
:106DB0006A00B4F86A000028D9D1204603F096FC96
:106DC00084F88170D4F8840020B12046FFF76EFF6C
:106DD000BDE8F081052E08D0042E0BD0032EF7D18C
:106DE000204600F011FABDE8F081204600F00DFACF
:106DF000BDE8F081204600F005FABDE8F08115F409
:106E0000587FFAD015F0400F0AD0D4F8840040F033
:106E10000400C4F884002068816941F04001816168
:106E200015F4007F0AD0D4F8840040F00100C4F8C3
:106E300084002068816941F40071816115F4807FCC
:106E40000AD0D4F8840040F00800C4F88400206818
:106E5000816941F48071816115F0200F0AD0D4F866
:106E6000840040F08000C4F884002068816941F00B
:106E700020018161D4F884000028BED02068016818
:106E800021F0010101602068016921F06B0121F40A
:106E9000407101614FF4404030EA080006D084F8A8
:106EA00081702046FFF702FFBDE8F081206881680D
:106EB00021F4404181600F4DE06F50B10565E06FF6
:106EC000FAF756FD28B1D4F8840040F04000C4F829
:106ED0008400A06F0028E7D00565A06FFAF748FD91
:106EE0000028E1D0D4F8840040F04000C4F88400C9
:106EF000BDE8F081B1A700082DE9F0410446002C5F
:106F000012D00025A562DFF864812068584E594FE1
:106F100040450CD0B0420AD0B84208D0E0680F28F3
:106F200005D90120BDE8F0810120BDE8F0812046AF
:106F300003F07AFC01462068404505D0B04203D0FA
:106F4000B84201D0082907D8404503D0B04201D04B
:106F5000B84204D1102902D90120BDE8F08194F88B
:106F6000810020B984F88050204600F085F8022086
:106F700084F881002068016821F001010160206827
:106F8000816801F4F812A169B1F1806F0ED16168D6
:106F9000B1F5800F01D1A36B23B139B9A16BB1F168
:106FA000805F03D1016841F480510160606810F492
:106FB000800F0AD0E068072807D320680168236D96
:106FC00021F480711943016004E02068016821F414
:106FD00080710160A16AE0690843E16B11430843D5
:106FE000E168084321688860616A606BA2690843B0
:106FF000A16B114308432169084361690843216A71
:10700000084361680843E16C0843A1680843A16C28
:107010000843A16D08432168C860606868B92068AA
:10702000816821F4C05141F4006181602068816869
:1070300021F4C06141F4806181602068016D21F01C
:1070400001010165606810F4800F06D02068C168F6
:10705000626D21F000411143C160C4F884500120E9
:1070600084F881000020BDE8F0810000003001407C
:1070700000380040003C00402DE9F04186B0054654
:10708000002401940294039404940594022729682F
:1070900005265148A1F18042B2F5983258D0A1F1AD
:1070A0008042B2F5605250D14C490A6842F48042A5
:1070B0000A60096801F480410091016841F480711F
:1070C0000160006800F4807000900F20019002972A
:1070D000059601A94248FBF707FE434E4148306040
:1070E000282070604020B060F4600701376174614F
:1070F000B461F4614FF44038C6F8208074623046C1
:10710000FBF7F2F908B1F9F7E1FFAE67B563384E66
:107110003648306027207060B460F4603761746175
:10712000B461F461C6F8208074623046FBF7DCF984
:1071300008B1F9F7CBFFEE67B563002202212420E6
:10714000FCF70CF92420FCF7FBF806B0BDE8F08151
:1071500028490A6842F480520A60096801F48051A3
:107160000091016841F002010160016801F0020133
:107170000091016841F040010160016801F04001A7
:107180000091016841F001010160006800F0010018
:1071900000904FF02008CDF8048002970125049557
:1071A000059601A91448FBF79FFD6802019002971C
:1071B00003940495059601A91048FBF795FDCDF8B9
:1071C0000480029703940494059601A90C48FBF7E8
:1071D0008BFD06B0BDE8F081E0440258E844025857
:1071E00000200258100402406C8A00242804024047
:1071F000E48A0024F044025800040258001802589F
:107200000000025870477047704770477047000091
:10721000401EB0F1807F01D3012070474FF0E02184
:107220004861F020034A107000208861072008613F
:107230000020704723ED00E07047704770474DF81D
:10724000044D90F83C20012A41D0012280F83C20D6
:10725000CA684FF0000C8B6822F440721A434B68E6
:1072600022F480621A430B6822F400621A430B690D
:1072700022F480521A434B6922F400521A438B6A5B
:1072800022F480421A430B8B22F4702242EA03421A
:107290000368A3F18044B4F5803404D0A3F18044A2
:1072A000B4F582340CD18C8C22F4700242EA045280
:1072B000CC6922F080722243096A22F000720A43EC
:1072C0005A6480F83CC000205DF8044B70475DF8BC
:1072D000044B022070470000F0B490F83C20012AD3
:1072E00046D0012480F83C40022280F83D2003680B
:1072F0005A68D3F808C0204D204EAB4201D0B342AB
:1073000003D122F470024F683A4322F070020F68F2
:107310003A435A600268AA421DD0B2F1804F1AD097
:10732000A2F18043B3F5806315D0A2F18043B3F599
:10733000006310D0A2F18043B3F540630BD0B2429A
:1073400009D0A2F18043B3F5C05304D0A2F1804329
:10735000B3F5A03304D12CF0800389681943916000
:1073600080F83D40002180F83C100020F0BC7047C0
:10737000F0BC022070470000000001400004014002
:1073800010B50446002C03D094F83D0010B107E07E
:10739000012010BD002084F83C00204600F022F8B7
:1073A000022084F83D002068211D03F07DFB0120B0
:1073B00084F8480084F83E0084F83F0084F84000D8
:1073C00084F8410084F8420084F8430084F84400C3
:1073D00084F8450084F8460084F8470084F83D00AE
:1073E000002010BD08B50068B0F1804F0ED0A0F1AC
:1073F0008041B1F5823108D10E48016841F00201A7
:107400000160006800F00200009008BD0A480168B1
:1074100041F001010160006800F0010000900022CD
:1074200002211C20FBF79AFFBDE808401C20FBF757
:1074300087BF0000F0440258E844025890F83D101D
:10744000012901D001207047022180F83D10016818
:10745000CA6842F00102CA600068A0F18041B1F53B
:10746000803126D0B0F1804F23D0A0F18041B1F51A
:1074700080611ED0A0F18041B1F5006119D0A0F16A
:107480008041B1F5406114D0A0F18041B1F5823165
:107490000FD0A0F18041B1F5C0510AD0A0F18041D8
:1074A000B1F5A03105D0016841F001010160002073
:1074B00070478168054A11400629F8D0B1F5803F30
:1074C000F5D0016841F001010160F0E7070001001B
:1074D00070B50446002594F83C00012816D001261A
:1074E00084F83C60022084F83D002068826822F025
:1074F000770222F4441222F47F42826008687028E6
:107500002FD010DC10F00F0F03D022E04FF002005C
:1075100070BD4FEA2012072A1BD2DFE802F058584C
:1075200058584E3A4400B0F1101F50D009DCB0F565
:10753000805F0FD0B0F5005F1FD0B0F5801F08D17D
:1075400045E0A0F58011203941D010293FD02029F5
:107550003DD0012584F83D60002084F83C00284699
:1075600070BDCB684A688968206803F010FB20680A
:10757000816841F077018160ECE7CB684A688968EF
:10758000206803F004FB2068816841F48041816039
:10759000E0E7CA684968206803F0B6FC206850211B
:1075A00003F000FBD6E7CA684968206803F0BFFC17
:1075B0002068602103F0F6FACCE7CA6849682068C1
:1075C00003F0A2FC2068402103F0ECFAC2E7226835
:1075D0000146104603F0E6FABCE770B504460D46D6
:1075E000002C03D094F83D0010B107E0012070BDDD
:1075F000002084F83C00204600F058F8022084F86F
:107600003D002068816821F0070121F4A0318160EC
:107610002068211D03F048FA206883688269016AA6
:10762000D5F800C04CEA030322F0030222F44072B2
:10763000AE69D5F808C042EA06224CEA020222F0FE
:107640000C0222F4406222F0F00222F47042EE6951
:10765000D5F80CC042EA06224CEA0202D5F810C066
:107660002E6A4FEA0C1C4CEA063C4CEA020221F05E
:10767000220121F08801D5F804C06D6941EA0511A5
:107680004CEA010183602068826120680162012068
:1076900084F8480084F83E0084F83F0084F84400F1
:1076A00084F8450084F83D00002070BD4DF804EDDD
:1076B00087B0002102910391049105910691006821
:1076C000A0F18041B1F5806122D11348016841F0F9
:1076D00002010160006800F0020001900F4801689B
:1076E00041F004010160006800F004000190C02036
:1076F000029002200390069002A90948FBF7F4FAD1
:10770000002205211D20FBF729FE1D20FBF718FE96
:1077100007B05DF804FB0000E8440258E04402585A
:1077200000080258704770B50446206801694FF0A0
:10773000000511F0020F17D0C16811F0020F13D02D
:10774000E91E0161012020772068806910F0030F95
:1077500003D02046FFF7E6FF05E0204600F0D6F80C
:10776000204600F0A2F925772068016911F0040F86
:1077700018D0C16811F0040F14D06FF0040101613A
:10778000022020772068806910F4407F03D02046D3
:10779000FFF7C8FF05E0204600F0B8F8204600F0EB
:1077A00084F925772068016911F0080F18D0C168A5
:1077B00011F0080F14D06FF0080101610420207748
:1077C0002068C06910F0030F03D02046FFF7AAFF1E
:1077D00005E0204600F09AF8204600F066F925778B
:1077E0002068016911F0100F18D0C16811F0100F56
:1077F00014D06FF010010161082020772068C06963
:1078000010F4407F03D02046FFF78CFF05E02046B0
:1078100000F07CF8204600F048F9257720680169DF
:1078200011F0010F09D0C16811F0010F05D06FF000
:1078300001010161204600F0CFF92068016911F0D3
:10784000800F09D0C16811F0800F05D06FF0800162
:1078500001612046FFF7F1FC2068016911F4807F87
:1078600009D0C16811F0800F05D06FF480710161FB
:107870002046FFF7E1FC2068016911F0400F09D0B4
:10788000C16811F0400F05D06FF040010161204642
:1078900000F0A3F92068016911F0200F0BD0C16836
:1078A00011F0200F07D06FF0200101612046BDE8E4
:1078B0007040FFF7C3BC70BD4DF804ED87B00021E8
:1078C000029103910491059106910068A0F1804115
:1078D000B1F5823113D10B48016841F400710160A8
:1078E000006800F4007001904FF480700290022054
:1078F000039003200690044802A9FBF7F5F907B0AE
:107900005DF804FBE044025800240258704770B54B
:1079100004460D46002694F83C0001280BD00120B7
:1079200084F83C000C2A4FD007DC82B1042A22D014
:10793000082A06D134E0022070BD102A59D0142A3A
:107940006BD00126002084F83C00304670BD2068D2
:10795000294603F031F92068816941F0080181610D
:107960002068816921F004018161206881692A69A8
:1079700011438161E6E72068294603F071F9206828
:10798000816941F4006181612068816921F480612D
:107990008161206881692A6941EA02218161D1E718
:1079A0002068294603F0AAF92068C16941F008015E
:1079B000C1612068C16921F00401C1612068C16909
:1079C0002A691143C161BDE72068294603F0E4F943
:1079D0002068C16941F40061C1612068C16921F476
:1079E0008061C1612068C1692A6941EA0221C161DF
:1079F000A8E72068294603F00EFA2068416D41F09F
:107A0000080141652068416D21F00401416520684D
:107A1000416D2A691143416594E72068294603F0C6
:107A200036FA2068416D41F4006141652068416D7E
:107A300021F4806141652068416D2A6941EA022193
:107A400041657FE710B50446002C03D094F83D0053
:107A500010B107E0012010BD002084F83C00204652
:107A600000F022F8022084F83D002068211D03F078
:107A70001BF8012084F8480084F83E0084F83F0099
:107A800084F8400084F8410084F8420084F8430000
:107A900084F8440084F8450084F8460084F84700E0
:107AA00084F83D00002010BD7047704710B50446B3
:107AB00000290DD004290ED008290FD00C2910D090
:107AC000102911D094F84300012810D0012010BDD6
:107AD00094F83E00F8E794F83F00F5E794F840008A
:107AE000F2E794F84100EFE794F84200ECE7022057
:107AF000F1B3042955D0082956D00C2957D01029A4
:107B000058D084F843000122206803F031F82E4A4F
:107B100020682E4B2E4990420DD098420BD08842BF
:107B200009D0A0F1804CBCF5A23C04D0A0F1804C5F
:107B3000BCF5A43C05D1D0F844C04CF4004CC0F8CE
:107B400044C0206890421CD0B0F1804F19D0A0F101
:107B50008042B2F5806214D0A0F18042B2F500629A
:107B60000FD0A0F18042B2F540620AD0984200E006
:107B700014E006D0A0F18042B2F5C05201D0884294
:107B80001BD18168134A114006291AD0B1F5803FF4
:107B900017D0016841F00101016012E084F83E0055
:107BA000B1E784F83F00AEE784F84000ABE784F823
:107BB0004100A8E784F84200A5E7016841F001010F
:107BC0000160002010BD00000000014000040140E1
:107BD00000400140070001007047704790F8841092
:107BE000012918D0012180F884102421C0F88810C0
:107BF00001680A680B6823F001030B6022F0005152
:107C000000224266036819602021C0F8881080F8BD
:107C1000842000207047022070477047704770B57D
:107C2000044694F8840001281DD0012084F88400C3
:107C30002420C4F8880020680568026822F0010248
:107C400002602068826822F06062114381602046F1
:107C500003F0E0F9206805602020C4F888000020C7
:107C600084F8840070BD022070BD70B5044694F89D
:107C7000840001281DD0012084F884002420C4F849
:107C8000880020680568026822F00102026020680E
:107C9000826822F0604211438160204603F0BAF905
:107CA000206805602020C4F88800002084F8840043
:107CB00070BD022070BD7047704770472DE9F041DC
:107CC00004462368D86919689A6840F60F0C00EAE0
:107CD0000C0CBCF1000F0FD110F0200F0CD001F0F4
:107CE000200502F08056354306D0616F00297DD013
:107CF0002046BDE8F041084700250226BCF1000FF0
:107D000075D0DFF864C3D94F02EA0C0C0F405CEA6F
:107D100007076CD010F0010F0AD011F4807F07D054
:107D200001271F62D4F8903043F00103C4F890306B
:107D300010F0020F0AD012F0010F07D023681E6264
:107D4000D4F8903043F00403C4F8903010F0040FDE
:107D50000BD012F0010F08D0266804233362D4F848
:107D6000903043F00203C4F8903010F0080F0FD0A9
:107D700001F0200353EA0C030AD0D4F800C0082312
:107D8000CCF82030D4F8903043F00803C4F8903099
:107D900010F4006F0ED011F0806F0BD0D4F800C03B
:107DA0004FF40063CCF82030D4F8903043F0200337
:107DB000C4F89030D4F89030002B3FD010F0200F52
:107DC00009D001F0200002F08051084303D0616F18
:107DD00009B120468847D4F890002168896811F0DD
:107DE000400F02D110F0280F2FD001E026E033E041
:107DF000204603F010FA2068806810F0400F1FD072
:107E00002068083050E8001F21F0400140E80012CF
:107E1000002AF5D1D4F8800068B195490165D4F8FD
:107E20008000F9F7A5FD002808D0D4F88000016D86
:107E3000BDE8F04108472046FFF73FFFBDE8F0816D
:107E40002046FFF73AFFBDE8F0812046FFF735FFF7
:107E5000C4F89050BDE8F081D4F86CC0BCF1010FBB
:107E60007DD110F0100F7AD011F0100F77D01020C4
:107E70001862206880684FF0200310F0400F7ED019
:107E8000D4F880107B4A086890422CD07A4A9042FD
:107E900029D07A4A904226D0794A904223D0794A12
:107EA000904220D0784A90421DD0784A90421AD011
:107EB000774A904217D0774A904214D0764A90423F
:107EC00011D0764A90420ED0754A90420BD0754A36
:107ED000904208D0744A904205D0744A904202D031
:107EE000734A904201D1406800E0406880B20028A7
:107EF000B0D0B4F85C208242ACD9A4F85E00C86966
:107F0000B0F5807F2FD0206850E8001F21F48071E9
:107F100040E80012002AF6D12068083050E8001F1F
:107F200021F0010140E80012002AF5D12068083054
:107F300050E8001F21F0400140E80012002AF5D16E
:107F4000C4F88C30E566206850E8001F21F010016D
:107F500040E80012002AF6D1D4F8800001E044E0A5
:107F60000DE0F9F751FB2667B4F85C00B4F85E1039
:107F7000401A81B22046FFF750FEBDE8F081B4F808
:107F80005C00B4F85E10401A81B2B4F85E000028BC
:107F9000F3D00029F1D0206850E8002F22F490722D
:107FA00040E8002CBCF1000FF5D12068083050E803
:107FB000002F22F0010222F0805240E8002CBCF198
:107FC000000FF2D1C4F88C30E5666567206850E890
:107FD000002F22F0100240E80023002BF6D1266784
:107FE0002046FFF71AFEBDE8F08110F4801F0AD08A
:107FF00012F4800F07D04FF4801018622046BDE8BD
:10800000F041FFF759BE10F0800F0CD001F0800353
:1080100002F400021A4306D0A16F0029E3D02046E3
:10802000BDE8F041084710F0400F07D011F0400FB5
:1080300004D02046BDE8F04103F015B910F4000F5C
:1080400007D011F0804F04D02046BDE8F041FFF783
:1080500032BE10F0807FC6D011F0004FC3D0204652
:10806000BDE8F041FFF7DABD010000102001000477
:1080700003B2000810000240280002404000024005
:10808000580002407000024088000240A0000240F8
:10809000B80002401004024028040240400402409C
:1080A000580402407004024088040240A0040240C8
:1080B000B804024010B50446002C03D0D4F8880060
:1080C00010B107E0012010BD002084F88400204694
:1080D00000F028F82420C4F888002068016821F006
:1080E00001010160204603F0D1F8012818D0A06AF0
:1080F00010B1204602F0BCFF2068416821F4904195
:1081000041602068816821F02A018160206801684F
:1081100041F0010101602046BDE8104003F014B8B1
:10812000012010BD2DE9F041B8B00546002432947D
:108130003394349435943694C02102A8F8F702F9A8
:10814000296802275D4E5E4DA1F18040DFF8748101
:10815000B0F598403BD0A1F18040B0F5F0407BD025
:10816000A1F18040B0F588302ED101210291039019
:10817000219402A8FCF72AF808B1F8F7A7FF5248A3
:10818000016841F010010160006800F010000190EA
:10819000286840F001002860286800F00100019084
:1081A0004FF4C06032903397349435940720369062
:1081B00032A94046FAF798FD002204212520FBF75A
:1081C000CDF82520FBF7BCF838B0BDE8F0810221DE
:1081D000029100200390209402A8FBF7F7FF08B15A
:1081E000F8F774FF306840F400203060306800F425
:1081F00000200190286840F480702860286800F40E
:1082000080700190286840F001002860286800F024
:10821000010001904FF400703290339734943594FC
:108220000825369532A92948FAF75EFD01203290DB
:10823000339734943594369532A94046FAF754FD75
:10824000002207213420FBF789F83420FBF778F867
:1082500038B0BDE8F081FFE70221029100200390D1
:10826000209402A8FBF7B2FF08B1F8F72FFF30689F
:1082700040F080403060306800F080400190286815
:1082800040F001002860286800F0010001904FF4E0
:10829000014032903397349435940B20369032A9B4
:1082A0004046FAF721FD002206215220FBF756F83E
:1082B0005220FBF745F838B0BDE8F081E844025899
:1082C000E044025800000258F044025800200258CE
:1082D0002DE9F84304460E4615461F46D4F888009B
:1082E000202802D00220BDE8F88396B18DB100208D
:1082F000C4F890002120C4F88800FAF703FE8146F4
:10830000A4F85450A4F85650A068B0F5805F03D08C
:1083100004E00120BDE8F883206998B135460026C5
:10832000B4F856004FF02008E0B100224B468021FF
:108330002046009703F00BFA30B1C4F88880032080
:10834000BDE8F8830025EBE7CDB121682878886285
:108350006D1CB4F85600401EA4F85600B4F8560040
:108360000028E2D100224B4640212046009703F02E
:10837000EEF958B1C4F888800320BDE8F88321687D
:108380003088C0F308008862B61CE2E7C4F8888031
:108390000020BDE8F88370470A4807A103F05CFAA3
:1083A0000849052308480B22FFF792FF4FF47A7023
:1083B000FAF71CFCFEE70000486172644661756CC8
:1083C000740A0D002C650024408C00242DE9F8432C
:1083D000904606460F461C46099D089A4FF44030C9
:1083E0001149486003208860CA6010480860084648
:1083F000F8F7E6FF002814D10B483146F8F770FF74
:1084000000280ED1084843463A4629460094F9F719
:10841000DEF8002805D1BDE8F84303480A21F9F742
:1084200025B8BDE8F8830000F09E0024001000523B
:10843000F0B40368B1F804C0DC68C4F30B44A4448E
:108440004FEA0C444FF0880C0CEBC21C53F80C5054
:1084500005F4704543F80C5003680D68DE68C6F3F8
:108460000B46761C35442C4343F80C400368B1F8A6
:108470000CC0DC68C4F30A04A4444FEA0C444FF077
:108480008C0C0CEBC21C53F80C5005F4704543F8EF
:108490000C5003688D68DE68C6F30A06761C354406
:1084A0002C4343F80C40D0F800C0942303EBC213D4
:1084B0005CF8034024F007044CF803400468D1F84A
:1084C00010C044F803C091F831301D0291F83230E9
:1084D0001E040B7E1F06D0F800C09C2303EBC213C2
:1084E0005CF8034000244CF8034091F830C04CEA9B
:1084F000050C46EA07054CEA050C056845F803C07B
:10850000D0F800C0982303EBC2135CF8035025F0A9
:10851000FF054CF803500568D1F814C045F803C0B6
:10852000D0F800C0A02303EBC2135CF8035025F081
:10853000070525F4E0654CF80350D1F81CC00D6A1E
:108540004CEA050C056845F803C0D0F800C0AC2320
:1085500003EBC2135CF803504CF803400468D1F8F5
:1085600024C044F803C00B69002B3DD0012B3DD043
:10857000042B3DD0022B3BD0032B39D0072B37D017
:10858000012304684FF0B00C0CEBC21C54F80C50E3
:1085900005F0E02544F80C500D684C68641B0D8D07
:1085A00004FB03F405FB03F3E41D44EA03430468FE
:1085B00044F80C30D0F800C0B42303EBC2135CF8CD
:1085C00003406FF30A044CF80340D0F800C0C96AB6
:1085D0004CF803100068842101EBC211425842F0AC
:1085E00001024250F0BC70470423CAE70323C8E7E6
:1085F0000223C6E770B584B000240094019402946D
:108600000394FAF76DFE01258DF800508DF80140B6
:108610004FF04050019007208DF808008DF8094078
:108620008DF80A4003268DF80B608DF80C408DF80C
:108630000D508DF80E408DF80F506846FAF724FE65
:108640008DF800508DF801504FF010400190162029
:108650008DF808008DF809408DF80A408DF80B6000
:108660008DF80C408DF80D508DF80E408DF80F40B0
:108670006846FAF709FE0620FAF742FE04B070BD1C
:1086800010B510480E49016000214160032282604C
:10869000C16041648264C164016541658165C165F1
:1086A000F8F78EFE08B1F8F711FD06480121F8F73A
:1086B00017FE002803D0BDE81040F8F707BD10BD35
:1086C000001000526C86002408B52048016841F073
:1086D00001010160016801F001010091016841F0B0
:1086E00002010160006800F002000090194818497A
:1086F000016000214160802282609200C2605200CD
:1087000002619200426192008261C1619200026244
:108710000422426203228262C1620163F9F7E4FE2D
:1087200008B1F8F7D3FC002203213820FAF716FE2F
:108730003820FAF705FE002203213920FAF70EFE51
:10874000BDE808403920FAF7FBBD0000D8440258C4
:1087500010000240F485002410B503490348F8F7DF
:10876000B7FC0349087010BD36640024105D010891
:10877000356400242DE9F0418CB0002630482F49A3
:1087800001604660012484600821C16010250561F4
:10879000402141614FF4C0718161C661E102016213
:1087A0004900416249008162022704970720059031
:1087B0004FF00408CDF818800790CDF82080099775
:1087C0000A9704A91E48FDF789FC08B1F8F77EFC5A
:1087D00000940195029403964FF48052184869461C
:1087E000FDF7C1FC6420FAF701FA009701950294A5
:1087F00003964FF4805212486946FDF7B4FC0320FB
:1088000000900195CDF8088003964FF480520C48F3
:108810006946FDF7A8FCCDF80080019502944FF45D
:10882000805207486946FDF79EFC054840F2A521A5
:10883000FDF780FC0CB0BDE8F08100004041005223
:10884000D48600242DE9F04387B0002402940394D9
:108850000494059406946A48016841F480710160AB
:10886000016801F480710191016841F00201016029
:10887000016801F002010191016841F48061016029
:10888000016801F480610191016841F040010160DB
:10889000016801F040010191016841F008010160A7
:1088A000016801F008010191016841F004010160D3
:1088B000016801F004010191016841F001010160CA
:1088C000016801F001010191016841F010010160AE
:1088D000016801F010010191016841F4007101602B
:1088E000016801F400710191016841F0200101600B
:1088F000016801F020010191016841F080010160EF
:10890000006800F0800001903E4E00220E213046AB
:10891000FAF7EBFA3C4F00224FF400413846FAF7E1
:10892000E4FADFF8E88000224FF4F0614046FAF7FD
:10893000DCFA012230461021FAF7D7FADFF8D0909E
:1089400000224FF400514846FAF7CFFAD0200290A7
:1089500003940125049502A93846FAF7C5F92020A9
:1089600002900394049502A92A48FAF7BDF9680217
:1089700002900394049402A94846FAF7B5F90C2032
:1089800002900394049502A94046FAF7ADF91E201F
:10899000029003950494059502A93046FAF7A4F9CC
:1089A000102002900394049402A94046FAF79CF91F
:1089B000E803029003950494059502A93846FAF756
:1089C00093F94FF4F060029003950494059502A981
:1089D0004046FAF789F941F20700029003940495A2
:1089E00002A94846FAF780F96803029003950494B7
:1089F000059502A94846FAF777F907B0BDE8F08374
:108A0000E04402580000025800200258001C02589E
:108A100000040258000C02582DE9F0479AB00024D7
:108A20000D940E940F941094119412941394149422
:108A30001594169417941894199400940194029420
:108A400003940494059406940794089409940A9452
:108A50000B940C9437483649016044608460C460CC
:108A600004615D214161102181616321C161122195
:108A7000016240F243214162FB2181624FF41B718C
:108A8000C162FD21016380F8344080F8354080F8F0
:108A90003640FAF7DBFA08B1F8F718FB0D944FF4FB
:108AA000F0750E950F94E9261096032711974FF055
:108AB000FF08CDF8488013944FF48069CDF85090AA
:108AC0004FF0050ACDF854A0680616901795189631
:108AD0008DF864408DF865408DF866400022154899
:108AE0000DA9FAF771FA08B1F8F7F0FA00940195B8
:108AF000029403960497CDF814800694CDF81C9048
:108B0000CDF820A00C4809900A950B968DF83040BE
:108B10008DF831408DF83240012206486946FAF757
:108B200053FA002801D0F8F7D1FA1AB0BDE8F0875F
:108B30000010005008870024C06903C010B5114818
:108B40000F49016022214160042181601021C16030
:108B5000C90491FAA1F1B1FA81F1491E01614FF402
:108B60008061416100218161C1610162FAF76EFC9F
:108B7000002803D0BDE81040F8F7A8BA10BD0000E7
:108B800000500052FC9D00242DE9F05F314830492F
:108B900001600024446402264660E0278764C464C0
:108BA00001250565846049144161C461C460C462E3
:108BB0000463446380F83840C5634FF48078C0F89C
:108BC00040804FF04009C0F854904FF0200AC0F8A0
:108BD00058A04FF4803BC0F85CB0090101664466C0
:108BE0008466C466066703214167FCF7EDFF08B1A0
:108BF000F8F76CFA194818490160446446608764C4
:108C0000C4640565856049144161C461C460C4627F
:108C10000463446380F83840C563C0F84080C0F8FE
:108C20005490C0F858A0C0F85CB0090101664466D1
:108C30008466C466066703214167FCF7C5FF002808
:108C400003D0BDE8F05FF8F741BABDE8F09F00003F
:108C500004580140B087002424580140488800246B
:108C60000748064901600021416081604FF480425D
:108C7000C26001610E214161704700000070005226
:108C8000E088002410B51648144901604FF48001B3
:108C90004160002181600722C260016141614FF0A3
:108CA00080628261D200C261016241628162C162FE
:108CB000520042638163C163016441648164C164A1
:108CC0000165520042658165FEF716F9002803D060
:108CD000BDE81040F8F7FAB910BD000000300140BF
:108CE0005C89002410B51648144901604FF48001D6
:108CF0004160002181600722C2604FF00072026172
:108D00004161120182615200C2610162416281626D
:108D1000C16242638163C163016441648164C1646F
:108D20000165520042658165FEF7E6F8002803D030
:108D3000BDE81040F8F7CAB910BD00000038004087
:108D4000E489002410B588B00024049405940694A6
:108D500007940194029403944FF0804113480160FA
:108D6000EF214160846040F6C311C1604FF480710F
:108D700001618461FEF704FB08B1F8F7A7F94FF42D
:108D800080500490094804A9FEF7A2FB08B1F8F747
:108D90009DF90194039401A90448FEF79DFA002867
:108DA00001D0F8F793F908B010BD00005C8B0024E7
:108DB00010B58CB000240494069408940A9400948E
:108DC00001940294124811490160446084604FF696
:108DD000FF71C16004618461012003900590052149
:108DE000079109900B9103A90948FEF7F6FB08B11A
:108DF000F8F76CF90094029469460548FEF76CFA9E
:108E0000002801D0F8F762F90CB010BD0004004052
:108E1000A88B002410B59AB00024169417941894C7
:108E200019941394149415940C940D940E940F9417
:108E30001094119412940194029403940494059450
:108E400006940794089409940A940B942C482B498F
:108E5000016040F2DF114160846040F25721C1603F
:108E60004FF40071016144618461FEF789FA08B131
:108E7000F8F72CF94FF480501690214816A9FEF708
:108E800027FB08B1F8F722F91D48FEF7DBFD08B112
:108E9000F8F71CF913941494159413A91848FEF7C5
:108EA0001BFA08B1F8F712F960200C900D940E949B
:108EB0000F94109411941294002211480CA9FEF7FB
:108EC00026FD08B1F8F702F9019402940394049482
:108ED00005944FF4005006900794089400030990FD
:108EE0000A940B9401A90648FEF7A9F908B1F8F70E
:108EF000EDF80348FEF7E0FC1AB010BD0004014095
:108F0000F48B002410B51848164901604FF4E13184
:108F1000416000218160C16001610C224261816178
:108F2000C161016241628162FFF7C4F808B1F8F7DC
:108F3000CDF80D480021FEF798FE08B1F8F7C6F805
:108F400009480021FEF76BFE08B1F8F7BFF80648A4
:108F5000FEF744FE002803D0BDE81040F8F7B6B88D
:108F600010BD0000004C0040408C002410B5184893
:108F7000164901604FF4E131416000218160C16018
:108F800001610C2242618161C161016241628162C1
:108F9000FFF790F808B1F8F799F80D480021FEF7AF
:108FA00064FE08B1F8F792F809480021FEF737FE91
:108FB00008B1F8F78BF80648FEF710FE002803D03A
:108FC000BDE81040F8F782B810BD000000780040FE
:108FD000D48C002410B51848164901604FF4E131D3
:108FE000416000218160C16001610C2242618161A8
:108FF000C161016241628162FFF75CF808B1F8F774
:1090000065F80D480021FEF730FE08B1F8F75EF86C
:1090100009480021FEF703FE08B1F8F757F80648A3
:10902000FEF7DCFD002803D0BDE81040F8F74EB88D
:1090300010BD000000100140688D0024FEE7FEE72F
:10904000704700004DF804EDB1B0C0216846F7F755
:1090500079F910490020009101901920029040F206
:109060000F100390022004900590069000210791B4
:1090700008910991129001201690000318906846FB
:10908000FBF7A4F8002801D0F8F720F831B05DF81C
:1090900004FB0000001100012DE9F041054688465F
:1090A00017461E46069C2868806810EA080F01D003
:1090B000012000E00020B8421CD0B4F1FF3F05D0F1
:1090C000F9F720FF801BA04207D834B128688068D8
:1090D00010EA080F0BD001200AE0042085F84100B7
:1090E000686C40F0010068640120BDE8F081002058
:1090F000B842E2D10020BDE8F08100002DE9F04740
:10910000044688460027DFF82091D9F800000321A3
:1091100031EA000013D0454D286820F080602860B7
:10912000F9F7F0FE0646286810F0006F0ED0F9F748
:10913000E9FE801B022805D90320BDE8F087012045
:10914000BDE8F087286810F0006FF0D1D9F8000072
:10915000216820F47C3040EA0130C9F80000A08882
:109160004FF47E42A168401E491EC0F3080002EA87
:1091700041210843A189D201491E02EA0141084365
:10918000217C491E120202EA016108432849086055
:1091900028480168626921F0C0011143016001683B
:1091A000A26921F0200111430160016821F0100142
:1091B000016021490A68E3696FF3CF0242EAC30202
:1091C0000A60016841F010010160B8F1000F12D08F
:1091D000B8F1010F14D0016841F400110160286852
:1091E00040F080602860F9F78DFE0446286810F092
:1091F000006F0AD015E0016841F400210160EEE73C
:10920000016841F480110160E9E7F9F77BFE001B7A
:10921000022802D90320BDE8F087286810F0006F0B
:10922000F3D03846BDE8F08728440258004402587D
:10923000384402582C4402583C4402582DE9F04767
:10924000044688460027DFF82091D9F80000032162
:1092500031EA000013D0454D286820F08050286086
:10926000F9F750FE0646286810F0005F0ED0F9F7B7
:1092700049FE801B022805D90320BDE8F0870120A4
:10928000BDE8F087286810F0005FF0D1D9F8000041
:10929000218820F07C7040EA0150C9F80000A088C5
:1092A0004FF47E42A168401E491EC0F3080002EA46
:1092B00041210843A189D201491E02EA0141084324
:1092C000217C491E120202EA016108432849086014
:1092D00028480168626921F4406111430160016816
:1092E000A26921F4007111430160016821F48071C9
:1092F000016021490A68E3696FF3CF0242EAC302C1
:109300000A60016841F480710160B8F1000F12D069
:10931000B8F1010F14D0016841F080710160286834
:1093200040F080502860F9F7EDFD0446286810F001
:10933000005F0AD015E0016841F480010160EEE7AA
:10934000016841F400010160E9E7F9F7DBFD001B6A
:10935000022802D90320BDE8F087286810F0005FDA
:10936000F3D03846BDE8F08728440258004402583C
:10937000404402582C440258444402582DE9F0411C
:1093800005469B4FF86A85427ED8B97809B1441BDF
:1093900000E02C464FF6FF70F7F7FCF99548F7F719
:1093A000EDF94FF40040F7F7DDF9934A934EB4FB23
:1093B000F2F0A6FB0031C908494201EB810100EB44
:1093C00041003979884215D0B4FBF2F0A6FB0021A8
:1093D000C908494201EB810100EB41023A718A4818
:1093E00087A102F039FA884A0323A8214FF4997023
:1093F000F7F766F842F22832B4FBF2F0A6FB003130
:10940000C908494201EB810100EB410079798842AA
:1094100015D0B4FBF2F0A6FB0021C908494201EBCC
:10942000810100EB41027A71774875A102F014FACC
:10943000754A0323A8214FF4A170F7F741F840F2D1
:10944000DC52724BB4FBF2F0A3FB00C18908A1EB24
:10945000810100EB4100B979884214D0B4FBF2F0ED
:10946000A3FB00218908A1EB810100EB4102BA7145
:10947000654863A102F0F0F9634A0323A8214FF481
:10948000B070F7F71DF800E093E0DFF88481A8FBE7
:1094900004100009A6FB0021C908494201EB810123
:1094A00000EB4102F87982420BD0FA7154A1564880
:1094B00002F0D2F9544A0323A8214FF4B870F6F70A
:1094C000FFFF6008A8FB0021C908A1EB011101EB17
:1094D000810101EB0008A6FB0810C608387A864215
:1094E0000FD03E724B48F7F749F93A7A44A1464803
:1094F00002F0B2F9444A0323AC214FF4C570F6F7E9
:10950000DFFF7042797A00EB800008EB4000884270
:109510000FD078723F48F7F731F97A7A38A13A4894
:1095200002F09AF9384A0323AC2140F29710F6F77B
:10953000C7FFB97A04F00100884219D0B8723548E3
:10954000F7F71CF9B87A10F0010F05D02E4832A2B7
:1095500032A102F081F904E02B4831A22FA102F0E0
:109560007BF9294A0323AC214FF4D470F6F7A8FF06
:10957000F878B5FBF0F4386B84421AD03C63787805
:10958000C8B10020F7F7E8F8204603F08DFF254A20
:1095900042F2B02324492548F8F73AFB2348082231
:1095A0000021F9F79BF900210120F7F7FDF80020D1
:1095B0007870BDE8F0810120F7F7CEF8204603F07F
:1095C00073FF1B4A42F2B0231A491848F8F720FBF0
:1095D000164808220021F9F781F9FF210120F7F749
:1095E000E3F80020F7F7B8F801207870BDE8F081C3
:1095F00000000024DC640024905F0100CDCCCCCCC2
:1096000025306C7500000000EC640024ABAAAAAA07
:10961000B5814E1BD4640024350000002573000082
:1096200030000000C06C00C0402801C0F485002458
:1096300080D603C0009204C070B53048FCF7ACF986
:109640002F48FCF7A9F92F4C0021E07C132802D207
:10965000401CE07400E0E174207D312802D2401CFF
:10966000207500E0217542F6F822608B904202D20C
:10967000401C608300E0618341F60971A06AB0FB81
:10968000F1F2B0FBF1FC01FB120301FB1C0C1E4AC2
:1096900002EB8C0C12F823309CF801C003EB0C2376
:1096A000DFF868C0ACF80430B0FBF1F3B0FBF1F5C3
:1096B00001FB130301FB150002EB830302EB8000A7
:1096C0009B78C07803EB0020ACF80600217DACF558
:1096D000C870022200EBC1010848FCF7A9FC0B4945
:1096E00002220748FCF7A4FCA06A401CA0620849BB
:1096F000884201D90748A06270BD0000B0870024ED
:109700004888002400000024EAE000089463002454
:10971000808D5B0020A1070070B5846B2068016814
:1097200021F400310160206800250561681E216870
:109730008861D4F89400202807D0204600F00EF865
:109740002068416841F008014160012084F89100DF
:10975000A4F87E502046FCF71EF970BD0F4941F673
:1097600058320968B1FBF2F1890000230268D2F88F
:1097700000C02CF4803CC2F800C039B1491E026818
:10978000126812F4803FF8D118467047D0F8941050
:1097900041F04001C0F894100323F5E7546400241D
:1097A00035E0826C402A01D1036B6BB1802A12D85C
:1097B000826F1378521C826792F800C043EA0C2330
:1097C000521C8267CB611DE0826F1278CA61816F83
:1097D000491C816716E0826F1378521C826792F8E9
:1097E00000C043EA0C23521C826792F800C043EA8F
:1097F0000C43521C826792F800C043EA0C63521C6F
:109800008267CB61B0F87E10491EA0F87E10016817
:109810004A6902F4E022B2F5A02F03D0B0F87E200E
:10982000002ABED170470122012900D10922416CD2
:109830004068082905D1032801D0012801D142F050
:109840001002032804D0022802D042F0040070471E
:1098500042F06000704710B50446B4F87E0000285E
:1098600010D0A06F0178401CA067027841EA022165
:10987000401CA0672068C161B4F87E00401EA4F8B7
:109880007E0010BD01212046FFF7CDFF0146206874
:10989000026922EA01010161012084F89100204659
:1098A000FCF71AFC10BD10B50446B4F87E00002881
:1098B0001AD0A06F0178401CA067027841EA02210B
:1098C000401CA067027841EA0241401CA067027870
:1098D00041EA0261401CA0672068C161B4F87E00C3
:1098E000401EA4F87E0010BD01212046FFF79BFF1B
:1098F00001462068026922EA01010161012084F821
:1099000091002046FCF7E8FB10BD10B50446B4F802
:109910007E0000280CD0A06F21680078C861A06F7D
:10992000401CA067B4F87E00401EA4F87E0010BD65
:1099300001212046FFF777FF01462068026922EAED
:1099400001010161012084F891002046FCF7C4FB6D
:1099500010BD10B585B004460091372101914FF438
:1099600080710291002103914FF480510491694666
:10997000204600F097FB372141F28832204600F064
:10998000E9F905B010BD10B585B004460091292154
:1099900001914FF480710291002103914FF48051A5
:1099A00004916946204600F07DFB204600F0AEFAA7
:1099B00005B010BD10B585B004460091102101918D
:1099C00009010291002103914FF4805104916946ED
:1099D000204600F067FB102141F28832204600F05B
:1099E000B9F905B010BD10B585B004460091062147
:1099F00001914FF480710291002103914FF4805145
:109A000004916946204600F04DFB062141F2883260
:109A1000204600F09FF905B010BD10B586B0044691
:109A2000002101910291039104914FF4805105911D
:109A300001A9204600F036FB204600F06FF906B081
:109A400010BD10B585B004464FF4D57100910821C2
:109A5000019149010291002103914FF48051049139
:109A60006946204600F01EFB204600F0C3FA05B010
:109A700010BD10B585B004460091122101914FF43C
:109A800080710291002103914FF480510491694645
:109A9000204600F007FB122141F28832204600F0F8
:109AA00059F905B010BD10B585B0044600911121DB
:109AB00001914FF480710291002103914FF4805184
:109AC00004916946204600F0EDFA112141F28832F6
:109AD000204600F03FF905B010BD10B585B0044632
:109AE0000091072101914FF48071029100210391AF
:109AF0004FF4805104916946204600F0D3FA0721C3
:109B000041F28832204600F025F905B010BD10B5AD
:109B100085B0044600210091022201924FF4407268
:109B2000029203914FF4805104916946204600F05F
:109B3000B9FA204600F0BCF905B010BD10B585B0EB
:109B400004460091092101914FF4407102910021D6
:109B500003914FF4805104916946204600F0A2FA27
:109B6000204600F0A5F905B010BD10B585B004463B
:109B700000210091332201924FF4807202920391EE
:109B8000110104916946204600F08CFA332141F21C
:109B90008832204600F0DEF805B010BD10B585B063
:109BA000044600910D2101914FF480710291002132
:109BB00003914FF4805104916946204600F072FAF7
:109BC0000D2141F28832204600F0C4F805B010BDE6
:109BD00030B585B005460C46002300934FF0030CCA
:109BE000CDF804C04FF4807CCDF808C003934FF447
:109BF000805304936946284600F054FA0321224614
:109C0000284600F0A9F905B030BD10B585B004466E
:109C1000002100910D2201924FF480720292039173
:109C2000110104916946204600F03CFA0D2141F2F1
:109C30008832204600F08EF805B010BD10B585B012
:109C40000446002000900C2101914FF48071029194
:109C5000039008010490E06840F08000E060E06854
:109C600020F04000E0606946204600F01BFA074AF9
:109C70000C21204600F06EF8E16821F08001E160DF
:109C8000B0F1007F00D1002005B010BD00E1F50566
:109C900010B585B004460091192101914FF48071EF
:109CA0000291002103914FF48051049169462046AE
:109CB00000F0F8F9192141F28832204600F04AF804
:109CC00005B010BD10B585B0044600911821019172
:109CD0004FF480710291002103914FF4805104915F
:109CE0006946204600F0DEF9182141F2883220460C
:109CF00000F030F805B010BD0A6842624A6882621E
:109D0000CB688A681A430B69496919431143C26ACF
:109D100022F0FF021143C162002070470B494FF44B
:109D2000FA520968B1FBF2F141F2883201FB02F10B
:109D3000491E02D24FF000407047426B12F0800F74
:109D4000F6D003498163002070470000546400246A
:109D5000C5002000034610B551484FF4FA5C006876
:109D6000B0FBFCF000FB02F2DFF838C1521E02D259
:109D70004FF0004010BD586B10EA0C0FF6D010F4F5
:109D8000005FF3D1586B10F0040F02D004209863E9
:109D900010BD586B10F0010F02D00120986310BD68
:109DA00041489863184600F055F9884201D00120D7
:109DB00010BD0021184600F054F93C49084201D179
:109DC000002010BD10F0004F02D04FF0007010BD09
:109DD00010F0804F01D0402010BD10F0005F01D086
:109DE000802010BD10F0805F02D04FF4807010BD55
:109DF00010F0006F02D04FF4007010BD10F0806FB3
:109E000002D04FF4806010BD10F0807F02D04FF47C
:109E1000006010BD10F4000F02D04FF4805010BD50
:109E200010F4800F02D04FF4005010BD10F4001F4A
:109E300002D04FF4804010BD10F4801F02D04FF4C8
:109E4000004010BD10F4802F02D04FF4003010BD40
:109E500010F4003F02D04FF4802010BD10F4803F7A
:109E600002D04FF4002010BD10F4004F02D04FF488
:109E7000801010BD10F4804F02D04FF4001010BDC0
:109E800010F4005F02D04FF4800010BD10F0080FF6
:109E900002D04FF4000010BD4FF4803010BD000020
:109EA0005464002445002000C500200008E0FFFDA8
:109EB00014494FF4FA520968B1FBF2F141F28832C9
:109EC00001FB02F2521E02D24FF000407047416B7C
:109ED00011F0450FF6D011F4005FF3D1416B11F092
:109EE000040F03D00421816304207047416B11F0FB
:109EF000010F03D001218163012070470249816372
:109F00000020704754640024C500200010494FF41D
:109F1000FA520968B1FBF2F141F2883201FB02F218
:109F2000521E02D24FF000407047416B11F0450FB6
:109F3000F6D011F4005FF3D1416B11F0040F03D0A0
:109F40000421816304207047024981630020704727
:109F500054640024C5002000034610B523484FF484
:109F6000FA5C0068B0FBFCF041F2883C00FB0CFCA2
:109F7000BCF1010C02D24FF0004010BD586B10F044
:109F8000450FF5D010F4005FF2D1586B10F0040FBC
:109F900002D00420986310BD586B10F0010F02D05E
:109FA0000120986310BD184600F054F8884201D093
:109FB000012010BD0E4898630021184600F051F8AA
:109FC00010F4604F05D010F4804F06D04FF40050CD
:109FD00010BD000C1080002010BD10F4004F02D006
:109FE0004FF4805010BD4FF4803010BD54640024F5
:109FF000C500200016494FF4FA520968B1FBF2F18E
:10A0000041F2883201FB02F2521E02D24FF00040B0
:10A010007047416B11F0450FF6D011F4005FF3D19A
:10A02000416B11F0040F03D00421816304207047B9
:10A03000416B11F0010F03D00121816301207047B2
:10A04000416B11F0400F01D0402181630020704727
:10A05000546400240069C0B27047006800F0030037
:10A0600070470844406970470FB4029A0199049BF5
:10A070001143039A1A431143059A11434268034B53
:10A080001A4011434160002004B07047002CC0FF0B
:10A09000016841F00301016000207047D0F88000A2
:10A0A000704700000A6882608B684A681A43CB6870
:10A0B000096919431143C268024B1A401143C16038
:10A0C00000207047C0E0FEFF0968C0F88010002043
:10A0D0007047000010B5064C01202070F6F77CFB9D
:10A0E00018B9207820F001002070207810BD000001
:10A0F000346400242DE9F04788B004460E46F8F792
:10A1000001FF07460025AA46CDF800A0CDF804A01F
:10A1100008212068FFF74EFC002848D1B4F844001D
:10A1200001042068FFF715FC002840D1401E029072
:10A130004FF00808CDF80C80302004904FF0020951
:10A14000CDF81490CDF818A00120079002A920683E
:10A15000FFF7D2FD2068FFF708FD002827D120680F
:10A16000406B40F22A5A10EA0A0F18D12068416B5E
:10A1700011F4002F08D13DB9FFF790FF009020683F
:10A18000FFF78CFF01900125F8F7BCFEC01BB0F172
:10A19000FF3F0FD02068406B10EA0A0FE6D020681E
:10A1A000416B11F0080F0AD0C0F83880082008B0C1
:10A1B000BDE8F08708B04FF00040BDE8F087416B84
:10A1C00011F0020F05D0C0F8389008B00220BDE8A9
:10A1D000F087416B11F0200F05D02021816308B07A
:10A1E0002020BDE8F087134981630198019901F4AB
:10A1F0007F41000640EA0120019901F47F0140EA15
:10A200001120019940EA11603060301D0099009AD8
:10A2100002F47F42090641EA0221009A02F47F0219
:10A2200041EA1221009A41EA1261016008B000205F
:10A23000BDE8F0873A0F001870B58CB004460020D6
:10A240000090F8F75FFE05462068FFF706FF10B3A1
:10A25000A06B032818D02068FFF759FC00281CD1F8
:10A2600020680021FFF7FDFEE06604212068FFF76B
:10A27000F8FE206708212068FFF7F3FE60670C21D5
:10A280002068FFF7EEFEA067A06B03281CD0BDF886
:10A29000000020B118E04FF080600CB070BD41F2BA
:10A2A000883620686946FFF793FC0028F5D1F8F757
:10A2B00029FE401BB04203D34FF000400CB070BDEC
:10A2C000BDF800000028ECD0A06B03281CD0BDF81E
:10A2D0000000606401042068FFF730FC0028EDD125
:10A2E00020680021FFF7BDFEE06504212068FFF72C
:10A2F000B8FE206608212068FFF7B3FE60660C21D7
:10A300002068FFF7AEFEA06604212068FFF7A9FED3
:10A31000000D206401A92046FBF7F2FF18B14FF0B1
:10A3200080500CB070BDB4F8440001042068FFF701
:10A33000D4FB0028F5D10CB070BD00002DE9F84F1A
:10A34000044600270097002600252068FFF765FBDC
:10A3500000281BD12068FFF774FBB0F1004F4FF0CD
:10A36000010905D0C4F83C90E06B012807D00FE04C
:10A37000E7632068FFF751FB002807D1F4E7206866
:10A380000021FFF7E6FA18B14FF08050BDE8F88FD2
:10A39000DFF860A04FF6FF7817E020680021FFF794
:10A3A000D8FA0028F2D120685146FFF7ECFA18B12C
:10A3B0004FF08050BDE8F88F20680021FFF751FE74
:10A3C0000646F50F0098401C00900098404501D2C9
:10A3D000002DE2D00098404503D34FF08070BDE8D7
:10A3E000F88FA76316F0804F01D0C4F83890002092
:10A3F000BDE8F88F000010C1F0B587B004460D46E7
:10A40000F8F780FD074620680021FFF72AFE10F0CC
:10A41000007F03D007B04FF40060F0BD20684021FA
:10A42000FFF7C8FA18B1616B616307B0F0BDB4F80B
:10A43000440001042068FFF78CFA18B1616B616376
:10A4400007B0F0BD4FF0FF30009040200190602039
:10A4500002900220039000200490012005902068C3
:10A460006946FFF749FC2068FFF7CFFB18B1616B25
:10A47000616307B0F0BD2068406B10F4957F18D180
:10A480002068406B10F4004F08D000262068FFF7CA
:10A4900005FE28602D1D761C082EF7D3F8F732FD37
:10A4A000C01BB0F1FF3F0CD02068406B10F4957FCB
:10A4B000E6D02068416B11F0080F06D007B00820E5
:10A4C000F0BD07B04FF00040F0BD416B11F0020F3E
:10A4D00002D007B00220F0BD416B11F0200F02D076
:10A4E00007B02020F0BD406B10F4805F0FD02068D3
:10A4F000FFF7D4FD28602D1DF8F704FDC01BB0F157
:10A50000FF3F0AD02068406B10F4805FEFD12168D4
:10A510000448886307B00020F0BD07B04FF000404A
:10A52000F0BD00003A0F001870B504460D46002D2E
:10A530000ED0B4F8440001042068FFF72FFB002878
:10A5400005D120680021FFF78CFD2860002070BD38
:10A550004FF0006070BD10B582B00446002000903E
:10A56000019000212068FFF77CFD10F0007F03D0F0
:10A570004FF4006002B010BD69462046FFF7BAFDF7
:10A580000028F7D1019810F4803F0FD0B4F84400B0
:10A5900001042068FFF7DDF90028EBD120680021D5
:10A5A000FFF721FA0028E5D102B010BD02B04FF04C
:10A5B000806010BD10B582B004460020009001906C
:10A5C00000212068FFF74DFD10F0007F03D04FF40D
:10A5D000006002B010BD69462046FFF78BFD0028E1
:10A5E000F7D1019810F4802F0FD0B4F84400010483
:10A5F0002068FFF7AEF90028EBD120680221FFF7B1
:10A60000F2F90028E5D102B010BD02B04FF0806031
:10A6100010BD000070B50546054C01202070F6F70E
:10A62000E7F818B92846FFF755FD2070207870BD6F
:10A630003464002410B58AB014461748007810F02E
:10A64000010F02D00AB0032010BD41B1012909D089
:10A6500002290FD0032915D004200AB010BD002014
:10A660000AB010BD01A8F6F7B1F8079820600020E5
:10A670000AB010BD01A8F6F7A9F8089820800020BC
:10A680000AB010BD01A8F6F7A1F80898400A2060AA
:10A6900000200AB010BD00003464002408461146B2
:10A6A0001A4610B50124A31EF6F7C6F820B9F6F72E
:10A6B00093F80028FBD10024204610BDFFF70ABD07
:10A6C000084611461A4610B50124A31EF6F7C4F831
:10A6D00020B9F6F781F80028FBD10024204610BDF0
:10A6E0000148FCF7E5BA0000E489002402685169DA
:10A6F000936943F0080393610268936943F0100380
:10A7000093610268136823F0010313600268136900
:10A7100023F06F0323F4407313610268936823F4FA
:10A720004043936090F88120042A0DD011F0200F4F
:10A730000AD0D0F8842042F08002C0F88420026859
:10A74000936943F02003936190F88120032A0DD090
:10A7500011F0400F0AD0D0F8842042F00402C0F873
:10A7600084200268936943F04003936111F4007FF1
:10A770000AD0D0F8842042F00102C0F88420026898
:10A78000936943F40073936111F4807F0AD0D0F889
:10A79000841041F00801C0F8841001688A6942F40D
:10A7A00080728A610021A0F86210A0F86A107047D8
:10A7B00010B5806B0021A0F86A10A0F8621001218A
:10A7C00080F88110FCF772FA10BD10B5846BF7F7B2
:10A7D000C9FA02280ED02046FFF788FFD4F884007B
:10A7E00040F01000C4F88400012084F88100204665
:10A7F000FCF75CFA10BD10B5806BFCF707FD10BDCF
:10A8000010B5806B90F88110072909D0816FC96954
:10A81000B1F5807F05D00068016941F00801016150
:10A8200010BDFCF7F2FC10BDC16B012202EB51110F
:10A83000C0680830C00800FB01F070477047F8F7A7
:10A8400067BB000010B59EB04C210AA8F5F77AFD51
:10A8500000240294039404940594069407940894A5
:10A8600009940220F8F7C2FD2E4A106820F001007A
:10A87000106010682C48016841F440410160016893
:10A8800001F440410191016811F4005FFBD02749B8
:10A890000B6843F002030B60096801F002010191AB
:10A8A000016841F4404101600168116841F0010113
:10A8B0001160116801F001010191016811F4005F5C
:10A8C000FBD001200A9000040B90022013901490FA
:10A8D0000A2115914FF4C071169117900421189117
:10A8E00019901A911B941C940AA8FAF75BFC08B102
:10A8F000F6F7ECFB3F20029003200390049408201D
:10A9000005904020069007900101089109900421CC
:10A9100002A8FAF7AFF9002801D0F6F7D7FB1EB06E
:10A9200010BD00002C04005818480258F444025886
:10A930002B48016841F4700101602A4A106800F058
:10A940000F00072805D2106820F00F0040F0070024
:10A9500010602549086840F001000860234B002082
:10A9600018600B68DFF888C003EA0C030B601368FB
:10A9700003F00F03072B05D9136823F00F0343F0EF
:10A98000070313601B4A1060121D1060121D106037
:10A990001A4B194A1A601B1D194A1A601B1D194AC5
:10A9A0001A601B1D18601B1D1A601B1D18601B1DE3
:10A9B0001A601A1D10600A6822F480220A60124987
:10A9C0000860124800686FF30F00B0F1005F02D218
:10A9D0000F490120086043F2D2000E490860704719
:10A9E00088ED00E000200052004402581044025854
:10A9F0007FEDF6EA18440258000202022844025889
:10AA00000000FF0180020101604402580010005C58
:10AA1000088100510040005270B51A4CE07A0728B6
:10AA200002D2401CE07201E00020E072A26A4FF402
:10AA3000137C154BB2FBFCF04130A3FB0051C9095C
:10AA4000A1EB011101EBC1010D18E07A00EBC0018F
:10AA50000E4800EB4101CD71B2FBFCF0A3FB0032CC
:10AA6000D209A2EB021202EBC20210440874084A97
:10AA700012230848F6F7ACF92073BDE87040064889
:10AA8000FCF751BE0000002449D6B9F22000003086
:10AA900000000030E48900245C8B00240148FCF7AE
:10AAA00042BE0000A88B00242DE9F0030268284B69
:10AAB000DFF8A090DFF8A0C09842284D284C0AD0BB
:10AAC000B0F1804F07D0484505D0604503D0A8427B
:10AAD00001D0A04203D122F070024E683243214ED1
:10AAE000214F9842DFF8848010D0B0F1804F0DD014
:10AAF00048450BD0604509D0A84207D0A04205D0F8
:10AB0000B04203D0B84201D0404505D122F4407292
:10AB1000D1F80CC04CEA0202D1F814C022F0800235
:10AB200042EA0C0202608A68C2620A688262984243
:10AB300007D0A04205D0B04203D0B84201D0404572
:10AB400001D10969016301214161BDE8F00370474A
:10AB5000000001400004004000080040000C0040DC
:10AB60000004014000400140004401400048014011
:10AB7000012301F01F018B40D0F820C02CEA030311
:10AB80000362036A02FA01F1194301627047D0F8C7
:10AB900008C02CF47F4C42EA0322114341EA0C0125
:10ABA00081607047826822F0700222F440121143E3
:10ABB00041F00701816070472DE9F003026A22F03D
:10ABC00001020262026A4368D0F818C02CF0700CCF
:10ABD0002CF4803C2CF0030C0C6844EA0C0C22F0A2
:10ABE00002028C682243194C194D1A4EA0421A4F8A
:10ABF000DFF8688007D0A84205D0B04203D0B84241
:10AC000001D0404507D122F00802D1F80C9049EA62
:10AC1000020222F00402A04207D0A84205D0B042AE
:10AC200003D0B84201D0404507D123F4807323F408
:10AC300000734C6923438C6923434360C0F818C0F8
:10AC4000496841630262BDE8F003704700000140BB
:10AC50000004014000400140004401400048014020
:10AC600070B4026A22F010020262036A4268D0F8ED
:10AC700018C02CF4E04C2CF0807C2CF4407C0C6848
:10AC80004CEA042C23F020038C6843EA0413194C8B
:10AC9000194DA04201D0A84206D123F08003CE680E
:10ACA00043EA061323F04003A04210D0A8420ED07E
:10ACB000A0F18044B4F5A03409D0A0F18044B4F5EB
:10ACC000A23404D0A0F18044B4F5A43409D122F414
:10ACD000806222F400624C6942EA84028C6942EA92
:10ACE00084024260C0F818C049688163036270BC86
:10ACF00070470000000001400004014070B4026A87
:10AD000022F480720262036A4268D0F81CC02CF000
:10AD1000700C2CF4803C2CF0030C0C6844EA0C0CF6
:10AD200023F400738C6843EA0423194C194DA042A4
:10AD300001D0A84206D123F40063CE6843EA06237B
:10AD400023F48063A04210D0A8420ED0A0F180442A
:10AD5000B4F5A03409D0A0F18044B4F5A23404D0F5
:10AD6000A0F18044B4F5A43409D122F4805222F435
:10AD700000524C6942EA04128C6942EA04124260B1
:10AD8000C0F81CC04968C163036270BC7047000012
:10AD900000000140000401404DF8044D026A22F415
:10ADA00080520262036A4268D0F81CC02CF4E04C66
:10ADB0002CF0807C2CF4407C0C684CEA042C23F4AE
:10ADC00000538C6843EA0433A0F18044B4F5803426
:10ADD00013D0A0F18044B4F582340ED0A0F18044A9
:10ADE000B4F5A03409D0A0F18044B4F5A23404D065
:10ADF000A0F18044B4F5A43404D122F480424C691B
:10AE000042EA84124260C0F81CC0496801640362CF
:10AE10005DF8044B70474DF8044D026A22F480320D
:10AE20000262D0F820C04268436D23F0700323F41F
:10AE300080330C6823432CF4003C0C894CEA044C0E
:10AE4000A0F18044B4F5803413D0A0F18044B4F56F
:10AE500082340ED0A0F18044B4F5A03409D0A0F122
:10AE60008044B4F5A23404D0A0F18044B4F5A434F5
:10AE700004D122F480324C6942EA042242604365E4
:10AE800049688165C0F820C05DF8044B70474DF8F3
:10AE9000044D026A22F480120262D0F820C0426897
:10AEA000436D23F4E04323F080730C6843EA0423EA
:10AEB0002CF4001C0C894CEA045CA0F18044B4F52D
:10AEC000803413D0A0F18044B4F582340ED0A0F1C8
:10AED0008044B4F5A03409D0A0F18044B4F5A23484
:10AEE00004D0A0F18044B4F5A43404D122F480222B
:10AEF0004C6942EA8422426043654968C165C0F8F2
:10AF000020C05DF8044B7047036AD0F820C02CF0D5
:10AF1000010CC0F820C0D0F818C02CF0F00C4CEA9E
:10AF2000021223F00A031943826101627047036A27
:10AF300023F010030362D0F818C0036A2CF4704C9D
:10AF40004CEA023223F0A00343EA0111826101625C
:10AF50007047000010B51248006810F0200F19D09B
:10AF600010480068104C2076F7F7CCFF2065216C64
:10AF7000411A642901D9002161742064607C102881
:10AF800006D20A4A217E1154012801D10121A1745F
:10AF9000401C6074BDE810400548FCF78FBE0000FF
:10AFA0001C4C0040244C004000000024E485002498
:10AFB000408C002410B51248006810F0200F19D002
:10AFC00010480068104CE075F7F79CFFE064E16BF7
:10AFD000411A0A2901D90021E173E063E07B0228CC
:10AFE00006D20A4AE17D1154012801D101212174C0
:10AFF000401CE073BDE810400548FCF75FBE000050
:10B000001C78004024780040000000241C0000242C
:10B01000D48C00244DF8044D416E00291DD00268E7
:10B020009168C1F342619268520F104B13F802C04D
:10B030004FEA0C1403F1080C1CF80220B4FBF2F2E6
:10B04000A0F86A205A5C1CF801101201B2FBF1F161
:10B05000A0F868105DF8044B70470121A0F86A1051
:10B06000A0F868105DF8044B70470000445D0108CB
:10B0700090F8281011F0010F06D001684A68C36AE1
:10B0800022F400321A434A6090F8281011F0020F9F
:10B0900006D001684A68036B22F480321A434A6082
:10B0A00090F8281011F0040F06D001684A68436B2D
:10B0B00022F480221A434A6090F8281011F0080FF9
:10B0C00006D001684A68836B22F400421A434A6042
:10B0D00090F8281011F0100F06D001688A68C36B31
:10B0E00022F480521A438A6090F8281011F0200F41
:10B0F00006D001688A68036C22F400521A438A6001
:10B1000090F8281011F0400F11D001684A68436C84
:10B1100022F480121A434A60416CB1F5801F06D1B7
:10B1200001684A68836C22F4C0021A434A6090F8AE
:10B13000281011F0800F06D001684A68C06C22F414
:10B1400000221043486070472DE9F843044600256B
:10B15000C4F89050F7F7D6FE8046206800686FF07C
:10B160007E474FF0200610F0080F17D0002243460C
:10B1700031042046009700F0EAFA78B1206850E8E0
:10B18000001F21F0800140E80012002AF6D1C4F827
:10B19000886084F884500320BDE8F8832068006844
:10B1A00010F0040F22D0002243464FF480012046C5
:10B1B000009700F0CCFAC8B1206850E8001F21F4D5
:10B1C000907140E80012002AF6D12068083050E85B
:10B1D000001F21F0010140E80012002AF5D1C4F857
:10B1E0008C6084F884500320BDE8F883C4F888603C
:10B1F000C4F88C60E566256784F884500020BDE8BB
:10B20000F88310B5806B0021A0F85E10A0F85610EE
:10B21000FCF753FD10BD016851E8002F22F4907235
:10B2200041E80023002BF6D10168083151E8002FD6
:10B2300022F0010222F0805241E80023002BF3D1DA
:10B24000C16E012908D1016851E8002F22F01002D7
:10B2500041E80023002BF6D12021C0F88C100021FA
:10B26000C1664167704710B5016851E8002F22F0B0
:10B27000400241E80023002BF6D12021C0F88810BD
:10B2800000218167FDF787F810BD00002DE9F0432C
:10B2900087B004460025F64B20682269A168D4F8DF
:10B2A0001CC01143626942EA0C0211430268DFF8D4
:10B2B000C4C302EA0C021143016020684168E268DD
:10B2C00021F4405111434160A0692168994201D0A5
:10B2D000226A10438A6822F4306222F06E421043E0
:10B2E00088602068C16A626A21F00F011143C1625F
:10B2F0002268E148A2F18041B1F588312FD0A2F156
:10B300008041B1F5884148D0A2F18041B1F590412A
:10B310005BD0A2F18041B1F5984170D0A2F180419B
:10B32000B1F5A0416AD0A2F18041B1F58A3172D065
:10B33000A2F18041B1F5F0416ED0A2F18041B1F5AA
:10B34000F8416AD09A4269D1001D006800F00700F8
:10B3500006286ED2DFE800F0D6D8DADCDEE000683E
:10B3600000F03800182812D005DC50B108280AD0A7
:10B37000102804D109E020280BD028280BD08021E8
:10B38000CFE00121CDE00421CBE00821C9E010216C
:10B39000C7E02021C5E04021C3E0006800F00700BD
:10B3A000062810D2DFE800F0030507090B0D002185
:10B3B000B7E00421B5E00821B3E01021B1E020217D
:10B3C000AFE04021ADE08021ABE0006800F0070075
:10B3D000062810D2DFE800F0030507090B0D002155
:10B3E0009FE004219DE008219BE0102199E02021AD
:10B3F00097E0402195E0802193E000E01CE00068A8
:10B4000000F00700062815D2DFE800F003090B0D55
:10B410000F11002185E027E044E05BE080E004219B
:10B420007FE008217DE010217BE0202179E04021B0
:10B4300077E073E0802174E0006800F007000628E0
:10B4400010D2DFE800F0030507090B0D002168E0CA
:10B45000042166E0082164E0102162E0202160E020
:10B4600040215EE080215CE0006800F03800182890
:10B4700012D005DC50B108280AD0102804D109E008
:10B4800020280BD028280BD080214AE0012148E059
:10B49000042146E0082144E0102142E0202140E060
:10B4A00040213EE0006800F00700062810D2DFE8E7
:10B4B00000F0030507090B0D002132E0042130E004
:10B4C00008212EE010212CE020212AE0402128E054
:10B4D000802126E0006800F00700062810D2DFE88F
:10B4E00000F0030507090B0D00211AE0042118E004
:10B4F000082116E0102114E0202112E0402110E084
:10B5000080210EE002210CE004210AE0082108E07D
:10B51000102106E0202104E0402102E0802100E02B
:10B5200080215648564E0027DFF858919A424FEA3C
:10B53000201C57D110292AD006DC02291AD0042950
:10B540001BD0082904D11DE020292BD040292BD065
:10B5500000200125F0B3616A36F81120B0FBF2F14A
:10B56000666806EB46038B4202D8B1EB063F1ED954
:10B570000125E1E0F8F72AF8ECE704A8F8F720F94C
:10B580000598E7E701A8F8F703FA0298E2E7D9F887
:10B59000001011F0200FDDD0D9F80010C1F3C10167
:10B5A000C840D7E76046D5E74FF40040D2E7002314
:10B5B0001946F4F78FFE0902020241EA1061700891
:10B5C0001018324679410023F4F784FE2E4AA0F584
:10B5D000407100E04BE0914202D82168C860ABE0C6
:10B5E0000125A9E0E2694FF6EF78B2F5004F08D0E7
:10B5F00008297DD061DC71B301297ED0042962D194
:10B600007EE0082942D005DC31B3012927D0042986
:10B6100006D127E010293ED0202947D0402947D025
:10B620000020012518B3616A36F81110B0FBF1F063
:10B630004100606801EB5001B1FBF0F0A0F1100196
:10B64000414538D84FF6F0710140C0F3420008433D
:10B650002168C86070E04DE0F9F78EFCE2E7F9F789
:10B660009FFCDFE704A8F8F7ABF80598DAE75CE0A1
:10B67000000C0058F369FFCF544402580090D003E7
:10B680002C5D010800440258FFFC0F0001A8F8F7E8
:10B690007FF90298C6E7D9F8001011F0200FC1D049
:10B6A000D9F80010C1F3C101C840BBE76046B9E753
:10B6B0004FF40040B6E701253EE010292AD02029AA
:10B6C00034D0402934D00020012570B3616A36F8A7
:10B6D0001110B0FBF1F1606801EB5001B1FBF0F02B
:10B6E000A0F11001414526D8216880B2C86023E04E
:10B6F0000BE002E0F9F740FCE7E7F9F751FCE4E77B
:10B7000004A8F8F75DF80598DFE701A8F8F740F915
:10B710000298DAE7D9F8001011F0200FD5D0D9F847
:10B720000010C1F3C101C840CFE705E06046CCE797
:10B730004FF40040C9E701250120A4F86A00A4F8ED
:10B7400068006767A76707B02846BDE8F0832DE962
:10B75000F04704460E4617469846089D2068C06983
:10B7600036EA000024D00020B84241D14FF0000951
:10B77000B5F1FF3F34D0F7F7C5FBA0EB0800A842B6
:10B7800018D8BDB12068016811F0040F28D0C16934
:10B7900011F0080F11D02068082505622046FFF738
:10B7A0003AFDC4F8905084F884900120BDE8F087F9
:10B7B0000120D9E70320BDE8F087C06910F4006FCD
:10B7C0000ED021684FF4006008622046FFF723FD89
:10B7D0002020C4F8900084F884900320BDE8F0870E
:10B7E0002068C06936EA000005D00020B842BFD00A
:10B7F0000020BDE8F0870120F8E7000010B51148EF
:10B80000C16911F0200F18D0406A0F4CA075F7F7EE
:10B8100079FBA064A16B411A642901D900216173ED
:10B82000A063607B102806D2084AA17D115401282C
:10B8300001D10121A173401C6073BDE81040044890
:10B84000FCF73CBA0010014000000024D48500241D
:10B85000688D0024FEE700000FB4084B10B504A962
:10B8600002AA039800F01CF8044602A9002000F088
:10B87000B8F9204610BC5DF814FB0000E3BB0008DB
:10B8800002E008C8121F08C1002AFAD170477047A9
:10B89000002001E001C1121F002AFBD17047000007
:10B8A0002DE9FF4F8BB088460546002606E0252887
:10B8B0000BD0DDE90D1290476D1C761C287800280E
:10B8C000F5D10FB03046BDE8F08F0024A146A24666
:10B8D0000122AE4900E0044315F8013F203B02FA83
:10B8E00003F00842F7D128782A2810D06FF02F02F1
:10B8F0002878A0F13001092915D809EB890102EB5C
:10B90000410144F0020400EB01096D1CF0E758F816
:10B91000041B5FEA010903D544F40054C9F100098E
:10B9200044F002046D1C28782E2817D115F8010F59
:10B9300044F004042A280ED06FF02F022878A0F1DA
:10B94000300109290AD80AEB8A0102EB410100EB18
:10B95000010A6D1CF2E758F804AB6D1C28786C28BE
:10B960000FD006DC4C2817D068280DD06A2814D1D7
:10B9700004E0742810D07A280FD10DE044F40014AC
:10B980000AE044F4801401E044F4401469788142F0
:10B9900002D104F580146D1C6D1C2878692865D0CF
:10B9A00006DC00288DD0632827D0642806D15DE00E
:10B9B0006E2808D073282AD0752877D0DDE90D12BB
:10B9C0009047761CE0E0C4F30250022809D0032817
:10B9D0000DD0D8F8001004280DD00E6008F104082E
:10B9E000D2E0D8F80010F217C1E90062F6E7D8F803
:10B9F00000100E80F2E70E70F0E718F8041B8DF8C7
:10BA0000001000208DF80100EB46012003E058F8FB
:10BA100004BB4FF0FF3061074FF0000701D40AE08C
:10BA20007F1C57450DDA8742FADB1BF80710002907
:10BA3000F6D106E07F1C8742FCDB1BF807100029CB
:10BA4000F8D1DDE90D23A9EB07008146214600F07E
:10BA5000B1F83044C61904E0DDE90D121BF8010B02
:10BA600090477F1EF8D22146484688E058F8040BDC
:10BA7000C4F302514FF00A0B032900D100B204298C
:10BA800000D140B2002802DA40422D2102E0210517
:10BA900005D52B218DF82410012104E006E0E107F3
:10BAA00010D02021F6E708AF089113E058F8040BF6
:10BAB000C4F302514FF00A0B032900D180B20429CC
:10BAC00000D1C0B20021EEE75946F4F746FC303110
:10BAD00007F8011D0028F7D1ADEB070000F1200B9E
:10BAE000600702D524F4803401E04FF0010ADA4502
:10BAF00002DDAAEB0B0000E00020824600EB0B0108
:10BB000008980144A9EB01000A90E00306D4DDE99E
:10BB10000D2321460A9800F04DF806444FF0000925
:10BB200008E009A911F80900DDE90D12904709F1B3
:10BB30000109761C08998945F3DBE0030CD5DDE9A2
:10BB40000D2321460A9800F035F8064404E0DDE9AB
:10BB50000D1230209047761CBAF10001AAF1010ABB
:10BB6000F5DC05E0DDE90D1217F8010B9047761CB6
:10BB7000BBF10001ABF1010BF4DC0A982146DDE9D1
:10BB80000D2300F005F806446D1C97E60928010016
:10BB90002DE9F041044600251E461746880404D4CA
:10BBA00005E039462020B0476D1C641EF9D52846B3
:10BBB000BDE8F0812DE9F041044600251E4690467F
:10BBC000C80301D5302700E02027880404D505E00C
:10BBD00041463846B0476D1C641EF9D52846BDE87D
:10BBE000F0810A68531C0B601070704710B5044652
:10BBF0000020E070401E6063204602F07AF808B131
:10BC0000042010BD04F2362001F00EFDA0F52A41FB
:10BC1000553901D0032010BD94F83800E92805D02B
:10BC2000EB2817D194F83A00902813D104F16E0054
:10BC300001F0EFFC084920F07F40884201D100204C
:10BC400010BD04F18A0001F0E4FC0449884201D1EE
:10BC5000002010BD022010BD46415400464154331F
:10BC600000E0401C02780AB18A42FAD1007870479D
:10BC700070B400221446194D05EB0213D3F800C02E
:10BC8000BCF1000F0DD00668B4450BD1D3F804C049
:10BC90008668B44506D19B68D0F814C0634504D0CB
:10BCA00000E00124521C032AE6D3032A01D091B9F3
:10BCB00008E024B9022902D070BC1220704770BC81
:10BCC0000020704705EB02108089B0F5807F02D01C
:10BCD00070BC0020704770BC10207047689F002423
:10BCE0004DF8044D0021074B8C4603EB01121468FC
:10BCF000844201D1C2F800C0491C0329F5D35DF884
:10BD0000044B7047689F00240368C06A021D98892D
:10BD10005B8900FB03F0B1FBF0F052F8041B21B18A
:10BD2000884204D211680844704700207047401AC6
:10BD3000121DF2E7891EC269921E8A4201D80020B4
:10BD40007047026B408901FB002070472DE9F05FCE
:10BD500081460F4607F11A0001F066FC10B1002081
:10BD6000BDE8F09F387800F03F00401E00EB8001F6
:10BD700001EBC00401260025DFF864A04FF6FF7B2D
:10BD80001AF80500384401F04FFC804696B1FF2CAC
:10BD90000BD2404601F01CF806462046641C39F8D8
:10BDA000100001F015F8864202D00020BDE8F09F97
:10BDB000464604E0D84502D00020BDE8F09F6D1C47
:10BDC0000D2DDDD3387810F0400F06D02EB139F8A4
:10BDD000140010B10020BDE8F09F0120BDE8F09FE5
:10BDE0003C7301082DE9F04180460F46D8F8005019
:10BDF000002F08D03946404601F069FA022809D2DE
:10BE00000120BDE8F0816E6916B1E869B04208D83A
:10BE1000012606E0B0F1FF3FF3D0E9698142F0D896
:10BE20003E463446641CE869A04205D80224022E2E
:10BE300002D20020BDE8F0812146404601F047FAD9
:10BE400048B10128F6D0B0F1FF3FF3D0B442E9D1B8
:10BE50000020BDE8F0814FF0FF322146284601F076
:10BE600062FF28B927B122463946284601F05BFF18
:10BE700028B1012810D001242046BDE8F0816C6172
:10BE8000E969A869891E884201D8401EA8612879FD
:10BE900040F001002871EFE74FF0FF34ECE70000BD
:10BEA0002DE9F35F8846D8F8007000980068D0F854
:10BEB00010900024254628466D1C385C20280FD39E
:10BEC0002F2808D05C2806D0FF2C10D302B0062003
:10BED000BDE8F09F6D1C795D2F29FBD05C29F9D05E
:10BEE0007919C8F8001020281BD204261AE0C0B225
:10BEF000012100F051FF064656B1802E0CD265A0FC
:10BF00003146FFF7ADFE38B102B00620BDE8F09F24
:10BF100002B00620BDE8F09F2046641C29F810609E
:10BF2000C9E700264CB1601E39F81000202801D066
:10BF30002E2802D1641E002CF5D1002029F814000F
:10BF40003CB100980B222021243001F0CCFE0027C8
:10BF500004E002B00620BDE8F09F7F1C39F817000E
:10BF60002028FAD02E28F8D01FB146F0030600E0B2
:10BF7000641E24B1601E39F810002E28F8D14FF04D
:10BF80000008C2464FF0080B38467F1C39F81050A5
:10BF900005B3202D03D02E2D04D1A74202D046F0A8
:10BFA0000306F1E7DA4501D2A74219D1BBF10B0F25
:10BFB0000ED0A74201D046F003060BD827464FF01B
:10BFC000080A4FF00B0B4FEA88604FEA1068DBE776
:10BFD00046F00306009890F82400E5282FD032E0C0
:10BFE000802D0BD30021284600F0D6FE05461DB15A
:10BFF0002B48284410F8805C46F0020625B129A0A1
:10C000002946FFF72DFE18B15F2546F003060EE026
:10C01000A5F14100192802D848F0020807E0A5F16F
:10C020006100192803D848F00108413085B2009911
:10C03000504608440AF1010A80F82450A4E7009809
:10C04000052180F82410BBF1080F03D14FEA886066
:10C050004FEA10680C2030EA080003D0032030EAD1
:10C06000080001D146F0020616F0020F0BD108F0CD
:10C070000300012801D146F0100608F00C00042846
:10C0800001D146F00806009880F82F6002B0002029
:10C09000BDE8F09F222A3A3C3E3F7C7F0000000032
:10C0A000BC7201082B2C3B3D5B5D0000401E032849
:10C0B00010D2094901EB00118889B0F5807F00D1C9
:10C0C000002008B1401E80B2888108B900200860B5
:10C0D0000020704702207047689F00242DE9F0413E
:10C0E00005460E462F680021284600F0C3F988B99E
:10C0F0000024E969384601F0FCFD58B9296A0A783C
:10C10000E52A0CD05AB100242846012100F07AF823
:10C110000028EED0042800D10720BDE8F081641C7F
:10C12000B442F7D0F0E72DE9F0470446D4F8009088
:10C130000021204600F09EF9002861D1FF263746F5
:10C140004FF0FF3AC4F830A04846E16901F0D1FD54
:10C1500080465FEA080052D1206A057875B1C17A3D
:10C1600001F03F01A171E52D04D011F0080F08D0B6
:10C170000F2906D0FF26C4F830A038E04FF004089D
:10C180003DE00F2901D0FEB122E094F82F1011F00C
:10C19000400F2CD115F0400F05D0477B05F0BF05AF
:10C1A0002E4661692163B5420BD1417BB94208D16A
:10C1B000D9F8102001461046FFF7C8FD08B1701EDF
:10C1C00000E0FF20C6B212E001F0E4FEB84216D053
:10C1D00094F82F0010F0010F06D1206A0B2204F111
:10C1E000240101F06BFD50B1FF26C4F830A00021FE
:10C1F000204600F007F880465FEA0800A4D04046D9
:10C20000BDE8F0872DE9F04705460E462C686869C1
:10C2100000F12008E869002802D0B8F5001F02D319
:10C220000420BDE8F087A189B8FBF1F201FB12817F
:10C23000002973D1401CE861A9694FF0000979B168
:10C24000A0896289B8FBF0F0521E104266D12846E0
:10C2500001F03DF80746012F0BD80220BDE8F0871A
:10C260002089B0EB581F59D8C5F81C900420BDE8B0
:10C27000F087B7F1FF3F16D0E069B84248D8AEB1B9
:10C28000A9692846FFF7AEFD0746380013D0012FF5
:10C2900014D0B7F1FF3F14D0204601F0CFFE98B183
:10C2A0000120BDE8F0870120BDE8F087C5F81C90AB
:10C2B0000420BDE8F0870720BDE8F0870220BDE834
:10C2C000F0870120BDE8F087A289002104F1380041
:10C2D00001F009FD002639462046FFF72BFD60637B
:10C2E0006089002811D94FF0010984F80390204695
:10C2F00001F0A4FE10B10120BDE8F087761C606B50
:10C30000401C60636089B042EFD8606B801B606343
:10C31000AF6139462046FFF70DFDE861C5F814808E
:10C32000A089B8FBF0F100FB11802044383028626E
:10C330000020BDE8F08700002DE9F04383B00446FB
:10C34000256894F82F0010F0A00F03D0062003B04A
:10C35000BDE8F0830027286900E07F1C30F8171043
:10C360000029FAD10C22684604F1240101F0B2FC44
:10C370009DF80B0010F0010F19D0402084F82F0019
:10C3800001262A6904F124003346694600F054FF6F
:10C390002046FFF7C8FE10B9761C642EF1D3642E38
:10C3A00012D00428D3D19DF80B0084F82F009DF8FB
:10C3B0000B0010F0020F0BD02D4907F10C00A1FB70
:10C3C00000108008471C04E003B00720BDE8F0839C
:10C3D000012720463946FFF781FE06464FF0010847
:10C3E00036BB7F1E24D06069794200EB41112046A4
:10C3F00000F040F8064630001AD104F1240001F0A4
:10C40000C9FD8146E169284601F073FC06467EB904
:10C41000216A4B462869FAB201F020FD85F80380B5
:10C4200000212046FFF7EEFE06460EB97F1EE9D139
:10C43000CEB9E169284601F05CFC0646300012D115
:10C44000206A2022002101F04EFC206A0B2204F118
:10C45000240101F03FFC216A94F82F0000F018003D
:10C46000087385F8038003B03046BDE8F083000010
:10C470004FECC44E2DE9F04107460C463D68B4F53B
:10C48000001F02D214F01F0F02D00220BDE8F0817D
:10C490007C61BE681EB92878032800D3EE6AAEB16D
:10C4A0006889A98900FB01F8444520D33146384604
:10C4B00000F00DFF0646B6F1FF3F11D0022E02D369
:10C4C000E869B0420FD80220BDE8F0812889B0EBBE
:10C4D000541F02D80220BDE8F081E86AF8610BE041
:10C4E0000120BDE8F081A4EB08044445DED23146CA
:10C4F0002846FFF71FFCF861BE61F86978B1A98989
:10C50000B4FBF1F10844F861A889B4FBF0F100FB39
:10C5100011402844383038620020BDE8F081022004
:10C52000BDE8F08110B5002208490B5C002B0AD150
:10C5300001220A540A1801EB8000127A406801684F
:10C54000104688470246104610BD000098A10024FE
:10C55000054B03EB000C03EB80009CF808C040681F
:10C56000036960461847000098A1002430B4DFF842
:10C5700018C00CEB00040CEB8000247A4068D0F863
:10C5800008C0204630BC604798A1002404490A181E
:10C5900001EB8000127A40684168104608470000AD
:10C5A00098A1002430B4DFF818C00CEB00040CEBA9
:10C5B0008000247A4068D0F80CC0204630BC604728
:10C5C00098A100240020084900E0401C032804D260
:10C5D00001EB00121268002AF7D1032801D00120D4
:10C5E0007047002070470000689F002438B504465B
:10C5F000204600F083FB00280CD16946204601F05C
:10C6000048FD002806D12069FFF750FD002801D120
:10C610000021216038BD2DE9F84F04460D466946DA
:10C62000204601F036FD82465FEA0A0001D194F807
:10C6300015A0BAF1000F02D05046BDE8F88FE06AAD
:10C64000002870D0B5F1FF3F3AD0E068A84200D290
:10C650000546A561002D00F03381691E2046FFF7D5
:10C6600053FBE06101460098FFF764FB0246002A95
:10C6700061D000986B1E8189B0F80AC0B3FBF1F35A
:10C68000ACF1010C03EA0C039D18A269B2FBF1F3B3
:10C6900001FB1321002900F01381226AAA4200F055
:10C6A0000F81217D11F0800F4DD04078012304F1DE
:10C6B0003001FFF777FFA8B301206075BDE8F88F60
:10C6C000D0F800B000F104080226A16811B3894631
:10C6D0000025B61C0F466D1C204600F0F8FD0146F3
:10C6E000012903D802206075BDE8F88FB1F1FF3F42
:10C6F0001AD0781C8142EDD05E4507D808F10400BD
:10C70000C8F8005000F10408C0F800900098C06913
:10C710008842DCD8E06A06605E4509D80020C8F887
:10C720000000CDE00BE01DE001206075BDE8F88F52
:10C730004FF0110AC4E002206075BDE8F88F207D3B
:10C7400000F07F0020750098012304F130012A4693
:10C750004078FFF70BFF18B101206075BDE8F88F36
:10C760002562ADE0E068A84204D2217D11F0020FFD
:10C7700000D10546A0690027A761002D68D0009967
:10C780004A89898902FB01F668B1691E401EB1FB26
:10C79000F6F1B0FBF6F2914205D3711E8843A06119
:10C7A0002D1AE1690DE0A16851B900212046FFF77B
:10C7B00019FB0146012915D0B1F1FF3F16D0A16048
:10C7C000E161F1B3B5422FD9AD1BA0693044A0613E
:10C7D000207D10F0020F0FD02046FFF703FB01462B
:10C7E00041B10DE002206075BDE8F88F0120607551
:10C7F000BDE8F88F002517E0204600F068FD0146EF
:10C80000B1F1FF3F09D0012903D90098C0698842DE
:10C8100007D802206075BDE8F88F01206075BDE87B
:10C82000F88FE161B542CFD8A0692844A061009893
:10C830008289B5FBF2F302FB135212B1FFF77AFAC9
:10C8400000E005E030B300998989B5FBF1F10F18DC
:10C85000E168A069884204D9E060217D41F040018F
:10C86000217500998A89B0FBF2F302FB130038B3FB
:10C87000226ABA4224D0207D10F0800F12D048786E
:10C88000012304F13001FFF78DFE38B101206075FE
:10C89000BDE8F88F02206075BDE8F88F207D00F0BC
:10C8A0007F0020750098012304F130013A4640785A
:10C8B000FFF75CFE18B101206075BDE8F88F2762B4
:10C8C0005046BDE8F88F00002DE9F74181B01646CB
:10C8D00002980090684600F072FD0446002C03DACE
:10C8E00004B00B20BDE8F081104F57F824504FF0F2
:10C8F000000825B12846FFF7F3F985F80080019874
:10C90000002801D080F8008047F8240001D0012ED3
:10C9100003D004B00020BDE8F081002201A902A8E4
:10C9200000F0B2FA04B0BDE8F0810000E864002431
:10C930002DE9F7438EB00546002D0CD002F03F06DE
:10C9400069460FA8324600F09FFA04464FF00008EF
:10C950002CB100F0F1B811B00920BDE8F0830098C7
:10C96000019001A80F9900F021FC0446200010D18D
:10C970009DF8330010F0800F01D0062409E036F056
:10C98000010001D0012100E0002101A8FFF770F9AA
:10C99000044616F01C0F51D06CB1042C08D1FFF7DF
:10C9A00011FE20B101A8FFF7C7FC044600E01224E5
:10C9B00046F008060AE09DF80A0010F0110F01D0B9
:10C9C000072403E016F0040F00D00824ACBB16F0D7
:10C9D000080F42D05D4F099839460E3001F0CBFA6E
:10C9E00009983946163001F0C6FA09992020C87214
:10C9F0000999009800F0FAFD07460999009800226D
:10CA000001F0A5FA099800211C3001F0B4FA009851
:10CA10000121C1708FB1D0F83490002201A83946AD
:10CA200001F056FA0446200017D10098494601F05B
:10CA300060F904460099781E48610EE06CB99DF8D3
:10CA40000A0010F0100F01D0042406E016F0020FC7
:10CA500003D010F0010F00D00724ACB916F0080F76
:10CA600001D046F040060098406B68620998A862C1
:10CA700036F0010001D0012100E0002101A800F002
:10CA8000C9FC286100B90224F4BB0999009800F0A0
:10CA9000ADFDA86009981C3000F0BBFDE860C5F84A
:10CAA0002C80009828600098C088A8802E7585F892
:10CAB0001580C5F82080C5F8188000214FF48052F9
:10CAC00005F1300001F00FF916F0200F34D0EE68B8
:10CAD000D6B1AE6100984189808901FB00F7A96851
:10CAE0000BE0284600F0F3FB0146012900D80224A0
:10CAF000B1F1FF3F00D10124F61B0CB9BE42F0D8C2
:10CB0000E9610CB9009800E016E08289B6FBF2F307
:10CB100002FB136282B1FFF70DF9A0B100998A8977
:10CB2000B6FBF2F202442A624878012305F1300193
:10CB3000FFF71CFD00B101240CB1C5F8008011B055
:10CB40002046BDE8F0830224F6E700000000A35869
:10CB50002DE9F84F04468846164699460020C9F844
:10CB600000006946204601F094FA00281AD1607D41
:10CB7000002817D1207D10F0010F12D0A169E068C4
:10CB8000401A864200D90646002E68D04FF0010AAE
:10CB9000009AA1699089B1FBF0F300FB13131BB15C
:10CBA00085E00720BDE8F88FB1FBF0F05289521EF6
:10CBB00000EA0207B7B929B1E06A28B12046FFF7B9
:10CBC000A3F805E0A06803E0E169204600F07FFBE0
:10CBD000022803D202206075BDE8F88FB0F1FF3F54
:10CBE0001DD0E061E1690098FFF7A4F8E0B100EB27
:10CBF000070B00988189B6FBF1F57DB341897A195D
:10CC00008A4200D9CD1B40782B465A464146FFF751
:10CC1000ADFC68B184F815A00120BDE8F88F84F858
:10CC200015A00120BDE8F88F02206075BDE8F88FDF
:10CC3000207D10F0800F0CD0206AA0EB0B00A842E2
:10CC400007D200998A8904F1300100FB028001F0CB
:10CC500041F80098808900FB05F53EE000E049E0DE
:10CC6000226A5A4521D0217D11F0800F0FD04078E3
:10CC7000012304F13001FFF795FC20B184F815A0E1
:10CC80000120BDE8F88F207D00F07F00207500981E
:10CC9000012304F130015A464078FFF767FC20B1C8
:10CCA00084F815A00120BDE8F88FC4F820B00098E2
:10CCB000A1698089B1FBF0F200FB1212851AB5421E
:10CCC00000D93546B1FBF0F200FB12102A46204491
:10CCD00000F13001404600F0FDFFA844A06928445F
:10CCE000A061D9F800002844C9F80000761B002E86
:10CCF0007FF44EAF0020BDE8F88F0000F8B5044681
:10CD00006946204601F0C5F9014600293FD1207D42
:10CD100010F0400F3BD010F0800F0ED00098012390
:10CD2000226A04F130014078FFF73CFC08B1012091
:10CD3000F8BD207D00F07F002075164E616A0098D6
:10CD400000F0D7FF014611BBA56AE87A40F0200049
:10CD5000E872A2682946206801F0F9F8E16805F157
:10CD60001C0001F008F905F11600314601F003F945
:10CD7000002105F1120001F008F900980121C170AD
:10CD800001F016F90146207D00F0BF00207508462D
:10CD9000F8BD00000000A358802805D30B4A41B11C
:10CDA000B0F5807F01D300207047803832F8100042
:10CDB0007047002132F81130834203D0491C89B2F8
:10CDC0008029F7D301F18000C0B270476673010873
:10CDD0004DF8044DB0F5805F01D2294900E02949A2
:10CDE00031F8022B002A16D0904214D331F8023BBE
:10CDF0004FEA132CDBB2D41884423BD9BCF1090FA3
:10CE000009D2DFE80CF0050B13181D22272C310086
:10CE1000801A31F810005DF8044B7047811A01F058
:10CE20000101401A80B25DF8044B7047103880B29F
:10CE30005DF8044B7047203880B25DF8044B7047B2
:10CE4000303880B25DF8044B70471A3880B25DF814
:10CE5000044B7047083080B25DF8044B704750387F
:10CE600080B25DF8044B7047A0F5E35080B25DF8E6
:10CE7000044B7047BCF1000FB2D101EB4301AFE7A7
:10CE800066740108587601082DE9F04184B00E4619
:10CE900090460027376000F092FA0546280003D537
:10CEA00004B00B20BDE8F081BB4850F82540B4B178
:10CEB000346008F0FE06207828B16078FFF766FB42
:10CEC00010F0010F0FD02770E8B26070FFF72AFB57
:10CED00010F0010F13D004B00320BDE8F08104B0BE
:10CEE0000C20BDE8F08136B110F0040F03D004B07F
:10CEF0000A20BDE8F08104B00020BDE8F08136B121
:10CF000010F0040F03D004B00A20BDE8F08160786F
:10CF1000022104F10C02FFF71BFB18B104B0012041
:10CF2000BDE8F081A089A0F50071B1F5606F02D86D
:10CF3000411E084203D004B00120BDE8F081002565
:10CF400020462946FEF752FE02281FD1E84604EB90
:10CF5000051000F5FB70017919B1083000F059FB9C
:10CF600000E0002048F825006D1C042DEFD30026BA
:10CF700058F8265025B129462046FEF737FE00E036
:10CF80000320022802D3761C042EF1D3042805D0F6
:10CF9000022807D304B00D20BDE8F08104B00120C1
:10CFA000BDE8F08104F1430000F03EFBA189884216
:10CFB00003D004B00D20BDE8F08104F14E0000F074
:10CFC00033FB014621B904F15C0000F022FB01466D
:10CFD000216294F84800A070012805D0022803D0EF
:10CFE00004B00D20BDE8F08100FB01F894F8450085
:10CFF000608110B1411E084203D004B00D20BDE88D
:10D00000F08104F1490000F00FFB2081A18949095A
:10D01000B0FBF1F201FB120018B104B00D20BDE825
:10D02000F08104F14B0000F0FFFA0646300004D115
:10D0300004F1580000F0EDFA064604F1460000F055
:10D04000F3FA02466AB1A08902EB0801238940097C
:10D05000B3FBF0F001448E4207D204B00D20BDE8CE
:10D06000F08104B00D20BDE8F081B4F80AC0701A58
:10D07000B0FBFCF058B303264FF6F57C604500D8B2
:10D08000022640F6F57C604500D80126801CE06150
:10D0900065622A44A26229442163032E1BD08BB30C
:10D0A00002EB0801E162022E31D000F0010100EB39
:10D0B000400001EB5000A189401E0844B0FBF1F094
:10D0C000216A884225D904B00D20BDE8F08104B062
:10D0D0000D20BDE8F08104F1620000F0A5FA18B15E
:10D0E00004B00D20BDE8F081208918B104B00D20F6
:10D0F000BDE8F08104F1640000F08BFAE062E069C1
:10D100008000D8E7FFE704B00D20BDE8F0814000C3
:10D11000D1E74FF0FF30A061606180202071032EC5
:10D120002BD104F1680000F07FFA012825D1691C99
:10D13000204600F0DEFD00BB277104F2362000F02F
:10D1400073FAA0F52A41553917D104F1380000F0DF
:10D1500060FA1249884210D104F5077000F059FABC
:10D160000F49884209D104F5087000F052FAA06115
:10D1700004F5097000F04DFA6061267009490888CD
:10D18000401C0880E080084820612046FEF7A8FD8A
:10D1900004B00020BDE8F081E864002452526141EF
:10D1A00072724161E4640024989F002473B50446C0
:10D1B000256801E0401C0190019801782F29F9D0E1
:10D1C0005C29F7D00021A16001980078202807D2BF
:10D1D000802084F82F002046FFF74CF902B070BD84
:10D1E00001A92046FEF75CFE0028F7D12046FEF795
:10D1F0009AFF94F82F1038B10428EFD111F0040FE2
:10D20000ECD1052002B070BD11F0040FFAD1A07965
:10D2100010F0100F0DD0A9896069B0FBF1F201FB8D
:10D220001200284400F13801284600F0DFF9A06020
:10D23000D6E7052002B070BD70B582B0054616462F
:10D240001C460B22284600F045FD052C16D93088D7
:10D25000A0B136F8021B002320460C4660F35F04A1
:10D26000490814F4803F03D084F0210484F4883406
:10D270005B1C102BF0D330880028EAD107216B46C5
:10D2800004F00F0000F13002392A01D9D01DC2B2DA
:10D290000846491E1A542409002CF1D17E20585406
:10D2A000002200E0521C8A4202D2A85C2028F9D158
:10D2B000082903D20846491C185C00E02020944647
:10D2C000521C05F80C00082AF2D302B070BD2DE9FB
:10D2D000F0410D460468022D02D3E069A84201D84E
:10D2E000012609E04FF0FF362078012807D00228F8
:10D2F00036D003284BD001263046BDE8F08105EB3F
:10D300005507A089A16AB7FBF0F00144204600F060
:10D31000F0FC0028F0D1A08907F10108B7FBF0F17B
:10D3200000FB1171214491F83870B8FBF0F0A16A4C
:10D330000144204600F0DDFC0028DDD1A089B8FBC7
:10D34000F0F100FB1180204490F8380047EA0020FB
:10D3500015F0010F01D00609CEE7C0F30B06CBE7AD
:10D36000A089A16A4008B5FBF0F00144204600F016
:10D37000C0FC0028C0D1A1896800B0FBF1F201FB1C
:10D3800012002044383000F04FF90646B4E7A08977
:10D39000A16A8008B5FBF0F00144204600F0A9FC2A
:10D3A0000028A9D1A189A800B0FBF1F201FB12006D
:10D3B0002044383000F02DF920F070469CE74DF8FD
:10D3C000044D04464FF0FF30D4F800C0BCF1000F0C
:10D3D0000BD0614600E0491C0A78202A01D33A2A82
:10D3E000F9D10A783A2A03D000205DF8044B70473F
:10D3F0009CF800300CF10102303B0A2BF5D28A4236
:10D40000F3D1002BF1D11846491C21605DF8044B83
:10D410007047000070B40022224CD0F800C004EB2A
:10D4200002131D68654507D15D688668B54203D162
:10D430009B684569AB4202D0521C032AEFD3032AF2
:10D4400017D1002200E0521C032A04D204EB02137D
:10D450001B68002BF7D1032A13D004EB0213C3F887
:10D4600000C0D0F808C0C3F804C04069986000202C
:10D47000988149B104EB0210808928B170BC00206A
:10D48000704770BC0020704711B14FF4807003E00A
:10D4900004EB02108089401C04EB02118881501CAF
:10D4A00070BC7047689F00242DE9F05F07464FF479
:10D4B0000040F3F76FF90026DFF82481DFF824A19C
:10D4C0004FF00109F019A0F1F0024748C17802FBC2
:10D4D00001F295B24FF4004BEF2E6BD0F02E69D0D5
:10D4E000C06A85425FD8012935D018F8050000F0E0
:10D4F0001F04122C00D91224420900204B1E002BBD
:10D500000FDD29184144497801F01F0CA44504D9C6
:10D5100001F01F040D2C00D94A09401CC0B29842EA
:10D52000EFDBC4F161003AF8123081B2304609EB0A
:10D530004402F3F793FEC4F112055B46AAB23046EB
:10D540004F21F3F78BFEAAB25B4604F1620130462D
:10D55000F3F784FE2EE018F80500410900F01F00E3
:10D560003AF8113009EB4002C0F161013046F3F79F
:10D5700075FE18F805004F215B4600F01F00C0F152
:10D58000120082B23046F3F769FE18F805005B46D8
:10D5900000F01F00C0F112018AB200F162013046B2
:10D5A000F3F75CFE06E0252230464F214FF400439E
:10D5B000F3F754FE701C86B2B6F5F07F82D36D226D
:10D5C0004FF6FF731121EF20F3F748FEBDE8F05F3F
:10D5D0006D224FF6FF731121F020F3F73FBE0000DC
:10D5E00070000024CAE000080000002470B5064660
:10D5F0000C4604F11A0000F017F8054630780328AD
:10D6000005D104F1140000F00FF845EA0045284662
:10D6100070BDC178827842EA0121427842EA012154
:10D62000007840EA012070474178007840EA012004
:10D6300070470000FAF7DEFFFD4D28684FF0000B41
:10D6400010F4003F12D1BFF34F8FBFF36F8FF94833
:10D65000C0F800B0BFF34F8FBFF36F8F286840F45E
:10D6600000302860BFF34F8FBFF36F8F286810F42E
:10D67000803F22D1F048C0F800B0BFF34F8F001FA9
:10D680000068C0F34E3CED4A43F6FF76C0F3C90490
:10D69000204606EA4C1141EA80731360401EFAD21C
:10D6A000BCF1010CF4D2BFF34F8F286840F48030F6
:10D6B0002860BFF34F8FBFF36F8FF5F731FCFDF795
:10D6C000C1F8FBF7BFFCFBF7BDF8FAF7FDFFFBF76E
:10D6D00019FCFAF7D5FFFBF79FF9FBF755FAFBF7B3
:10D6E000BFFAFBF739F8FBF745F8FBF793FBFBF7BD
:10D6F000C9FAFBF727FBFBF75BFBFBF76BFCFBF7C0
:10D700001DFAFBF7EFFAFBF731FCF3F771F8CC48A1
:10D71000016841F020010160016841F480710160FD
:10D72000C848016841F020010160016841F480713E
:10D730000160C548016841F020010160016841F4C1
:10D7400080710160C1480021FAF7B0F9C049022296
:10D75000C048F8F76DFCC0490222C048F8F768FCE1
:10D76000F2F76AFF00204FF04041F2F7A1FFBC49F9
:10D770000120F2F79DFFBB4CBBA1BF48226AFEF718
:10D780006BF8BD490523BD480922FAF7A1FDC4F88D
:10D7900020B0BBA1B848FEF75FF8B7490523B748EA
:10D7A0000A22FAF795FDFF210020F2F7FDFFFF2185
:10D7B0000120F2F7F9FF0120F2F7CEFF0020F2F787
:10D7C00043FE4FF40040F2F7CDFF0020F2F7C4FF14
:10D7D0004FF40040F2F738FE40F6B830F5F706FA9D
:10D7E000AA484FF4E17101600122A948D103F5F77D
:10D7F0007CFBC4F834B04027A64E30254FF0200CF7
:10D800004FF0E3084FF055094FF01B0E4FF0870A19
:10D81000944B596B01F1C00201EBC10006F81020D6
:10D8200006EB400080F801C08570C77080F8048066
:10D8300080F8059080F806E080F807A0FF240472C5
:10D84000427280F80AC0C572077380F80D8080F8B4
:10D850000E900F22C27380F810A04474481C5863C5
:10D860000828D5D38C48F9F7E9FD8D4801228BA112
:10D87000FFF72AF8DFF8EC8188F81500894FDFF808
:10D880002892A8B178A102467B48FDF7E5FF7A49C6
:10D8900005237A480922FAF71BFD774883A1FDF793
:10D8A000DBFF7549052375481022FAF711FD3EE0AC
:10D8B000834901228348FFF73BF888F8150050B1EF
:10D8C0006D4881A1FDF7C8FF6B4905236B48142201
:10D8D000FAF7FEFC2BE0684881A1D8F82020FDF77C
:10D8E000BBFF6549052365481122FAF7F1FC4FF4A7
:10D8F000FA70F5F77BF973483621FEF78CFE7D4B05
:10D900007D4A68496F48FFF723F9C8F820B0D8F876
:10D91000200037F8101041F4004127F81010401C87
:10D92000C8F820004845F2D36648FEF75FFEC8F805
:10D9300020B046F2941C714BD8F820001A5C02F01B
:10D940001F0101EB011101EBC101090AC8F8241004
:10D9500002F0E00211431954401CC8F82000604551
:10D96000EAD30020F2F7F8FEC8F834B0DFF850A18F
:10D970004FF49371D8F82800B0FBF1F0FBF7FEFCF0
:10D980005F4E10213046F5F7A9FA10B998F800005B
:10D9900030B110213046F5F7A1FA012847D0B7E0A1
:10D9A0009AF80600392803D2401C8AF8060001E0E4
:10D9B0008AF80650012242494248FEF7B9FF88F82A
:10D9C000150050B12C4840A1FDF746FF2A49052318
:10D9D0002A481422FAF77CFC25E0274840A1FDF7ED
:10D9E0003BFF2549052325481322FAF771FC3548EA
:10D9F0003621FEF710FE3F4B3F4A2A493148FFF7D8
:10DA0000A7F8C8F820B0D8F8200037F8101041F473
:10DA1000004127F81010401CC8F820004845F2D3F8
:10DA20002848FEF7E3FD012088F8000070E069E077
:10DA300014ED00E050EF00E084ED00E060EF00E066
:10DA400000100140004C004000780040F48B00249E
:10DA500054000024B08700245C000024488800247F
:10DA6000C06903C0000000242530316C7520657248
:10DA7000726F720A0D0000002C650024408C002497
:10DA8000416C6C20696E69740A0D00003404014019
:10DA900000200258200000305C8B00243000000081
:10DAA0009C750024000000C0E0B401005344206EC7
:10DAB0006F74206D6F756E7465640A0D0000000050
:10DAC000640000246C6500245069637475726520DD
:10DAD0006E6F74206F70656E65640A0D0000000043
:10DAE000506963747572652066696C65206F706536
:10DAF0006E0A0D0044000024C06903007000002479
:10DB0000001C025898F80000012801D188F800B0E4
:10DB100098F8100000284AD054490878A12803D06A
:10DB2000A22801D0A32840D14878FC283DD15048F4
:10DB3000FEF75CFD4F48C0F800B000224E484FF49D
:10DB40000041F5F7D2F96420F5F750F84E484BA1A3
:10DB5000D8F82020FDF780FE4B4905234B480A22C8
:10DB6000FAF7B6FB40F6B830F5F740F84648A12181
:10DB70000170FC2141700523022201464448FAF756
:10DB8000A7FB4FF47A70F5F731F83F490523404879
:10DB90000222FAF79DFB4FF47A70F5F727F83A491D
:10DBA00005233B480222FAF793FB88F810B098F857
:10DBB0000E0038B13749052334480822FAF788FBAC
:10DBC00088F80EB098F8120000283FF4D1AE01207A
:10DBD000F5F70CF83049087830B1012813D0022845
:10DBE0002BD0032838D03DE088784A782B498854D8
:10DBF00025482BA1FDF730FE2349052323480622A3
:10DC0000FAF766FB2EE028490F2320481222FAF784
:10DC10005FFB2548047044708470C47004714471C3
:10DC20008471C471047244728472C4720473447344
:10DC30008473C4730474447414E0887849781B4A6C
:10DC4000505411481AA1FDF707FE05230E490F484D
:10DC50001A46FAF73DFB05E0174905230B48012258
:10DC6000FAF736FB88F812B082E600001C000024A8
:10DC70006C65002434040140002002585475726E13
:10DC8000206F66660A0D00002C650024408C00247D
:10DC9000D48C0024D4850024E485002420000030A6
:10DCA000646F6E650A0D000000000030540000240F
:10DCB0005341490A0D0000000C00002410F8013BFC
:10DCC00011F801CBA3EB0C03521E01D0002BF5D0B1
:10DCD00018467047002A05D011F8013B00F8013BB7
:10DCE000521EF9D17047C9B200F8011B521EFBD178
:10DCF000704770B504460D460026606BA84210D0F0
:10DD0000204600F09BF906465EB96078012304F1D5
:10DD100038012A46FEF72AFC10B14FF0FF350126E4
:10DD20006563304670BD2DE9F04704460D46174641
:10DD30000226022D4FD3E069A8424CD920784FF03B
:10DD40000109012804D0022846D0032843D15DE010
:10DD500005EB5508A089A16AB8FBF0F00144204604
:10DD6000FFF7C7FF0646300074D1A08908F1010A09
:10DD7000B8FBF0F100FB11802044383015F0010FA2
:10DD800004D00178FAB262F31F1100E03946017045
:10DD900084F80390A089A16ABAFBF0F00144204600
:10DDA000FFF7A7FF0646300054D1A089BAFBF0F177
:10DDB00000FB11A02044383015F0010F02D0C7F34A
:10DDC000071105E00178C7F3032201F0F0011143C8
:10DDD000017084F803903DE0A089A16A4008B5FB7A
:10DDE000F0F001442046FFF784FF0646300031D1B1
:10DDF000A1896800B0FBF1F201FB1200B9B2204426
:10DE0000383000F0C2F884F8039023E0A089A16ABA
:10DE10008008B5FBF0F001442046FFF76AFF064694
:10DE2000300017D1A089AD00B5FBF0F100FB115017
:10DE300020443830FFF7EDFB014667F31B01A08952
:10DE4000B5FBF0F200FB12502044383000F093F89C
:10DE500084F803903046BDE8F08700002DE9F05FBC
:10DE600081460E46904673730F20F0720020307387
:10DE7000002106F11A0000F088F8A8F1010000EB7B
:10DE8000800101EBC00500242746DFF840B04FF6C3
:10DE9000FF7A544503D028466D1C39F810401BF812
:10DEA00007002146304400F070F80CB94FF6FF74BB
:10DEB0007F1C0D2FEDD3544502D039F8150008B959
:10DEC00048F0400886F80080BDE8F09F3C730108E8
:10DED0002DE9F04107460E4611463C68022E02D35A
:10DEE000E069B04202D80220BDE8F08131B14FF0C4
:10DEF000FF322046FFF717FF0028F5D1314638469C
:10DF0000FFF7E5F90546CDB1012D1AD0B5F1FF3F78
:10DF10001AD0002231462046FFF705FF0028E3D142
:10DF2000E169A0698A1E904205D2401CA061207957
:10DF300040F0010020712E46B142DFD80020BDE83C
:10DF4000F0810220BDE8F0810120BDE8F08170B5CC
:10DF500006460C461546A9B204F11A0000F015F861
:10DF60003078032806D1290C04F11400BDE8704074
:10DF700000F00BB870BD421C0170080A511C1070F3
:10DF8000000A0870000A48707047421C0170080AB5
:10DF900010707047014600200B22430803EBC010AD
:10DFA00011F8013B1844C0B2521EF6D17047000070
:10DFB00070B50446204600F041F80546002D37D1E3
:10DFC000207803282DD1207901282AD1A289002187
:10DFD00004F13800FFF787FE04F236204AF6552197
:10DFE000FFF7D3FF134904F13800FFF7C4FF1249CC
:10DFF00004F50770FFF7BFFFA16904F50870FFF78C
:10E00000BAFF616904F50970FFF7B5FF606A421C49
:10E0100062636078012304F13801FEF7C3FA00203F
:10E020002071002260781146FEF792FA00B10125B6
:10E03000284670BD52526141727241612DE9F04132
:10E0400004460027E078002820D0666B0123607822
:10E0500004F138013246FEF7A5FA08B1012715E0B0
:10E060000020E070A06A216A301A88420ED2A5789A
:10E07000022D0BD3206A064460780123324604F156
:10E080003801FEF78FFA6D1E022DF3D23846BDE837
:10E09000F08170B504460E460925002C0ED020688C
:10E0A00060B1017851B1A188C288914206D140780F
:10E0B000FEF76CFA10F0010F00D100251DB1002011
:10E0C0003060284670BD2068FAE79389178A5F861A
:10E0D000FD8A1CBF1FCBBFEBFFFF00EC89DC2BF5DB
:10E0E0008CFA24D3E7AA599F1B9EEB02D5F4BAFF02
:10E0F000B5F614FB73F6AEF808EFEFEFC1E4BAE43F
:10E10000A8DDD1E03BDC9EE365E009EE86EA1EFA7D
:10E11000D4F673FE4701DF02C10B8B088711D802CA
:10E12000D6092DF8F7FAEFF04DF002E7B1EA3DE439
:10E13000D9EAB3F056F568FC100760034412A90C45
:10E14000AB0FF3142F0D931BA314AA1F141E2B2027
:10E150004E292C221A3242236E2AFC21F51D21233E
:10E16000301D9720521E5915F1176E0A130E4204E6
:10E170003106C3FBB3FE7EEFF4F23CE4D2E739DABA
:10E180005EE170D2BCDB7FCD4DD5EFC83ACD1BC46C
:10E1900000C977C049D356C489E1CBCDF7E0DDD2C1
:10E1A00010DD72D933E524E551F0ECED77FC9EFBF0
:10E1B000AD0E7413D71E58265B2928328133504088
:10E1C000753E304D754AB457475BC4617F68C6677A
:10E1D000B8675A6DC46A7A71E3759A729173A777BA
:10E1E0008C6E19774072A06CEF6ED167E66810688C
:10E1F000226689645A5ABE5D664DC75477498A487B
:10E20000DD3DC339F128E031FD1D2F2E301C972054
:10E210001319D1150612F2184D0A5914EF063603D8
:10E22000AC023EF981FCD7F330F943ED1AF894EBD8
:10E2300019FA9EE32FF3BDD7CDDEDFD2B8CFC2C827
:10E24000C1C9C5C262C81DC761C8E8C106C6C9BA8E
:10E2500049C5E2B9F8BCC9B7DEABA3B7BBA3A8B741
:10E260001BA3DDB4DFA376B39AA909B531AFACB473
:10E270002FAF35B03CB05BACBDB25AAB36B1AFAE30
:10E280002BB2A9B16BB152B17CAC07B13BB03BB181
:10E290008BB657BB41BBB5C699C044C543C227C660
:10E2A00067C566C96BC924CEB8D22EDA50E663E1E1
:10E2B00034F857EA0C0365F6840593F89308BFFB1E
:10E2C000E40F1506930B23098605E4FE3D0CC6FFFB
:10E2D000E8179D17D221A420D51E5A0B260CD70073
:10E2E00006FFA1134402D41F5408081CD512881F2E
:10E2F000FC208120741A1218F00FC5109619F4181A
:10E300001D255B34EB2CB6320D2FDD19C32C2625D1
:10E31000933146307F2E091E2727D31D8331403489
:10E320004640EE3FA9408A368E399C294D3DE42C6B
:10E33000F346083CB543EB47503A6D460E3C9D39D9
:10E340001646D7383447D24DDA43CB4E6145713645
:10E35000DC48373EBC58DF53ED60474FE14DE34C9E
:10E36000663E074A55398E428E3B384C4D43CE4F60
:10E37000F63DB741C53BDD3A1C4214447F3B554D49
:10E380006533F5460B34A4340B30F124762BFF2D86
:10E39000A133A83DC7364628042C900EB523F91C9E
:10E3A000E61CCD2EA11E201DB3280804D123FC029B
:10E3B0003F14FF09E50C1E0D870FE10B620AD00226
:10E3C0003001B4FC4F06AFFE3401BDFF16F373F409
:10E3D0005BF8B4E8B1F9B7EC9FE7BBEA5ED6AEDC18
:10E3E000ADD4F9DA4AE15FE5F8E552E1E8D789CE44
:10E3F000CFCFC3CDDED723D864DAFAD48BD5A8C467
:10E4000041CD4BB226BF32C4D4C0E4E5C2D1D7D28D
:10E41000D9DC2DB708DB98C6B4C875CA88BE42B827
:10E420001FC4D2C2ECC531DC6AD42FD7B8DF87C293
:10E4300046D17CC81AD3F7E219DC59E7D7CBD2CD45
:10E440001CC6ADC111D924D7D5ED83E995F01FE3E2
:10E45000A1DDB6D0AED005CB57D4E0E29FDAE1F62D
:10E46000C1DBACF3CFE1B3E2C2EA9AC878D9DEDA15
:10E4700022CEDD085DE78EFBF4F5C8E03AF063F4E8
:10E48000C5E8870110DE9FED9BD7AAE6B3E9B4FE8D
:10E4900051124F0DBE19D6038DFE7AF444F9DCEB10
:10E4A0003D0020F73BFC7F095A032B0BBA181C02D6
:10E4B00015150906920442137C1011092A1951F707
:10E4C000D70DE70A3604D027E703FE1D3710F210F8
:10E4D0005D149219FD0C8B15D90E281A4F121F2EA0
:10E4E000060AF529280F9B226C27421F651ED018AB
:10E4F000BE0B1C243421362F8A31CE2B1D299F2799
:10E50000DB24B226622B5E26B0277428BE1E1E2C8A
:10E510009A2A392CB02FC5337F327C39CF43CF367E
:10E52000B63F3D3A5F355A30F036922CBF34404505
:10E53000CA351C4F403D534839446444A740C53F49
:10E540004E385A3D6947E23EBA5EF147284A535079
:10E55000902DAE4E3F49064D10655E482F4C4C3213
:10E560009728BB34FF292A5E01487C58AA53AA3B4E
:10E570001846E744772DC93A95210E3A95358857C4
:10E5800034495654135BFD4BA9624E48F846B73ADE
:10E59000B4392B42FF44865112458E510E44144B20
:10E5A0001A48FE470F491C486142E14D39374F4E2A
:10E5B000473EC8335952CF2B07543D50104F015599
:10E5C0001541C6331D23B034F0293546B13DAE3870
:10E5D000912FC0288F2A2E341C2DC23B2620952532
:10E5E0001C160A1AE7238A2DB340F92F6C31CA1B77
:10E5F0000103CB1761F8AA2456031425A00B9B1125
:10E600004C0EFE077E05EA0B54F85E0C35E6600FF3
:10E6100074E69D09DD031EF4490A68EBB5F7B0EA1C
:10E620001CEC46E134E054F352E6F10A3FF4A9ED64
:10E630003EE436CA36D418CD7AD61CE70DD977EA2F
:10E6400023D288C3C5C541C376D230DFD5E470CFAD
:10E650005BC645BE249B65BB6EA23BB85AC18DBB51
:10E660001CC50DC0B3AFE5C02F9E28B005A12FA3D8
:10E6700084A70BA6E3B00CA5BFBF0AB172AD68BCFE
:10E68000A88F2CA426945A8B55A16098B99F9CA75B
:10E69000D195109B1B9B058F10A9B09E9B9E49B4E2
:10E6A000AF890CA09C8304869B9A6D9C3FB236A8D0
:10E6B000EC9EC18E8987EC8D7B8B88A8AE9A15A4C1
:10E6C0007EA572879E99668F4A8C12B2DF90B6AF94
:10E6D0007E8D448AFB87648CD9A2FEAB88B2F7A2F8
:10E6E00075926B85758D53835898E9B0DE83DBC3D3
:10E6F000308F0695AE9E5E96AD8FDAAD28972C9B37
:10E70000219F008B549E2385AF9EF6A8EA8C60C69D
:10E710005A90C39F65AD0086EAAACCA49291C1BB72
:10E720007D8D1697B79C0F9B94B4EFCBC7C2F5A70E
:10E73000A3AAB082C88C4596FD836FAF908DE9CBBC
:10E74000C2B66EB909D4E590D7C2D894BEA006AEC1
:10E7500082986DB7E2B383B0D4AF37BE589694D1E8
:10E7600024A610BBD4B35D9CEEA7EAA7CA99D2B386
:10E7700011AE71AA14E5FAB8FBE44AC7AFB667BF99
:10E7800073A257A800A24A9A4CB288BA9FCC1DCF58
:10E790005BD8C4C7A9C775B98AB08AA6F0B451B40A
:10E7A000B3BCAEB9A9B91BBE89B751DCA5BE19CEA1
:10E7B0001BD6C1A8F9D4FEA6D0BB13C427CFFBD467
:10E7C000E4FC34C596E812C0F0A75ED937A8E2E9A8
:10E7D000A9CE08C9D4CD51B20EC01AD34ACCC4ECCC
:10E7E000C7EA4ED464E65AA8AFC9CFBC9DC8EEE0D4
:10E7F000C8C6D5D978D404E880EC85E219D057D2C0
:10E80000A7B88DD224D2D1C7B5F0DEE0E6F3D1E0CF
:10E8100089DFF7CE0BD620EC31D408EE6CDF9CEB11
:10E8200086FFD5F7BE0115D95CEFEFC4E2F7F3DF41
:10E830008AFACFDA25DAF0E619D677282AE99CF4A5
:10E840004ACA21BBFAC5AE0531F70A23A910D00781
:10E85000B22734D1871BB0BC90EB5015CEE05929BC
:10E86000BCCB44EA37C9A4DF5FFEA40A4503E91D17
:10E87000FFE968FBC3F46EF175FA52F187001E00E0
:10E88000DC10EB1C8AFC660604F1E20D0805731B24
:10E890003FEB8706D7DEC00A01138E024A30000321
:10E8A00049272611B2017916D2E39126A801D91A77
:10E8B000A2183F0BB710042231190F2F0B2B0B0E90
:10E8C000C52F6905122C3C26DB241A15EC01FE0D20
:10E8D000A6F2E135A81C3639482DFF2DF92128165E
:10E8E000F91F16F2301A97067F21C033972463264A
:10E8F0004D125509C60039273B03A737B719CC1E5F
:10E90000F32B48271C461B21034DBC043A22652AE1
:10E91000851E67379B4330FFC333E5203410475CC7
:10E92000B220FD31FB3DE2177639741AF5369311AA
:10E93000843F1A2E2443F23DAC48862BF43CE32E50
:10E9400030274C47EC2ABE4CD449AA3FFE519530A3
:10E9500026328C28EA36923E6B4B2540083B7B2CB6
:10E96000B43DAA3EA2385551FE21995E22395E4639
:10E970006E4D1D14733E9933E33BAD628F530357C5
:10E980002E6746388D539C3E272B2967352F7959A2
:10E990004260BF433B60C259AE3C856C3B51B363A0
:10E9A00095626C2E364D9934A0422E76F93C6270F9
:10E9B000424CF35E4763A16BFF5C7B6AAF565656D1
:10E9C000095CFC4AA3606E710355FF7FE843905FCA
:10E9D0000B4D5451E457E3718559FF7F3564C16D88
:10E9E00017638059794C385E1A46746B2F67E0764E
:10E9F000FF7F80742278D971FD543A69CF43475C18
:10EA0000E351BB5D60659772796FFF7F3A722F5D4E
:10EA10005E6E55451B5F9E7210486B74B858A45EBD
:10EA200078779B6B12712572A679446EFE73CD5672
:10EA3000814511424E4C28642174FF7F1C76EF57AC
:10EA4000845D8C4B094EFF7FEC656875E979A844BD
:10EA5000E7665458F6584673CF5C5A68715A696134
:10EA60005351275F00553A535A5F55587C5ECD5B32
:10EA7000F85CF851DB5DC66B5E60D46A2861C845FE
:10EA80001856D85997513369075B53551A5EAF58DA
:10EA90009359AB685559556D26574C564756724594
:10EAA00024650F53D769085CDB5E1E590357344A4F
:10EAB0005E4753478B4EF7684A73607716768454E7
:10EAC0009A574D4E6347DF6FB14CAF5D7251423C78
:10EAD0005951D24A6C59D75C646280667263285B74
:10EAE00069592B3EA44AD4442544BA604142BA64D1
:10EAF000884CFE5A9B59D75C52506254A749FD4539
:10EB00001554654EC7570F59C3577A69C65D4162A0
:10EB1000A753E4343E387240CA3BB569FA53784E85
:10EB20002A48F32A2E41594F3D5C847AA95D355419
:10EB30005649572F903C565145362A4FCC454A2EC0
:10EB4000E04E5844823DEC56B635E4528C3E404A85
:10EB5000D948B12CA53AC932B9183F527226F545A9
:10EB6000475729296F4DD732DE14824E7C0FAF30C4
:10EB70008B3CB112E93E3B3A741721524E1A993E32
:10EB80007C35A21DAC2F0C22AE238D43ED227F22BB
:10EB9000AA33790F814ECD306430B022A9F94008F4
:10EBA000D301270EBF222030B92A9B3F0324A4158E
:10EBB000E11C63FD3C207A0A1D211A1883163820B7
:10EBC0006C18891DCB20E01A680F7B0FDC0534F927
:10EBD000D718D4F503093A0B33F4F70C091610EBE8
:10EBE000780C81EFF8D4DE1795F2490C601F3FE1F5
:10EBF0007EFD69E2B7E9C005E3F88B06C4FC24EDAD
:10EC000083FCE0EEF7E5DAEA6BD9C0DABB04B7E2E1
:10EC10007719BCEFCEEA8EFD5CC558F5DDD1B1D4D5
:10EC2000C4F140D3D200C1D411E940D1FFCACBE531
:10EC3000D1C822F09CCFCDE193DE5DB9E1DB05B216
:10EC4000E4B851E326C24FEA9DE9BCCD67E064BF5A
:10EC500056BD20C7C9AE50D840BD67C177C430BCCF
:10EC6000EAB240D158B798B62FCEE7B018CD58D3F6
:10EC70009BB99ED0DAAE36BCEBB652B606C0DAB05F
:10EC80004AB7EDC01FB302CC15C880A22BCAEEA8AC
:10EC90002ABBA6EB04CAA1E141CDABAC4BBFB4A5E6
:10ECA000A0C264A8A8BBB8AE79B3F8E19CBD48F394
:10ECB00034D4A6B6D4DDB0A6B4BFC2B88DB7F6B50D
:10ECC00039D5C8C6BDC7EBBDDE9A70B5ECA1FACE8A
:10ECD00088CEFEBBADD1E1AC90BC74CA53B601BACC
:10ECE000B9ACE1993AAE1CBA6DB588C5D4A75EA798
:10ECF00086A51DB046B949BA97BA69B28DAE2CA5A2
:10ED000097B1569EEDAD14BE07ACC8C6C2BA4AA4B0
:10ED10001FAFB893369B53B80CAEAED39FC6689A5C
:10ED2000E5B4108D779DAEC86DB345C6C3BC88A150
:10ED3000E4AE579E47C030B520B90FAA22989F91E4
:10ED40003FA1FAACE1A9E1B18C96D8960790689200
:10ED5000CA9C36A120A766B976A8A2B4D6A8C19647
:10ED6000DD9ECB8E589759A980A157AA0A9C5D8B2E
:10ED7000E095989F11A5B3AE75A23F8EDD8BCB8E2B
:10ED80009B82D1A3BA8F04A2999C429CE8A64C997D
:10ED9000BEAC828F1F9354908387128F8D93C88E41
:10EDA000D88C08A84695F9A00C9E2E86518D7C83A0
:10EDB0008284388FC98B73A0639F218BF1A07B8DD8
:10EDC000949473AD499F0090839D00805A8456921D
:10EDD000F7840E96CF93278A8D8C00809E8B398A7C
:10EDE000B08FE992C785638C25937D840B9D41820A
:10EDF000528B6189BB8A82870393668A1E8E8789BC
:10EE0000DB800F867F831A894E9BD288009D3597C1
:10EE1000DD958F99429F7797DE9CA699BE96688C68
:10EE200032981489C99000809D8E8E8603941D9718
:10EE3000E58D3890548DEC9FF99EE59BC1A34E8CD7
:10EE4000AF94699A6597C497E79E979A4B96FFA4EB
:10EE5000169FE79F7BA43E981D998096E69BA39FF3
:10EE60004B9CE4A2B09DF4A245A2F9981B9B009094
:10EE70005E9B919ED5A2E0A2C59EC0A2C29519A894
:10EE80005BA730B114BB11B861AFAF9E35A929990A
:10EE90006AAB31AE24AAE9A893A56CAAA1A57CB05F
:10EEA0000DB860B2E9BE79C89ABE56C691B397A7AD
:10EEB000E99C68A2D3A6E4AD19ADAAADEBA295ABCF
:10EEC000D6AC37B9B4BBB0C715BA89C014B03DB918
:10EED000B8B56BB89AB092B4EAA69EC177B476C9B9
:10EEE00056B321B708B329AACAB4F9B15FAB84C439
:10EEF000AEB8D8BF13BEAAABE1B20DAF19B044B7DC
:10EF00009DB07DBF5ABD9DBDEEC29FAC86B9BABC57
:10EF10004BBF26CD66C88FBE53C1A8BBD2BCCDC0E7
:10EF2000D7C1D0BEC1C4B6BB60CCD9C753D7EBD50F
:10EF300059D4DECA8BC95FC1C9C31AB812C05FB742
:10EF4000CFC2B7D210D136DB4FDBB6D091D527CBAD
:10EF5000A6CA32CEC6CB30D642D4B5C910D321C84A
:10EF600082CEECD707DABAD480E7C8D3CDDAB8D5E9
:10EF70005FD22DD25DE0CBD2C6DEDBCAE1D09ACE25
:10EF800061D409F1EBF42CFADD05B4D345E3EDCA05
:10EF9000F7D8AEEA28F8B1EFE103A6E6E5FC1FE7F3
:10EFA0003AF035DC0DE4EEDFFBEBB402370BF4078F
:10EFB000D80AB0E7A7E7E0ED2AF54F0B151301FDDE
:10EFC000EEFD95EA6DE62DFFA1FE15156418A80C5F
:10EFD00008FD76FB90E59E0633F6A7190210B313E1
:10EFE000A019C70D38F9EE13FAF2461C3F21D320C1
:10EFF0004E2646150708AA08CEFDDD0299FB7000D3
:10F0000048F10113A4FBDC27AE1B7223901EB61C33
:10F01000EF178026591DBC2BEF1619256A1D5E239C
:10F02000AD27541EC21AD91CEF1ADF31B02C5A3D3D
:10F03000AF307A2EB5207F1D930DE519B412522AF8
:10F04000D023C43BE4293736552C18291E24CE2A58
:10F050008422DB37B7370237DF39BD23F923632238
:10F06000E420A1371A3B803F8040CB30C322F429F3
:10F07000A528B83D344B9C485E501D38B13F4F2AFF
:10F08000AB2EE634213B724A205134410840FA2E1F
:10F090007B34F53E3950754B6B609240374A5131A5
:10F0A00005341B29B8380F335343954BFD46F454B0
:10F0B0005446663BA843ED2D073E5E38CF30C93637
:10F0C000AB357C3FDD533A4BD059454185415138F2
:10F0D0006139F533C43B2730153A9D3E1D46564FE6
:10F0E0000042523B9134DC34834E034D15586A3252
:10F0F0008632821B82272545594D53528E5C9B34A4
:10F100002C39EF37CD355350AC59744C2D6525470C
:10F11000D561F14CAA4F48387536F42C823B995191
:10F12000095ADA68226AE04D40551739C746F64653
:10F13000EF4A8456C84A73570A520E512D59F05857
:10F14000215B296B30524264ED46A054ED541759AF
:10F1500059618D584A53DF4F8E41AA5C984A3A68EC
:10F160003B56F860B1507167155BF76CBD571D5D7C
:10F170001C435F5E0653786DBF6B4E5F5562E15175
:10F18000994C5764E653D26C0B68A369316E3265B3
:10F190003C63FF523D49185C7458A77A047C96730F
:10F1A000286B9E5ED7583B6B5A6C8D7BE9766772F5
:10F1B000A162A3668857085E64624A604864F96E7B
:10F1C0009B67D776B8705E7BE473486E1C6E0A5DF1
:10F1D000285D2965D657E16DC15D936E6660E76D68
:10F1E000E06565739D714677937A9A6A9470806A38
:10F1F0008D686575C5731874AE76266BE5705762B9
:10F200000074156AAC75C376AD72066F4F71666097
:10F21000CC6D276334714C73817939790B79826FA6
:10F22000DE744967246F036CCC727A71D77D416FAD
:10F23000A07D1872BD790979A8780174D578A16785
:10F2400082747F699B70CB716B72B26CAE6B3F66E0
:10F250006F6A386A0C70DD6E3F6D686F1F711D74C8
:10F260009078FC7237730A647564E85E146199677C
:10F27000406E606EDB77336E4F74CA6AED690C685E
:10F28000F7673064186850671167546E366E4570C2
:10F29000136F18724C6FB66B266D0161C363636A9E
:10F2A00098696077CE70B468166DE35C2965036475
:10F2B00003606C65BD66CA6A0566AA6B5C5EBB636B
:10F2C0007E5F0467EB61B368ED6498643C612E5E19
:10F2D000DA53D1611754996B8462CF612E63815DDB
:10F2E000715A7B65335CF862E960B15B96600B5CD8
:10F2F000135B8763AE56B9613A5AE860F3621965E9
:10F300003D6AEF601463CF603758955DAF591C5468
:10F310003059D459DB578F6A2F6305660669DD4D76
:10F320009C59EA4BE650A5559654AA54924FD35691
:10F330007652AE5A8959AE5CE556F957CF546C4FA8
:10F34000F94C58500A48F752AD4B7A52AA4C4D54DA
:10F35000324D9F52BB4BE749CF46E044E33C144358
:10F36000A7380E42CA426048FA48F248A1453142E5
:10F37000D8411143944190420040623C393E95414E
:10F380006943C9489D435A41A33C843F5B3E0A3DC3
:10F390009D432332FA3A4A3BAB3A454224487E35F4
:10F3A000773C9433B7354C3C4140DF399C378E2F46
:10F3B000AD369234A43B2B3CCF33F534462C5A3235
:10F3C000DA2A10313430112B98283F2623268B233C
:10F3D000A02EF0270E28F525C8235521B0205C2744
:10F3E0005C24EB236225611914145D1E2F1902277A
:10F3F000EC24242069227716EF206A12D51B5208CC
:10F400003717FD02E60DE4095A10400FBD20A31086
:10F41000001F6E12161761182219AA12F21CFFFEA5
:10F420009115340423124116781C8C09E412D4F689
:10F430005F052C06EF13E71A851E720D0C0F83FD76
:10F4400027066706D00D4A0B4C051500B3F9B1FC31
:10F450007C02780AA00BCF0979051EFA01F753F94F
:10F4600037F556F8D4FAF0F59AF7A7024AF8AA0940
:10F470007BFD89FA30F7B2EB3BECF2F54DF2BA03C3
:10F48000F9FFF80075FEDDF58EF500ED7EF1A4F4D0
:10F490009BF0B6F934EFE8EE4CF0C0EECDF41DF67B
:10F4A000AEF19FF5D9E860F751ED09FB1DF9C6F300
:10F4B000BBF2A1E802E338E962E1BEF3C9EABCEFBE
:10F4C000CDE7E0DDF0D6BDE860DD26F9AFED08E47C
:10F4D000F9DF6ED464CF9FDD6FD1BCE0F4D580DF5F
:10F4E0004FD84CE25FD943DAA3D195D3DBCA62DEB1
:10F4F00056D763DAB3DE78CC6DCDE1CE41C197D17A
:10F5000044CDA3D075D838CE46CF55CE67C643D0AC
:10F5100062C90BCE19D0C6D0B3D125CE61C912CAEB
:10F520002AC41FD11DC3F8CCD6BDB0BE90B8C3BB92
:10F530005FBA02BF5FBF5DBFE2B8FCB9A0AC6AB200
:10F54000EAA9D3B7B3AE60BCBFAE82B629ADFFB4F3
:10F55000F4AF48B1B6A97DB194A06DA828A04A988F
:10F56000CBA76DA35EA9C1A5059C589C30A0569A57
:10F570002AA9DB989CA3C1A8CBABA4A66DAEE3924D
:10F5800049A23290AE9EF695FFA2E19E0EAB269464
:10F59000DEAAE88F0DA2889F3DA72E9B17B1B295DA
:10F5A00054A85099F4A76B9DF2AF9A9B71A646950B
:10F5B0005AA3A59B11A33B9B079F4F93B49E829494
:10F5C0003F9AB898949FDA9620A10893DB9E179AE9
:10F5D0008AA28F960E96898E7191BA97549C5798ED
:10F5E0009A9AFD90CF93A68F9395D990389A33939A
:10F5F000209A5D95319ADB94CA99BE8E5A96CB8F2C
:10F600002C9296955494A5932C9B7591D3943292F9
:10F610000893E596B59B0C9A54997897D7982695B8
:10F6200068972293928FD5935390969589916C9475
:10F63000388FE492D98DCF941A8CA99CD08ED89F04
:10F64000A0900999B28C0295CE88A394F382C890B9
:10F650001C84248CB0882A8B258268934583F29879
:10F66000CD85C18FB48008905E87C2990B8BD492F0
:10F670002885AD871283FD89EB84DC8E36861A8956
:10F680004B83F4827783C3873C85DC8D3287168F6A
:10F69000518A058B3189EB871F88178DC186A58D0F
:10F6A000AE885B88668B248C588A4B90628DC48BA5
:10F6B000EA8B058986896C8AF98A698C2585058A91
:10F6C000CB827985798672887686978A49898389FB
:10F6D000F68D21898D897D86E583B0856685D88301
:10F6E000C3883085448C158A348B3388328CAE8540
:10F6F0004B8E7D85508713890489F18A538EF0845F
:10F70000668EBA833D925A87918F7C88DF8F5686AA
:10F710009C93D485D98E5689DF91918A2397FF8A4D
:10F720001790A7890C8AA1896A8DBF8D5D9065901D
:10F73000DF927492EE964B90B394F48D5093678F52
:10F740005194D48E46921C8E3990218F908EBB900E
:10F75000DC8F068F8190D690E193DE936B992C918C
:10F760009396079845988E9C409DDD970F9A8D98AB
:10F77000A29A959966A0CB9C05A36D9D49A3C39DB4
:10F78000A7A262A0A9A17A9CFCA2EEA45DA5DDAC13
:10F790005DA768A5F5A74EA56FA59EA88AA666AD2C
:10F7A000CFA94BAF48A8EDAA5EA6D8AFF2A8D0B2B9
:10F7B000A6AE75B1EAAFB4B200AA48B2B7A565B6B5
:10F7C0006AAA01B949AFD4B6B2AEB8B52FAE7CB60D
:10F7D000FEAA03B93BACB0B940B340BBFCB577BAA5
:10F7E00017B6E1B9C3B2E7BDA7B48ABC31BAA2BCAF
:10F7F00012B8E8BD4EB854BD47BCE8C0E5BCAABFCE
:10F80000B1BCD4BE39C204C2A1C59FC464C3ACC5D7
:10F81000CFC558C1E7C458C23FC4F8C618C655C9B9
:10F8200035C347CB4FC510CA9DC76ECC3EC7B8CDB8
:10F8300079C74ECBBCC638CA25C8E3CD84CA8AD5A1
:10F8400092CB0ECF03CAA1C9A9CABAD3E5C909D5BB
:10F85000AAC8F3CE40CAE2CFF6C83AD605CFCBD677
:10F8600021D1C2D13ACEE6D136D3B5D4ADD4E6D685
:10F8700064DA33D347DB1FCF09D70FD3EBDA7ED55A
:10F8800029D77DD528D885D6F8DCE2D8D6D9CFD8E7
:10F8900085DD66D6FDE295D66DE2BAD589DFB2D8B0
:10F8A0002EE1BDDDF2E705DE8BEA21DB07E658D964
:10F8B00042E3FFDF66E4D6E21BE2F1E0F9E2CDE2EB
:10F8C00074E3A1E0AAE281E282E7A1E475E60FE039
:10F8D000F3E3CDE093E36FE549E6F5E7B2ED77E6D4
:10F8E0003AEDD1E7FEEA41ED10EBC2ED22EC13EE6A
:10F8F000D1F0B0EE99F386EDEBF114EF58EF15F07F
:10F90000C5F44DED06F845EC03F470F28CF55FF8A4
:10F91000D6F692F82FF619F90DF60DFCBCF553FE4C
:10F9200060F9C2FBBAFA0DF94CF667FF27F6090831
:10F93000DEFB550870FD0103D1FB1303E4FA4D0A09
:10F9400061FAC70988F8650448F8F108D100ED0CA0
:10F95000F0004E0C1AF8CC0DD4FC0B0D4404930CA3
:10F960004304DC0F0C059313D10726110D0B5C0E1D
:10F970003C10211685132419F411C312AE107C1209
:10F98000E3102017BF131B18AB125916CF10A31882
:10F990006216891BD816A11CE819681D5E1F891CF8
:10F9A000AD1DBF20E21F9127761F3329B61CD92435
:10F9B0003F1CC720B11B2822841CE025651B662E36
:10F9C000381D772C861B4E210C19FF261821052C7B
:10F9D0007D244128EC1FC427231E8323C420C42078
:10F9E0005E207E267A22C72D192D412C072DC62A8E
:10F9F0000A28B42ED429262A692AF928BD2FFE2FD9
:10FA0000D735CC301B37C82C6B383A2D8936223489
:10FA1000B5363333D23AC430A53986371A3A693A03
:10FA2000AB3F5D3CC03E0A3DDB3A75364738053199
:10FA3000A4350634A13AEE3EAC425343D144743F60
:10FA40000D42A73CA03C5A3A2B3B7A3E963C0C45D3
:10FA50002B3B7442DA3A0E3E5A3CF03C363EE93CCF
:10FA6000E941EE4168456545F24626446449B64899
:10FA7000B54CFA49FC4790435A416E453C4BCE4B3E
:10FA8000DC59BB4BE25A934C3358FE53795BAC556F
:10FA90009C5D8F50D759C151B558C1557F5CBF5936
:10FAA000A15E645CF65E1E5CC95F6F5E60632D5E86
:10FAB00010613C61195AFB68D06129668B675363FA
:10FAC000D75EF266155E56671F5FAA66765E796737
:10FAD000D464D268C162B16BD65E29720D65C772FB
:10FAE0007E67B06B5B67FF6DA86A0E73066B0C7068
:10FAF0004F691C6ECE68786F3369AE730F6E99785C
:10FB0000CB7403778B769871AD745273E2702A7759
:10FB10008B6F57745C720876A576B778327ADF758A
:10FB2000C4778479A679C77CCA7E03785A79267609
:10FB30006575897B6A753F7B87746A721C76B273C0
:10FB4000C675B2761873B373D770317B8675D47E61
:10FB5000347C66749976026EC76E30726F72E77687
:10FB6000CE760C750174EE76CA74D278FB76A472E8
:10FB7000DB76C572E0782D77B878F0768C79D7741B
:10FB80004A7AE573D27A1A78197DC17AAA7C1178FB
:10FB9000087FF773877E3272817CD578937D9D7A5A
:10FBA000FB771471E674A66E24787D72587A3673EA
:10FBB000D0796F73827916720E79AE6E9271566E2D
:10FBC0004A707B71A5769C6F02763D6A6571016B08
:10FBD0009E6D8D6D5D70116FA875A16FA2746C6BB9
:10FBE0009071E26AB5719C6FD775FE6E56772B6B7C
:10FBF0004272C568526E05681F70676DB973CC7329
:10FC0000C5772B72987885710B76D9733F76F56F2F
:10FC10002A737D6FA571CF74CF75F1741675337328
:10FC2000A9737C723071A571816DA4720970A8747A
:10FC30005872FA74186FC474446D1A771C6DDD74B1
:10FC40005667FF6D0467FE6CAF6C8670776BED7462
:10FC5000636A9F741C6B5E70D56A8270A3693C7086
:10FC6000896AE66F396E8F6FBF6B656BDC665B6BA5
:10FC7000B363FD6D8A65BA6FEE6BA76F0D6E266D6F
:10FC8000EA6D706FED6DFD701F6F9B6E426C3B6D8A
:10FC90000E68516A4969FB69E167466C8768326C96
:10FCA0004D6AD06940670C67F5629469FC60206C0E
:10FCB00024658C66C663725F1B5D905FCD5AF563E9
:10FCC0006A5A5463B05BDA60D95C5C5FF25CD25A0A
:10FCD000F357F6595F55FD5B3A594158B656F653FE
:10FCE000E2541B55D1566F562357E25416573A54D7
:10FCF0009255DE52FB53504FE04F844C064D6B4CF7
:10FD0000FD4D784F3D4FB94E4850CB4ADE4D7F4BAD
:10FD1000A14D2D4B104FBD469F49BA44EA451848A6
:10FD2000F0492249364A67415942EC3DB73E4643C5
:10FD3000A643A143EE45283EF041D13BA640B23C4C
:10FD4000E1405D39FB3C1A33CB391A32CD382434CB
:10FD5000773A2534823BD3304437902DAF34093184
:10FD60002538C334653F39307A3F4B2B9F36672C9B
:10FD7000A735CE2EA23A2D2EC039B62CEF36332E13
:10FD80004936752E6234562AAD31E2271632D5290E
:10FD9000C734392E6035412F2D30692A9C2B6228BB
:10FDA0000D2D6029832D7D28472A10281328D02760
:10FDB000582919279929D024B9260423D0222B2485
:10FDC000FD207123A724A8233326712684235B24D6
:10FDD0003720801E2B1C831C031E921F94211D2084
:10FDE0009F210A1EC821941E25203E200620E323C1
:10FDF0002222A62430211F1E351EEB19D71BAF1C53
:10FE0000711A1B208618E11D3618941A2A1A011C33
:10FE10008D198F1BAD161B18F0134B192812761D68
:10FE20005A105E1C790EE918E111111766141A12A6
:10FE3000B20E5611950C5E169A106915B011C410C9
:10FE4000600F090DC00A1A0CDB06570EE108970E69
:10FE50003F0D9D0CFE0B340954070E07ED04990667
:10FE60005A065A065A0A4309530A140A1107230666
:10FE7000B203FF009B0057FE4401D3020402940525
:10FE80003402A901DE016EFE2AFE2DFE64FBAC00E9
:10FE9000D7FAAE0036FC72FB28FA77F6C6F11AF7ED
:10FEA0000FF068FBABF563F979F379F513EE07F71B
:10FEB00091F142F49BF25EED4DED07EC67ECA6ED9F
:10FEC00026ED72EB41EC4CE878EB77E8D3EC91E768
:10FED000E7ED3AE5F8EC7DE3E2ED3CE049EDE9DC05
:10FEE00031ECCFDAA6EAD6D9D1E745DBC7EB45DD61
:10FEF000B6F0FCDA14EE02D701E98BD728E9C0D6B8
:10FF000051EC60D33FEB2CD43EE8C4D44DE467D32E
:10FF100035E183D39DE261D46EE21FD61EE002D5A7
:10FF200095DFF5CE48DA63CC35D377D1EED5B1D4B1
:10FF300094D9F8D130D792D03CD4D8CF36D0DECCBB
:10FF400047CD18CB21CCCDCA52CC67CBCFCC31CC4E
:10FF50002ECB3ECC90CB89CBD1CC34C849CCABC5D1
:10FF6000C2CA81C73CC8D8C742C480C4C5C2FBC28C
:10FF7000EBC868C48ACB6CC63EC69EC7C2C21FC649
:10FF800034C27EC451C3B6C6C6C4AAC7B2C4C1C2B5
:10FF900095C044BF4BBCA7C174BC22C25FBA24BF8A
:10FFA00090B682BF0FB671C159B6A8C149B4B0C0EE
:10FFB0007BB14CBC33AEE4B7C6A956B977ABAABB8C
:10FFC0001BB03CBA21AF94B919ADC4B8BBACE9B30E
:10FFD00096AA05B274A878B5B3AAA4B6E8AB3BB5A7
:10FFE00069AA2DB32AA9B0AFABA742AE43AB4EAFBF
:10FFF0008EAD9DADFBA741AA49A368AA41A393ACCE
:020000040801F1
:10000000F4A5A6AE90A7F6AFBFA7E6AC32A62BA983
:1000100027A3A4A954A2D0A8869FEDA6B49C6AA742
:10002000969E1DA4EC9C04A0379968A32C9CE6A482
:10003000F79BCA9F3796409E8B98E49D659C299AB2
:10004000209AFC994D98199B67979098E997249767
:10005000B7998A95B2982D90C895958D5498AC9083
:10006000689EE2913D9D628E2298038C2F97928B21
:100070001198A088F295C885B2943487B597D58831
:100080003E98CC87439625872595F0861A947F85E0
:1000900096937F8420930D84A5910A83598E9D8326
:1000A000708D0B86368FF585B48DF282508B9382DE
:1000B0006E8B8184128A62832B85C2812883EA81B8
:1000C000D284F1800F8414829A842286878887875D
:1000D0006B8966871788FD86F187E884EF85EF8551
:1000E000DD8533880C87428538824386C8835B8DE3
:1000F0009B8B568BAB88468511838888F584428C10
:10010000CD85658C3582A8908984C193098B1D8F1C
:100110007488B08A4981998D9380F193BC865195FA
:10012000CD898C8F6A84D28D3F822994D986AE94F2
:10013000A186A48F4F828191BA843595BB8896930E
:10014000C38775922B883F93E3883B911887038F71
:100150008385399147867A9457896294E88A6092B8
:10016000FE8AF0907D8C19908A8F86903B90E59165
:10017000C88D6591098EDB903C9278925395E291FF
:10018000F991458F518ED2902D91C49422944A9426
:10019000C8941C91E7925390468FDD91C88FA69327
:1001A0004692F5936591C5938B8FBD92FF8F119009
:1001B000318FDE908F8EAF93AB918C9249927A9172
:1001C000F38F2893678FBE920090DC8F94901990E4
:1001D0001E91E4925493D5926D963A90FE95178EA7
:1001E0009094918F4997F79229999492EE97A391C1
:1001F000DE98A193649B9494B19B43936F99A592CD
:100200008C9A9994AE9E3A97039FBB979D9E819638
:10021000EB9E2997749E129ADA9EEC9A999EC69A42
:10022000339D739CE99CA39E239F4B9F6A9F5F9E77
:10023000FF9C0BA07F9EA7A26AA16CA266A0BBA395
:10024000069FC8A400A027A2809F54A2249FF4A6C2
:10025000FEA1E6A816A309A8DDA22EA9FAA3E5A986
:10026000E6A4F9AA2CA6C5AC6AA772AAB2A7EDAB00
:1002700081A97CB209AECEB2FCAE50B169ADFFB37C
:100280002FB030B69CB1C4B60CB18FB831B3E8BA58
:1002900060B35BBB44B207BDFBB44FC0DBB7C4C0A7
:1002A00068B6F2BFB6B476C05DB619C2B6B84AC475
:1002B0001DB981C5F5B8F5C44CBBBBC5DCBE6FC963
:1002C000F1C0A7C917C081C6E7BDB9C6B1BF6DC728
:1002D0001BC31DC837C472CB11C644CB14C783C718
:1002E000C8C674C8C3C980CCFCCBFACC98C945CB6E
:1002F000DAC7CFC9A2C8B3C94DC9ABCD7CCAE2D158
:10030000E3CC1FD13DCDB7CE97CBA4CE0ECBE5CE5F
:1003100014CB30CEAFCBA7CFFFCBD9D110CC59D295
:1003200015CE9FD3D9CD33D363CAFDD0EECA3DD20B
:1003300081D07CD3D9D24CD2F3CFBFD24ECF22D4EE
:10034000B0D16DD49BD277D427D2C0D4B4D3D4D477
:1003500015D7D8D377D65AD37FD3DED45ED572D50E
:1003600056D93DD551DADED7ADDADCD9DEDA33D96C
:10037000CFDA08DB84DDBCDCACDEB3DAF3DC5ADBDD
:1003800057DDFADEE4DDF7E035DE5EE225E0B9E1D7
:100390009FE054E1F5DF42E650E232E8A4E2C0E239
:1003A00016DC40E147DA1DE731E227EBFAE693EA93
:1003B0007EE4FFE9E1E279E93FE416E90DE6A0EB2E
:1003C00019E84CEDFCE7C6ECFFE787EEA5ECCBEFB8
:1003D00049EF54EFA3EC2EF294ED47F52AF3AEF477
:1003E000DEF491F5B0F3A5F834F46AF9ADF5B2F99D
:1003F00035F8C3FB25F945FE7AF806000AFAF4FF42
:100400007AFC470066FDAF0338FC4E072EFBBF07A2
:10041000B5FB9106D9FB0B074BFC890743FE42064F
:100420003EFFE1072CFEDC0BEBFD800BD8FDCD0978
:1004300074FEB80ADD0116096C0269074800560B04
:100440004502E90C8705B308DF042607CA03D4096F
:100450006907490C960C980C320E8E0BD80D230BA5
:10046000550EC30BDD0E310E941067118E14BF11A3
:100470006715D1102E1303127414E313DB16CD1479
:1004800050165E15C6157B168516EF170B16031949
:10049000AC14411A9C157C1BBF17881B94160B1CAF
:1004A00049140F1EA315861E5D175F1D95168D1E20
:1004B000A616E92155187E23E618C921D8179120E0
:1004C000A618C6227F1C9E245D1E4524661D82241C
:1004D000C81E2C253621FB26D0214A2A1424712A35
:1004E0009E26C028AE26FC2AAB28B02DE42A0F2C6D
:1004F000F628E52AB0283F2EA22C11316E2E753039
:100500005F2E1A319230AB3238313132062F4134FE
:10051000F22F20376A322F34603183325C31133648
:100520002734A5366934A1357534EC36DE36D73636
:10053000C9374837683966390C3D8C39993D013ADD
:10054000953DD13A1E407B3937413F3A00437A3CD2
:10055000F247FE3AD9492C390248EE3A8E48083E15
:10056000834BBC3FB04CDF3F0D4CE140CA4CA9422D
:10057000A74E2C43EB4E7144CE4E6B46E84E0D46D3
:10058000974CF145C24AF848C14CBD4BE44D864BEF
:10059000074CD34AE64A7B4CA14AFF4DE049084D3F
:1005A000A44AAE4D6A4DFD504B4F2A52CD4E7B5161
:1005B000984D94519A4D4052894FD95392523F557C
:1005C0002D545255C75359569654C0576F57C0575C
:1005D00091590259A65A155C1D5C5C5D5B5D075C18
:1005E000225D375B4C5C695D2B5DBA60315F0862F0
:1005F0005F5F1E62BA5EE7623A606964AA6139664B
:1006000082607B67525FC867685F1E688C5EFB68AC
:10061000AF5CFB69E55B726AD45C2A6AA15E076A1B
:10062000305F626A355DC26A835BED6ACA5CD96A13
:10063000FA5EF96A8260246B8562BC6A7E64306B04
:10064000A565446CF7668D6BB968C66AB16AA86B1C
:10065000B76C1E6C546EAF6C3770E36D6E72186DB4
:100660009773B86B9D74D46C90764C6E1377F66D5F
:100670007E75776DAB74F86D3775416E4675F36DA9
:100680001A75796EA875D66E2D75946D0573836D88
:100690003772036FEE72226ED871376CCB6FCB6CF2
:1006A000606F926D286F496C816E816A456F9B699E
:1006B0008670E269A370B16AE370E16ACB715A6A2D
:1006C00040725469B9721968C673AA679474AA67AC
:1006D000F9748A66C2741A6513746D6538751F667D
:1006E0006577C864B07692637975EF643677AA66E9
:1006F0009E77186727752B675D74CA66B0745A6653
:10070000C9730D675573F167B6729168B270086A64
:100710008E6F7B6B2F6F2E6C686D7B6D536BD66EFF
:100720008C6AE66E756A756F6E6A1171356A17713B
:10073000986920708B69F170E26AA9723A6CE37370
:100740001F6C9074386B9D73A56A26727A6B7572F4
:10075000D86DF872426F5A729A6EEC71386E8E7163
:100760000B6F0871EE6F8670B96F036FC06DF66D19
:100770008D6C406F226E3B70A36E526F676CC06EC3
:10078000996BE86EFF6C496E826D1B6D296C226D52
:10079000606ACC6EF169AE6F626AF96E956A076F36
:1007A000AF6B6B6F5F6CCF6ECF6A7B6FF86AE07078
:1007B000896D816F266D636D3B6B7B6D126C906DE7
:1007C000076D8A6CB16C2E6C836D166C9A6EF36A31
:1007D0003B6E4169606DDF671B6DFB666F6D2C665C
:1007E000FE6CEE64FB6A4C635F69C761FF68C060C2
:1007F0004268A05F06679E5D9F65B05BCF63C75A86
:100800009962A8590B622758006129583160EC5849
:10081000CD5FB357875E8555035D0E55F85BF15488
:100820006C5A27530A594651FB58B550FA58C850CC
:100830005558AE50F057524FB957B34DE657534E37
:100840001359B84E2B59104CE956AC4AF3554F4C3E
:10085000CD57EF4BAA5822499057CD477756C547F9
:100860000B55934710544D47FF54D04687557D464E
:10087000F5537646A6511746DF4F6046DD4FA04739
:100880004A505E470E4EAC45784BEF457C4BE947EE
:100890004B4B7E48A5492748494891481147A448F1
:1008A00022460C4898452D487444D248ED43E5480B
:1008B000BD44FE47F1449C462244A74658435D4848
:1008C0003043FC482944C04728459F460B45FF4517
:1008D000E1443B455645AE44A84580443745E9438D
:1008E000D4435C424042F1406C410B41F0407841BE
:1008F0002D403B40753F923E373F923E3A3FC13ECE
:10090000843E383D833C413CB03A903D853A813D40
:10091000DD39793A0F37FA38F835273AD437DB39E9
:1009200050371A3867345637B6331936AC33143467
:100930007D32A3334232A5330F323A326331F6307F
:100940001132553079328E2E6A31AD2B7530A22995
:10095000952F7D29412F8229BA2F96274F2F4A257F
:10096000D62E3D24DF2EC722412DEC204B2B3920E3
:10097000C62A7C1F8329B81D5427F41B9D25EF1A16
:10098000F6233F1B9A23A61B7924C319BF229F1766
:10099000061F2D18C31DAB18C01DD316F51B8815D7
:1009A000A61ABD15F71AF014151AA7139C18BD1333
:1009B0009E187A1331181812F616E011F7160D1258
:1009C0007B16BE109414DA0F6C14CF0F9B15610EBA
:1009D000F314820C79130D0CE412500C42126B0CC0
:1009E000BB118D0BAE119D099110AC08B00E2E09F4
:1009F000B30DF9089B0CD807E20A5607370A160709
:100A0000C5093306FE07BE056E067506C305FA0660
:100A1000F704D206A304E406F00478067A04CF04AF
:100A20001C03050482028605F403CE0693058405A3
:100A3000C5043A032703FA01DA02A0010D03DF011E
:100A4000B40320025904430173033600CB02D9FFDB
:100A5000320313FF110222FE660072FD200010FC1B
:100A60003BFF2BFB6AFD4AFBF2FB49FAB8F9F1F8B0
:100A70004CF78AF877F6BEF66CF5FAF35FF24EF3B0
:100A800029EFA7F39FEDC9F2DEEC4FF188EB02F0FE
:100A9000F7E9DEEEDEE8EAEDD1E7FEECA1E6ACEB4D
:100AA000B5E5E5E9ECE487E844E4A2E723E4E4E51E
:100AB00024E449E41EE4B6E40DE570E4F8E5A0E0C2
:100AC0005FE442DD22E200DE8CE26CDF22E345DE01
:100AD00063E151DC4FE083DB46E17EDB80E12CDB30
:100AE000CEDF8BDA17DE60DA81DD9AD9E4DB51D80C
:100AF00038D94CD906D9A0D90FD8DDD553D273D463
:100B00006DCFBFD661D1C3D4BFCE8AD130CAA2D3F4
:100B100056CBE3D4CFCB1CD20FC881D031C6FCCF8B
:100B20008EC675CE8BC665CC31C649CA9FC554CA20
:100B3000BDC68ACB96C8C3C9BCC760C7A8C7A5C66F
:100B4000DAC94CC429C93FC22EC887C339CB89C36F
:100B5000BBCCC0C032CB6CBFDECB6EBF37CD9BBE33
:100B600059CCF4BDF5CB1ABE5DCC65BE69CB67BE72
:100B70009FC975BDB6C7D9BBC0C5CDBA6DC47EBA55
:100B80005BC3BFBAD5C1CEBADCBF54B985BD3DB8D1
:100B900061BC39B9EBBC88B8F3BBCBB57EB9B2B593
:100BA000B3B800B694B7FBB2DDB4B0B0E6B498B059
:100BB0002FB7C4AF7DB7D1AE8DB6EDADA8B5B3AC90
:100BC00013B591ACE3B514AB4CB582A730B212A704
:100BD000A0B14EA82FB374A624B289A5AFB04BA77D
:100BE000E4B0FDA56AAF71A267AC6EA231AB2DA4D3
:100BF0000EABE6A25EA963A0B7A65BA023A554A195
:100C0000C5A3E0A0E6A0D49F279EC09E359DAD9DC4
:100C1000979C959DE99AA29D1C99DB9CE998B09CB4
:100C2000AF99269DD198F29CFC96EB9C1D974D9D0B
:100C30000A982F9C63970E9AC8967E9A5A988C9D14
:100C4000D19A879EE89B419CA69B6D9A419B2E9AC8
:100C5000069B759A869B5B9B9D9CB89B459CD89AEE
:100C6000289B789A479BB29A999A879A8498529A25
:100C70000D98C9991398B298039649985394F2988D
:100C8000A19481995194C698AC922D97B7912896CA
:100C900022917695588F9394598E0A94738F069368
:100CA0006B8FE391C58E4492F190C2919692558FCD
:100CB0009D917D8EAD92DB8D7B940E8B9493178AE4
:100CC0007B94118BCA978E89E5974E875D96F8863F
:100CD0005097B286FB988E85FA98A0833F971C8226
:100CE0003296768317983A850E99DB8305960E82A5
:100CF0006D93DB81EE927D810B922A81EC911381C1
:100D0000B9916C80F18EA580778D5581BA8E7880EF
:100D1000138E2880808C6981E38C5081928C838033
:100D2000988B2D81808CB581688D8781218D6C8118
:100D30004C8D28814C8E60820E904C84C590D2825E
:100D4000018FD3802F8FC682B192628481935F839B
:100D50008F911A8311914A839D90FC83C7902486BA
:100D6000FC92A685C1910283AF8D2484328EBA860F
:100D70008A8FC586128C8787C389D0891A8BFD8A92
:100D8000C88A5D8B80882F8BCC86FF8A0286C58CB3
:100D900096863E8F5687A890D38681913C861C917B
:100DA00025869790BA866A921388DB935588D292EB
:100DB0006488AB92938A2794208C7395DD8B8F96F1
:100DC000078D4C96D58EB694BC8FB49441918D9579
:100DD000D3917595E390E395229207962094CA9457
:100DE0003C934D95C0922097BC94E195D394819308
:100DF0007B92B89448923B97C293E196D992BD9565
:100E00004491E09659926D989393A698EC92C89865
:100E100061920B99FC917499D691999A9C93519AED
:100E2000B59446982F93C3981C939C9B9995599C75
:100E30008E97B69B0E99369C669AAA9C8C9A499C72
:100E4000269B449BFC9CCE997B9E6A99B19FCF992F
:100E500075A03A995AA0C9985DA1DD9855A3059847
:100E6000EDA39E9709A4439860A4059890A38E973C
:100E700079A2A89727A218972EA2CC9623A3D6973B
:100E80002CA46099EEA31E9BF7A3EF9B86A4379B2F
:100E90002DA4359BFAA3509C57A4359D85A4809E14
:100EA00075A5D29FABA683A003A7C9A1FCA70AA3DF
:100EB000BFA94FA382AA05A4BEAA72A5DCABC1A696
:100EC000D3ADCFA759AF93A8E4AFC1A909B1B2AAD6
:100ED00079B2CAA9D9B178A9D6B08EABC3B108ADE1
:100EE000A4B250AD88B26FAE8AB214B0A3B2C1B191
:100EF00031B3B3B29BB377B27FB2CEB3ADB1E2B68A
:100F000044B273B8B8B29EB9B9B355BC8CB551BE32
:100F1000E0B5B5BE44B5C0BF5AB685C204B95DC51B
:100F2000F8BA38C6E9BAA2C636BBABC83DBE47CA96
:100F300032C1D7CA06C227CC0CC3D0CCEEC489CCF0
:100F400026C78ACDB8C96ECE8ECA4FCE29CA1ACF4F
:100F5000DACB57CFA9CD14CE6DCD68CE67CE20D0D9
:100F600069D059D012D098CFDBCE71CFD0CE06D079
:100F7000E9CEE1D0F5CEADD165CFE5D2C1CFEFD38B
:100F80006FCFB2D354CE77D42FCE68D710D0F7D846
:100F90007ED19AD87CD162D9DCD1D0DA94D2A8DBC8
:100FA00088D39ADC2DD5FFDCD1D55BDD49D615DFA2
:100FB0002FD9EEDFCFDB34DF49DCDCDFEDDD0BE109
:100FC00051E041E0B4E00EDF1AE1BFDE7CE2D0DEAA
:100FD000F0E241DF44E372DF9CE47DDF23E63DE0A5
:100FE0005FE7E9DF29E73CDEB1E5DDDE5CE67AE1DB
:100FF000CCE833E2ACE804E20EE761E395E749E4CC
:1010000077E835E419E866E617E907EAE2EA44EB2F
:101010008EEAF6EB30EAC7EE11EC8FF09FEDA5F00B
:101020004FEE55F2F9EF52F441F131F50EF207F7B8
:10103000A8F43BF861F79BF783F895F807FAD7FA1D
:1010400007FCF1FBACFD04FDBAFF51FDC200CFFB74
:101050001C00BBFBAA00F7FDC1025EFFBD03FBFE47
:101060007A03BBFEE303050054054C0196050F010E
:10107000B303F8001C024E01CE010701A9012F02A3
:1010800055022505EA03570704053E083405EE0717
:101090003B04D707A803580A8C058A0C3B073A0C77
:1010A0001707FE0C6608050F1F0BF70FE30C0E1158
:1010B0005D0E2D129E0F2C12331019120711731290
:1010C0001F124F13811326141C15F713F315641404
:1010D000E0164E152D181F144618FF1226182E1450
:1010E000AD1807152218E114B7165F1514167816F7
:1010F000BE166717EE1750179B1709172916021807
:10110000E115D018D8153F194E15B61AA015961B23
:101110004716D01B4017911D2A19491F051A9E1FFB
:10112000C919B81F871A981FBE1B5E20861D282369
:101130003A20E5247B2123249421C12338238424CD
:1011400008259224EC245924EF244D25AA2655265F
:101150000A28B726E0270B28E2277E293D281329F5
:10116000BA27B8284827A9295A27F329E726EB29BF
:10117000C426A72A6F27162B5927582B8B26852C78
:101180008C26162E9227E42E5528F32E6828982FA9
:101190007629D2307D2B18313A2C8931FB2CC4337F
:1011A00020303D350F335A349933F43331347935A7
:1011B0007436F43612399637513BCB37023D4337FC
:1011C000553D4937633D4639253FA93ACC40843ADD
:1011D000AF40783B88400A3CC03F803B4C3E8B3D53
:1011E0003B3F9A3FC43F8F3E0D3D4A3FF73B544142
:1011F000773CFE400D3BBE42033B2346903B694596
:10120000E9384044C3371746BA399F475C3A984893
:101210008B3A2049353BBB485E3B304A303D584C09
:10122000823F394C22403C4C0542364DF1448F4DB3
:10123000F745134E9146504E15482F4E354A7F4F75
:10124000F24C6050254E4D4F8C4D414F6E4E9B5091
:101250004B50CD502D50974F6F4E654EDC4C2C4F60
:10126000B84CFC51DC4D1A538E4DE650964A004F57
:101270001648F64F1D488E5130482B516C4666502B
:101280002B451F520F46D754FF467155DF46405439
:10129000E74656533B472B54AF472D563148BF5670
:1012A000F147475667488957804BFE58A64EE3588A
:1012B0001350CB596352D45B7D55505CA356F85BF9
:1012C000A756015C7857895B8658795B0F596C5D2E
:1012D000A359BD5FC05AC75F2E5B995E515A085F24
:1012E000325A5E60135BD860F95A31614A5A3861EC
:1012F000CA59B760455963616F5902622059286124
:10130000A1576561BC5752622859D661E659CE6132
:10131000205B0362B15B4B61275B0862885DD7622B
:10132000F8606F615961D761B96283647166A764BF
:101330006167BC621F66AA618966DE61706894633A
:10134000CB6A2065506C5664586BF56282691663EF
:101350008B69D1639A6AD463456A7663256916649A
:101360005369E165006A4667326949677B67B4661D
:1013700027660167276560686864DC68E6638F67D5
:1013800027632967E462C3694B64606C0065C06BC6
:10139000A062C66A5361AE6C2164456EEB65CB6C8E
:1013A00047649C6B25648A6E10689F735F6C32740F
:1013B000C06BAB6F7D673E6E2A67F46F48692C6D1A
:1013C0007E66F46A8164ED70F8691077826ECC7580
:1013D000B36B1E720867AB713066F3733568EB73DD
:1013E000AC66816F3A60D16D395E1E720C634B74CE
:1013F00016648471F55E4D713E5DCA75656107784E
:101400004363CB742C5FF4712C5CF773B95FFB768C
:10141000E3643977BE658476F063D676BD6358772A
:101420008A65D6760D67FF753D68F775386AC975A8
:10143000506B1E75246BB0758C6CC176366F21763F
:101440008A70727484702B73A86FA572826E037297
:10145000356E8D6F2E6E7A6CDF6D026C256E066DAB
:10146000F06D116C946BFE69FF68BF690A699D6A33
:10147000616ADE69CC69E267AE67FB66B2669A674D
:101480004D676268D967B86705675F663D66016743
:10149000FE671968E5698866A9681C65C967E5651E
:1014A000D36989650E6B2364D16A2864976B0764DE
:1014B0006D6CEC62956C0962D86C1E61516C8B602E
:1014C000316B3D60086B1F5E1F6B0E5B4E6ADA5915
:1014D0003D69975957681458C2664656A564185610
:1014E000B0638856546369557E619053875F9B5201
:1014F000985EBB513B5CE9503359ED5099589D5073
:10150000945865505A570F52F156CC53ED56C65366
:10151000BE55C753F95489542255F954BE54095540
:10152000DC5319553253D15501535B574A53DB579E
:101530004D539D56C352A25552525D55A751595411
:1015400032505753394F0B54D14F9B54E94F8F5260
:10155000B14D7550B84BD750A64B96508C4A104E93
:10156000F947394C9746484BB645D44958443F490A
:10157000894398494442574979400D4934401F49AD
:1015800050402E49B13FAF49B83F0A4A2C3F6B4902
:10159000233DA148463C5448EE3CD048423DFF49DB
:1015A000AC3D274A5B3ED748043E2448F73C2048E0
:1015B000B13C3A47123D9A461B3D97474A3DED479D
:1015C000BC3DE045DE3C4743783B9841863BFC3FD1
:1015D000343B503E2039663DCE37D93CEB37C03BDB
:1015E000A537153A05371A38C03643365C364235CA
:1015F0002635A13421337E33B231A632FE3180321A
:101600006D32B23124318E30952F7330E02F5D3042
:10161000F630822FDC30DC2E1E30EA2DD62FF32B55
:101620009C2FC72A6B2F7F2B8B2FBA2B2E2F88290D
:10163000852EED26032FBF25D72F89244B2F8322FC
:101640005D2E7E20FF2D551ED52C941CE52AA21B55
:101650007A29CE19B6283817CF286D15DB28321411
:101660001427F013732529146425B21233243A1178
:1016700086225A116322C0104921A410D11F94124E
:101680004E20D3128D1FF811C11DF413C21E0C166B
:101690007F1F1D16BD1DBF161E1D5817771D5F1716
:1016A000231D2519661DBE1A451D0E1A391CC119A8
:1016B000291CE119E21B1C19C01AC719F61A911A44
:1016C000731A3E1838175E169A153F17A616E216BB
:1016D000D715B21483131813C312E411C0123B11AF
:1016E0004A12B610B410D90E520D710D050BC70D6C
:1016F000350BBC0D360A590DC107A10DC5060C0DE1
:101700001F06B40B9B04F20BCE03BA0DF0039A0E26
:101710000E04A30DA003E60C1603F60DAE03040F92
:10172000F8032E0E0602AC0CA6007D0CCA01D60CE6
:101730006C02920B8D01F809D201410A3403B509FC
:10174000DC022E069E0004032CFFF70130FF0F0180
:10175000E0FEACFFDFFD4DFE3DFD17FD15FDC9FBB5
:1017600059FCBAF94AFAF3F72BF881F7ABF770F6A0
:1017700064F726F498F56EF374F4ABF48DF586F403
:1017800070F5E7F1B4F262F0AAF194F1BDF24CF217
:1017900024F2D4F1B1F1D6F11DF340F1DCF2F8F00E
:1017A0003BF28FF215F421F273F472EF28F384EF19
:1017B00096F471F021F6DEEEF0F4BBED61F486ED07
:1017C0005AF593ECFDF528EC58F636EB2EF67DE84D
:1017D0000EF5F3E6E3F3F4E624F31FE637F259E5FA
:1017E00007F152E5CBF09EE4A4F1E0E33FF1D2E350
:1017F000C5EEECE252ECA2E15DEB59E29AEBF1E3CB
:1018000013EC9FE3EEEB9CE247EB51E37FEAD4E479
:10181000E0E985E504EA81E5C2EA8CE529EB32E6F8
:10182000DEEAFAE6C2EAF6E6D6EBA3E626ED95E6B0
:1018300051EDDFE5EFEC9CE4A8ECC4E4C5ECA7E5D2
:1018400063ED35E425ED99E129EC7BE112EC6EE2E4
:1018500097EB95E134EA61E0A5E912E08AE8DDDF83
:1018600066E6B5DFEFE523DFB2E5D2DD62E3D8DC83
:1018700092E176DC08E180DC8CDFEFDC32DEE6DC56
:10188000CBDEC8DC7EDF4FDD30DE30DD13DCBCDCE0
:1018900045DB58DD10DB7DDDECD954DC35D92CDBA4
:1018A0000EDA23DA24DA33D971D885D8A3D79BD7B7
:1018B0003AD855D7DCD760D7A3D6D7D45BD5D8D004
:1018C00079D3C4CF78D2ABD0BAD2C9CFA5D10FCEFD
:1018D00050D06ECD9FD02BCC10CF96C98DCA10C8DA
:1018E0008DC7E0C728C7CAC68BC6EDC461C588C40A
:1018F000F1C47AC51CC47BC5F6C18FC4CDC034C445
:10190000D5C0B2C35DBF90C21BBE08C246BFD3C123
:10191000EEBFA5C164BF55C2DCBFE3C2C0C0B5C243
:1019200092C1F4C232C2BBC29EC11FC137C1B2BF95
:10193000EBC14FBFAFC258BF64C3BEBEB9C214BD76
:10194000BFC0C3BBD9C0CABA6BC187B829BF9EB6D6
:1019500058BDCBB6AABDCCB63ABD17B5FEBB32B3A7
:1019600010BBD2B231BAEBB396B960B407B9E4B2E6
:1019700056B829B170B7C1B0DEB5E1B0F5B45EB00C
:101980004AB5EFAF20B515B161B5D0B266B7AEB20A
:10199000C8B812B1B7B87AB02DB98AB126BA92B226
:1019A000BDBA8DB26BBBF1B130BCD6B02FBC30B07C
:1019B000B8BB46B119BCAFB194BCFEAF6EBB2AAF89
:1019C000CFB9CEAE38B9B7AC77B891AB14B794AC49
:1019D00003B63DADDEB463ACE8B2E3A9AFB033A863
:1019E00070AFE7A910AFA3AA42ADDDA7F0A9F8A692
:1019F00051A8B0A857A823A818A70EA67FA528A667
:101A0000F2A5C4A749A7B1A753A76EA534A671A490
:101A1000C5A595A61FA769A8D7A807A723A919A593
:101A2000F8A80AA60AAAE6A74AAB36A73EAB91A534
:101A30001EABC3A5F2AB93A689AC2EA653ACD3A420
:101A4000F9ABF8A3F0AB9BA41EAC16A577AB3DA4F5
:101A5000E7A9DCA3E0A8F7A30DA841A3BAA616A3A3
:101A600013A6E4A38DA544A427A4C8A483A3FDA51D
:101A7000ADA38CA604A327A60FA230A687A148A7D2
:101A80007AA12DA844A25EA843A333A9BCA317AA98
:101A9000ACA380A976A353A959A417AB0AA65FAC3F
:101AA000D5A609AC44A7EEABC4A743ACD8A7D3AB2B
:101AB000C8A811AB1AAA94AAD3A9A8A974A9D4A892
:101AC000DEA953A944A9ADA94DA83EA80DA8F8A622
:101AD0008DA74DA749A747A739A823A6C4A8B2A593
:101AE00071A731A62BA69BA645A705A7E2A800A72C
:101AF00083A8FCA5F8A7B6A5B5A84EA771A9D9A833
:101B000050AAD0A88DAB32A803AC78A85AAC58A97B
:101B10005EAD55A9E0ADB9A8BDADA7A82CAE91A802
:101B200097AFADA8FAB05AA98FB094A840AFECA671
:101B300002B031A769B158A715B081A57AAEA8A4A3
:101B40009DAF17A55DB06DA4A9AE83A37CAD1DA309
:101B5000B9AD2BA23EAD59A102AC67A11BAB42A10E
:101B6000CCAA8DA05EAB81A025ACD8A1A8AB91A3D7
:101B700075AAB5A482AAADA59CABF2A628ACD3A841
:101B8000A2AC4CABB3ADA6ACBBAD62AC07ADCDACBB
:101B9000DBAD67AEFBAE19B0FCAE51B2CBAF2EB42D
:101BA000F7B0FFB386B038B3D9AF7AB3E0AF34B48F
:101BB000C3AFF8B410B01CB55CB010B46EAF37B39F
:101BC000B0AE6AB3E9AE9BB381AE0EB367AD27B2D8
:101BD000AFACE8B176AC6BB223AD8FB280AE5BB286
:101BE000BFAE6FB2ADAD76B2E8ACE4B2D8AC1BB468
:101BF000BBAD36B5F4AF42B6AEB15DB708B220B8F2
:101C0000E5B29FB9FFB3BFBB35B498BC79B5EEBCA4
:101C1000BCB76FBE60B829C0A1B829C158BAEDC120
:101C200098BBBEC2F2BB03C302BD4BC2CDBDC4C193
:101C30005FBD70C29DBD0FC327BFCFC213C08DC291
:101C4000C5BF57C252BF47C1F7BE67BF60BE08BE1F
:101C5000FDBD7CBDF5BD53BCA9BD8EBA4EBD78B9E6
:101C600090BD78B8DFBD4FB7CBBD4EB77CBECBB70C
:101C700014C04CB70EC18CB673C1B8B614C286B7C7
:101C800042C2E6B74EC210B8E2C34FB946C6E4BA84
:101C900063C749BB25C77ABBE3C657BCB8C70CBDF1
:101CA00069C9A8BD19CAD0BE59C920C04CC907C14D
:101CB00062CA73C1F0CA6CC114CB1BC153CB07C13C
:101CC0006BCAD7C022C8DCBF68C6E4BFD9C6A7C1EB
:101CD00076C877C112C847BF06C6A1BF5AC697C10A
:101CE000B8C7CAC143C6DDC10DC5DBC280C62AC3A1
:101CF000C6C68DC34CC54BC5E1C475C774C50CC9F8
:101D000083C655CA99C708CC68C7C4CDC1C695CE8D
:101D1000C3C62FCFE6C608D144C799D3E1C7F4D4D0
:101D200012C811D5F3C707D6EEC79CD782C8A6D76D
:101D300057C93AD73FC951D81AC9B8D9FDC907DA26
:101D40003CCA26D93EC907D8E5C851D8D1C9E5D87B
:101D5000F2CA07D840CBB6D7B5CA59D882CAE3D79A
:101D60008CCBA0D715CD5BD88ACD55D80FCDA1D8B7
:101D7000A0CDE9D908CF14DA75CF08DADBCF4CDB78
:101D800020D106DCD3D157DC6CD205DEFBD308DFD3
:101D9000B3D45BDE0BD436DF48D467E1A8D56FE15E
:101DA00032D662E0E6D573E02BD6BDDFA5D628DEBD
:101DB000AFD6E8DD2FD79FDDF5D7D3DBC9D7FED966
:101DC00045D760D84BD7E8D697D75CD6F1D783D51F
:101DD0002AD8E4D345D80FD391D859D2FED823D1ED
:101DE000AED91AD130DAE3D1BED914D236DA86D2DE
:101DF00004DDBBD34ADFECD44BDFBDD53FDF60D67B
:101E000026E083D73FE113D9D1E24BDA93E4E0DB5C
:101E10003DE534DEA0E5F8DF93E72DE101EAA5E238
:101E2000A8EAC5E32BEA46E473EACCE4A7EB66E54F
:101E3000AAECA4E5B7EC6EE547EC42E535ECC2E56B
:101E400077ECEFE6ECECA8E771EDD1E671ED5BE63F
:101E500031ED73E87DEDEBE904EE81E8A3ED58E8A0
:101E60002FEC98EAA9EB86EBEFECA7EB8CED55EDA8
:101E700044ED1AEFFEEDD1EF42EE08F1D9EDC3F3D8
:101E800040EFA5F6C7F028F8F2F066F931F281FBD1
:101E9000B2F38DFDD5F35BFF6EF4110130F57D02D9
:101EA0003FF51E04F8F5DF0462F60E04DDF52104AB
:101EB0002CF6190548F61205D2F592056AF7930635
:101EC0003EF94A05ABF7C9020CF5C3019EF40302C3
:101ED0004FF54E028CF5AD0116F52E003AF4D1FE09
:101EE0001BF4ADFD22F5FDFC31F686FDD8F687FE2C
:101EF00059F7D0FEEAF64CFE95F55CFD8EF533FD04
:101F00009AF78EFE97F9B7FF56FAEAFF2EFB4A01C1
:101F10001CFDB103F6FE030442FF24034FFFB1048E
:101F2000B1014F07DF04940770050E07D604680857
:101F3000D405FE0915077C0958071D088407FD070D
:101F4000E1078F0873087308E1089D07AE0876065D
:101F50003609BC057F0AD1052E0AF90505092806B0
:101F60006E095A06B20AC005760B34058F0B82053E
:101F7000620B3706F50B1E08DD0CC0090C0DB80806
:101F8000E30D9F0841101E0B5112B50BF8129E0B6A
:101F90004813810ED614C81045176B103E186210F6
:101FA000F1174E119D18AC1279194C145D191F15BB
:101FB000F3198015891BF415BF1C0D166F1D6A16C9
:101FC0003F1DE016251C1C17E31B4018A01C8019A0
:101FD000661CC6191C1B901A9D1A7E1BD61B7A1BE9
:101FE0005E1D1E1C301D771D2F1C981E931C892002
:101FF000F51DE921191F5521D61F46222E20B62591
:1020000002218027B922E02689236D262523D9269F
:10201000952348287625352A8327222ADD27FD2780
:102020008A261227B626032800291728AB29BC26A2
:10203000B5279125F625872410264723F626CB229F
:10204000B1267C223E256E214F24D0208623B0204D
:10205000342222202622F21F6F23AB1FE2227B1E96
:102060002D20C71E601F00218F212C22AF22742239
:10207000C9213423E821AF23B2229D249722502680
:10208000DC22CE26E923F3265D25EB284B27F62A12
:1020900065280D2BF928B22A762A6E2B5F2B6D2C22
:1020A0002A2B3A2C352B012BEA2AC02A802A8A2B8C
:1020B000A52AEA2AA22952290E28FF28E827A128C2
:1020C0006D27442764253E2793233628A022BC276A
:1020D0002D226C272E220429FE21412A07215A2A6B
:1020E0002720182BF920522CBA221E2DDD22372E44
:1020F000272225303223583280255D348E27B23591
:1021000066291736522BA936E22C1A387F2DA439AE
:102110007F2EC53A8331773B5F34D53BE234393C7F
:10212000EF34293C9F35623B3F36663BD637753CE2
:102130000E3A743C343A8A3BE838BB3B0539CE3B17
:10214000E639E639A7398A382A39E2390839AE3A08
:102150004438D63801389D378F39D0377A3A4C37E2
:102160006139C237E1387B39E239FA38E73A693701
:10217000B03B73375E3CA0376A3DC337723F0739C7
:10218000DC40403A05411B3AC041C138BF42E93703
:10219000D542D0382C43263ABE44113BAD46893B4C
:1021A0000C47033B6445F43AAB44433CD945043DFA
:1021B000D345D63C47447F3C1C43093CF741BE3CD9
:1021C0006641313ED741053EA940373D4D3E123D67
:1021D000F53D0E3D373E353E0D3D5A3FD73B413E26
:1021E000073B063E253BD53FFD3C2D40C43D4540C9
:1021F000833CA442693C9544B93DBA44F63EEC4464
:10220000EC3F4E456D3FB345853E62467B3F5B46A6
:102210001E404346D53F774702415948D940674859
:10222000993E7349AB3FA44AE741174A0E4004491F
:10223000A83E4349AB3F454A2F3EDB4A5C3C534BEB
:102240006B3D434C8B3DB44C783C8D4BB03C814A4C
:10225000063CC34B613A884DBE3A9B4D153C484DF8
:102260001D3C6E4DD73B774D0A3D504E213F2E50C1
:1022700045409950C9405E4F3842EF4FF343715289
:10228000DB4412531E4549515B453D50BB4644510A
:1022900024491F52844A0E51924AE44F914AA64F54
:1022A000774AE94E8D4A304E9A4BD14DA94C5B4C42
:1022B000874CFC4A264C284B394D4C4AB24E284795
:1022C000D44DC145D64B7047D84B10478B4C164464
:1022D0002A4C8E44E14C8246CE4E0244BF4E8A4286
:1022E0001C4D81467F4D77482F50C246F8512F47ED
:1022F000E15100497F527B4A7D54D74C4355B64E3D
:102300003B55674F2457904FCD58504F7E574F50F5
:10231000C456A1515B580651A4586251CE574E5332
:102320004E58E8529C588F51D95718510057CE4FEC
:10233000CE554C4F2C555A4F8F55294D8F54304CFC
:102340004C52DB4D89517E4DF751624C59513A4DFB
:10235000774F6C4C114EC44A414EA74C234F564EFA
:102360009D4F0E4D2F4FFE4D1D4E16512F4EB75106
:102370005F4F7E513A4FF352814E10555B4FE456FA
:102380009050EA570851C7581A51965A3C501F5C52
:10239000544F715C00508F5C9D50CA5C7A4FF35C67
:1023A000A34E335D364F1E5D574ECC5CB24BE45CA2
:1023B000C34A325CA14A7F5AC548115AE44798592A
:1023C0003848EA568F461355564568554F468C5542
:1023D0000346D4540B45AD52CB455C505646C450D1
:1023E0009F453D513345274F38469F4DA147904D5E
:1023F0003D47874D1F47CB4D8A49DA4C9D4A104BCC
:10240000DA49004C654B224D404DEB4A044DF548EE
:10241000F24C1549A94C4549F74B8D48CC4C3F46E9
:10242000F94C5444264BDC44934A0C454A4B5043E8
:10243000D14AC540D749D43D5D49C73CCE48DE3D71
:102440004C48F23C3548C33A1148B03AC047123ABA
:10245000C847D737FB479C376247CC383846B53832
:1024600008461B381947C33779474237FC451537AB
:10247000A9449F376745B0386D46C8391B46F939BE
:10248000AC45CE3954454D3A82447F3AE543CD3A86
:10249000F942A53C9B41733D6841A43B3241EA3A75
:1024A000543F6D3CD63D063D963D723C1A3D923CF4
:1024B000223C8F3D0D3B623E0E3A723D0039A83BF7
:1024C000F4373B3C1C383F3E55389C3EE636D63D03
:1024D00043368B3DC136743D5C354A3D1E349F3DCD
:1024E0002335113E3F35FA3D01341C3EF833523E50
:1024F000CA34B63D51356D3D7535493E8335B23EE2
:10250000DA350E3EA935723DDE34D13CBB34583C41
:10251000E834F53CD934123D96344B3B463381398F
:102520003432E0382033FD3788330236B731B634E1
:10253000E32FD3344C2F0034892F2B32902FA5302A
:102540008C2EAE2EF22D5A2D192E432D5D2D022CE0
:10255000FF2C882AC12DD72A112D182BA22B8B2AAC
:10256000322C622A882D122AD72D4C29CA2D8A296D
:10257000D42DA42A912D842A362DD1296C2D7A2A86
:10258000A22D3A2B0A2DDE2A0A2DA72A652E292BE9
:10259000182F1E2B7F2E8629A42D2B28A12CF02846
:1025A000582CE129462DDD28252D1927762BC72506
:1025B000762A4724C629F9223F28E022B227EC22B6
:1025C00066284022D4273321F625BA1F1725BD1EC1
:1025D0006825AC1E3E254C1E4224061EC723921EB3
:1025E000E223B71E79232A1E1F235C1E6D23931F2F
:1025F00091233520B323501FDF23A51E5323E91F4A
:10260000C0220321882278201C22E12009224A22AC
:10261000C921F0215C20FE202F1F3621401FC7203A
:10262000851F531FC41E391FB31C22206E1B6B1F36
:10263000831B5A1DB619931BFB16441AD61689190B
:10264000A2161519301408184E12D2169E115016E3
:102650000911CF15BB107D147810A2136710111447
:1026600057107114BB0FA413AD0F2B1203100212DD
:10267000C70F28131D10101384109A12071034135B
:102680008010E912E61119128D12B711BB12D31086
:10269000A412E510E31203120B148011D913DC0FFE
:1026A000B911B40EF110BF0DDA11DF0C9611E40B65
:1026B0001910F30A4D0F010BE50E170B070EB809A1
:1026C0004B0DBF07830C4706510B4506B20A110795
:1026D000E0098205D90701032E070D033608BA0366
:1026E000A7072004A106B8046D07610365079601DA
:1026F000C60599011C05B301330514028C051203AC
:10270000B90659027007A70030072D00D4062D0026
:1027100067063A0034064500DC0537FF92041CFECC
:102720009203ABFECE0396FF6204BFFE3A0404FDA3
:1027300081024AFD5800B0FE00007EFE760042FE97
:1027400027FFBEFE45FD5EFE41FD38FE8DFD58FEB5
:1027500005FCE6FDA5FA5EFE21FB3EFF04FCEEFE55
:102760003AFCE0FED1FB8400DFFB0D025DFDA90019
:10277000DEFD54FE0BFC05FF74FB1C0014FD70FE17
:10278000E0FDC1FC09FE39FCDEFEAFFBCBFEA3FB86
:1027900049FEF6FA4CFF7EF890FFBAF6A8FD90F6D7
:1027A0004EFC4DF594FB83F301FA59F3DBF8D0F2BC
:1027B00030F82EF1D8F6B8EF00F5B9ED01F34CEC96
:1027C000D7F180EC76F103EC15F06AEAA3EEA8E904
:1027D00050EEADE91DEDF0E8FAEA09E817EA3DE848
:1027E0002DEA36E8BEE9ECE6B4E8BDE5F2E70CE632
:1027F0007BE819E7EDE9B6E612EA9AE4D8E8B5E233
:1028000012E9A5E257EA0EE3ADE97BE161E8A2DF58
:1028100087E83BDF30E81BDEB3E6FDDBA4E545DA05
:1028200019E488D89AE1D9D65BE020D6F1DF26D525
:10283000FDDD12D3A5DBEFD16EDAB0D1F2D8E6D050
:1028400095D6B3D072D4F3D05BD317D0B8D23DCEE7
:10285000DFD0E3CD9FCE1ED0FACD74D0C5CDDBCE78
:102860004DCD98D0BFCDBFD22CCEB9D1D7CD7FD151
:10287000B6CD0AD3AECDCAD3B8CD76D44BCE7ED5A5
:10288000C8CE33D5DECED3D4F0CE11D6DDCEEDD644
:10289000ADCE36D693CE9BD440CE9AD3F1CD2FD4A5
:1028A000CECD7CD322CD1AD14ECCE7D0CACB9AD193
:1028B000F0CA66D05CCAF1CE54C9F0CD1AC6EECCCF
:1028C00042C4D5CC05C6D2CC7EC6B8CBF4C431CB7D
:1028D000A5C5A0CB65C70ACB7BC7D5C98AC75FC9C9
:1028E00034C8F1C8B6C7FFC79EC75CC720CA3CC77B
:1028F000EFCB04C75CCBE6C665CCBFC6C3CEC9C5AB
:1029000039CFC1C494CF27C4BBD04BC362D010C24F
:102910007BCFC3C0F9CF79C0C5D0BFC07DD02DBF9C
:1029200070CF4ABDC3CE7BBD97CEA3BD6DCDD4BC09
:1029300042CBD2BCE3C9D6BCE1C8FEBB77C72BBC37
:10294000EAC6E0BC5AC639BCC0C419BC4EC4B0BC4F
:1029500079C4EEBBE2C234BBA2C157BBECC2F0BB30
:10296000DBC4DFBC04C572BCD1C32DBB70C3C0BA0D
:10297000F7C316BB4DC4CCBB8AC4EDBA30C42AB968
:1029800066C38FB93AC3B0B9D2C2C9B7A7C187B6B7
:102990000FC0FBB551BE53B5BABD1CB538BD83B42D
:1029A00009BB4CB363B9BFB2A7B878B265B6A2B1E0
:1029B000C7B3EBB124B3D8B389B39BB475B264B3D6
:1029C00007B0B1B22EAFE3B3C3AFAFB516AFB9B670
:1029D000DFAD7EB7B8AD46B80DAE51B89FAE39B8D1
:1029E0006FAF83B9B0AFE5BA33AF9CB902AFF0B700
:1029F00007B08FB96EB1D8BA42B1FFB8A5AF30B841
:102A0000F9AEA4B8A6AFD6B6F3AFC9B48BAF1CB5B8
:102A1000B9AE39B5A3AD53B3D7ACBEB1FFAB89B135
:102A200054AB17B1BAABF4AFBEAB46AF72AA66AF48
:102A3000F7A8ECAEDFA7F9ADD5A76BAE42A8C1AE43
:102A400068A73BAEB8A64AAFADA7AAB080A866B04B
:102A5000B3A824B08DA933B121AB9FB290ACE4B23E
:102A600046ADDFB2EEAD93B394AF35B4A3B1AEB41F
:102A7000BDB2E7B34BB380B29AB492B312B620B5ED
:102A8000B9B665B415B767B368B74DB3D6B7FCB27E
:102A900086B800B2E0B8FFB04CB960B0C2B9BDAF03
:102AA00011B97CAE01B87DAC4BB7F9AB6CB60FADCC
:102AB00025B6C7AB22B66FA94EB5F8A931B5E7AABE
:102AC00052B6FEA972B618A913B52AA95FB403AA13
:102AD00076B57CAA72B690A98EB546A920B5FBAA98
:102AE0008EB75CACC3B98AAC03B9BBAC0EB8F6AC5C
:102AF00076B8C3ADF7B8C2AEFAB97DAE35BBEBAEB2
:102B000028BBB9B01BBA5BB136B9E6B1A6B916B3EA
:102B100054BA8DB292B8D8B167B65AB3BFB6FAB448
:102B200047B709B514B607B449B44FB32AB3A3B431
:102B30004CB3A7B58FB3AFB3DFB284B21FB2C6B385
:102B4000B5B19BB483B11BB522B23EB528B379B4FD
:102B500038B3E0B370B2B1B32BB270B451B223B595
:102B600044B230B422B389B314B58BB431B686B550
:102B7000EFB5DEB4B1B5CEB354B6C9B300B7AAB39E
:102B8000B1B60FB42BB6E3B46CB695B490B61AB523
:102B9000A9B510B6ECB4BFB5F6B455B58FB3E6B46D
:102BA000D9B075B527B0AEB6EAB0C4B6C4B0C6B633
:102BB00020B027B60FAF5CB525AE9AB6ACAEDDB788
:102BC0003BAF86B712AF8AB6E3AE08B668AEAFB613
:102BD000DDAEB3B728B029B8CBAFB5B75CAF2DB772
:102BE00085B127B743B453B6E9B416B536B426B5A4
:102BF000B3B42FB629B672B639B60DB5E9B54DB333
:102C000006B7AFB2D1B759B380B7A3B360B7F1B1CC
:102C100006B79EB0E5B58CB123B55BB2C5B420B2A2
:102C200003B424B270B331B212B399B285B2C3B354
:102C300017B2E3B377B19FB361B1E1B482B295B596
:102C4000A4B24CB5ACB178B6B6B15DB810B222B989
:102C500069B2EAB8A2B33FB9C2B440BB54B534BDFF
:102C600016B6E1BCC0B6D5BB13B7B0BC21B877BEB1
:102C700009BA3EBFF2BABBBEDEBA8ABDBBBB7EBDDF
:102C800092BDBEBEBABFFBBE42C1A4BDB0C004BDB2
:102C9000CEBF22BED1C072BEE7C19FBDDAC19CBD0E
:102CA000DCC1ADBD54C2A6BDF5C2ACBDE8C2B4BD69
:102CB000CEC124BE2AC15FBD96C10DBD49C2DBBED7
:102CC0001DC363BF53C35EBF85C2E8C01AC2BDC186
:102CD00068C294C1D6C29BC2D4C373C4F8C430C501
:102CE00047C59AC52BC596C665C5CCC769C6A5C9D3
:102CF000E7C78ECADDC8A8CACEC9C3CBFACA82CC80
:102D0000D8CA5FCD3CCA1FCF46CB65D01ACD59D1AA
:102D1000FDCD6CD19ECD98D0F9CC5FD017CD49D1E7
:102D200024CDACD2E5CC1ED3A6CDBDD3ABCE4FD5F2
:102D300073CE2AD5CECD1FD41DCEA5D4E6CEF3D4E6
:102D400030CFA0D495CFD4D52ED0EED65DD063D6DB
:102D50001DD15CD65AD240D6DDD254D578D345D6D3
:102D600036D4B2D7EDD327D7FBD324D788D553D8C1
:102D7000D8D6ABD821D735D9CFD75CDA92D8E3D91A
:102D800009D8E6D8D2D79BD937D9EEDA02DA02DCF5
:102D9000AFD9CCDC09DA46DD3ADA01DE2FD969DEBB
:102DA00096D849DEF7D852DF0ED9DCE0F9D87FE0BB
:102DB000DFD8F6DF09D800E17ED72FE121D8A0E0E7
:102DC000AED88DE1EDD8DFE24ED9A3E205D96FE1AF
:102DD00004D957E1B9DA10E290DC25E20DDD33E2E7
:102DE0008DDD85E28CDF9CE2A2E11BE2CFE150E1C8
:102DF00033E243E104E5C9E19CE77BE281E8D0E20C
:102E0000E0E935E3F5EBB5E4FFECF1E4E2EC83E374
:102E100029ED80E3CCEECAE4A2F033E6CEF05DE724
:102E20000DF02EE8C3F037E913F265EA68F1A1EB83
:102E300036F05FECABF0A5EC46F10AEEDDF045F0C4
:102E4000A6F094F196F11FF217F32EF3E0F380F45D
:102E5000FFF369F5C6F46FF67CF6F4F6D6F747F69D
:102E60005FF810F6C4F90AF7D7FB6EF7DEFB41F7FF
:102E7000D3FAE9F7EAFBDEF727FEA6F647FFFCF5F3
:102E800093FFCDF52300B6F645016AF7740172F59C
:102E9000BAFF1FF46AFE61F5BBFE2FF6E9FEF0F5FE
:102EA00014FE53F6C5FC7CF74AFC64F8F8FC0BF9F9
:102EB0008AFC09FA8BFAE8FB21F9A0FEABF8A10025
:102EC000A5F8AF0191F8D502C0F7A30478F73C0745
:102ED000F9F8040978FAF00946FAA80BE1F9B30DFC
:102EE00007FB030F58FC450FB0FCBA0F57FE6911E2
:102EF000E3013112D7033811BA03A610C204F1104E
:102F00005006CC1041064B106206930FEC07440E9E
:102F10009E092C0D000B740CEF0B6D0C9B0CC10C5F
:102F2000850D280B590E5F090E0F9A09D00FC409A1
:102F300080108B094511E009BC11620A1E128F0A2C
:102F40007C13F20AE014670C39154C0D7916D60C77
:102F500060199A0CEB1A720D771A2F0FB21B8E1094
:102F6000671F2B11FD21A5100422790FE321BC104E
:102F70004823C612CD244C12D9246411942479110B
:102F80008E2587112326DA10432442107822B810A8
:102F90005823AF10F323241019236F1033237B1011
:102FA00076221D10D71F6E10A31EDB102F1ED91006
:102FB000BA1C7011031CDB12851BAC132B1AA71350
:102FC0003B19241460189715A617CE1641189117AF
:102FD0009618CB18191894190B19AC196C1A0B1BED
:102FE0006D1AD91CC31A9C1C741B5D1C421B8A1EC3
:102FF0009E1B0A202A1C9F1F861BE31F291B1C20C7
:10300000071B1A20AF1A8821B91BE4228F1C7723D3
:10301000671BFD23A51AE823921A5C248D19382614
:103020000019DB269B190E26B5197427D718A12A7B
:10303000DB174A2CAA17542C5B18B82B0919E42B60
:10304000C219C32DFE1A722FEB1B8730321CD031F0
:10305000171DD431401F2D316321F13137223E320B
:103060005922D330EA225C304124DC307A26D52F35
:10307000B728572E2829F92D7928352D5C295A2B68
:10308000FD2AEA29AD2A8F29E5292329142AF227C6
:1030900068298427C128002892296C2774299F2633
:1030A000F6270827F6261928C325E62841243528BF
:1030B0002F240F28F6245E2AAB24E52BAA234E2CBE
:1030C0009D23052E8C24E92F1A25703029254730A1
:1030D000152604313E286832282AEE32D12AD2320F
:1030E000512B2333312D04342A308633F7316831A4
:1030F000F131CF3030336A3161363B30BD37252E68
:103100005237B82D4B386C2D65398B2B2A39A42AB0
:1031100081392B2A973A7D28573B5328C23BB9283F
:10312000693BDA27F63ADA27073C65285C3DD72861
:10313000533D4C2A2C3DE52BD03DF62CAE3E982E2F
:10314000DA3F22302441A430D84137325B42063581
:10315000B943D3368745FE378F45B138B243BC38C3
:103160002643713AEF449E3D5446173E0746D93BED
:10317000C145613B7046DA3CCA46D63DFC45313E0E
:1031800072443D3E1F43A33EE5429B3E9C421E3D92
:10319000DD409C3C4B3F583EDB3ED73F4D3D843F9E
:1031A000763ACF3F7E396642673A1444553AA54392
:1031B000013A4344AD3AED46823A04498339B6496F
:1031C00080397E4B563AC14D0E3BF04E4A3BCF50B4
:1031D000903BEF52143CB653E33BE453DD3B735456
:1031E000A23DCC55A03FE956C33FED568C3F0D574D
:1031F000E040A65787414E5700401456873F76550A
:1032000080413B55EC42915432423C531C41D751D2
:103210006E41E051EA41D751274143509340634FFB
:10322000D8404C4FE840564E2741FC4C0042964C4B
:10323000DF42064DE643064C7A44CD493F440749F8
:10324000204574491D4751498A484148C4496F4740
:10325000284B94477B4C19470F4D89459A4CCE44D7
:10326000314D9C44704E45434D4E9A421B4FBF43D7
:103270000751934351500441F84DBA3E2D4D143F30
:10328000234D3F419F4C3A410F4CB03EEC4AC13D6B
:10329000CB48993EEE469E3E0346873EFB44FB3EAE
:1032A0005A43F73E9542483F6E425C3FEC40343E05
:1032B0006B3F633EDF3FCD3FFF40F73FC041E83FFC
:1032C0002642ED3FF841B13E1D42E43D3843053F03
:1032D0001844223F8544363D95458A3C45476F3C1E
:1032E00019495A3BD34A983A8D4B60390C4B5438A4
:1032F000ED4A1E38CB4BC636924CB735FD4C3D36A9
:10330000404D4936744D8E35364DD735404C8A3652
:10331000884B0736D94AAA36F349AF38554A53394C
:103320000E4B133A9D49173C75470C3E6047B43F1E
:1033300085476E41A94526433D440A44D3449244FF
:103340004C454F46C7444D491B45FC4A24468B4AD1
:1033500043460E4B63462A4C3B463E4CA144254C0B
:103360000144094C4445304CBF45694B5645FE4924
:103370009E45BB49EB442D49954292489641684889
:1033800031425247F5412F46C8402146AB3F1646D1
:10339000A83E8B44A03D8A433F3C5544F33A9344B6
:1033A000A33A3844B039334380379A425F36A64453
:1033B00047360645F03588425E354143CB34B84543
:1033C000203491443633BE42DF325B43D5329E43D4
:1033D000D932CB4222345F422235A3418A347F4026
:1033E00069347440E635CE406537003FA236783CFC
:1033F0002F35893C4536963C0638733A063877397E
:1034000082379F389B36AE358E35B33411368135D1
:103410001E371D34AA371D33DB371534C53642330A
:1034200062356F31DA3440316634C5306B34CC2FBD
:103430006535FD2FD336F02F2637642E4435122DF7
:103440003A34AC2DA635CC2EBF36BA2E8637492D50
:103450004A38482B0237BC2A0A36322B8C382D2B9F
:10346000493ABC2AB23732293F3544280B369429D1
:103470006D372C2AE6367C28B034D1267933CA261B
:10348000C0336F27DB32732786316527A8310728C1
:103490004431F928302F3C2AD52D132B102E302AF9
:1034A000762D0329062B1F295429602A4A2A672CC6
:1034B0009A2B112E172B6A2F102A5830BE29642FF1
:1034C0004E29282E2828232F09288B3067291E30C3
:1034D000BB29483027290D32EB29A331752B702FDA
:1034E000262B222FFB29B22F412B3B2F882C5A2E23
:1034F0005A2BAC2DF32A142D352B202C7B297A2C1A
:103500008C288C2E202A452EB9295B2C3E27AF2CE7
:103510000B27E82DDD27602ED926412ED1248F2EB2
:103520005B247B2FA225DC2F872572301324633088
:10353000FE22C02FE1219930912187306F22692F1F
:10354000D622EC2FC12201302923EB2EA223302ECC
:103550001424CD2C3124442B4523682A7123BC2804
:103560004B25DD263426F725A0269625AF279F2458
:103570009527F1228E26ED21E926B420D427DA1FE3
:10358000222883208A283D20B228951F5828FC1F16
:1035900094275C202226B01F30258D1F2526262249
:1035A0006327422377260C2266254D238F259B25F2
:1035B0006024FC25E2223324DD22D3238922B6268F
:1035C0003A227F27FC226125FD220924B821B52358
:1035D000C6204F240821ED244D2286223122E61EEA
:1035E0001C200E1FCE1FA41F3821B31CC2206A1935
:1035F000721E4617641D8C16FF1EAA15B21FC91233
:10360000E11CD7110B1A2312F919590F661A970DDD
:103610003C19390FF017DE0E2B17D50C6615220D4D
:103620005013DF0D4113FD0D3314E30E8D12A00F67
:10363000F80FB8100D112D12A3124E110110B20F78
:10364000BE0C5F100E0CFC11C40B1813CD0B27130E
:103650003D0DE2116F0D1F107D0A0B0F6708B20FB1
:10366000470A940FF40ADB0C8008CB0B79082B0D6A
:103670008709780C3A08330959072906BC062F0533
:103680001A05CA05D30487060C060D075806FA0565
:10369000FD04B503B8031C0381030303AC03F70265
:1036A0003B045804FB04E4058605F706B5058E06C1
:1036B00051061F061E08CC076F08D508C207160959
:1036C000DF080D0925098E08430946094D0BC80876
:1036D000230C25075C0CEC071B0DEE08960CB407B9
:1036E000CA0C8606FA0E7006CB0F6405620EF6034E
:1036F0007E0DF403D90D8803AF0EA401990E1900B5
:10370000000DECFF530C37012F0CA002F90A8901C0
:10371000260A8AFF06091D00B507BD022508AF0469
:10372000C807F203DC05D8026E0502040F05680520
:10373000700311061F020B0693007C05EAFFAA0521
:10374000A400050609002006ACFE920617FEC70578
:10375000F0FCC502EBFAB90040FAC300E5FA6C00D0
:1037600046FAEFFEF1F88AFC58F8F4FAFFF7E0FAAF
:1037700084F72FFAD0F6D4F7C2F505F517F444F420
:10378000A0F20AF486F1C6F2C8EFCAF287EE3FF360
:10379000DFEEF4F242EF9BF258EECCF2DAEDB0F24B
:1037A00006EE38F2FDECD5F317ECEAF4D4EBF9F4BD
:1037B000C0EBC7F699ECC9F66DED73F504EEC6F5EE
:1037C0008FEED9F5BBEE7EF5B5EE4BF60BEF86F638
:1037D0009BF094F45AF2F2F3DBF295F33AF2DEEF57
:1037E000D4F1C4ED32F265EEC1F11DEC38F137E8E9
:1037F000F7F02DE811F093E9A1F072E76AF229E5FC
:103800004AF2DEE440F0E8E325EF01E35EF073E323
:10381000D7F068E502EF17E798EEBDE5E1EE23E5A6
:10382000F9EC2EE8ABEC69E9ADED21E9F0ECEBEB5E
:10383000B0EC3DEE10EC0FEFE3EBEAEF78ED8FEE3E
:1038400078EC5DEE4FEBC3F086ED02F1C5EF3BF097
:1038500093EFA4EF73EDE1ED86EC2FEDD4EC05EDE5
:103860001CEC27EBE2EB99E819EC2BE6A4EAF9E46F
:103870006EE8A1E436E8BFE2DBE889E0CCE6A4DF4D
:1038800094E334DF62E2C9DECAE2F1DCA9E1F6D9F1
:1038900052DD3CDA48DA97DC55DBE8DDF4DC05E0A4
:1038A000E8DB69DF6BD88CDC2CD7A0DE05D9E5E13D
:1038B000D9D84CE2AAD6DDE153D49AE1B7D2B9E324
:1038C0008DD311E7B6D50AE817D826E675D816E5E0
:1038D0000AD6C4E636D631E6F5D72FE39BD611E2F9
:1038E00060D6C3E256D85DE385D74FE116D62FDE0A
:1038F00032D712DDC3D77CDB72D6F7D8C0D455D708
:1039000034D349D513D30ED480D4A7D57BD47AD65B
:10391000FFD342D4E2D4F2D29FD377D333D250D262
:1039200038D2B6D1EECF8CD3EDCF12D504D344D755
:10393000C8D289D70CD19CD42CD1A8D5B1D2D8D893
:103940006AD4BED8C7D59ED7DBD58DD7D6D431D8CB
:10395000CED6CAD8F4DAC9D8AEDB0DD7ECD816D695
:10396000B1D8E8D649DC1BD556DD91D3D9DDC1D419
:1039700034E1EFD48AE0D9D3B0DD85D247E0FCD181
:103980005CE341D2B4E15CD2BBDF48D1EADDD1CF08
:103990003DDCA4D19EDFB1D41CE3DBD5F4E1F2D64B
:1039A000E9E075D79EE0DCD56ADF35D48DDD75D6CC
:1039B000C6DDC3DADEE135DBF5E3EED9B0E169DB84
:1039C000F8E029DC23E32CDB85E380DC12E26DDD0B
:1039D00014E3EBDCF9E5EEDD9FE6BEDDDDE40EDDB4
:1039E0009CE411DEADE60EDEFDE625DDDEE448DD1D
:1039F0006CE430DD4DE5D8DB37E4BDDC49E302DFC4
:103A0000C2E374DE86E2E9DD00DFC7DEC1DCC1DFD0
:103A10004EDED9E072DF08E209DE8AE28ADB44E0AA
:103A2000A0D7CEE0F8D750E698DB8AE726DA7CE626
:103A3000DDD740E84ED8DBE7AED8FFE584D860E5B7
:103A40002BD6EAE3B2D3D3E40ED556E93ED89BE8B1
:103A500044D96AE222D8CFDF4ED8C1DE8CD9FBDB55
:103A6000F3D856DB30D79CDABBD67AD734D8C3D458
:103A700099D880D356D71CD4E7D7BED3FDD721D051
:103A800023D615CED1D550CD88D480CA4CD20BCBFD
:103A900053D3D9CE94D447CE8FD3A8CBBED1B5CBF8
:103AA00067D00ECEEBD0E6D1EED1A5D2A5D2E2D032
:103AB0002DD47BD236D465D4F6D158D240D05ACF4B
:103AC00000CF5ED077CECFD33ED134D495D546D378
:103AD00027D789D356D62AD24CD66ECEB4D520CC91
:103AE00029D338CDEBD218CE18D5EBCA51D23EC669
:103AF0002CCDA7C6CCD018C9F7D53CC74FD2C7C468
:103B000084CE92C260CCD1C0EDC8EEC29FC9C3C5FD
:103B1000DDCBF1C443CA36C291C796C467C862C838
:103B200068C898C628C458C6BDC33CC798C4FAC55F
:103B300080C1E3C786C1E3CA2BC483CB57C414CB6F
:103B4000E0C207CCACC319CD9DC608CBF2C4B1C945
:103B500001C160CA51C2A8C96AC498C82DC349C965
:103B6000B0C328CAF0C4B3C875C45AC7BCC658C7C6
:103B7000BBC6C7C430C0A7C1A1BD1AC4FAC142C9DF
:103B800080C5B7C915C6BCC797C593C8E2C3CFC81F
:103B900036C143C6A0BF2EC6C0BF1ACA51C071CD20
:103BA0001BC08BCE13C060CFB5C06CD0D9C0AED017
:103BB00073C23DD0C9C31ED0C5C0F8D0FABFBDD1B5
:103BC00048C32CD0FEC181CE02C02DD0ECC316D28A
:103BD000C5C700D17AC856CE07C896CCBBC79FCD03
:103BE00083C81ECF98C831CC8AC78DC9D5C83BCCF5
:103BF000DDCCBACA77CDC2C582CA2AC8F8CA69CB99
:103C00000ECE3ECA8BCF81CADECFDECB30D1DCCB2D
:103C1000E0D1C6CCE5D03DCE50D22BCCCFD272CAAB
:103C20003ED182CCAED3C9CD5FD595CE1CD5F4CFD5
:103C3000D5D8CFD06BDB10D187D989D0F3D99BCF22
:103C40005FDB89CCEFD82ECAF0D864CB6DDB0CCC0F
:103C5000E8DB70CB0DDEFFCAA2DFBCCA5CDEE7C8C2
:103C60005CDC5EC514DAC2C471DA35C785DC33C9E1
:103C7000F6DCAFC822DB31C880D9A3CAACDA60CB8E
:103C8000BBDA99CB1CD985CE2BD87BCF77D723D164
:103C900031D87ED545D715D7AFD499D754D5D9D9F2
:103CA000C5D56CDCE8D461DF7BD619E1EDD6D9DF70
:103CB0001DD4FEDEACD212E1E6D274E3DAD105E522
:103CC00082D343E65BD876E4C8D608E029D13BDF4F
:103CD0006ED269E298D540E279D446DE0ED44DDC4E
:103CE00032D49DDDC6D341DFAED5B2DC90D5E0D86D
:103CF00066D202DA46D26ADB0ED3BCDA1CD2F4DB1F
:103D000069D254DE23D3ADDE2ED23EDDD9D173DDB0
:103D1000C3D218DDF0D00ADE5FD02DE59DD5ECE8EA
:103D200025D9CBE521D7D9E328D30DE504D2A3E6E5
:103D3000B1D3C1E50ED4C7E50AD658E8F7D8A5E84F
:103D400095D955E510D9E8E16BD6D7E1D6D544E150
:103D5000B8D82EDE61D992DA39D76AD6F9D66FD6BD
:103D60000CDB6DD71CDC5ED38BD91ED0C5D928CF18
:103D7000A4D9FCCD51D971CCA1D91CC901D8F5C6A3
:103D8000B7D897C948DC79CB9ADCC4C7A8D91CC579
:103D900097D93EC714DC7DC9EFDB56CA26DB9FCA24
:103DA00037DC10CB26DC45CC26DB5DCC4EDA3ACBBB
:103DB00032D8C3CC6AD9C4CF42DEB6CF73DE8DCF42
:103DC0001FDC30D140DC37D0C9DB2BCCE1D713CBA3
:103DD00057D5E1CDDCDA12CDC5DEF7CADEDAB9CDD2
:103DE000C5DAE7CFA2DD9CCFAADB30CE42D85ACAD3
:103DF000B0D683C9F4D64BCEE0D92AD190DC53CFCC
:103E00002EDAB2CEA9D812D15BDC5ED489DCA6D77B
:103E1000AAD967D9FBD9CEDA8FDA64DC76DA72DD1B
:103E200063DAADDF6CD9B1E130D936E4B8DADBE77B
:103E3000D1DC56E618DC7AE323D964E6AAD891E807
:103E4000BED837E767D7E0E5E6D70BE57FD9ADE524
:103E50006FD97AE5B3D83EE495D964E542DA7DE3DB
:103E6000BCD7D1DD2ED5C9DE72D6CFE21CD9F9DFA1
:103E700091D931DCBAD8DEDCEBD87EDF7DDA95E192
:103E800003DCEFDFEEDB27DF0CDB90E3BEDB5AE584
:103E900013DFB6E23BE0DFE251DDD0E5CDDE92E7B5
:103EA00033E4EFE802E673E9C2E4B9E9ABE4E5ED37
:103EB00057EA57F0AAEE75EC51E9D8E9EFE5D3E9F6
:103EC0000CEA00E8F1EA30E756E92CEAC4ED03EB2E
:103ED000E9F1F1E5A2EE17E3C3ECB7E5F5EF80E514
:103EE0009CF1FCE089F062DED8EE83DECEEFCEDF1F
:103EF000C8F3DCE052F358DFACEED5DECEEEB7E02F
:103F000098F13EE076F28FE0ACF42AE43CF675E5F9
:103F100039F46CE605F33CEB04F69AED22F950EC2B
:103F2000D7F750ED5BF6FFEDF1F6B1ED89F59AF0BC
:103F3000C5F329F3CBF5FBF2D5F82FF3A4F8B3F4CE
:103F400097F80FF662F917F5C8F6D4F1A3F54CEF20
:103F5000EAF663EEC4F304EEFAF078EF68F3DFF00C
:103F600063F5EDEE2CF54EEE43F5B7EF03F58FEC70
:103F7000E2F180E946EEC3ED5EF03DF1E8F20CEFD0
:103F8000C7EF87EFFBEE0AF37BF138F3ADEF1AF3DF
:103F9000CFEC65F7DCEE7CFB53F1C2FB13F00BFDBD
:103FA0008FEF7E008EEF39036BEE630496EEA9036C
:103FB0009AEDC704CDED390A3FF2150FD2F3A10CEB
:103FC00081F0400617EE0A081DEF0E0E9AF0150D4F
:103FD000EDF0E70954F1970874F08E06F5F0BD0690
:103FE00045F5340A21F61508A8F284FE18F1ACFB59
:103FF000E3EF300236F1F60308F894FE40F943FB94
:10400000C4F366FC93F45BFD5EF977FCFAF9F2FB0E
:1040100070FAABFB35FD4EFBF1FE1FFDC30053FFF5
:10402000E20151FEB8FF59FD0B019EFFAD07720082
:104030007A096DFD8505CFFCF005EAFF040B25012B
:10404000070B17019D072F0010081BFCB608D9F8B5
:10405000F807C2F8AF085CF91F082CF980067BF856
:1040600001078AF83F0745F7890417F47C01D7F266
:10407000DD0124F3A302ECF336001EF6C000D3F6F4
:104080009503A5F50400A1F5E6FB89F59FFD79F5FB
:1040900038FF14F942FF06FF2501D901CD026A005D
:1040A0001000AE002BFD4D050700CA07FC02A50657
:1040B000E701EC075301500AC8023C0AE803B70ABB
:1040C000B402380B1301440A7C02A50B6404A90C4A
:1040D000B002290942FF91070D00CF0AEE032F0B12
:1040E000CF014A0622FC7C03DCFC84052D019406EA
:1040F0005801580512FD5505BCF9420593FA4005D3
:10410000D0FC930691FD0306B3FC0A05BEFB9D0699
:104110008EFB410AACFC370EA1FE4F0D79FE920AD0
:10412000D3FE3A0C7401A50D1202960DB202760E62
:10413000C504A00E8E050710D9077212C20A141109
:10414000CD080F0E2507860CCD0BD10AA00F000B52
:10415000F50E120CB30EE909500F9D07DC0ED706C1
:104160009E0E29070A115107A9122C053C11510670
:104170006B12F6088D14DC044313DC026D120C097B
:10418000F813E80A5A147B075212780A57130C0FD7
:10419000E1168B0D61156B0DE6138F11CB18A9136A
:1041A000FD1A9813271797164418431A861D981955
:1041B0008A1DF718101D08191D1EE915F31BAC15F3
:1041C000351D611AA5216B1B72207318B01F821751
:1041D000C8225B16B720E913BE1C0E14BB1D0C14BD
:1041E000D41E5E12001F4611441FDF0F611C2C10ED
:1041F000B61916124A1B6912371DB812351BAF12B9
:10420000991724140B19F419671EB01B511F4C1871
:10421000AF1B18199919BE1AE8193C1B5F1A711FB8
:10422000051A7D21F618F820C51A7725F720B6283B
:10423000C022B325BD1D0F24591D2A26A0217E288A
:104240001C2126292E1E4627381E9424A31E6024D6
:104250005B1E6226FF1F73241B1FD31E4F193C1EBB
:10426000A317981FA41A681D9E1BDC1E291C8A22F6
:10427000C21CAB1F2B1BA51BF918931C1518C91CBE
:104280002718671BD618EC1CC71B2D1F5C1E12219C
:10429000DE1C7E22481B0F215D1C0621AA1EB523B1
:1042A000AB20B024EE20CC25F9212327AA23892591
:1042B000AE2218245E231026A627D0269E27AE23E2
:1042C0007623802418256929952AFC28F82B322585
:1042D000812B742390291F238725B821B923D11D51
:1042E0008622751D1322DC21B12409239525662120
:1042F000B9240C21C92454205A23921E9121411E15
:10430000E2207C1FD11F9521D2201D255C23282669
:1043100094230425CC245027A827292911280A28CA
:1043200017286829AF29242C152B912BA02A9A2A0B
:10433000BA2AEB2D812EC2304030FB2DE42EB62B55
:104340005F315F2D16340F2E7532652EB731F92F80
:104350000932162F5F2F052DC92D9C2BC02E7229D7
:10436000C12D6229C82CF32A0C2C122B302A9D2B2C
:10437000A72A2D2DD429422EDC25552DC624D82C34
:10438000EC26943070287C3374264D32B423B3323B
:10439000F824F33690277739762812378127C435E9
:1043A000F52497387E245D3C9327EE3D3C29343A32
:1043B00047278336DD25253824269039E72683389C
:1043C0003E28F636042811355627623349284632EE
:1043D00063283830C726F12B742459291324602808
:1043E00011269525AB252D25D6227626FA200225E5
:1043F000702012236A217022F52398239E2496248C
:104400007E22C023C0234023B7262323B42436248E
:1044100038221D26F4225C25DD24CE23562759257B
:104420002428CD27CE2585267A2302247A25D82450
:104430001C28D6245F26AA208E251D1E0F2740216A
:1044400078273F23A727D11EDA26B51B5D26AD1D91
:10445000D226991D6D243B19E121981555237C170F
:104460001325D21C31247D1DBE235219D4248A1950
:104470009D25BF1ECD25382180250121AA267D221C
:10448000012982263E29E62A752ACE2C522E3A2E62
:10449000BF2F2630AA2E1931FD2EF33426313B3A98
:1044A0003433A7391A331B37F1313F3A2034693E90
:1044B0004F38E63C3037CA398631FA390B31463C41
:1044C0002C370D3D14387B3A6732A23856336938A1
:1044D00040375736CA32AB34732ECE340732BE342F
:1044E000A135103419339E32722FC53115305F3229
:1044F000B931913194311E2E0A31A42DF530693233
:104500001332A13493332332BE33B7316732393695
:104510006F33673AAF3704388D37D73321340C34D3
:104520007B34E735B73660372638F9376D37CC3806
:104530002936063AE0378E376A384433A3352131BD
:1045400017344A30483425306E3358304E32993063
:10455000C93377309F36CF2F5F36D32E1831802B5B
:10456000942CBF267A2E6326302F982AC42A5A2BE1
:10457000472AD427802D0F28592D572B592B8E2BA6
:10458000A22AA12AF92AB02C7D2B16309C2B673049
:10459000FE2B1F2E952C272EBD2DB7303A2FCC3257
:1045A0002E2D8E34872ACE337C2C1B2FD32CBB2D63
:1045B000052B7631062EDD313330F42D782C5E2C30
:1045C0009E2AD02C3D2DE32A6E2D4C29F92A402914
:1045D000BE2AAE26722BF724692BF726482CB42668
:1045E000B72C62227C2A09213B2940256E2BC0264C
:1045F000A72BEA23832A6523462C5D25092CCA288C
:10460000ED290B2A282A44280A2BDC2B992CE02F91
:10461000D62CF82CB22B012CF82CE92EAD2BA33084
:10462000F428D232E62C3D3528303734DA2C3D30B0
:10463000D82A122E242A542EB226482D8A257E2BC3
:10464000CA275D2B3428912A762568274E22A1257A
:10465000D0227D25E623B422FE1F941E421DA11CFC
:10466000D71E671CD21D261C821B7C1B831CEC1AC8
:104670007A1CCF1A4B1B141C811E921CDB1F051ABF
:10468000771AE5199E18181EFB1CC31F0A1FB91DB7
:10469000771C3A1C1019AB1C8519101F8B1D7D202F
:1046A000E21E8D1F561CE71F451A161F9B18291C5A
:1046B0008717421C0C1A3A1BDB1BF216C318D414C2
:1046C000FF14FD14C1145C157717DD121F18FD0DC2
:1046D000C014360B8C112009A110670652114D052C
:1046E000191222066C11E806761056078311B007DE
:1046F00057136C05D012420405119507191084094F
:104700006F11F10937152D0C3317D10E29172B1006
:104710002117B20F0F165B11F61501164B16301844
:104720008615F517A516DC1781180A1849184D1AB1
:104730004518831DC019731C21188F1975134E1944
:1047400005127117E5121415E0131515AE13AC130D
:10475000AB1061143F111717E8137D130B109E0D5A
:10476000110A780E7109BC12AB0CE0117B0D150E0D
:104770007D0CFD0D1A0EBE105F0F8B13D10D5F1354
:10478000440B6710F80BF20EE90E0A11660DCE15F8
:10479000650B4418560CEA17EC0C8418FE0E4519EC
:1047A000B810F119EA0E6419380ED5186D11B51A42
:1047B000FB11FD191C0D8B16EF0A13167E0DD81771
:1047C00068100417E211F414E311CF14CC11E511B1
:1047D00022103B0E180E4C0E0F0EF90CF40C5B0B56
:1047E000610CCE0B9F0FEF0A65135408A31232061B
:1047F000300E39088A0C7A0C1310FE0D3A15110E82
:104800008D16990C3913430944104C0A23117A0F61
:10481000AB14A510901533107714AA120216B01419
:10482000F9172317FF18B718A21854168617E9149A
:10483000D018BC162A1A3F195B19231AB217F6189A
:10484000261852177D1A601579190A147517DF1486
:104850004D18E7159319A41220197E0F6F17B51381
:10486000571804158619500FED164F0ED4147A10F0
:10487000961579114E188F1180195D0E2F171D0D89
:104880008215CB1068148613DA13EA12401634121C
:104890004918F812D01664133D150C14EC161515B2
:1048A00069177616CF159918EA16E5183818721791
:1048B0007816FC1308135211F911D9131B137C1429
:1048C00069114612511110112613640CF30F770968
:1048D0003B0CA10CBA0BF70C3F0C7D081D0CA80477
:1048E0006A080604FF031C06C9046C056D08EB008A
:1048F000270815025205D006AC05130539079503A4
:104900004906DA06AA051507C8066C058A05D10608
:10491000C003C108E705FC08F4077E093108840BD1
:10492000F207DF0B4806D2081D073E088209940BE8
:104930007D07600B000642096F082809050741073B
:10494000340322062F04DA0570049401C5000AFF1F
:104950001FFF6DFF8AFFD1FC2CFECDFAB5FBAAFB31
:10496000E8FC38FBEFFEB9F9D9F98FF8B7F53CF759
:1049700071FA1AF680FC23F56DF8B4F6FFF755FBD3
:104980003BFA19FC5DFA73F89BFA55F879FB29FBA1
:1049900095FCAEFBA4FD15FB2BFC1DFC8AFB7EFEEB
:1049A000B6FEDDFF2D0004FFC5FF9DFDF2FF34FEC6
:1049B0006FFEB500CAFCF3FF16FB68FBDCF98EFA4C
:1049C000B8FC87FD60FDACFD96F9C7FAFEF987F7E4
:1049D0005BFCBEF322F93BF220F4E6F499F3A6F572
:1049E0004EF514F2CFF5DEED04F6E7EB08F57FEEB9
:1049F00013F359F040F3EFECB7F32DEC03F314F09D
:104A000063F490EF2AF528EB8AF20EECEEF252F105
:104A100068F620F46DF732F35BF759F0C1F5FEEF5D
:104A2000C2F272F2CAF2FFF102F45EEFC1F36DEF6F
:104A3000ACF35BF22FF434F414F4E3F10DF10AEE6D
:104A4000AEEC07EC91EBF6EBB3EB1FED3EEB95EC28
:104A5000D8EB9FE8C7E909E6C8E5A7E8FCE5CEEB97
:104A6000F5E64FE9F5E432E560E4A4E7BCE673EA75
:104A7000F8E738E4C4E4C6DE1CE154E4DEE3A8EB66
:104A80006EE84AECA2E7A6EB0EE712ED1DEABEEDDA
:104A900071EBFFED5FEABBEDB3E9A1ED31EA6AF03E
:104AA00044EB9CF1E5EB92EF74ECB7F09BED2FF348
:104AB0001CEECBF23AECBAF2CDE9A1F216EA04F020
:104AC000F8EBC9ED04EC59EE85E9D0EFF2E79BEF86
:104AD00084E8E1ED25E8B8ECC6E7F8EB2BE80DE952
:104AE000E0E516E6B0E335E750E699E8ADE9E8E73A
:104AF0003CE956E98DE7A8EBDFE71EEB9EE850E9BD
:104B000077E832EA6FEA3EED4CED48EE38ED37EEED
:104B1000A7EC5EEF4EED25F10BEF69F200F145F1E8
:104B200021F046F0AAEF97F29EF1E9F3F3F1D9F103
:104B300006F20AF1A3F27DF237F1ECF193EFE0EE29
:104B4000C9EEA8ECEDEDBCEC99EE5DECC0EF18EA17
:104B500022EEBAEAD5EB08ED35EBB3E99DEAEDE4D8
:104B6000BDEABFE52CECC9E71BEBEEE6ADE7C7E518
:104B700080E72DE6BCEA20E8C6ECDCE824EDD3E6CD
:104B8000FEEC41E743EB60EAECE9E4EA52EB9BEA36
:104B900008ECE4EB47ECDCEB54EE8BEA2AEEF0EAAF
:104BA000DEECC5EB87ED2CEBE9ECBCEAD4EB59EA83
:104BB00020EC57E95BEB38E89CEA0EE759ECB6E6E7
:104BC0008EEDBFE673ECF8E429EBFAE141E72CE166
:104BD000F6E1A2E25DE36FE2A6E821DF02E95EDD35
:104BE000B4E5DFE0F8E34FE327E4A1E028E47ADF6F
:104BF000A9E4E2E128E7B3E485E7ADE52AE4BBE315
:104C00003EE587E473EA2BEAEEE9AAECD7E532EC5D
:104C100053E64DEFCBE973F1B9E910EFDEE6C1EEF3
:104C200099E710F13DEACEF0D4E87FEF97E5FFF089
:104C3000EFE5C4F2F4E738F14EE679EF9AE332EEAD
:104C4000F6E396EAEDE33AE8DEE1D7E923E16BEC3F
:104C50006FE1FCEBD3E074E6BCE17DE15CE481E371
:104C600028E4C9E65BE19EE4BCE0F6E108E39DE2EE
:104C700080E594E2ACE72EE212E983E33FE883E3C8
:104C8000D8E878E2EAEB81E3AFEB0BE5CDE90FE59D
:104C90000FEB5AE45FEC20E420EC05E591EB7DE5B9
:104CA000B0EA5DE30EEB63E1BDEA40E2FCE734E22B
:104CB00084E712E0B1E86ADFC2E6B4DF40E39EDDDC
:104CC000EAE074D946E19CD7F8E283D84CE12CD8CD
:104CD0001DDE6BD6A7DD37D453DE4CD319DEC4D42A
:104CE000BADCA2D4DCDCBFD351E073D50CE386D5AB
:104CF000DDE28AD3D7E14AD5DBE2A4D8C6E54CD8B9
:104D0000EEE506D7B5E375D97DE463DD90E841DCD7
:104D1000B0EA66DAE0E8CADF67E7CDE1F3E6ECDCAB
:104D200075E545DE9EE444E288E49EE12DE4F4E08E
:104D3000BDE480DF54E57ADC80E2DDDCA8DDDEDE88
:104D4000F5DBC1DD18DDCEDB27DD18DB4CDBE6D97A
:104D5000B0D9E2D824D9CCD9F0D9F2DAF1DB50D9E4
:104D60006CDBD6D7F0D948D9BADAAED981D94DDAC9
:104D70005ED851DDEFDB8ADCB2DEAFD814DE2BDA91
:104D8000DADD7FDFE4DDD7E02ADED7DE92E008E07F
:104D900013E259E4E8E0A7E448E030E13DE190E1C6
:104DA0002DE227E455E19BE4BBE055E50EE21FE66A
:104DB00099E197E522E052E43CE0E6E11DDF77E08F
:104DC00047DD63E10BDEBEE062DFB6DD3FDE48DCDF
:104DD00041DCD4DDE9DB98E0D2DDF5DF68DFDCDB48
:104DE000FEDD8EDC57DD79E080DFABDF84E066DE60
:104DF000FFE059E0D4E2AEE0BAE2F1DF8BE13BE262
:104E0000A5E35EE444E66CE25EE675E16BE6C4E4CD
:104E10005EE67CE540E500E3DDE46EE4E5E55BE6C7
:104E20006CE652E4B7E480E2E4E213E13BE336E00F
:104E30003DE476E27DE43EE312E39FDF61E01DDCCA
:104E40001EE035DB5AE1B8DA07E09AD86FDF3FD6CB
:104E50008FE00BD67EDEFAD667DB47D725DCA7D7F7
:104E6000B9E068D898E41BD943E2F9D932DF8CDA8B
:104E700019E3A6DA26E7FFDBC8E527DF19E581E1BC
:104E8000C6E6B7E281E6B4E498E5F8E5A0E789E68E
:104E900075EABFE815EA06EAECE629E936E470EAC5
:104EA000ABE354ED22E4CEED04E3DBECA9DF01EC4F
:104EB00010DDDDEA3ADD5FEAF2DD79EA38DDD5E9D9
:104EC00058DA17E9E6D6F5E783D684E4ECD6CFE2E4
:104ED000BBD515E503D7ADE3A3D969DFD4D813E17A
:104EE000EFD7E0E48CDAA9E46FDC62E4E8DC9FE46D
:104EF000D2DE3CE269DF69E2A3DF91E694E271E68B
:104F0000EBE449E332E60BE519E9ECE84BEB39E970
:104F100033E891E9FCE364ECD6E697EC95EB10EA14
:104F2000D1EA10E9C0E8D4E807E816E812E682E81A
:104F300090E3E0E9B3E21CE933E3C3E654E3CBE5F5
:104F4000A7E134E41CE037E1EADF53E194DED0E38B
:104F500008DECDE24EDF2CE02EDFFFE176DFC6E497
:104F6000FCE0EBE1EBE0BEDD6FE05FDFC8E2D4E246
:104F700070E6DDE29DE62FE327E6E4E583E961E7FD
:104F80002DEBD4E659E9EBE734EAFFE9F9EC1FE948
:104F900034EE66E8E5EEF6E9D1EE3EEBDAEE75EDDD
:104FA00052EFD1EEC7ED89ED87EC56EF54EC16F2D7
:104FB000C9EAB6EE41EA4AEBC1EADCEC76E969ED12
:104FC000B7E674EB3AE411EA53E492EA51E5FEEBFA
:104FD00089E3ECEAA0E2C7E8A0E46AE8F3E492E738
:104FE000E9E3F2E51AE3F1E5B0E1EDE6CFE2E8E668
:104FF000A5E632E7EDE80DE98BE913EAD1E9DCE952
:10500000EAE9C9E9DCEA85E87FEB1EE8B1EA3BECB6
:10501000DFEB75EF0AEF33EEE1EFBCED67EFD5EDB7
:1050200013F0ECEC90F04FEE5EEF6BF029EE0EF02B
:1050300080EF8EEE83F0A4EE13EE79EFFBEB0DEE36
:1050400019EDBAEC54EE56ED13ED01EC3BEB05E92E
:10505000D4EA07E8E0EAA3E816EB74E9F5ECCDE959
:10506000CCEE0EE946EDFEE730EBFEE6F4EBD5E6DE
:10507000CDEC8CE8A0ED94E9F4EF94E82AF05EE83A
:1050800059EEA5EA9FEE2DEEC8F0C4EE14F203EC43
:10509000B2F059EC7DEF77EF2EF134F055F154F08A
:1050A0006AEF44F066EF41EE09EF6CED75ED4CEE02
:1050B000E8EC4AEE7BEB04EE2DEAE0ED29ECD8ECCF
:1050C00046ED6BEC28EB15ED68EA6BEB7BEB07E844
:1050D00049ECAEE70FEE3EE93EF019E902F05CE97B
:1050E000DBEFE1EAF5F347EA78F764E946F7C2EA6D
:1050F0006EF84AEBB2F908ECD7F8EFEF8EFA7BF2D4
:1051000099FE66F1730085F2AA0073F67301BAF78F
:105110000C022FF7F40008F829FE8AFAFDFCE8FDDE
:105120005EFFF7FEB100CDFD21FF4DFEDAFDF6FE7C
:105130006DFC6EFD6AF903FED0F6140171F63000C5
:10514000BBF605FD2EF6C0FC30F60CFDDBF695FC3B
:10515000D1F559FCB5F3B9FB1BF48FFB30F6EFFB2F
:1051600089F67CFB08F69BFB70F6F3FCB6F73FFC78
:105170004AF910FA0BFA14FB4DFB6FFE61FE06FFB5
:10518000BFFFA7FCE6FD22FCFDFCE6FE6DFF0C0266
:10519000C5021A027402A7FE72FEAEFD67FC2E0065
:1051A00030FD6CFFE4FCE7FC5CFBC5FCC2FA5FFB76
:1051B000DEFA18F984F908FA36F788FA36F647F86D
:1051C000C9F5FFF6ABF4BAF676F319F6B3F2C8F404
:1051D00042F24FF328F21AF47EF266F5CCF323F58F
:1051E0007EF553F41FF56BF1E2F33FEEA0F408F007
:1051F00027F6A6F46AF7B5F69CF84AF5EBF8CDF277
:10520000AFF8AAF3B4FADFF7D1FEF5F834FFBEF633
:10521000C4FB70F759FB5CFA72FDD3F9EAFCF2F6B5
:10522000B3FB63F870FDEEFC64FF55FD7DFE9AFA5A
:1052300023FC3EF9DDFAFBF771FBA7F6E1FB90F7E3
:1052400034FB37F801FB6AF6F9FA81F5E3F9EAF67F
:105250005FF82CF8D7F7A6F7E0F8F2F524FA8BF50B
:1052600065FA26F763FAA7F8C9FA58F967FBC3F994
:105270004FFCBDF95FFC09F987FADDF85AF9BCFB70
:1052800011FB66003FFD3D02F3FC6301C6FA9C0181
:10529000C1F9570390FA5805F6FA92074FFB5F08D9
:1052A00004FCCB064CFBA806EDF9C5085DF86608C2
:1052B000DCF626069CF70607C9F81C097DF8C4072A
:1052C0006CF80406BEF75607B5F68A08FDF72D07F9
:1052D0002CF9CB04F1F7A70388F76504D9F8830507
:1052E0001CFAFD04D6FA5202E0F9060159F99E04AF
:1052F000CEFCFE08740089079AFFD40245FDB00277
:10530000D2FD320549FF8F0360FEA101E9FDE004F3
:10531000EF00F807BD03B7056F02CB0007FF19FECA
:105320002AFD4C0041FD3402D2FC8FFEFBFB22FC27
:1053300033FEF4FCC9002DFA16FE7DF79CFACAF87C
:1053400093FCF2F7D9FEEEF480FDB4F4BDFD84F5D4
:1053500076FF0BF434FE87F14AFCDAF17AFC84F52F
:1053600037FFA0F71A0462F6AA0583F59302A4F7A3
:10537000D20227FB6907DBFB100902FCD307DFFF22
:10538000CB0789019C0814002E099D0368092B088E
:10539000BD08EE06020737060F07220A760A350D0A
:1053A000670BC00B6A07BD084A057309B2067E0C7D
:1053B000A9051C0C16028609BD013009C704E90ABB
:1053C000B105910B9A02B8099100E608FF025B0B48
:1053D0004305970CF803960AD402000A9D04720C48
:1053E000F706AB0E8F08F40F430B0511F80C911064
:1053F000430BD40FBF0AC1111F0D5C139B0E861205
:10540000710FA51492109C18541060184C107B1743
:10541000981220183D14CE16A3112316440DDA1746
:10542000B60DE6175B11C115610FFF13920A6113E8
:10543000F40A9412F00BE610DE08871074061F11B0
:105440003B07EF0F8D08A70E7C08A10E8508510EB3
:1054500056099A0D74084A0CCA07B30BA10A830DAA
:10546000700C070F870AB70F230A7711320DEF115F
:10547000E10FE1102B106311FF0F211243114011B6
:10548000111254117F101E13500FD61202117910F1
:10549000501384106413FD110A1269118D11700FDD
:1054A000D1111A0D1012AC0C6312210ED411370C4D
:1054B000C110E4084F113608C21299051A12880269
:1054C000D00FBD03D80F5E0386110B001811A5FF86
:1054D00005118E000E13A1FF3513B8FEE6123AFF38
:1054E0005F1518008016180016157E00FE14400285
:1054F000DE1551047616C8059F1655059E15030541
:105500002316A2078B18C6081D17C8076A13FE09C1
:10551000D713450CE113AA0BEA0F520CCC0EBA0DAF
:10552000DC0F890E420EF80FB80DD40FCA0CF90D1E
:10553000B9072B0DAD05CC0DCE07CC0FB5067A11F2
:10554000CE04F00F01067E0D8E06A90EFD05E711B3
:10555000900661128B06C210BF04D9100304D51146
:10556000DC05F41145070712B006EF11BC06451320
:10557000D90849175A0AC1182D08D41576055714A9
:105580000D07E9143909A314C207B9150106B117AB
:10559000B305C1167805D214C9042A1494029B13CA
:1055A0000A01B21387026D135B028F1068FEED0DC6
:1055B00076FC1B0E72FE4F0F8CFFDC0EEEFDCF0A49
:1055C000F2FC3D06CBFD7D06D8FEA308CCFFB30759
:1055D00081FF1906F4FE1B062303AC052D094504C3
:1055E000BC09F103E10856057F0C7E06FD0F0D0690
:1055F000C70F17057F0FD4044B11B0045F13AB0323
:1056000089144F03B4153505E3166007EF157D08BF
:10561000811360097713FA08E2149C06A613570455
:1056200091115604C6112306CE114306D70F7504F7
:105630001F0E9A04AC0DBC05DF0C5005260B8B0524
:105640007C0A4D065E0B7105D80B0505DE0BF805CF
:10565000300C1E06E30CF105AD0E9B06FB0FCA06CF
:10566000880F2107FE0F36097811DA0AC211800B64
:105670001F12610D48140C0FDD16C00F6B16AA1017
:105680002613CA0F1912130F121318121F12F01338
:10569000CD10FB1210109E145B0E6516BB0C00148F
:1056A000890B6112C50AE314200A8816F6064F1406
:1056B0005903B31219035C144D034B15F201E9139E
:1056C0005201EF12A5015512C1018911B001BC129E
:1056D0009F02F61488042F1474050912700695129F
:1056E0005C098813640B4A13210B1014B40B8E133E
:1056F000630EF4110A11A314C4118C18A711CD184C
:10570000851293183A13DB182F13B4183114C619E5
:105710005315B01A9314911A6B135E1B6713681C10
:10572000DC137C1C0A14DA1B1E13831B4C11791C1E
:10573000D110E71BD211E718D311FA18F710D41BB8
:105740002B11081BA51193173A116F16B5114917A4
:105750007C14B617CE17F11677195415FB18691477
:1057600017181D1594193415361C7013311D781334
:10577000061FE915E521AB15FE20A2138B1E9E1412
:10578000F91E5516CA1F6D161D20C8165620F6168E
:10579000771E7F177D1D4419551F5A19171FFB18B7
:1057A000CD1CF61AF21BB51B441A081A60173319E0
:1057B0003F17301A8519901C491B791DA81B171B10
:1057C000B21982193D17091A2718E0194F1A3A1908
:1057D000B91A7518951B7717631C65177A1CF31790
:1057E000D21E1D18D3205517D61F3816B21FE51527
:1057F000D61F2F15941E8914951FAB15AC219F162B
:10580000F62001177A1FD6173D1F4718C61E9F198D
:10581000CC1C351A001A8F17F6173417DF168419A7
:10582000F01587185414D2172A122E1A16111E1AA0
:1058300021104418250E6519790EC21BA210731B86
:1058400008102119D80D9917DD0C2A17880D231778
:105850003310F516A911F615211082151D10C81464
:10586000CD11C0110912BB10BE13B2122E17C211F6
:1058700064179E0F87167F102918811192185411F2
:1058800008170B1190161F107D16B60F0017641025
:10589000AF17371089154D0F5E13940F7E135F10ED
:1058A000BA11DA0F660F540F45104E109C10FE10FF
:1058B000970EB10FB70DBD0D490E990E3C0E6C1130
:1058C000B10D52108F0DE70DBE0D8210C10E6C127E
:1058D0000A11A510EE123D110814B1113D153A0F31
:1058E0004A155D0FBF147211DD157911AA179F10AB
:1058F000DB1862102719C01111196513711A8B1268
:10590000391BD8113F19CF134918C115A418EB152D
:105910003817E61444164B146B1617157D144515ED
:1059200086118314C00FC715720E7D18570D8E187F
:10593000A30CA5158F0BED13F0090215D2081D1647
:10594000E908A215A509D913CD09EA11F3082F1208
:1059500077089A137C092A13D00A0F12370BF0101C
:10596000100BDF0EAC0B0C0EAD0D740EC00E170E2F
:10597000350D480E800B390E840BCB0C3A0D610DA2
:10598000A40F8B0E5F0FA20CD10C940B790CE60CBC
:10599000D10CA50C140B690C950AC30DB60B910C18
:1059A000690A6109630737097706060BD107CA0A36
:1059B00050081E0990067A077C057D054207E90418
:1059C000D5081706D1074D053307CF02E408B60105
:1059D000300A3601D309EB00B1095F01CD0AF000AE
:1059E000FE0CADFF4A0F7EFECB0F32FE120FEE0013
:1059F000AF0F6C03FF10190110117DFF5F1105033C
:105A00003F13B4051C14C2047B120E05481137085D
:105A10006E126E0A2813E2096111CC098F0F9E0CD9
:105A20004A0FB60F020F3B10610EA80F5B0D8910D5
:105A3000A10B44129C0B1D13180DC2138A0CF614F3
:105A4000980BBD15EA0C1516E10D1D160A0D39153A
:105A5000EE0B09153E0CD516B50E4318A910021809
:105A600080104F176D108916271022168A0FB21654
:105A7000ED10FB166612B016D811BB16741149163C
:105A80007211B6157F115F167D1283161712A415B9
:105A90001D10E3150B10251648107415DB0E881524
:105AA000F30E3F15810FDC13500D8613390C2A13AA
:105AB000E30DD4118A0DFC11B60B6F12E40B3911F2
:105AC000600C4B11720C7812B00D1B117A0E4C0F3A
:105AD000170E8610F50E6A12B910D211AF10DB0F37
:105AE000AE0F6F0FA41038105512030FC711C40C5E
:105AF000FA10090D4812B20D9312450CA710180C9C
:105B00005B10AF0DD611200D7A11180B650FF20A3C
:105B1000CF0D840BC70C230A030C9D08F20B9A09C6
:105B2000130C570AE70AF3071C087E050C06140538
:105B30006A06E20438070A0573069E05F704810425
:105B40005604E7021A052B0323068D036E064F0247
:105B50001007010140084601FF085802E4090B0242
:105B6000040B9700950B6F00800CBB010C0E0C030F
:105B7000130F5F038C0F0802B50F60015A0FFB0271
:105B8000DA0E2A03860E1D024E0E8603DD0D2C044E
:105B9000B70CBE02580B3004A80A4E06190A43057A
:105BA00016094B05B0080407FC08D5065E08050772
:105BB0002A07EE08960626091E064808020643092B
:105BC000A306D20A7306700BCB058E0CF706590E8E
:105BD0004C09170F780AF20E970A880F8D0BE21006
:105BE0004E0D8C11960D5011EA0CE411190E65132F
:105BF000D60FDC13610F6013890E3013570F331368
:105C0000A40F7A13C30D7713C80B0F12660BBB10CA
:105C1000550B2311E60AE311400B1C11C20B850F33
:105C2000BC0A5F0F0A09BA0F4908A70D1708A10A95
:105C3000AC07C0081A0790069A06EF0494063805C8
:105C40003807EB04EA07490343087801A30851FF2A
:105C50007E09E3FD760A45FD810AD7FB6F0AC6FA85
:105C6000F00B8BFA480D24F9C90CD5F7830C56F8C4
:105C7000C40CA0F83A0CFCF73F0CD5F7880CCEF713
:105C8000650B40F7630AACF69A0980F6580752F79D
:105C90000206F1F8CB06CCF9DB05BDF9930212FA46
:105CA000550115FBF60231FC2B036CFC94008CFBB8
:105CB0000FFF48FBDEFF54FCB8FF19FD26FEECFC8D
:105CC00082FDD8FCCFFDEBFD48FE3CFF0EFFC5FE7C
:105CD0009AFFE7FDC6FFBFFED3FF4FFF5BFF23FF29
:105CE000FEFE0A0079FF3700A2FF02FF40FFD2FE4E
:105CF0002CFF1BFF64FE25FFF5FCB1FF8BFC6BFF47
:105D0000F9FBB0FE3EFA03FF72F9C2FE55F900003E
:105D100015A60008BDA600089DA60008C1A600089B
:105D200035A6000800061016000610160100020035
:105D30000400060008000A000C00100020004000CB
:105D400080000001010101030701000008040204B2
:105D50000801010100000000010203040102030424
:105D60000607080900000000000000000000000015
:105D70000000000000000000000000000000000023
:105D800000000000C000C000C000C000C000C00093
:105D9000C000C000C0000000C000C0000000000043
:105DA0000000D800D800480090000000000000006B
:105DB00000000000000000000000000000000000E3
:105DC0001980198019807FC03300330033003300FD
:105DD000FF80660066006600000000000000000012
:105DE00020007000A800A000A0007000280028007B
:105DF000A80070002000000000000000000000006B
:105E00007300DB00DE00DE0076000DC00F600F6067
:105E10001B6019C00000000000003C006600660026
:105E200066003C0038006C80C580C700C600CF000B
:105E30007980000000000000C000C0004000800029
:105E40000000000000000000000000000000000052
:105E50000000000000001000200060006000C00092
:105E6000C000C000C000C000C00060006000200092
:105E70001000000080004000600060003000300032
:105E800030003000300030006000600040008000D2
:105E9000000018001800DB007E003C006600C30014
:105EA00000000000000000000000000000000000F2
:105EB0000000000000000000000020002000F800AA
:105EC0002000200000000000000000000000000092
:105ED00000000000000000000000000000000000C2
:105EE0000000C000C0004000800000000000000072
:105EF00000000000000000000000F00000000000B2
:105F00000000000000000000000000000000000091
:105F10000000000000000000000000000000C000C1
:105F2000C000000000000000FE00F700E380C1C0D8
:105F3000FFC0FFC0FFC0FFC0FFC0FFC0FFC0FFC069
:105F400000000000000038006C00C600C600C6005B
:105F5000C600C600C600C600C6006C0038000000BF
:105F60000000000030007000B00030003000300051
:105F70003000300030003000300030000000000001
:105F800000007C00C600C600060006000C001800D9
:105F900030006000C000C000FE00000000000000F3
:105FA0007C00C600C600060006003C000600060095
:105FB0000600C600C6007C000000000000001C00B7
:105FC0003C003C006C006C006C00CC00CC00CC00B1
:105FD000FE000C000C00000000000000FE00C000ED
:105FE000C000C000C000FC00060006000600C6009D
:105FF000C6007C000000000000007C00C600C60057
:10600000C000C000FC00C600C600C600C600C60036
:106010007C00000000000000FE00060006000600F4
:106020000C000C000C0018001800180018001800D4
:106030000000000000007C00C600C600C600C600CC
:106040007C00C600C600C600C600C6007C0000007A
:10605000000000007C00C600C600C600C600C600E6
:106060007E0006000600C600C6007C00000000009E
:10607000000000000000000000000000C000C000A0
:1060800000000000C000C000000000000000000090
:1060900000000000000000000000C000C000000080
:1060A0000000C000C00040008000000000000000B0
:1060B00000000030007000E001C04380E7007E0077
:1060C0003C0018000000000000000000000000007C
:1060D0000000000000000000F8000000F8000000D0
:1060E00000000000000000007FF8FFFCFFFCF7FC50
:1060F000F1FCF07CF01CF01CF07CF1FCF7FCFFFCE8
:106100007FF80000000000003C006600C300C300F0
:10611000030006000C00180018000000180018000A
:10612000000000000000000000001E0061804080B0
:106130008E40924092408DC0400060001F000000E1
:10614000000000001C0036006300C180C180C180D7
:10615000C180FF80C180C180C180C180000000007B
:106160000000FE00C300C180C180C300FE00C30068
:10617000C180C180C180C300FE000000000000009B
:106180003E006300C180C180C000C000C000C000EC
:10619000C180C18063003E00000000000000FE00DE
:1061A000C300C180C180C180C180C180C180C18065
:1061B000C180C300FE00000000000000FF00C0001E
:1061C000C000C000C000FE00C000C000C000C00091
:1061D000C000FF00000000000000FF00C000C00081
:1061E000C000C000FE00C000C000C000C000C00071
:1061F000C0000000000000003E006300C180C0003D
:10620000C000CF80C180C180C180C18061803F005B
:10621000000000000000C300C300C300C300C300AF
:10622000FF00C300C300C300C300C300C3000000DD
:1062300000000000C000C000C000C000C000C000DE
:10624000C000C000C000C000C000C00000000000CE
:106250000000180018001800180018001800180096
:10626000180018001800D80070000000000000009E
:10627000C180C300C600CC00D800F000F000D800F8
:10628000CC00C600C300C180000000000000C000B8
:10629000C000C000C000C000C000C000C000C000FE
:1062A000C000C000FF00000000000000C0C0E1C04E
:1062B000F3C0DEC0CCC0C0C0C0C0C0C0C0C0C0C081
:1062C000C0C0C0C0000000000000C180E180E180CB
:1062D000F180D180D980C980CD80C580C780C3803E
:1062E000C3800000000000003E006300C180C18048
:1062F000C180C180C180C180C180C18063003E0077
:10630000000000000000FE00C300C180C180C18009
:10631000C300FE00C000C000C000C000C0000000FC
:10632000000000003E006300C180C180C180C180C8
:10633000C180C180C180CD8067003F000180000026
:106340000000FE00C300C180C180C180C300FE0008
:10635000C600C300C380C180C180000000000000EF
:106360003E006300C180C180600038000E00030061
:10637000C180C18063003E00000000000000FF00FB
:10638000180018001800180018001800180018004D
:10639000180018001800000000000000C180C18033
:1063A000C180C180C180C180C180C180C180C180E5
:1063B00063003E00000000000000C180C180C18079
:1063C000C180C180630063006300360036001C009A
:1063D0001C00000000000000C060C060C460CE600F
:1063E000CE60CE60DB60DB60DB60DB6071C060C014
:1063F000000000000000C18063006300360036002A
:106400001C001C003600360063006300C1800000E1
:1064100000000000C0C0C0C06180618033001E0069
:106420000C000C000C000C000C000C000000000024
:106430000000FE0006000E000C00180018003000DE
:1064400030006000C000C000FE0000000000F0004E
:10645000E000C000C000800080008000800080005C
:106460008000C000C000E000F00000000000C0009C
:10647000C000C000600060006000300030003000EC
:1064800018001800180000000000F0007000300034
:10649000300010001000100010001000100030003C
:1064A00030007000F00000000000000020005000EC
:1064B0008800000000000000000000000000000054
:1064C00000000000000000000000000000000000CC
:1064D0000000000000000000000000000000FE00BE
:1064E0000000000000000000C000C000400080006C
:1064F000000000000000000000000000000000009C
:106500000000000000000000000000007C00C60049
:1065100006007E00C600C600C6007E000000000027
:106520000000C000C000C000C000F800CC00C600E1
:10653000C600C600C600CC00F80000000000000045
:1065400000000000000000007C00C600C600C00083
:10655000C000C600C6007C0000000000000006006D
:106560000600060006003E006600C600C600C60023
:10657000C60066003E0000000000000000000000B1
:10658000000000007C00C600C600FE00C000C00085
:10659000C6007C00000000000000380060006000C1
:1065A0006000F80060006000600060006000600053
:1065B000600000000000000000000000000000007B
:1065C0003E006600C600C600C60066003E0006002B
:1065D000C6007C000000C000C000C000C000DC009D
:1065E000E600C600C600C600C600C600C600000021
:1065F000000000000000C000C0000000C000C0009B
:10660000C000C000C000C000C000C000000000000A
:106610000000180018000000000018001800180002
:1066200018001800180018001800D80070000000AA
:10663000C000C000C000C000C600CC00D800F00000
:10664000F000D800CC00C600000000000000E00010
:10665000600060006000600060006000600060003A
:10666000600060006000000000000000000000000A
:1066700000000000DB80ECC0CCC0CCC0CCC0CCC0E3
:10668000CCC0CCC0000000000000000000000000F2
:106690000000DC00E600C600C600C600C600C6005A
:1066A000C600000000000000000000000000000024
:1066B0007C00C600C600C600C600C600C6007C003E
:1066C0000000000000000000000000000000F800D2
:1066D000CC00C600C600C600C600CC00F800C00052
:1066E000C000000000000000000000003E00660046
:1066F000C600C600C600C60066003E0006000600D2
:1067000000000000000000000000D800F000C00001
:10671000C000C000C000C000C000000000000000B9
:1067200000000000000000007C00C600C0007000F7
:106730001C000600C6007C000000000000000000F5
:10674000600060006000F8006000600060006000B1
:106750006000600038000000000000000000000041
:1067600000000000C600C600C600C600C600C60085
:10677000CE007600000000000000000000000000D5
:106780000000C600C600C600C600C6006C006C0053
:1067900038000000000000000000000000000000C1
:1067A000C0C0CCC0CCC0CCC0CCC0DEC07380330075
:1067B0000000000000000000000000000000C60013
:1067C000C6006C00380038006C00C600C60000002F
:1067D000000000000000000000000000C600C6002D
:1067E000C600C600C600CE00760006000C00780089
:1067F00000000000000000000000FC000C00180079
:10680000300030006000C000FC000000000000000C
:106810000000200040004000400040008000400098
:106820004000400040002000000000000000FFC0C9
:106830008040FFC08040FFC08040FFC08040FFC05C
:106840008040FFC0FFC0000000000000000080008A
:106850004000400040004000200040004000400058
:1068600040008000000000000000060007000780D4
:1068700005C004E00460042004201C003C007800F3
:106880007000000000000000000000000000000098
:106890001010101010100010000028282800000010
:1068A0000000000020205050F88888000000F08888
:1068B00088F08888F00000003840808080403800F0
:1068C0000000102828103448483400001010100030
:1068D00000000000000008102020202020201008C8
:1068E0002010080808080808102010381028000098
:1068F00000000000000010107C10100000000000DC
:10690000000000000010101000000000380000001F
:106910000000000000000000001000000808101037
:1069200010102020000038444444444444380000FF
:10693000103050101010101000003844440408109B
:10694000207C00003844041804044438000008186F
:106950002828487C080800007C404078040444381B
:106960000000384440784444443800007C04081057
:1069700010202020000038444438444444380000AB
:10698000384444443C044438000000001000000037
:1069900010000000000000100000001010100000A7
:1069A0000C3040300C0000000000007C007C000037
:1069B000000000006018041860000000384404085B
:1069C00010100010000038444C545C404038000067
:1069D00010282828287C4444000078444478444403
:1069E000447800003844404040404438000070483B
:1069F00044444444487000007C40407C4040407C1B
:106A000000007C4040784040404000003844404016
:106A10005C44443800004444447C44444444000002
:106A2000381010101010103800000404040404047E
:106A300044380000444850605048484400004040FA
:106A400040404040407C0000446C6C54444444440A
:106A5000000044646454544C4C44000038444444A2
:106A600044444438000078444444784040400000A6
:106A700038444444444454380400784444447848F6
:106A800048440000384440300804443800007C107A
:106A90001010101010100000444444444444443882
:106AA0000000444444282828101000004444545452
:106AB000546C28280000442828101028284400007E
:106AC000444428281010101000007C0408101020E6
:106AD000407C00001810101010101010101820200A
:106AE00010101010080800003010101010101010B6
:106AF00010301028284400000000000000000000B2
:106B00000000000000FE2010000000000000000057
:106B1000000038443C444C34000040405864444435
:106B20006458000000003844404044380000040429
:106B3000344C44444C340000000038447C40443819
:106B400000000C107C101010101000000000344CDD
:106B500044444C3404784040586444444444000065
:106B600010007010101010100000100070101010A5
:106B7000101010E040404850605048440000701031
:106B80001010101010100000000078545454545489
:106B900000000000586444444444000000003844AD
:106BA0004444443800000000586444446458404061
:106BB0000000344C44444C34040400005864404009
:106BC00040400000000038443008443800002020D5
:106BD00078202020201800000000444444444C3415
:106BE00000000000444428282810000000005454ED
:106BF000546C28280000000044281010284400008D
:106C00000000444428281010106000007C08102068
:106C1000407C0000181010102020101010181010C8
:106C20001010101010101010301010100808101054
:106C30001030000000744C00000000000000000054
:106C40000000000000000000000000000000000044
:106C50000000000000000000000000000000000034
:106C60000000000000000000000000000000000024
:106C70000000000000000000000000000000000014
:106C80000000000000000000000000000000000004
:106C900000000000000000000000000000000000F4
:106CA00000000000000000000000000000000000E4
:106CB00000000000000000000000000000000000D4
:106CC00000000000000000000000000000000000C4
:106CD00000000000700089008A007C000E0039006E
:106CE00049008600000000000000000000000000D5
:106CF0000000000000000000000000000000000094
:106D00000000000000000000000000000000000083
:106D10000000000000000000000000000000000073
:106D20000000000000000000000000000000000063
:106D30000000000000000000000000000000000053
:106D40000000000000000000000000000000000043
:106D50000000000000000000000000000000000033
:106D60000000000000000000000000000000000023
:106D70000000000000000000000000000000000013
:106D80000000000000000000000000000000000003
:106D900000000000000000000000000000000000F3
:106DA00000000000000000000000000000000000E3
:106DB00000000000000000000000000000000000D3
:106DC00000000000000000000000000000000000C3
:106DD00000000000000000000000000000000000B3
:106DE00000000000000000000000000000000000A3
:106DF0000000000000000000000000007F00BE80D6
:106E0000C180C180C180C180808000008080C1803D
:106E1000C180C180BE807F000000008001800180B1
:106E200001800180008000000080018001800180DD
:106E3000008000007F003E80018001800180018091
:106E40003E807F008000C000C000C000BE007F0008
:106E50007F003E8001800180018001803E807F00B4
:106E600000800180018001803E807F0000008080E2
:106E7000C180C180C180C180BE807F000080018050
:106E800001800180008000007F00BE00C000C000C3
:106E9000C000C000BE007F00008001800180018032
:106EA0003E807F007F00BE00C000C000C000C00068
:106EB000BE007F008080C180C180C180BE807F0015
:106EC0007F003E8001800180018001800080000001
:106ED0000080018001800180008000007F00BE8072
:106EE000C180C180C180C180BE807F008080C180A0
:106EF000C180C180BE807F007F00BE80C180C18014
:106F0000C180C180BE807F0000800180018001803F
:106F10003E807F0000000000000000000000000034
:106F20000000000000000000000000000000000061
:106F30000000000000000000000000000000000051
:106F40000000000000000000000000000000000041
:106F50000000000000000000000000000000000031
:106F60000000000000000000000000000000000021
:106F70000000000000000000000000000000000011
:106F8000FF00FF00FF001F001F001F001F001F0069
:106F90001F001F001F001F00FFE0FFE0FFE00000D8
:106FA00000000000000000000000000000000000E1
:106FB00000000000000000000000000000000000D1
:106FC00000000000000000000000000000000000C1
:106FD00000000000000000000000000070008900B8
:106FE0008A007C000E003900490086000000000085
:106FF0000000000000000000000000000000000091
:107000000000000000000000000000000000000080
:107010000000000000000000000000000000000070
:107020000000000000000000000000000000000060
:107030000000000000000000000000000000000050
:107040000000000000000000000000000000000040
:107050000000000000000000000000000000000030
:107060000000000000000000000000000000000020
:107070000000000000000000000000000000000010
:107080000000000000000000000000000000000000
:1070900000000000000000000000000000000000F0
:1070A00000000000000000000000000000000000E0
:1070B00000000000000000000000000000000000D0
:1070C00000000000000000000000000000000000C0
:1070D00000000000000000000000000000000000B0
:1070E00000000000000000000000000000000000A0
:1070F0000000000000000000000000000000000090
:10710000000000000000000000000000000000007F
:10711000000000000000000000000000000000006F
:10712000000000000000000000000000000000005F
:10713000000000000000000000000000000000004F
:10714000000000000000000000000000000000003F
:10715000000000003FF05FE86018601860186018D9
:107160006018601840080000400860186018601837
:10717000601860185FE83FF0000000800180018027
:10718000018001800180018000800000008001807A
:107190000180018001800180008000003FF01FE835
:1071A0000018001800180018001800181FE83FF019
:1071B0004000600060006000600060005FE03FF041
:1071C0003FF01FE8001800180018001800180018F9
:1071D0001FE83FF0000800180018001800180018F9
:1071E0001FE83FF000004008601860186018601841
:1071F000601860185FE83FF00008001800180018D9
:1072000000180018000800003FF05FE06000600018
:1072100060006000600060005FE03FF00008001860
:1072200000180018001800181FE83FF03FF05FE05A
:107230006000600060006000600060005FE03FF0A0
:107240004008601860186018601860185FE83FF028
:107250003FF01FE800180018001800180018001868
:107260000008000000080018001800180018001896
:10727000000800003FF05FE86018601860186018B0
:10728000601860185FE83FF04008601860186018E8
:10729000601860185FE83FF03FF05FE86018601822
:1072A00060186018601860185FE83FF00008001868
:1072B00000180018001800181FE83FF0435545411A
:1072C0004141414345454549494941414592924FD4
:1072D0004F4F5555594F554F9C4F9E9F41494F55C4
:1072E000A5A5A6A7A8A9AAABACADAEAFB0B1B2B3E5
:1072F000B4414141B8B9BABBBCBDBEBFC0C1C2C335
:10730000C4C54141C8C9CACBCCCDCECFD1D14545EA
:107310004549494949D9DADBDCDD49DF4FE14F4FC7
:107320004F4FE6E8E85555555959EEEFF0F1F2F3B5
:10733000F4F5F6F7F8F9FAFBFCFDFEFF010305078B
:10734000090E10121416181C1E0001000400100073
:1073500040000001000200000100020004000800DB
:10736000100020000000C700FC00E900E200E4007B
:10737000E000E500E700EA00EB00E800EF00EE00C7
:10738000EC00C400C500C900E600C600F400F60029
:10739000F200FB00F900FF00D600DC00F800A300BB
:1073A000D800D7009201E100ED00F300FA00F100EF
:1073B000D100AA00BA00BF00AE00AC00BD00BC0006
:1073C000A100AB00BB009125922593250225242521
:1073D000C100C200C000A9006325512557255D25C5
:1073E000A200A5001025142534252C251C250025D8
:1073F0003C25E300C3005A255425692566256025F0
:1074000050256C25A400F000D000CA00CB00C800B5
:107410003101CD00CE00CF0018250C25882584250C
:10742000A600CC008025D300DF00D400D200F500F8
:10743000D500B500FE00DE00DA00DB00D900FD005B
:10744000DD00AF00B400AD00B1001720BE00B600F3
:10745000A700F700B800B000A800B700B900B3005B
:10746000B200A025A00061001A03E0001703F80095
:107470000703FF000100780100013001320106011D
:10748000390110014A012E017901060180014D00E8
:107490004302810182018201840184018601870106
:1074A000870189018A018B018B018D018E018F017A
:1074B00090019101910193019401F60196019701C8
:1074C000980198013D029B019C019D0120029F01B2
:1074D000A001A001A201A201A401A401A601A7018B
:1074E000A701A901AA01AB01AC01AC01AE01AF013A
:1074F000AF01B101B201B301B301B501B501B701EB
:10750000B801B801BA01BB01BC01BC01BE01F70161
:10751000C001C101C201C301C401C501C401C70149
:10752000C801C701CA01CB01CA01CD011001DD01AB
:1075300001008E01DE011201F3010300F101F401EB
:10754000F401F8012801220212013A020900652C17
:107550003B023B023D02662C3F02400241024102D7
:1075600046020A0153024000810186015502890149
:107570008A0158028F015A0290015C025D025E028C
:107580005F02930161026202940164026502660275
:107590006702970196016A02622C6C026D026E020C
:1075A0009C01700271029D01730274029F017602B8
:1075B0007702780279027A027B027C02642C7E02D6
:1075C0007F02A60181028202A9018402850286024D
:1075D0008702AE014402B101B20145028D028E0262
:1075E0008F0290029102B7017B030300FD03FE03AB
:1075F000FF03AC0304008603880389038A03B103F5
:107600001103C2030200A303A303C4030803CC03B2
:1076100003008C038E038F03D8031801F2030A00C2
:10762000F903F303F403F503F603F703F703F90390
:10763000FA03FA0330042003500410076004220107
:107640008A043601C1040E01CF040100C004D00435
:1076500044016105260400007D1D0100632C001E0D
:107660009601A01E5A01001F0806101F0606201FC3
:107670000806301F0806401F0606511F0700591F45
:10768000521F5B1F541F5D1F561F5F1F601F0806A0
:10769000701F0E00BA1FBB1FC81FC91FCA1FCB1FF8
:1076A000DA1FDB1FF81FF91FEA1FEB1FFA1FFB1F72
:1076B000801F0806901F0806A01F0806B01F0400C0
:1076C000B81FB91FB21FBC1FCC1F0100C31FD01FA2
:1076D0000206E01F0206E51F0100EC1FF21F010079
:1076E000FC1F4E2101003221702110028421010073
:1076F0008321D0241A05302C2F04602C0201672C22
:107700000601752C0201802C6401002D260841FF22
:107710001A0300003477010800000024EC64000024
:10772000E8030008FCD10108EC640024BC4C000014
:1077300090B80008400600000104FF010004180092
:10774000FF000100092220A10700808D5B0001706D
:107750001EA1A2A3A4B1B2B3B41F2F3F4F1D2D3D54
:107760004D303A77616C6C342E626D7000E0011020
:1077700040A0A0E0A0E06060E060A0E0736B7070EB
:107780002E2D2F08290A0B0B0D0C090805050302E5
:10779000010101210021216040406081420200007E
:1077A000C3C5C4A684A3C0A1A0A0816080606040BE
:1077B00002300660A0A0C0C0042004C0A080144015
:1077C00010F7AFBB93BB7A9D564C292D2C0C0C0D9A
:1077D0004942024912400110158042220100A2C410
:1077E000C4A784A3C1C1A0C0818180606147300467
:1077F00060206044214C3149D00F20408E496E6B8F
:107800004D4E2F28080A0B0A49217B31492004C319
:10781000C4C34912C2495260492340808D42804905
:1078200011A760144040DC929CBC7694792D4D2DBC
:107830002D0B0C0E0909054A1004412100C6200831
:10784000402122220020C5493006C2C2A1A0809258
:107850003006008060202090114A11E22280DD2055
:107860000BC86E6E494E494E0B272A9254050808E4
:10787000060425366125314916402410048562C26C
:107880009371491525214411984149200F4060FB0F
:1078900095BB709C7879574C4C2C2CDB656E47411E
:1078A000406E200E4122020080C5C3C58585A3A07D
:1078B000C1492780816C30046040A0018192140C82
:1078C000A26E8E4B4D082D2E07080BB7720849513A
:1078D000921004604102492408C4C5C5A662A3C130
:1078E000B721354620B731DB65B7240C60FAB2BE4C
:1078F00097BC757A564D4C25756E5A2100234080F1
:10790000931007C4C3C4A885A492656E774040B79E
:1079100066C06E200D8B6E6E6A4E6C2E0808090BC9
:107920000A9338040505044A214C356E180A0222D0
:1079300000C5C4C3A884C54912C093134061A934CB
:10794000044000201F81DC200D40DCBC9CB97C9AE7
:107950007B2D4C2C0C9245B7256E84044141006E62
:10796000C405C3A68483B75640B7A6C0B758074D11
:10797000482E0828294965B760044121014929009A
:107980000510B7252699001407F796DD919D77B766
:1079900014052B2C0C2CB74609B719D9B5B74406DA
:1079A000C68584A2C1B740058061206049A1DB146F
:1079B0000960E26D8C6D6E082EB72D6E03860AB7D6
:1079C0004E206E032A61002D6E037663B75E616EF2
:1079D0000321923D74032E608303D40DFBB4BD9844
:1079E000BB789B564E2B2C2CB72E416E0331932E19
:1079F000A225033EA425035E80B703572060B51D72
:107A000027034D25031405AE6D6D6BB75D6E036ADC
:107A1000080011DD2C052100402025031D01043C38
:107A200005C4C3A6856E033EA0B7031DA7032700A8
:107A300040B551DF2660B71408DAB99CBD78977A53
:107A4000B7619245250E1D416E035E4025037D6E94
:107A500003380CC76E8D494D292E2D072A2B496AF4
:107A600007DC4A81DC119248092040C4C5A6858301
:107A7000A1DC195E19DC3F40409204414925242CC9
:107A80000860FA92DE959D766E03162DB7756E2509
:107A9000B72E41C6046D6E0336A6B7256E1681213A
:107AA0003D6E0321DC89495408E26E896D6E092D13
:107AB000B7EF0B0825051E6125052B40C3932DDC70
:107AC000046EA025037D25054DDC0425B75C0CDC88
:107AD000BD97BB767A564E4E2D2C930415B7156F75
:107AE00055B71D6E034C040100A1DC048D2505CEA5
:107AF0004025054D6E0315B72E4D6E03CE0A6E035D
:107B000035B735257C0422006025056EA06E052D55
:107B10006E0375B729146C0C40D8BA95BC779C7B62
:107B20002D4A2CB7057D250365B71B20204906117A
:107B300085B7AEA06E031807A26EAD4A4E09DC46AB
:107B400029B7E608B756026E56626E340560816149
:107B5000006EC6C06E7C0DFC96DC6C9B757B784D10
:107B60004E2E0B25058A02003D6E036406C6C4C670
:107B70008483B77E606E034D270541DBC80960E052
:107B80006E486E6D4E2CDC9DDC063C04A06222DC4F
:107B9000063804A785A44911433D6E0331927DDC6C
:107BA000041D49063407FABABB99BC78B73D4A06AA
:107BB0004D6E037F0221930625B72D6E034685B7D0
:107BC0006E8093069A60004D6E03366CB72E2825A2
:107BD00005AD6E039E016E039E806E039E606E0374
:107BE000614A3DDC060C0C10DA949DBD77967A2D27
:107BF0004D4E2D250575B75406C4A6A882C26E1D2C
:107C000025035DDC046FC0806E033E6093041C0599
:107C10006E6E092C4A06AE2B93045D01064E20932E
:107C2000041EC46F036A83DC3D93041D6E035DFE76
:107C30000749DC24074060FC93BC9AB7264C25DF3B
:107C40000E0BB8074DDC043C0660C6C3C5A5250372
:107C50001DD906A6A06E6E8049041E406E0319DD74
:107C60007D25050D116E0321492D6E034E83DC0623
:107C700011496D9308BD92044C0A60F7B7BC96BDDC
:107C8000759B55DC069E0E25054E419308256E1DFD
:107C900093081EA825057EC125034DDC063DDC08A2
:107CA0005D2505101E60408A6E6E69485E1E2C0CB4
:107CB00006090C0D0D080B04240604030301222100
:107CC0004124055C0922210404408000A4DC044E08
:107CD000C001089E406E037D26091C10DCBD7D7B23
:107CE0007E9B5B326E2C0808121005DC041C100809
:107CF00005210200A32564240241632222037805A2
:107D00003C040185C5DC067FC18093065C044060AD
:107D10008093086DB8075C28A86E5078564D330ADA
:107D20004D0C060610110506090404050102022285
:107D30002462230241A323220303230120A3E3930C
:107D40000841DB29004D4A08AD01081C1592BC7D95
:107D50007C9D795D2B522D2733100A4709070705B3
:107D600000D0041C12252125244121232243032075
:107D70000040C4E3C5A4010A6DDC061640A64260BB
:107D80008D6DB707BC164060E16E6A3D59393510FC
:107D900005110F0C264A0A0B0C0A064A0A2F8062AC
:107DA0004A0A1009A76C6C4A27454624011C08237F
:107DB000220221230201B50A7DB80339A62C15F74A
:107DC000D99A5D7C5D7D5C2735122E27060A070A4D
:107DD0000A060425051E01DC062D010855B7100F03
:107DE000AC6D504A44460323244343222143493384
:107DF0002020953DBB052D25054C150060AF4A5A46
:107E00004E37530E270D0E07072E110E0B07079343
:107E1000084D930A1E204A062014010020C4A96DB3
:107E20006F476365224322614322432402934C043B
:107E30002080804D062D0E081D2503100BDC917E41
:107E40007C5C937C2852308FAC07130E0B06060720
:107E500025052D6E0514172020C5A56A4D474365DD
:107E6000444343214221212402222302003C114A9F
:107E700032E0921DA204181580C56D962D522C7209
:107E800033080A0A07110F0528070506001809011B
:107E9000002461232340610011C71DDC081FA58554
:107EA000250545B72F814025052DB7077DDD0A291A
:107EB000101C16F7BD965B7B9B785A092B2B28313B
:107EC000110C270806070501190344132401242374
:107ED000414123214303212120A4E4C4A585B73DCA
:107EE0006E0325B74D69055D010A2D6E031C086DF3
:107EF0006F58552D2C356D0B2C062672130F047000
:107F0000071200931B250100140641232244042478
:107F10009C04C3E4C3010C5DDC0699003D25051AF1
:107F2000DC492C0C7B9D5C51512D2607141104DE7D
:107F30000A180804010221250324D61B2302DC1C95
:107F4000120100C1C3A968494662642141624262CC
:107F5000424441031DB1061C06224222422148032D
:107F60001D490319FE28100020AB8B5D55335310BB
:107F700006100E0A0407497608B71DDC064E20B825
:107F80000B1010C4AC6E532A4546452424432223CB
:107F90002223011F0221270329DD1C04A060C02524
:107FA0000910184020FBC8BB5D5D5E2A5D2F74324E
:107FB0000E06060A090C0B090A05865E2125051E18
:107FC00020930A1DDC06100F856B5049456645233A
:107FD0002402422322620419931F20808C066AC067
:107FE000938C1660C76F58313804332D4B0E0E0634
:107FF00008100E0B0A060704DC0611921E029308F5
:10800000100AC5A48A4C4645436542CF11F13B2274
:1080100001DD357119032D580A181380A0FA94BD9B
:108020007D7D107D724E302E270A330E0D933D93C9
:10803000044E41010A3E802505140BC5A5896B47F6
:108040002544454222181A21472E23490D19943FF1
:1080500080E0010A25041817C06D6C56504E2B3273
:108060000A090A074E100E0508060605010100144C
:108070000A002323604022214203491C0484A4A453
:10808000B80B9FC0C1DC068E60DC061DA606152558
:10809000140760DCBC7E7C79B73C04522D26930427
:1080A0001D70092A040054060325030141B73F61EE
:1080B000E34A0A6EC1930611834E0093085D2703BD
:1080C0002D5E0C1006AD6E51560E922C090C0B064F
:1080D00007101004074B081814000201642423231E
:1080E00000402301220343020001C3C2928EE1DC5F
:1080F000061E404A0A7EA025053E8001061C15D7B3
:10810000927D7D7E7A7E10722E0707131104080976
:10811000040605D10C1C0663256323029F0D3F0056
:108120002093081C068D5C3B36356C041C080D0D35
:108130000C0B0B0A0A2808220901320A061DA40B9F
:108140001D7E041410636568492C032E2D882C0CA9
:1081500009060805B52D25091DB9071F4304DE0AC8
:108160001D2E031D4A06280E40C5A3896E484644AD
:108170004543442322841B22226A1E20E7068E8068
:108180004A081011FB93BE7D7D115E586933312E74
:10819000272B082A6E1D010615B89E40DC0628090B
:1081A000C4C66688476643668C35BA1DA90A3C0476
:1081B000220141F8035DB703181240408D6A5B50FD
:1081C00036300A290C0C06282F110D496E03930432
:1081D0003D6F0D1E420D041809C3C488894A6843C7
:1081E000648D1C04614241D1051192380521216141
:1081F00060921AA0001D360F180EFB90957C9D59B9
:108200007E564B2F302928013DDC042D26034DB826
:108210000D4F20606F0F400FA8886C4663652142A8
:108220004261414162224929FF20052000A060DB14
:108230001D6F0F1408876D5A512E2B35431C0505F1
:1082400007120F93061F47084A062C0500642445B1
:10825000B7033E01B7032C04A1C4C225094D6F0B1F
:108260001DB80D1D880D7D6F0D7D93061C15D993CE
:108270005E5D759B5D326F2C0809120E070906279B
:108280000905F4095C0783236201008025031C0BA8
:1082900020C5A9525633332F300B6E08240407062D
:1082A00007B442080141082D5803180B846467473E
:1082B0004A2749072729DE8E0B6F0F1DD704159F0C
:1082C0003F21210D0A1C08AA678C49238365B30549
:1082D0001C0462212447042242AC1DD70D2F80606C
:1082E000710F3280011D9308180F7D7C9C795F2BE4
:1082F0004F2C2753120C26099425F43DDC043DDC59
:10830000061D00061C10E4A56B6B26464365414420
:10831000634223430396061C07222262232343550C
:108320000410040222440D254A4C128C6A5B4E371D
:1083300056130310100E06040906090BDD108D6F8D
:108340000B11E92C0BC4C36B696B6C44452323DB15
:10835000062DCC047C0600204060C0710519DB1C92
:108360000F2020D89B5D9D5E7E5D0735320E07DCB9
:10837000061D6D033D4A0A4F0100DD0E2DDD0C1D6B
:108380006E0D2C058A8C4D4BDC061E25DC061D1E51
:10839000051D3C053D4B044E80070E3149140AADC6
:1083A0006D5E5532710E4D0CB71F0D146D073F06F3
:1083B000056E0FAD2505100900C4A76C4E47646516
:1083C000461C0541424142DC062D6006398E2D27B0
:1083D000054D9306140DFB937E7A5C717D2B7130F5
:1083E0000B28B84C040B070593041DDD106D6F0FAF
:1083F0002DDC045DDC061F4221DC041F24029304F3
:108400002D3C072DDC063EC024051D59062C0AC54F
:108410006EAE6F6F5438532E4B0C1C1C100D2D0C70
:108420000326282425044363626503634242014610
:1084300046008041CAE8C7B8091C12A1C2C0A18188
:10844000C180816160A0A1A1A0E1E1C195061FE109
:10845000C1A0122EE19E062C08FB92BB7D7C797890
:1084600093081C222877360D262B0828280264231F
:108470002145014545826165636323636142ADED3A
:10848000E8C885A4E2DE0A11424C04A181616809B2
:108490004DB7098DB80D1C086E4F572C2A32076E48
:1084A000031C0650100D0529B90F1C0B01610201B8
:1084B000240123234140DC083C0823230160C8E653
:1084C000E4B80D2DDC0E1D130D2D25056E80480C16
:1084D00049496C0D6060F5B8BD7D7C77795C525080
:1084E000DC062E28DC062D25052E04DC06102323B1
:1084F00024414281E8EBC7A6A6C5C2C4C2E3A1A33A
:10850000A2A2A3A2C2A0A2C1E1E2E1E2E2C1E2C151
:10851000E1DA1C0FE2E2E1E1E486915D5239B23525
:108520000959FE071C064B500A0D0C96101C1B44E3
:1085300064634342626321A181A2A162436461C773
:10854000EB8B916C4A8A69454597043C0923434269
:1085500043234241618F10356E3D4D0E1C0EA0FB32
:10856000BA5E5C3D2D5E0F7333120825091D93061C
:108570002D26093D94126E01DC064C09C8CAAB8E4B
:10858000504A2445DC061242491E213E051006E6EB
:10859000E8E3C1C1491EE004101D36131C0AC76E72
:1085A0005851370533094D8D042E0825096DDC0619
:1085B000ADB80F1C11EFAB954D4766646542434162
:1085C0004301222422260919DD29491DDF123DDC41
:1085D000061F60804A0A3C087E9D317E715131DC65
:1085E000061D2609FE07260F1C0760EAEC916C4C5D
:1085F0006E031242F24A42493E006E053D290D3D8E
:1086000092041C3360A08E8F5678524E572C502CFB
:10861000284D111229092A280602422262460245E3
:1086200045818244424325430160E6ECC5A7A6C4C8
:10863000C2C2C0E0A1A1930A1B8180491804E0E1F5
:10864000E04A394F29491C20A0C0D8BD7D9D789AA9
:108650005C512C2D28083711062A08280805644388
:1086600041450346240162A909100A23834221C718
:10867000E8E6A7A7491004C1C0A14A19491D40084E
:10868000CC04A0E0C0B90F1C088B6D57560F2C35D9
:1086900069061C050507131025092F2707B8095B74
:1086A0004505001E04C2031C06C3EBE7A685B709F7
:1086B0003EA13506AD26115D25052DA80C2C0CFC20
:1086C000927E7C7D9D7E12712E06DC0630040908A8
:1086D00004491C2A83258425024183232224014244
:1086E00081A0E9C78E6A688785878484A5886487A6
:1086F00044646263A562A563648542846336092885
:10870000256362854183A4C68D5D0D5505342C70AB
:108710003530084B300C0E0B0B2B262464424241A3
:10872000828362C2A1491C166581C1EBAD92536E72
:10873000476668234623644363424424456D083DED
:1087400070074D26032DE5082011F795BE5D7D3499
:108750005E576937322E262A092CE43D25091D93E0
:108760000435B71DB7071C0D40CAEA90502A2744AC
:10877000674423247F151E4229091DA8064805C504
:10878000E6E3E24911DB1F4020010C4C0C57763721
:10879000320D280E0D0728519306AD010E2EA001B3
:1087A0000C2C0BC8F3B08E6E6964652263DC063C4A
:1087B000044303226F0B3D29112D25072D350F2C66
:1087C0000F2080DC997E9B5C9E5C6F312E07276FAB
:1087D0000B4DB80B2D25056D010A1C1A4281EDEEDB
:1087E000AEAD908B678C444465A562638365664536
:1087F00044236463810F042D240332E1E31C22E04F
:10880000866D5497504E570C4D2B080810112909AE
:10881000294827054223218444654401826321427B
:10882000F3051C0841A6CDC8A9A6A548041804C193
:10883000A181001D2A0B1D44143949194A3C04C06A
:10884000E0E19304280CF88E7E7C7C9B7D326E2DBB
:1088500007491C1D290906282884430162268546EC
:1088600024628445632402432161C8E5C7A862C429
:1088700093041DD5046C058181614044045D0306A9
:108880002D71051C0D80C76D9009554C72322A0C54
:108890000A25091E05B80B1D93041D61062F2441EE
:1088A000010C1E23280B1DA10A3C04A9E8C6701365
:1088B0005EC0010C8F8040010C6D26111C0CFB8EDC
:1088C000BD787E7C9C5E4E2E2EDC06130F25931FFA
:1088D000050088101E25DC042DD7091C5F8122238A
:1088E00001C0F0B0765C5F5C36320E2E30302D2F3A
:1088F0000B2D08094E2C2B0A2B2B0A2C2E2B2A2B46
:108900002A2A2C0906250265856E6B503031654E8A
:108910002F30094C4E060809272423656543A264BD
:108920002603426382664162650281C9EBAD6B6DCD
:1089300069666743434563420162632A0D172261FA
:108940002F7949194A180CE4DBBA7E9D5D9D5D299B
:108950003210DD2F0A0825091D29113D71081D94CB
:10896000121F6060140B3C0B00C9CC8AAA894764B3
:1089700066436F092E228F082C09020287CBC5C2DD
:10898000A2A1DF043DDF082C0F40A76C5A503567C9
:1089900030062C0C0807092509AD6F0D4E404B160B
:1089A000100BC6EAC8896C6863646462901E40A9B3
:1089B0000A19981D72075E0073113D250F1C0C806B
:1089C000D8BD7C9C59B35E0B6F30110A2E106E0B14
:1089D0004D020E7D94141D9416200740EBC7AC6B1E
:1089E00069491E63870B51491DFF061DC1092D31C1
:1089F000113DDD061C1FA0C26E9C36774F733709F0
:108A00002E2B283312094909052A06024301412564
:108A1000624645824A042C094403424260CAEAE79E
:108A200026112DDC061C04A180A1DC061B80A140C0
:108A30003EC093041DBA053DDC06181DFC90B85DD0
:108A40009D9A9D5A0A2C2B4A34120A282A072B2752
:108A50002366226144816342351C0FA08143650176
:108A6000C0EECF94555857322F25142C082F2929A2
:108A700027282A2A26098C06090829280926091CDC
:108A80000C646467892927290607090A4D167D4B5E
:108A9000181C04612301780A25561D570C1C0DCAA9
:108AA000B3A86F698483446343436241071DBC07D5
:108AB0001D880B3F22601E115E604A101C04A0DA64
:108AC000B9010C1C0B9A5D504F2C26081310067828
:108AD000151C4A08064542804504270501834423A6
:108AE00067476483C1E8EA8D686A6886874485853C
:108AF000A66565AE86678466856467644483B4450D
:108B0000658AA6668DA688676363A96D5D103503C7
:108B10005D346E31100A0408050A0C05B90F1D9B5F
:108B20000D1C16428385236362214122444461CB9C
:108B3000D2CC8D6C4A6A6746720B1C076567674426
:108B40006603B5031C0A63418282A3818282A4C7A3
:108B5000071C1AA182A1C1D78F7E5A5D315D569440
:108B600033320C272B090B08052624230E0D1F2258
:108B700062C9081C0440414026052C080060CDADA8
:108B8000906E4BDC061F4503AC091E42050E2C06F9
:108B90002403022141D60C2DC3032DBD183C0D60CA
:108BA000C76D5D0A560731060D0B0925091D260DF7
:108BB0004D93185F81414B1611492C07C5CC957018
:108BC0004845DC061DBA0D4DDC087DB80D4DB80FCB
:108BD0005C1240A0FC6DBA7D9C587D512B2F302833
:108BE0002A3110B80D116F1C0420416237061C1F7A
:108BF000C2A2856522C1EBE9B16F6B6A65876386A6
:108C000064846485676666444201434382C2920677
:108C10002EE19A061FE0C0E3081C0C8D6A6F8E6D72
:108C20003C11500A4B2F95031C22505448692925AA
:108C30006747A765A6A469A5856385A9696AC282F5
:108C4000D0CDC6A8A9A5E5C4C2E1C2281B1E61DC1F
:108C5000081C04C1C1C24A082C04E1C1E245082134
:108C6000041C1DE1E1D7B87E9D77985D4F4F2C28FD
:108C70000834340629294929278544414624454A90
:108C8000061D0C051E242C061C1086F0C6A7ABC8BA
:108C9000E4C4C3E1C1A2A081826E094E80DC066EED
:108CA000C0480819E21C05AE6D4F58B80D4F2A0D8B
:108CB0004B122E0771195C04000202B80D25C11C6D
:108CC0000E0200A5E9E7A7A8C6E5C3C2E1C12505D4
:108CD0001D8B0C4DB91B5D031C5D701B1C0AFC90A9
:108CE0007D5B7C9E7C3370B80D3D01102E03DD1240
:108CF0001F0182DC061E03DC061E4374071C146180
:108D0000A0E6E6C9A7A5C3C4C4E3C4C3C5A1A382A2
:108D1000A2C1260912E3D91D1F0917C0E0251C14A2
:108D2000E2C0E1E4C4929D125C0336544936322F0E
:108D3000494F0ADC061C042825443306340441A1AB
:108D4000836E1C1261436561C1EACE8E8F6B8A8986
:108D50006967674644CB072C064243634141041CC4
:108D600061DE2DE20A3C13FB94BD5D9D3B5D5A67BD
:108D700034122F064A09290B0B4B121D90041D4C6F
:108D80001C1D321C2DDE1C280F20C9EB92724C4A90
:108D900067696544666443491DFF0D7C0520E5E66F
:108DA000E5DC061C0E804000E26E93587711332DEF
:108DB000270DDC06CF300EDC065E6002181C09EBC6
:108DC000EA95934C4786864B041C0583644244DC39
:108DD000061D60163E4091185A80491C0C40A0D9CF
:108DE000BD5E7C5D9C7E6F2F94124DDC062D271995
:108DF0002D71046D010C3C0C2200C7E8CB8F706C08
:108E000087886495045E4294123D4F163DBE133D23
:108E100094121C06886E56775102141C0D4C2C09B6
:108E2000083611280907272A0542111C0ACA4A4692
:108E300026014164444478031C2141C6CBC6A7C621
:108E4000C3E2A7A5A2A5A9C3C4A3A863C5A981C459
:108E5000C2C5A2C4C580C4A2A0A25D1C1DEC061C94
:108E60002BFC8D7E0C7B9A7B5771512A283A130775
:108E70002A2C02272A8465004148A6272483A4645B
:108E8000864703834283CEB0E8C5A6761D1EC3AADB
:108E9000051C07A4A28560E282C2151C248161A181
:108EA000A281A361A741C961C7A5C4A7C3B4B32E5A
:108EB0002F5075342C2C2B091613074A2A05082825
:108EC0008F041C0A004B63470182A547232C0B1813
:108ED0000460A0C6491C0485C4C31F0B1C05A3A2C3
:108EE000A1A2D80A4EA0D60C1DA5104DBD111DDCA7
:108EF0000A1C0AF894BC7D7D79795E2EB80D3E730C
:108F000094124DB80D2C04260104DD12182222649F
:108F1000242201A1EBEAB48B6A67A688A584828625
:108F2000858588648462846263866384868485FA26
:108F30001C1C4342866262A3A38D935D5532340D9F
:108F40006C36562C4871300C0D0C2C27032609105A
:108F50000562006263FF1C13C2A2624401C1EAEB16
:108F60009970524A8B8C6666676426091C054344D7
:108F7000242460085DBB075DDC061404A0DA96B704
:108F80004C089E5E0937320E054B121DDF1C3DB9A1
:108F9000172D94143E60B80D1C1BC8EBAC707B6A97
:108FA000656C054C8A8D856C246465474445414158
:108FB000C6E3C2C26B0B1C27E3E7E7C5E9E5E4E1C2
:108FC000A98F555036AF310555340A6F273410102C
:108FD000082A2A2524026466638D03C4A2816F0DCA
:108FE0001C214442C3ECECCEAF6E89858766856652
:108FF000628963416264876465A7C7C4C4E5E4E32A
:10900000E4E26E091C1560C0E4E2C1FA957D7B5E66
:10901000567D717358584C2A582E03061C04284557
:1090200001220A2C0982A46443A4626162011A1C11
:109030001140F0D3AEB98D8587676564434462867D
:1090400061080A1B2242E41C18A4C2A3A9A2C8A357
:10905000C7A6C9C2C5C4A292B3976F4E70784D4CD3
:109060004B141C26370F28502E4B4D42A745648BBE
:10907000426649A4C881A24363638285ADAC868CF5
:10908000A4C7A5A582A2A1C1E1E0061D2209400452
:10909000E1C2E2011EE4E70C1C3DE3E3E5E1F994E3
:1090A000BC797D779B5C504F2D27763710272B2C72
:1090B00049280185436248034891C5A666838968AB
:1090C000A8A7A3C9ECADB165A985AA83A684A58389
:1090D0008562A5836383BF0910098283A48382A468
:1090E00083A302101C838384828D6B7959514E3582
:1090F00007080E0771111226282D29050463234243
:10910000C51649A02C1682836A666483CACCC7CF71
:10911000A9C5E4C3E3E3C3C3C1A2A2B80B2DAA0946
:109120001DC8091D000C4EE02E1B1EA07017137DDC
:109130007C921C07512E270712114E142E267015F3
:109140001C06224525232494101F006077152C1738
:1091500081E7ED975F5C5B5C5931523131522D30C4
:109160002D2D09082D2A24092C1B2B2E2A2A2B09E8
:109170002B2A2E0746656565696C4F8931044E318F
:109180000E09294D25091C040524437E101C196273
:109190004625636241654281226582C6CDC88A71D7
:1091A0006B888966646665A60B1F6242780F3F6212
:1091B00041B60F5DDC081D6F0B1C0EF9BC7D565AC5
:1091C0002E5E338E3131090825091D04101DBA0F9A
:1091D0002C04020141BA1F1D281B1DE9121C13A2F9
:1091E000C8F9D2AFAE9089AC8887896687866385D7
:1091F0008353141C07220186C7C3A15D0C2D720F77
:109200002DDC043C11E26CB95C760B3129290D0C84
:10921000270A120D0D6F0DCE02B9191C10A0C8C778
:10922000AC926C6A8589848564836282D4103D72B5
:10923000151D4D0E4EC0010E2D270B1C14FB94B8AE
:109240007D7D0C5D556E3331292A34100F0E2A2A8C
:1092500045061016446483828786A4A3A3A2A5872B
:109260004463C2EAEAAA6B918C8D1C078364826214
:10927000414704101C4865A465428964878362C71E
:10928000A2C6A2C2C9C3A1A0608B6A55504D4F5956
:109290002D5050494B3632494D2B4D2B06644320FF
:1092A00025032725014124648B256261A6CCCAC60B
:1092B000D5CAA4C4EDC3C2A3AC61616181F40E1030
:1092C00007C6C1A2C1C9C58A1D9B221D881D1020C9
:1092D000A1C2E4BB975D9C949B5652732B05281446
:1092E000110727072B070564628142016523423578
:1092F0001C154122236380E8F09475595458565642
:109300002F2B2D092829C1221E2A46125F29294800
:10931000125D25091C058468464925091D39092C5B
:1093200004090B0C93141F04032E181C1E01626CFD
:10933000686166426522628B216401ACAA6E49D4E1
:10934000A98687658583A365A6873C041E221A1C0F
:109350002DFB091D6F151D7206103B80618383D4A0
:10936000DD9D547D7E7D342B2C2A2B37160C29094C
:109370000429066221018125A648256283456626C7
:10938000024180A1E9CB8E8C9147876A66A88884C8
:10939000838A656644011C066464828482690C1CAD
:1093A000064344470322620A1C33836C715D7431A7
:1093B0003932443235110848282A2D2E2804230238
:1093C000436263428622416363618365264582D09E
:1093D000AB8B916A6F686A4647254545F8081E229F
:1093E000DB062F2020B00F3D6D153D27191C0FFC0B
:1093F00093BD5F9D3A5D5C6834110E0749E00A3DFC
:109400004B122D90043E21B80D12A1C41C0E40C871
:10941000ED92714E49898A6644454427192DB80D4D
:109420001D25091D1F0C49952D94141C0500C16DA7
:109430006C25051F3107FE231C05264E33134B12E6
:109440001C2C274902654788A465A585A98283A3AA
:1094500084878841C8C7C8B596716F8A8887A8660F
:10946000C8A48D664597464642224081607C0F3DE8
:10947000491E1E2026071C2DE1DBB87E7E5DBD5DEA
:1094800072542D0A7328370B5C074A29264624227A
:10949000434261A541C48421A542436281CAF2CC02
:1094A000B3776E85D60E1404648863191C0623886E
:1094B000470244B9133E2028171FA282560C1C20D5
:1094C0008541A6978D6A492B382B54272C2D2D2F9B
:1094D0002B2B064546054524004464824803615B06
:1094E000031C0C264661A263B3CBAE86A7C69306C7
:1094F0001C06E4E4C4C4A499041D51061D7E0F1E7D
:10950000C103251DA5081F81C2850D1C21A1FBBD1E
:1095100094527D999C334D4F092A130F062A090551
:1095200028288564026245834503628344E0131D55
:1095300079111C0DA9CBC7A985C7E3C6E2C1A2C397
:10954000D1061DBC0B4E80B4034D511E3D4B141C67
:109550000DC86E6D4D594E720F4C0D090725091F30
:10956000270A4D242D89221C152521242361A2239D
:10957000422303032241A8E8C8A984C5E44C103C57
:109580000982A18162410080614A121C0680C1A14A
:10959000C0A199041C39A1C1A2C2A1F9BBBE7D7CA6
:1095A000747B5D4E2C2C282B130F4B2A0C4929035E
:1095B00067646625644B6464634545A96E864161B2
:1095C000CECBC9AA88ACA4C9C5A4838584847F07EF
:1095D0001D1F05180B83A3A5838282846341612C20
:1095E0001C1B63638363936C5D4C373A0B471033EA
:1095F0002C472E70300D2F0B04472546C90A1C0539
:10960000648383828308101BA46943C5ACCE917028
:1096100092708C6C8C8A4545666568874767438A7B
:109620002382012C0662828281627F031DA90E1CA7
:109630001DD5B35C9D5EBC5D0958380F29492E29A4
:10964000312E2B0945466244232141430011111C50
:1096500012A163644381E5F0A7B57B6C898C8C66AD
:109660006788081212871E1C07638081C7C5E270D5
:10967000052D3C1D2D4E241C08A0AD6E574F397092
:109680006F131C0B0D0A292D10320C082B08261DF8
:109690001F2101DE221D0A154D28251C1360EDDA5D
:1096A0009B9B758A88908985646684896B6765E071
:1096B00010152F33A2828C110211921C11DA947DA5
:1096C0002E5C537B4C71302D280B15100DB80D4DB1
:1096D0004C221C048141418E112DB91D1C052060B6
:1096E000EAC84A102C1167878C6387448902834635
:1096F0006544244363402D0B3D28133D54081C0B47
:10970000C0C28E96567C2C4E580AB8031E326F0D7E
:1097100010132C0B494842644442466367448161FC
:10972000446465457C140DCAE6EACA84C7C4C5E42E
:10973000C4A3A4FF1D3E111C04A2A1C3680A1C06F9
:10974000C1C0A2A2A0EF061D1D202E8194141C05ED
:109750009C737C5B71231C0728701210282BB80D9A
:109760001D9414100561250148431DEE091C0C24AD
:10977000638541C8E8C7ABADA5C391062EA3CF0C46
:109780001E610A1E1DD0041C0DA0C1A2A6CEA2C33C
:10979000AA83C5816164102C108B8E5959524E32A8
:1097A0002B2C2D2A5115140594042D65161C054DDE
:1097B00004454F49041C1D434649658285C5C9C8F7
:1097C000A7AEC5A5A48884A986A583A683A2A380E5
:1097D000C1C2C25B14115C1D61262DE31A1C09E78E
:1097E000C2D6929D9E4F9694142C164E0671375BEE
:1097F00025512A472A0464426387458B4701424426
:1098000094121C112060C8F3A7898F6C6588A86426
:109810004266424203041C062243412241E0083CC6
:1098200005414142424D17102201D1A18BAE5C553A
:10983000568D3507555908472D31530F302D0C06DD
:109840002544426221A521C5C3A0CA1C1A634362F4
:1098500061CDB091776B898B896A69658D876887DF
:10986000672425240120881F2FC4C13B111C17C069
:10987000A0A4822080FB8E7E0A5D0B5D58B5363237
:1098800008082E0C0E2A1F2E07701B1F22A12C0465
:109890001DB80D2DEA1C1C1960EBAB96504C4A8B81
:1098A0006E666E688D888A67686847460282C7CA96
:1098B0009F0A1DC5073F80E006121C10A28C733062
:1098C0003604342F2A0D3129080E0F9A0C1E2A6EE9
:1098D000091D041B1D03225E8026171D26132C085C
:1098E0008A6E476966ABA598145C0A6343650243B8
:1098F00002422020240B3D84131C06A060F994BB77
:1099000092107C0E7D54733053292A2E11100C06B0
:109910002903204D951E1D26171C05C7C98B6C7089
:10992000131C086A858668638621FA061D0C1A1DB9
:10993000871D1DAF113D22071DDD201D0F1E1FAE0F
:10994000906F0B1C0A2A352E2A2B2C2B11344A0C13
:109950001820494902646584672366452082444390
:109960008265646361CBCCAAC8A7C6C6E6C4C5A499
:10997000A4441EA28B041F61C388041FA2C0DF1071
:1099800019501FC181D4271C09D9BD7C7D53785A39
:109990002D00042C12061311272A29492A27634473
:1099A0006245246946024A101C1225636562A5F2CD
:1099B000E5CBA7A6E6E4C6E2A2C3A24B041D97121C
:1099C0002D70215C04A1A1C0260B2D05031C0A8764
:1099D0006D51762E4C33092D701B1C061111050597
:1099E0000803201DD10E1C28822563440161854592
:1099F000634548436945CDB1ADA98BA8A7A5A5A5E9
:109A000087A3876947836283A2A281A2A48569A6EE
:109A10000C1D78031D79091C1A6284BC9997279C38
:109A20009C7D0F9B34082936100B492A2B252C626C
:109A30008423010C1C114725A2628482656765A1FD
:109A4000C3CAB19B5D38961014062E522E303206D2
:109A50001C064D2C2D5251A10B1C082B4F082D0814
:109A60002E07CE191C0E04242266A9492C05322A81
:109A7000452D3371031C0A06292A0B294C8786625F
:109A80002A101C074A8B82A48222B90F1C100040A6
:109A9000CCCC8C6E6F478D8C686768468BFA161E2F
:109AA0006547111E21E40E2D4D122FC1E048042CF4
:109AB000168060F692BD7D9E345D7D6A34362C2919
:109AC0002B084D0B0A090314272241B72DB90D1D90
:109AD0004B142C0E40CBCD8989686A876B656A244C
:109AE00064751F1DBB0B1405012286C8316EA104CD
:109AF000181C0B6000AC6C5B50354D0C49FD071C0D
:109B000006060A36110E4D1A1DD30E1DB9212C1A48
:109B1000424361A36462A4646688C4EAECCEAB9657
:109B20006989AE898784A68685450C2C0743236204
:109B30004282404C161EE3BF171EC19E0E1C11FD33
:109B4000B2BC7D9A599D7C7151552B4C4D32327867
:109B5000091C070425248AA98699052D4605101697
:109B6000A263436381C6F0C9AC9188A98A888487BF
:109B7000A487828245971D91151C04ACA9A8370BB8
:109B80002D26053D0A141C0AC66D5830792B550F39
:109B90004A481C1F13357015181905294A43446398
:109BA000A7478648046385466546438363E3CECA78
:109BB000C9A7481806A6C4C482A3471D8D041C0467
:109BC000A683A61B051A614D1D502A1D2A181C12BA
:109BD000A4A4DB907C099D9A9A576D4A07283A32D3
:109BE0005351121E7443061C23648466A267858940
:109BF000A365856367458383D0CC995A5956542D04
:109C0000502E2D50270728282C2B0B970D1C092A86
:109C10000829072A2F082C84041C1B2648678789DB
:109C2000AF6F2C2A6B4F49494E2D0A320B0B2A2954
:109C300026052344211F171C164322452462626413
:109C400043660365CDABD4B4A8A8AC878C698E0AF3
:109C50001D80061E627C1B1F436621081C0481C0F8
:109C6000A5BA181D82191C1780A1F8AFBD597D78BF
:109C70009D5C4E522B6A76170F2709092A0670122F
:109C80001C0C0027012805814124422405B8111C21
:109C900010C7CC8D8D6B67678B6666648463844563
:109CA0006D091DE0081DE2181E4407201DC7211D77
:109CB000B714159F1C0C666B5C4E37B33503351219
:109CC0000DD80E1C04070C2C6F0F1D70233DDF26D2
:109CD0004D711F1C140100C8C8B18A6E6D8A6B24B7
:109CE0004746684365466443D6111D05264D241535
:109CF0001DC2172DB9033C1360DCBD5D9C5DDD5DAD
:109D00000858330C082909070A28B9235D6F0F1D6D
:109D100003143D27191C13EDAEB2704F948C6B6D7C
:109D20006C6866256A6A23462456221E01680A2D3D
:109D3000E40E1D54202D02041C0A876C5D733170E3
:109D4000346E3043041C090E130F0B0627062351F3
:109D5000091DDF281DE8071C04A16080ED0B1C17FE
:109D60004080E9CC8F729086A88C8366436722631B
:109D700048654502424274213D8F0C2D58182D0B29
:109D80000C1C15F8947E2E5C327D717153532A0B96
:109D900035100E0C0707234B244F2241DF264DDCE4
:109DA000061C18EEC98C6E6A468A8A8867858663A7
:109DB0006543664443026342220054041D1F0B4E58
:109DC000C19F1A1C12E26DAD6E6C4E382E2D274BC2
:109DD0002D2E0E092A0A701B1C224424466564A3FA
:109DE000AD0421626463472501A163CDC9CAAAA855
:109DF000A7C5C7C3E3C4E2A2A284A35F092C04A140
:109E0000C2C3ED162D3A1B1DF82C1C14818362F978
:109E1000B39C767E9D9C5A532C5129715B0F2B1954
:109E2000161C09290463696747464619231C0E441A
:109E300063884367628688CDC8C888C7E50F1C332E
:109E4000C2A3C1A08482A3616184A1A0C681C7A46A
:109E5000C1A8A2C6A4E5C6C1C8C361C68797745489
:109E6000774A2E282B0B274F333304280B05060186
:109E70000022D5181C164544A4A34523638A4363D6
:109E8000A1EAF2C7CD87A6C8A4A2C4F60D1C2A81F8
:109E90006161608B61C662A4A842A565A387C38681
:109EA000618361C261C361B3957CBC9C7E5D50548B
:109EB0002B27271610292A0A4D1019411F4425DD8A
:109EC000101C0B62442444468183A2E3EC94122DBF
:109ED00093101DF209197F3D852A2D68112D231F2E
:109EE0001D8E084D05261C0DA66D3D35390837061B
:109EF00052350C079A2E1C06322E0A0803C3181C72
:109F0000184242836321C18184626523656283CFE5
:109F1000AB8D936E8A6D466504121DB30B1F6524CD
:109F2000E71A1C3CA1C8EBE7C5C3E3E2A384848421
:109F3000A4A5A5A8D2917C2D5D0B5E5D8C5C350B34
:109F40004A532A2E0E2F2A276944438662A484632B
:109F5000A38283A281654582C7CBC98C746C489467
:109F6000121C0468456791061C07654462424080E4
:109F700010062EE1FD034D010E3F80C64C221F321C
:109F80002E03201C05092B10126F0B1F0A03BE2481
:109F90001C062121A1412114291C1D828646226311
:109FA00060AAAC794B69B047AA656867A767834721
:109FB000676346648261C2FF131FE1E2760F4DDDE5
:109FC0001A1FFC9193081C065D7C30713094143E7E
:109FD0005226094D4D285D010C1D722F1C140000E6
:109FE000CAED8F8E6D6A888D876567826863662388
:109FF0006648151C0601CCD0E9E544142D490E1D18
:10A00000EA0A1C0B80A0AD9456554E4C3350DD0C23
:10A010001C052A12342853241C0D29036444856727
:10A020002345460161449C061C12836260C7CBE64F
:10A03000CCA8C7C4E5C3C3C3A582C463051C04A1DF
:10A04000C3616C0B1D6F193DDC061EA025091DDCCC
:10A05000061C0EB97D9D77995D0E4F2C08281111B5
:10A06000DD161C0A4A2B2663446144244894141EBE
:10A070004325091C0A628561A4EAE9AAA8A5B70BD1
:10A0800013E2A23A1E8148122EA1FF194FA0A16926
:10A09000114D27191C09876E5956314D350A1E0579
:10A0A0001C0507151104DF261F050500031C0FA35F
:10A0B00027462801A386264C2A238485A1B9171C8C
:10A0C0000D88C5ADA2C4A4A384A36284414A0E1C1A
:10A0D0000782C381C2C1C373071DDB111C1482DB5D
:10A0E000A6A2CCC4F88BBD4D7C979B594D500A2736
:10A0F0001671251DB80D1C2F0561420161268328AC
:10A100000542632466B491A9C8C7E9CBB58C8BAE70
:10A11000A8B0B2668A6A838D86AA4588008C448A74
:10A12000676A6E43448438111E44701E1C1741A296
:10A1300089BC345507332F4711342C29312D340F66
:10A140002F2E284525091C0982A26363A282A2A2A0
:10A150000F051C0B81C2EBCB92774D6D68692C17F4
:10A160001C066C446725669F243804020021983D34
:10A170009E103DB91D1F90BC02141C0C5E5A6A5BF8
:10A18000352D264B094E0B30231D4B222E229308D2
:10A190001D58271C0440A16333131C11C6ED927394
:10A1A0004C4A898E4568688964636587DF241C068C
:10A1B0000120C5E6E6A61C5DDD0A1D4D281C0FAE7C
:10A1C00069544E36550F2A0E3128294E0E260B1F84
:10A1D0002B036F0B1DAF235E41BB2F11341C16CF19
:10A1E000F2D2BA938CADAB868AA9A3858284858985
:10A1F00086664341BF114DDE162D29031DEE1C1C42
:10A200000BB4937E9E5DBC5A7354304E141C050EE5
:10A21000390D4A930E2DC6241C0941440201628166
:10A2200040813312102441C6CAC8CC726B6A8E6D4D
:10A230006669878B66CAA9894666666863A2A1C8F3
:10A24000C3C8A2C6A581A28182021C0AAE6A522F8F
:10A25000704C53322A5B1A1C1134372B2C510427B3
:10A26000496388AA8545A76943EC051F6367AC1B52
:10A270001C05A3CEACCA25091C04C4C9A46E0B3EA0
:10A28000C425091D440A1EC21E0D1C04E3C2C36F6F
:10A290000B2D871B103AA1FCBCBD307B9B7D5B2B3B
:10A2A0004D0A281311074A09052B266264226125ED
:10A2B000834825618343854525866686D0CDCBAE10
:10A2C000ACCAC6A9A5A3A586A581848384A3A353EC
:10A2D0001E825616118D1C388182A38262A581C30D
:10A2E000B3924C554E4D572A2F304C55370D274EB3
:10A2F0002D4749238465864742678882838A8486FE
:10A3000045656384C8E9C8A785C6E3C3C4C282A201
:10A310000D1E6274173DFE231D59203DE12C3DE6C4
:10A320001E4C16FA8E9C757D9E9D5D503230487095
:10A330001213262A0A252702701B1E24272F1C19F8
:10A3400020C0832301A1CBD3795B5A5C37565631A9
:10A350005232310E0C2C2F0B6F1B10042D2B2B03A4
:10A360001C042B0A2A4B121C352C07254466A76BAC
:10A37000262E702E484F582D2B4C50482A084A261E
:10A3800003446543624346034262616562C24424FA
:10A3900020CAEBCBAF6D6D8B8A88668765DE0A1F9E
:10A3A000648304201E4233317D511C2D94141FD828
:10A3B000B700041C0ADC5D0C54350E292A2B03203F
:10A3C0001DE0184E05732F2D342A2E80271B1C06E6
:10A3D000C8EEB6B18A00042E88AE192C044464027B
:10A3E00028093C052263A8A425096D052C2C0AC761
:10A3F0006B5B0D36040D074B8D042F3611E2324D89
:10A4000096262D27195DBB314C0FE6E9C7AC908B22
:10A4100065878965644284826F0B1D48314E00DF79
:10A42000283EE097301E8002181C0C525C307F558D
:10A430007356552A091127191D6F0B314A6E81BBBE
:10A44000311C11022080C9CBB06C6965A88B828554
:10A4500086864225092E6425093D97242DE3262D65
:10A46000251D1C0BA0A0E16C965B552B4E34B80D3E
:10A470001C0B2953130B272C2C292801091F2C20D6
:10A4800047432747622145646927654280C9C9A8B7
:10A49000E6C7C9C7C7A6C783A382A3A3C38421668F
:10A4A0000B1D461B1DD8061DE0062D00101C168036
:10A4B000FABABD7D9C9C9E5C2C4B4D499B3C13473E
:10A4C0004F4F7D26C40E2C0BA5688565218080A189
:10A4D000416054261C14C9CD6C77565859572F30FB
:10A4E000302B2628264A2A2A2D2B241F08270A0724
:10A4F0001C1C2C562C4F2D2A4D272424846747449E
:10A5000049282A482B2B2C4F0C31292C0561261D5C
:10A51000C0281D70271C1F668848036786658C4904
:10A5200069A5B0ACB19487C48A8C68A686866B880E
:10A53000A6838E86620F0A1C3CA3A2A6A5A6C2848F
:10A540006988CA86A38663DBD57E9D4E995932778A
:10A550002D2C6E5A36482C2B284C27876784AE6BDF
:10A560006B4A0285646546252361A1C5F2AF8A8FD7
:10A570008CA98865570C1DB81F1F4402B5151DE432
:10A58000181E622A111E433B1D1E432B2C1C0D223C
:10A5900042828B7B0D370534118C366F251E29C006
:10A5A000112D96282D22251DDE1A2D112D1F410358
:10A5B00071211C0BEEC88F946C698B8E4767BE1F90
:10A5C0002C07456443012041F6215D97301DBB1FD8
:10A5D0002D97341C0F929E575D0E5E596959320BB0
:10A5E000290808701B3DBB2B1C1A22418041628147
:10A5F00080A2A183446662C2CBCB8F6F92478A90C0
:10A600006A6866DB122C04438865E8261C0943A9A6
:10A61000C3A4A4A3636282352DBC1F1C14A26CBE0C
:10A62000585409576C58304F4D31370E0F2E27278D
:10A6300069151C0A444264622301406160E0341CD5
:10A64000240100A0C4EC90734C8C89BBAF6464837C
:10A6500087906C6F928CA9848AA685A6A9A8A682E9
:10A66000A682A3A530131C2085CF979B7292557E9E
:10A67000544C542E2B6A303310362926036502427F
:10A68000698722ACAE85869207140F688EA9A6C78B
:10A69000CBD1AC898FAA89866B7E2C098485A7894A
:10A6A00064682564560A1C08A2A581C1A361E574EB
:10A6B0000B141EC0C1D296936C6B7C0E7506282BB2
:10A6C0000F0E0F292B254628042424A26763644912
:10A6D000462C1483632646A383AACAA68BA6A7A6E4
:10A6E000A5A3E4C3C382CD052DAC0D2EC209103C39
:10A6F00005A1C2E2804B121C0DA0A1D8947C9B79CD
:10A700009E5954522CB80B1C151226090A462928AA
:10A71000646362844668480142650245269E1C1AAD
:10A7200085931E8794121C04A4C2C2D3101E82AE4D
:10A730000B4E816D2D4DB9193D0A281C0780886E7E
:10A740004D7A0D28291C132D2F050A381206272BA8
:10A75000262903004301832465B9191C0F6323478D
:10A7600026492301A8C7CAC9A8A7C827051DDF24F1
:10A770001D19111C1F80A040C5A1C9A1C6A4A6A275
:10A78000A5A2C361A5A3A682A5A3F3ACBB507C9DE3
:10A790009B5D0A67151C0A3A16054C0C042A2741D2
:10A7A000352A100827016A49446344951DA0161CE8
:10A7B00022CFCFC8AD88A8C8A6C486648562A64447
:10A7C0008285A382A1A68481A5A1A0A720C086001E
:10A7D000A0A3A4122815A28DBD5D791136552513AD
:10A7E000332C482C0C510B0C0826001DDB2E1F228D
:10A7F0004196301C044123036F0D1C0DAD8F6B6C13
:10A800006B66916648044545FA061F452286232D4E
:10A81000FF038EA074372FFA926F0F1C0B5E5B68DC
:10A8200035372E294A2B4D721F2E2693064E219323
:10A83000081E4094141DB80B1C0BEB8F94506C68D1
:10A840008B23466616061C0464874350223E604CE8
:10A85000225EC170191DA11E1C086F6B5874381040
:10A860000CBA252C09294C4F10110C080A28291D57
:10A87000E01F4E2151291D0D0B1C1360EBEBB19213
:10A8800071688689446586826763874764AF062D51
:10A8900095245D75312D4D2A1C1260A0DC977E9C9D
:10A8A0005CBB7C4E553207290B16116E0BEE06BBB6
:10A8B0002D1D4C202C10CBB4706A868669866742A9
:10A8C000678263466629171D76333DE0243DBB2D24
:10A8D0002DBA211C086E5331574C530E701B1C09A6
:10A8E0002A1133082B2B04288D181C0D64A44683D1
:10A8F0004804626245642503CD161C13CCCCC7C83E
:10A90000C6CBA587A5C6CBDACBA782C982A8E40AA5
:10A910001C04A24082760B1C1783A481C483C4A9A3
:10A92000A2A7CE8BDA7A9E779A5C2C6F2F4A3502DB
:10A93000141C232B0550274243028326624B24829A
:10A940008666AA6924648384ABCFCAB285CCC5F17C
:10A95000C4E8C3C2C277191C0DC4A3C6C2CBE6F3B8
:10A96000CCA0EAE6A2FC091EE14C0C1C11C2C36E8D
:10A970009557542C4B340A54546D57140D7A391C86
:10A9800010264B4164218247022B28A1832842478D
:10A9900077271C0B82CFC8C8CAA6C8C4C881570372
:10A9A0001EA1AC0E1C04A68383BF191C0CA2C4827A
:10A9B000A881C3C3A1C5A261C2152C13DBB0BC7AA8
:10A9C0007C76955A4F4F2D6A73171124090971250A
:10A9D0001C0D436329022927406249038A2509097E
:10A9E0001C0FA6CBA8AF6B688DA6A7A7A487AB4208
:10A9F0002B1B1C0665438341848D241C04638584C2
:10AA000016181C1C6383A642A4C5AB8C5E5A535710
:10AA1000104835592B4671542D350D500604240B22
:10AA2000191DFD091E61DB151C1461434341A0E99A
:10AA3000EDB5964F6E89908B47686824232B0B2CBD
:10AA400004244625B81F5F80A1072C1D79111C0422
:10AA5000FAD9B9B80D1C07DC5D0755360EBA033CB0
:10AA600007090F0D2C0905B80D2D03241D03121D18
:10AA7000EE292C1500C3ECAA8D7171678F69686887
:10AA80008768646586434444AB283FE8E2DF263D9F
:10AA900002101C0E6060A76E5450372535074D31EB
:10AAA0000A4B124C06100D062A2B4B123DBB2F2DC4
:10AAB000B91B1C142260CDF8D6B59391A9D3AA86F0
:10AAC00087A685A4858666EF192662B42D08042D15
:10AAD000BD1F1C14E1E1C2C1F3929C535D327C7036
:10AAE0005231532A0A340EE5241F2B2476221007F4
:10AAF0004362A24241A2BC1C0961232220C0C9D0EA
:10AB0000AEBB251C09886B85864585226229152DDB
:10AB10004B121F4100AF195EE0BA231C188080E27F
:10AB20006E6D53534D4E342D2C2A294F340B290B67
:10AB30002B274A64670D1C1445844567A261444372
:10AB40008443846381CBD0AAC8A6CA30392EC69468
:10AB5000142D3E121C06A4C1C3C2A2D3043D4A1246
:10AB60001DAB161C21C1A1F7B5BB7D7B757B595070
:10AB70004E2C276E12122829292A060562444145C7
:10AB8000024745626227061C0C46426461CBECC753
:10AB9000A6ABA5C495162DD7042F816265222D6E14
:10ABA0000B2D84392D6D1D3D96246C06AD905156AC
:10ABB0004E4B123E104B121E04BE2C1C0445242387
:10ABC0004B121E45F1271C0C230142A7EBC8CCA950
:10ABD000A6E3A288141C05A3A1616225174E60AFED
:10ABE0000B4D24173D5422101620D9957D9D797A5E
:10ABF0005D33552F0806111326290B052606491C1F
:10AC00000584254323722C1E004A041C124381C86C
:10AC1000EB98595C5D5A335854303155302E7D3C99
:10AC20001D780C1D95242F2D2C7A0E1E09791B1CC6
:10AC30001328264386666B6E4E05520990590F0AFB
:10AC40002A502774051C0549254386BB1C1F642612
:10AC50005A1B1C12654440444482C2CAC88A6C9381
:10AC60008A89888A8793161F6485A02A1F4242B268
:10AC7000168EA0BC1D1C13C0C0F9909E2E5C0F5DEB
:10AC80005A6B34560C4C2D082C04301E06BE352D44
:10AC900025071D9B1B1C04608041973A1C0CA0CB10
:10ACA000CBAB888B8AA98F646ABF311E64CD131D1C
:10ACB000861D1E22701B1DBC137D701B1C07C06BE4
:10ACC0006A5C7435DA162C090C2E082B7835112D98
:10ACD00025091D4D1A2DBB2B2DD9054D93041C0B99
:10ACE000EDAA8F6C6786898387858E1E2E627A2BEC
:10ACF0004C042241222D3D3D2A3B2D95202C0895C8
:10AD0000947D9C5C7E5725092C062A2C11110EDDA2
:10AD1000141C08248CABA68384837A182E80B9195E
:10AD20001C0720C8E8B08B6BC8111C08638564A39E
:10AD3000868266BF271DB0151C0763D1CCA9A4A3CA
:10AD400098165D57341C08AC6C57512B4B32B60D1E
:10AD50001D021C1C0832062B0A2728031C081C167F
:10AD600025024625014224034245634300CACAE73F
:10AD7000CBAAC7C5E5323D1D6E212DB80D1DE316CA
:10AD80002DA1261FC0C129091D73031DED181C0D1F
:10AD900081D8B65D9D97765B2F4A2C08042E1D3C0A
:10ADA0002F1C0C4B0A0423224044016422009123EF
:10ADB0001022A363644481A1EC9172735F5D4E32F3
:10ADC0002D4C530C2806252F4C2A312809757A77EB
:10ADD0004C2A2C8211041A48BC10108769694E4C09
:10ADE00048042A2A2E2D30582D5228100503686455
:10ADF000868E1DED271C054341832212131C3263EE
:10AE0000AEAC8F6E6488724A85868D6644A7628573
:10AE100086898B228487A9A6C4C7A5C6C8C6C5C60D
:10AE2000A5C5C6C4FD90BD757C7C9D5C092A5448AF
:10AE300004121C0D284D082906874421424C644702
:10AE4000D12C1C0F68626627216382CFCAAC906D3B
:10AE5000AE66E11E1C108786646567696844676793
:10AE60006602674567D9171C07436468656665A273
:10AE70000D1C1487475607332C32463A140B4747AC
:10AE8000494A0C322A2370112D31221D93041C16BD
:10AE900083A283834802A1C8CBAB6F6C6B89918975
:10AEA00069876744874B281C068621C2A2C22319E2
:10AEB0002C08618160A26080A3ED361FF9B3DD0E1E
:10AEC0001C115E5E596859322C274C2D2C2E2928D6
:10AED000052551092C05620063632D3017A1832DD0
:10AEE0001C09A5CC8D964C4A688C50321E67DC0636
:10AEF0001E65622C1D9E062F81815F2A1DB6051DD1
:10AF0000081011021C0FAA8F585B365A0B530D2CD8
:10AF1000284F0D13DD162E2701101E4271292E42D7
:10AF2000D8151EA171131C0760C4EBD3926F4C1E81
:10AF30001C0C656567A468A5854866462361141DD9
:10AF40009B1A1D94082FA2A273171C05C2C183BAB5
:10AF5000010C1C075BB47C7A53545D0C1F33119BAE
:10AF6000222C040625242E1C3F626294121D2B21E4
:10AF7000141160C6EEC98D706C868D8E89886387CA
:10AF80008465161DC3271F6544D4081D8D1A2FA282
:10AF9000C30D3C1C0DE0C0C76C6D4A4930370A0B2D
:10AFA00028723F1E0E53321C05022507031A281C67
:10AFB0000464A2482C271C1063632525018163AB20
:10AFC000CAA9B0A5A5C6A302101FE2A24E1E2DE776
:10AFD000361EA0EF2A1FA16052043D351B1C1360D2
:10AFE00081FBB998547E9D9D5C072D2B4A320F073B
:10AFF000484E362F062297341C0563688CA55F33B4
:10B00000101A4423696666ACC9ADA7AC87A7A7A58B
:10B01000A485A784C387C5A6A4A8C40D1007A7A4A8
:10B02000A4A5A3A4011DEB1A1C18A4A58992282C81
:10B030004E4F340A2C2D07341008064D0B4D484353
:10B04000A534081C06A665466241042C1C0B896CBD
:10B050004483C9CEC9CDA9C725091EA5850A138772
:10B06000423E1C0782C3A4A3A283900F2F83A3CACE
:10B07000091C128183A3F68E9A747E9C9A5B792EAA
:10B08000516A4E11BB291E2DDD102C096765636ABC
:10B09000254A6883F221180D6B6284A3CACAD0CAFC
:10B0A000A9C8C9C87E1D74091C0BA6A5C5A4C5C521
:10B0B000C5C4C6A5F9111006A4A3C4A583941C1881
:10B0C000A2828C6F5A4D359D3A0532130A25082904
:10B0D0002E10092A27032528301DBD171C070183C0
:10B0E000616282420A281C09A5CCAE8F904E6B8EFD
:10B0F0004D221C0888674565234544EC346EA10445
:10B100003E2D502E1D56181EDB01101C095E905E50
:10B110000958370F08DA1E1F2E0B4A042DE5313D62
:10B12000BC391D2A311D16371C1200E5EBCC907975
:10B130006C67916B476843676468A694121C06614C
:10B140008062A7C55A2E27A2827B1DEA1A1C0B41DA
:10B15000686E517134AF5A062D701B1C04500F5A83
:10B160009A201F4E4600141C0784A4A78582C2386B
:10B17000081D3A141C230040D1AA92726B6588887E
:10B18000848B658D02654865644622824180838098
:10B19000C280A1C5A1C6A1C155201C0CC4FC8EBD96
:10B1A0005D7C56587074316F171D94081C050E088D
:10B1B000082548281C064242A0424280261010C1A1
:10B1C00062234441A2C9C9BA714A8C878D85DC1CAF
:10B1D000066583474466B2155E002D3D4D23051D6F
:10B1E00095201C0F6D6F55542B2B330B092B284EBC
:10B1F000130D420D1C04062701EE2B1C06242245CC
:10B2000045A2FD051B8523381C04CBE9E702101E6F
:10B21000C4BA131D5E203D66071D671B1D7C2D1ED5
:10B22000A1F13C1E6072052C0CC181C0A0F7ABBE21
:10B230007D7B769EBB2D1C052A4C12104E321E08BB
:10B240004B2A1E0270392C0546244161CB2E1C0A64
:10B250006263A6F4EEE8ABAB85820C5C0CC4828220
:10B260004182618561A081A1D41C1C056264A76430
:10B27000480C1D12101C10ABB07D54774C362D4E6F
:10B2800030262D33130408341F05054E211C0746B4
:10B290000524478684DC061E25C5152C07C4F4CA80
:10B2A000AAAAD47C043C05A9C5A7824B142DFF3360
:10B2B0002D65031FC2C23F271FC3C2880B2C0EDBA4
:10B2C000907D7B789B5D0C732E05271329351C041C
:10B2D000052906652B1FA525FD1F1C044244696C2A
:10B2E000041C106381A5CCCC8A72B4688886A663DE
:10B2F0008685BA0F1F6522D41D1C046422445106A2
:10B300001D2E221C0564448466271A1C15848F5B3D
:10B3100052514631056F350B07082F0C310C0C0CC0
:10B32000047A381C05036243036D171C174282839D
:10B3300046486284C9C7B7536F6DB74C6789468961
:10B34000484444DB041F2344232941011D0C341EBF
:10B3500081EE381C0CFBB5BD5D5D095C7B693A3440
:10B36000BA031F092F781D2E06963A1F2140303050
:10B370001DBE102E822A3D1C0CF4CD9174716B669B
:10B380008D67476725091E0126091D04324C06C535
:10B39000E7C2C2E1E62E2D73411C0EE26D92557795
:10B3A0000E352F4B0E312928701B1D26093D282BE9
:10B3B0001E2028272DB9363DBB2F1C06EBEC8D71C6
:10B3C0006DFD0D1C066366648521B8191D32391D9B
:10B3D0003F372DAE0F5D2A3D1E40392F1EBD043074
:10B3E0001C0B5D7D315254544A2A50106F09AE290E
:10B3F000E0341E206F072C070100C7EBAD8C250938
:10B400001C09458567836642664525091F64449784
:10B410000E43A060912D4B101C05A0AC6E558924E5
:10B420001C04322C09B6271C091032072C0B2628C5
:10B43000024E212C064502444501E43A1DF0251C2C
:10B440000B41C9D0A8CACBC6C6E7C3850E2F82A3BD
:10B45000A50D4D8C1419403E819D2C1E811A321C65
:10B460000DDC8D7C7B77795B0E4E2C060500041D70
:10B4700028271C0C0805414401A94789462483C696
:10B480000A1C0F2522436565ADCA8A88A7A5C7A2F5
:10B49000C53B141FA08295262DB4352D671D2AC3E8
:10B4A000021D95241C18A283A6AA909492506E5156
:10B4B000106E2B2D28343309270B044B49E3211C34
:10B4C00018846562470282A244846B65438585D2F5
:10B4D000E9CA87CEC7E7CAC596101C05A4A6A5A4CD
:10B4E000C2191C05A4A4C2A571251DB80D110A1D01
:10B4F00019321016C3F2AEBE787D739D7D29515569
:10B50000250F100804290A0527D414060126212333
:10B51000246C1F60615D1F1C1BC0CDB27D7D59393D
:10B520005D5830543054340C4E2B552D4F2C4E5307
:10B530002B514E731B1C252C290A0A2E0903234369
:10B5400067856D8B092E2C642D0D302851057005F3
:10B550002C2647450223236143494427301C1B63A3
:10B5600042846563A2CDEDAF906C6AAFAFB0AC65BD
:10B5700065868783436344238449453DE3203DB981
:10B580001F1D271D1EFBDE1A2C089C5D7D5D6B3484
:10B5900036BD171C044E2E0A29191F05031D251C34
:10B5A000264241A0A1A5A4C3A48664A1CAEFAAAF64
:10B5B0008C8B878A8787678A654566A345438E0398
:10B5C0004367CACAE6C4970A1FA2A153041DCD232C
:10B5D0001C09A8917D7259B25A2BFB121C052A2C0A
:10B5E000351025092D27111D6F0B2D0E351C09A2B5
:10B5F000608164699283C7DE181C08906BAE8C6A08
:10B600008786D70C1D841F1C086365236488A3816B
:10B610008C0C1DF02A3FA5415F2A1D6E031C1E9D48
:10B620005EB77C7651570D4C2C331230092C0447F1
:10B6300024446322844243A68161D26152341E8134
:10B64000B8051C08AF6D8AAD896885DC061C0C82C4
:10B65000A36765652363638462835C3A3D070E3D9F
:10B6600059281C0FC58E790C524C7411082A092ACE
:10B67000121225091C0B04072864434385246246E3
:10B6800003222C11244345016343C1CBEAEBAAA555
:10B69000C8E4C5E581061DF6091FC2A1CA3D1DC942
:10B6A0002F2D5E342D53261D551C1C0AA3D892BD88
:10B6B0005C9D9A7C5CD6241E2825091C0E29090352
:10B6C0002A054302016044604341EA211C10E9C895
:10B6D0006567A3A1CDD1927D7855325731712F1C6A
:10B6E00011282827282B302D2949272B50072C0AD1
:10B6F00029EE2D3C142C4F4E474567ABAB906C495F
:10B7000049294F2B090C2C2D272F2D952E1C044237
:10B71000A666C71E1C1F4386858D48476583D1904A
:10B72000AE918EC9CD8785AD88A4896AA9858783A6
:10B730008A85888533151C09C3C181A2C2A4C3A30D
:10B7400099061C20EFCEBB519D95995B4E754E4BD3
:10B750004E34312629092C06032125224A02484865
:10B7600002816415311C0F6702A2C6F1B3AE916C61
:10B77000AB8C85898926091F6B6656281C0A656370
:10B780006665846565636838111C04656502F52883
:10B790001C0AAA6D2E6D3B90350E5645081C0406FA
:10B7A0002B28B1141C0506262541A13B1F84669059
:10B7B000271D93041C12486A8385EDAE66726C697E
:10B7C000AD6867708B6A64EA381DDB0E3EA3D81E35
:10B7D0001D67031E4088332DEB222C0BD9907E7DF4
:10B7E0005D715C2E7933921A1C05282C08483B1396
:10B7F0003E224D1B1DC0363E604E361C0DC4D1CAC4
:10B8000094736E678C8F696765BD0F1C04A76443D2
:10B810009D244C04022181BA0F3DDF161D71231CAB
:10B820000B6D5D3554283506302E09701B1E0E9C9D
:10B830002C1E27E23B2C06214282626229351EA083
:10B8400029352C1640A1C5CE919DB5B0ABB3A8A8A3
:10B85000A88887AA46AC886686A8421D212D2D227D
:10B86000091D73091DE6261C10F78FDE787D307BDD
:10B8700072735153290A321226091C0B29682403BA
:10B88000AEADA6A3A483510D1EC306241C1D62C128
:10B89000E9F4B2916C8CAFAEA58AA7888687868AB8
:10B8A0006785446564B1CCEAC8C4D1351D2F1B2E11
:10B8B000C254321C076C886C6A6E3720251C0F2816
:10B8C000090B0D0E080A0404070324256490281CA4
:10B8D00004482161C91E180825038163AECFC849F9
:10B8E0001EC6B90D1D53341EC3B9212E824C121D24
:10B8F00015341D9C241D8D041D1A321C1780A1FCBB
:10B90000B8BD7C7C9A9C5D53522C282A1311052AC1
:10B91000080707B6031C12222501242400422344F1
:10B920004604220162A8ACC6B91B1DF1111D1529E0
:10B930001E84C9031C044285A3E22A2C07D2CCC86A
:10B94000A5A5A625091EA413241C0AA58A69775655
:10B950004C4B5350DC1C1C0A502E13054F29284910
:10B9600003EA291C066A4668236296041DE1341C1A
:10B970000A454188CAC7C9AEACC72905100BC8A77C
:10B98000A6C3AAA4C5C7C5C4031C04C9C4C4F32262
:10B9900013C7C60F1C25C3A081D3B17D7D9C985DC4
:10B9A000324A4F09291233062A0A4D514A84436507
:10B9B0008546864603848366666E572A1C20C4ED3E
:10B9C000EDC9A7A6EACAC9E9CACACDC7CBCACAC6C1
:10B9D000C9A6C6C8C8C8E8C5C5C7C4C6A349411CCE
:10B9E00013C4A3C3C6985C0D59035C57913B0E0A60
:10B9F0002B2F2B54261F29264D391C060242816409
:10BA00004122181C10824503414161AEAF91706A1A
:10BA10006CB37167BD2D1C06686745A465F32027CC
:10BA2000C1611E4EC1C03F1D02161C07FC92BE5EC6
:10BA30005D0EDF261C0836372F482B082E093A1ECC
:10BA400025732F2C0422214093081C05414081447A
:10BA5000DC061C0BECCA95744D4B8C8F8A6ABA0BB2
:10BA6000240F8687AB89A78482C3C7E7E5E3C2A713
:10BA7000391C13A48180C4A1C36A93505604302C8E
:10BA8000060C2E2B304C221E0B503C1D0A391C0676
:10BA90004283A28584B5281C11A140634385A1FA85
:10BAA000D19B8F6D8FA88DA7658B251C06634824BD
:10BAB00087676F281F808049363C1DE0C0A4A0C660
:10BAC000C2C2E5C6EBFAB5947C9D567D514E2F550A
:10BAD00029290B13110E2997341D730E1F416299EA
:10BAE0000F1EC8010C1C156582CAF1CE8B8D8D8985
:10BAF00099058987A5698688468B686F031DE72E9F
:10BB00001DBC1B1DDB182C04A08283BD0F1C09A8C3
:10BB10008E777A2F4B352DDD161C072C1238292CE9
:10BB20002CB80D2C07636565450366701B1407234D
:10BB30006266836240671C08CBA8C6E9C5C5C20817
:10BB4000241DF5091D901419891D43261DE01A1D99
:10BB5000840F1EC311301C05A1A3D7BA29391C05B7
:10BB6000997D0E4BC9332E1125091DDC061DB43BF2
:10BB70001FA6267D2E1D0E211F4448F8392C08C50E
:10BB8000CAE6ADA9A6C8BB1B1D390C1005A1A5A20C
:10BB9000C24013E2E2D31C04E3E4E683091C0FA4D1
:10BBA00082A4A5A4CB90785258524F0D6FD6102C7A
:10BBB000043438052D3D1E05AC131C04212683B921
:10BBC0001B1C114148434B648285C3AACBC7AAA55D
:10BBD000C9C6C429151D63191C066284818341FEF0
:10BBE000031D5F3E1FC1A07E171D98081D0E151472
:10BBF00010DBB79D5C9C7A785D2A502F4957110A5B
:10BC0000BA1C0D2A2623642301274326248261853A
:10BC1000281C0C244422A4D5CEB06D4989AAE22C5C
:10BC20001C04A5A68729311E8691041C098522645F
:10BC300085654486445B141E831820181561C38FE4
:10BC4000B95C570B584F4911362C48310D520C0D29
:10BC50002D491D22231004426564B31C1C82A24698
:10BC60004581A2D6CD7471994C8D8A88894969AD78
:10BC700089878747896C0165FC0B1D7E391EA25A96
:10BC80002A2EA0B2401C04F8B2BC4D421C087E59BA
:10BC90004836362C47D02B2E0E701B1E03D63B2C5D
:10BCA000040062625A211C12C183654260EDEDB14D
:10BCB0008E716C8790456A8B891F1A1C0A876423D2
:10BCC000444360A1E7E6F0303EE1BB1D3D271D3C4B
:10BCD0000B8F542C3775324A0D31094B123C040737
:10BCE0002B044B122D98402DB8382D94121C09C8E6
:10BCF000EBC9AF976B86ABB9191C05828582638F40
:10BD0000161E631A364DBD397DE94A2EDBBB2D1C4C
:10BD100006937C4B7453EE103D95241D271916ACE9
:10BD2000A61EA433161DAC491D09411C1020C2EFEC
:10BD3000CCAE906A88898F6468236542DC061D0159
:10BD40000E1C074561D3CBEAC34C324FE0E07A3D8D
:10BD50001C0BC66D930A4F4A513007294B1E2D25E7
:10BD6000091C0406064800281C156345624522622A
:10BD70006223226522846261CBADC9A8A6C9DF26F1
:10BD80001D5C0D1D772F1D41121EA428091DE506FF
:10BD90002BE1814F1FC1C20F141FFC8E2A3D1C09CD
:10BDA0009B795B2A2D2C26324F421E0998441C1782
:10BDB00001622221252126444183434267492266AC
:10BDC00084A8EBCDCC8779471C05C5C5A3C2F01B61
:10BDD0001D3A141C0681C0E8C2E323053C04E3E5D8
:10BDE000E571051C22C1A1A78C974D4D4B4F5D08F5
:10BDF0002E572852120D064C094C4848628A864636
:10BE0000658867A7AB8FD1381C098E4285CFCECB12
:10BE1000CBD2781D1C04C9C4A5E3281C0889A4C57D
:10BE2000A4C6C5A492041FC5C8750D1EA3C30D11D9
:10BE3000601C1FCEA9B6917D7B9E5472574F4A4C11
:10BE4000373C25492F472606846667452565666287
:10BE5000A13A481D9D1C1C2240C9F3775E5B5836F1
:10BE6000555B7D7A7B5A56302C4D2E2C514D562CDD
:10BE7000512E2A0A5350544B53781B1C0A24236812
:10BE8000698D49558D2D4A061C0A2F4E27512829A8
:10BE90002D4B04003A1C062222454A039E331C15F2
:10BEA00064436144476185CEC7908B4E8E47694697
:10BEB0006888878CD7221C0785666486C3A46603BE
:10BEC0001DE3382EE1A1321D4C181C0BDB927D7B4B
:10BED0005C8F7C0A76332F4F1C042C070C51143CCA
:10BEE000062707244262071B1D4B3F1DE9121C1B3E
:10BEF000A2C8D0ABAEAC8E8A8F8AAA4865478D4364
:10BF0000638C6B61436664AAA883A42E1DDC082C95
:10BF1000162181A661A3A1C56D955353042C4D270D
:10BF20000C0B282B15139E341F252587071C2085F5
:10BF3000C18782E5C381C76265AF61C6CACBAD95D3
:10BF40008B8DABAC898683A6C8A686656689552C81
:10BF50002C0463A3A1FD332D4C361D04101C0FE1EE
:10BF6000FB939D525C0E7D7B7152562A294A121C0E
:10BF70000B0E072A24240389AFA6C3E6151D9522BC
:10BF800019031C0700A0EDC9AD904E3A1008898333
:10BF90008487A58582D81E44B22E1ED14B122DD285
:10BFA000473D2A291D28072C078D6D58522B2B6FD2
:10BFB0000B1C09274D1311062B2B07701B3D4B1231
:10BFC0001DB80D1C042443852A391C04A0CAECBCEE
:10BFD000331C05C6E6E6C5DF262D4C041C04C1A1B2
:10BFE000A4D91029491FA1C3A0281AC1551C04C2F5
:10BFF000F2D9733B1C06969C5D502ABC3B1C09136E
:10C000000F2809062B05024B121F240025091D7855
:10C010000E1C12A2876566C1CCCB93757B58555117
:10C020002E2E2F0BE0361037272A094D2C2C4C7B57
:10C030009A73504C4D2C2B2A290828264443898476
:10C040006F274D6752270B2D2D542E0A2B50294D4B
:10C0500025494664AA64866788A66645AA84C71CE3
:10C060000B84CAAFACB097C888A8ABC0192C0CA67B
:10C07000AA89848889856586898500041DDC101D50
:10C08000CF292D3B051C1FDA899D9A76957D10904E
:10C090004F084C3B0D082F0B252907422401A428EB
:10C0A000852503626341461DA4411C1280ECD4BB6C
:10C0B00091BCB0AD8B66898BA8689069249B362CA7
:10C0C0001D8A488845658887668B858988446944C8
:10C0D0008789A5919253510D313647323AF7262C74
:10C0E0000A0A2F092C264603244390101E612A0BAE
:10C0F0001E849B0C1C0981CDAB9171704B8A9B26D1
:10C100001F666946391EA6D22D2DD21E16A0B21E5C
:10C11000E04D041EE2BD131C0EA0F990BC5C7C3502
:10C120005E5B4758332DDC221DB32E1E06BC363D08
:10C13000DF261D08171DE12E1DCD361C12A1CBCC0C
:10C140009075718E697987656568656542884C2E42
:10C150001D2D252C0A6180E3C2E6E6E4E2E30E36FB
:10C160001C09C2E3916B54393253B32B3C0B794A0F
:10C17000303311102B064C022F2E1C06844242AA8B
:10C18000804C0F1C17224401A0C4D88F926BB36659
:10C190008DA76866828A644826878F531C1C1CC939
:10C1A000A5A2CBC281C2E1C382C5C1E2FCCBF3D25E
:10C1B000BC7D9D5D7952735154284B121C05100EA5
:10C1C00007284C201C05ADAB85CB3C342D520D1CF3
:10C1D00010856463A4CDFDAE8D8E6C88AD678A88B2
:10C1E000841B2C138589686567466487DAEDEAE36A
:10C1F000A8A4C3C2A46129271C09E1878B8D6949C2
:10C200005638240B1C122D2E0D0E2B2B05452A04FF
:10C2100046472264848369E82B1C0F86844625A147
:10C22000C4ABCAC8ABA7A8C5A48A081D0A341E831C
:10C2300006101DFC173FC2A0671B3D22091DCA0D39
:10C240001C0BA2FB917B7B7A9E7B349270191C05A0
:10C250003410060906441E27763C1FA2246D3B1E9F
:10C2600041E0331DC7271C082122A9D5D1AFAA6EF2
:10C27000092DF71F1D05402DC23D2DDD501406C1AF
:10C28000A0E4C2E3231FC3C17F391C0ECC916F977A
:10C2900054502D0873360951330A241E4CE41D1CDA
:10C2A0000C8664660249886D22A3A66C980F1C1642
:10C2B000494383CBCCCBA8ABC7C7C8C7A6A7A8A305
:10C2C000A9A4A6C8A55F3E1EA393121D680B1D2935
:10C2D0000A11061C18A2A3DA90BD749C77785850F6
:10C2E0002D286D30590F6E2B2A2707010F3D4D2B3E
:10C2F00047102224226503204160EAEFEDCCDAFAF0
:10C30000F5F1C8C5A4A6C5C884C9A6A3C9A4CAA670
:10C31000C5A5C7C5041C05C7C5C8A41D2A1C0CA5F6
:10C320006C695A7434350C2512314B141C080B748B
:10C330000E0D2D4502272F1DEF4319491A624C1D82
:10C34000C2291C0BA8ADA993514D6B8F8C6BAF12FA
:10C3500019011DE1263E0172232DE1321FC2E25771
:10C360003A1D25093C13D2BB5E9B5C7E5B283634AC
:10C370002F4A272C292F0B28DC062D764F2D973698
:10C380001E60C1451C0F00C8EAD293746C8A8D6987
:10C390006746894488051F444384112C05A0E7E6BD
:10C3A000E392381DDC3C1C10EAE5C4E4E2B06C57B3
:10C3B0004E585D0E4E082C03061C090E362F2B2AF4
:10C3C00007264475391D252C1D5F3D1C1C2040642B
:10C3D00026238684D2F9999C8DACA9A9ADA7A36820
:10C3E00085894B87684487639B081C06C5C6C2D1F4
:10C3F000A19E1C1FCAC32D2D1C10DC8C7E7C7AB61E
:10C40000584A76520C502D36352E331E28EA491DD7
:10C41000BB2D1C1CA98621618281856264458263D3
:10C42000DACAB39269A687BC8969448963836CDDE3
:10C430000440078543C38261C6911DE3261C0DC0DD
:10C44000C1C2C991962E527472320928191C093240
:10C4500033074B2D070649B00F1C0C4224634523BC
:10C46000616224424502BB2D1C04C9EAC8271D1C79
:10C4700004E5C5E3EC031D56421D7E4B2D29091F23
:10C48000C2C28F241D211911471806A3A1A2F8903A
:10C49000DC1C0C997A5D4D4B2B4A31120E289736D5
:10C4A0001605B73C05612401264B121C0D4424419E
:10C4B0006220CBF3C8D9A8CAE451401D45302EA252
:10C4C00006401C0481C0E359301D71231DF0341D4A
:10C4D000481E1C24A384A7A8919051557351362F50
:10C4E000302B6E743731254C506F4A04868885484E
:10C4F00025918C85836E8587381C176283A7ECC9CC
:10C50000ACACA8C6C7CCC9A9A7C6CAA7C9E8C9C642
:10C51000C9C5091C05C3A2C3C3A7141BA5A5481CF4
:10C5200016A3A2D9BC799C799C55537130454D3ADC
:10C530000C25282C28072E381C0521260227744795
:10C540001DC2151E039C1A1C0FE9E9CFB4BA8FA9AE
:10C55000A8ADA8A58865ACE3081C0DAB8586AC66C4
:10C56000A9648A6563438AAD321E86F61C1C16A632
:10C570008B907A542F98360734362A4828350A305B
:10C580000E2F0525BB081DE132136582D61C1C81C8
:10C5900044444241A5CBB391776D8C9069666BACF6
:10C5A0006785878844236844418195303D75374DC0
:10C5B000E0221D93041C105E335E715E0C74361015
:10C5C00006282D2A2F0D764B2D6F451DBE511D2897
:10C5D000211DDC061D73111C1263D3D09871769C4B
:10C5E000B48D6688906A6488C587701B1C052120FD
:10C5F000C4E6983A2C07E1E0E4E6E5E6C8391C1CFD
:10C60000C68D575256065D3375733228511332303A
:10C610005306284825034424838288BE121C11A592
:10C620008264236781A4D2AB958C6A67B1B1667DC1
:10C63000231C04A466632E291C044742AA11041C6F
:10C640000A81C2A3C6C3A360C9A3802F3C10FAAC61
:10C65000BC7C9C307C76772E524A4B33134B121C99
:10C66000060202ADABA6B52C1FC4C582261DE32869
:10C670001FA1EDBB271C088E8A88AE898A8B9C344B
:10C680001C0C6B458466846921CCCECBC729151C54
:10C6900006A3A18261A0E5182C20C18D6B54514CDA
:10C6A0004D552D2A2C4B545837282E2F4A4B0266B5
:10C6B00087AA68434566C48365F11B1C0A84A2CD22
:10C6C000D5A8CFA9C9C8F6151C04A4A5C3BF1F2DA2
:10C6D0002E1B290C1E815B361E60761B1C06A18258
:10C6E00080A1CEE24A1C0A7E76995A4F2D2C27272C
:10C6F00025073D06442D4F2F1C0503264522C03F2C
:10C700001C0C45242143A486D3ECCCA7AABB2D1D29
:10C71000D9041C0482A182701B1C08C3C5E3E3E298
:10C72000C2C39B361D4F101D7B1D2C32A1A4A5AD8D
:10C73000B4957A306B302B4F0B084B3A3B284F2B7C
:10C740006D284686458986468AAD84A58E68AA6589
:10C750008D6785A6CAC8CBB1CBEEEAE9C9690D10D1
:10C7600005C7C8C9E79E1EC9B40D1FA4E73C151D27
:10C77000DC551D453B1C2CC4D58F9E9C7E7B7C319B
:10C7800091780B6C39340872502C2749A76823CC58
:10C7900069A88E69C8CAA9C9C98DAFCEEEEDB97EA8
:10C7A0005C5C721B1C06544F7734560C251C1251CE
:10C7B0002A2D4A2B2E2C54750D502E2C2D092D0967
:10C7C00035081C0D656988484C065A56657B3550FE
:10C7D00046101C062A0B052845B03D1DFC271C04ED
:10C7E00047648255201E41CC281C07A1C8CFAF6FDB
:10C7F0006A701B1F886562192C0464A564772D4F2D
:10C800000181E3205D4F421C1280FD92BE7E7C10B0
:10C810005D7A6935352E292B074C9A493DDF105E2C
:10C8200041271B1C1140420242C7D4D0ADAC8B8BB8
:10C83000A88C878C886D1D1C058883868405241F21
:10C84000A9C8EB1E5DBB2D2DC22F1C078B685A514A
:10C85000352D4A321C060D2A292C3831291F270470
:10C8600059472DEB472DE53D2DBE511D2A3B1C0898
:10C87000EEAAAC8F8D89894C341C05A66385424C89
:10C88000323D29255FA0A14A043D574E1C0CBC94A3
:10C890007E9D5C7D5873545609701B1DC2476E29DE
:10C8A0002B492D07544DBE511C09C8F3CDAC6D6802
:10C8B000A98D23131EA258031F458526052E63A4A8
:10C8C0004C5F4140BE1B1D9F421C0A886E5A522D70
:10C8D0002B330C2A2A456D2B491DB2551F65252582
:10C8E0004D6D2B4B2C0BC5EBE8C9A8C8E4C3C5E2C2
:10C8F0008C141D162D2DD13A4DD8466DC0451C0601
:10C90000A0A0D9915D4B121C045D316F70091F12FC
:10C910000F2B491D28094D2B493D74472D2A411CD9
:10C920000AA2A1CED17C7B7C59529B351C062F09D3
:10C93000282A298C383C072A2C4D294B2A241D1DD6
:10C9400009401D393C1C130184856767744A6C4A91
:10C95000704D2B2D2F2E082A06B7111DD546181AFB
:10C960004142686261442163414266240163AD8DA6
:10C97000AE8E45A888658586A7EF1C048484646C08
:10C980002D1E434E261D4A2C1F80C1C3111DAD1004
:10C990001C12C2F8B3BC7C9B9D775E534E4F27524E
:10C9A000120E0568401E0626471C17002543252445
:10C9B00081414522450484A1A4CBAE8F936F698643
:10C9C00087DE3E1C0E83648A66696643644285483E
:10C9D0006484A02C1F23237A101F446135381C0F58
:10C9E000AD6D59513978360633340B272629325527
:10C9F0001E2749141C0843866462626261EC291C8C
:10CA000012A042444260EFE88D8C8F928A8A684679
:10CA10006668931A1D18361E608F3B2D8A1A3D03D7
:10CA2000483D9C244C11F9ADBC5C9D3A9E5D06339B
:10CA3000323006062B07E0362D75534D06423E80F8
:10CA40004F423C08F0AFB3716E678B6D091D1D0638
:10CA50001E44663E1DB8345D95163D9C483C0A80D8
:10CA6000A0AC6D5D5633720F2B491F0E149F4C7D89
:10CA70002B492D96262D07501DE61C1C06EBCC924B
:10CA80006F6ADE261F8665CC202F4245403D2E4131
:10CA90004C347EE02F4F2C04C0C0FA010C1C0572F0
:10CAA0007C2C702B498E0A2B492DBC396DBC3D1C4A
:10CAB0000B4040F3CBB2736C8AAB88083E2C0886DF
:10CAC000426345440245A1507F61A073391DE8428D
:10CAD0002C09C46DAD4A492F382D525A1D4A121CDB
:10CAE000092B0B0224062325032B491F66249C13C4
:10CAF0001C1142464601A261CBEBCCD0C8B3AAC8F8
:10CB0000E5C427293DE02C21442DFE391DB7053D04
:10CB1000BA071C05E1E1FC9274431409797B5D2C92
:10CB20004F2B4952711C072B292826026406401CF2
:10CB30000A424644A36244638724BC3B1C06AAEA1B
:10CB4000C8C9AA713F1DF90F1D3E102D3E1C1EC203
:10CB500092482D472C1D1E092D24251D7A491C05A0
:10CB6000E26D914E483C1C0534082E2DB80D1D93E6
:10CB70001E1DE1361E01433A7D2B491D03201C0971
:10CB800060C9E9E8A7ACC4E2F3332D95303EA2DFDB
:10CB9000589BC0E0DB1D49061EF82B498C067E77AA
:10CBA0007A5D502B492E06504E2E262B492E41835E
:10CBB0004A1DA5432C0BECEBE5C9A9C4E4C5C3E1B0
:10CBC000B1172E828B421C09ECC4E2E581A5A2C0FC
:10CBD00058521F824083171C0E8381A88A5E583DDD
:10CBE000B23805340F0B012C1DE85A1E2A09541CBB
:10CBF000060122004143005A1DA9491D020A1C10CA
:10CC000061A3EBABB56D4C8F8A67676C676442615B
:10CC1000191C0523878661631D1DFD053C04C0C1E9
:10CC2000E62F3B1D260D1C0F925E5B5D2D5E34963C
:10CC3000330F08062B2E9B542C042905664B121F1C
:10CC4000614130241D7C5B1C052423A3C5733B1864
:10CC50000474998D4A1C0A6765A88DA58564898628
:10CC60008B381C04CDC7C609361C14C0C1A180E096
:10CC7000C281A3A1A76E55525A0532094D2E6E4EA0
:10CC80004E102B491E0394201C0561826242DD1365
:10CC90001E819D101C096080EACCBA736B8D933E97
:10CCA0002804646384001F2346FA0C1D9C381DE28F
:10CCB000361DE1161D730F1DC5411C05FC95DE7C5C
:10CCC00097341C0E704E31554B4E5910320D0708DB
:10CCD000044D271DFF291D983E1D72302C108166C2
:10CCE000230080C7E892966D698888648561231C5B
:10CCF0000545244468DC262C08D0EECBC6E6E5E5E5
:10CD0000910E1D09421C0AE1E18E8E7652514F555B
:10CD100095341C05284D3311C0473D2B493C062155
:10CD2000470144442B49341145420160EAE8EAA92D
:10CD3000CFC5C4E7E2E3C2A2BB23A2C23C3D221599
:10CD40003EC07C4B1D7B3B1C05DABD7E9DBE4D1C51
:10CD500005524E2D2707501D271915B71D66372E72
:10CD600045BE513DDC041DE2481C07C8E9E7C9AADD
:10CD7000C583361EE2C8062DAE441DF31B2DDF44CD
:10CD80004D73375D28211C068A6E57560E2B491DA0
:10CD90006E513DDD141C0B0A056E4D436421432486
:10CDA000464B101F456A51321C058320C6EE952460
:10CDB0001C06E7C9CBC3C2F4071DD21E3D89481922
:10CDC000DB1C04C1C3C19C4A1DDD0E1C0EC1C1A5E4
:10CDD0008AD8BA7A7D7E9E7E324BA1061F1034928D
:10CDE000041C09052B07844342834B32181C086638
:10CDF0006144662503224D2A2C0FCD8E8E6888AAA9
:10CE0000AC856386448367037A431C05A862844427
:10CE100098241C188442A44443A963422081C7ADCE
:10CE2000590C3404312B70310A0728E65E1C0D0DB5
:10CE3000094E262367442263A5A484E3211C0CC069
:10CE4000622364A380CCAA93776D92241D691F1D71
:10CE50008C231D01041E67900B1C0C85A54183814A
:10CE600083C3A6A0A1E3771F1C0BA1F58DBC5D9E1B
:10CE7000105E576C2B491F472979354C040B0A0764
:10CE8000B80D2E6297381DBD451C0B230180CBECDD
:10CE900093734C6C68E81E1F456574491D952411F9
:10CEA000211C04C5E7E58C0C3EC1732F1DBB311C52
:10CEB00005E16F6A5B2B491F0E286A1D1C04285070
:10CEC00011DE161DDE1C2F0223BB2F2E42CE5E2E3E
:10CED000A0BB2F1C09EBE7AFB16F68898B93141DC2
:10CEE00081211C0967452468436621A4B11D1C0EDD
:10CEF000C1C5A1A0C5C1C4C1C1C4A1E4DCDC061C7C
:10CF0000095E9C5A733230092851521C0C0C082AB5
:10CF1000052444ACAC86A484EE431C04C0A140BAF2
:10CF2000071C0B80C7F2AC8A6D6888696AD6241D1D
:10CF30004C3A1E6335451C1C634388CFF3C8C8C2F6
:10CF4000C8C3C6C2C981C2C6C1C6A96A546F712806
:10CF5000302E28463D1C05100F06077E4F1E041874
:10CF6000051F8546BA231D312F2D7C4F1C0B4162B6
:10CF7000CCCEACADA5E4C2E738171D3A321E61FF36
:10CF8000412E8027293FA1A34D411C12C3A4A1C853
:10CF9000A1E9CFB77D7B7A9B7D0F6F2E2B4F461D6E
:10CFA000744D1C0404282830481C0B8326A74725F1
:10CFB00082A46664462B491C0741CAEACCADAB6526
:10CFC0001F1C05C4C582C7A92D1D50301C0AE2C212
:10CFD00080EFEFE8E3E6C5092E1C15E0C1C1A3818F
:10CFE000A1C88D9129554B500E072C0929130FB755
:10CFF0001B1C0409272A250D1C06004541464493A5
:10D00000081E6418531C060121A9E8C7074C199390
:10D010002D5C3B1D504E2DB43D5EE0B4056D6E079A
:10D020002EF875531C05739B5D2DE3561C0452139B
:10D030000EBB2D1C0406060051524D2B494DE460D9
:10D040001C0B60C9A9785F5D5C393533440B2E0C2D
:10D05000054B1D4B5210040A0A2A043E0A53521D66
:10D060003B3C1C0C020166844A4A2C2F2D230905E7
:10D07000581DDB103E0799541C05020280227C5388
:10D080001D514E2DC51B1DBD431C06AE8F716A651B
:10D09000BA211E6691062D05401D2B494DBD054D3B
:10D0A000BC3F2D93061FDB96E24A6C059C5D29333D
:10D0B000E461430A100243D51F02431E2F0243AA14
:10D0C0003D02433C4B02439F570243A0620243127E
:10D0D0006C0243D1730243BC790243BB7D02C3BFE0
:10D0E0007F02611861286138614861586168617820
:10D0F0006188619861A861B86D806243F6EF024370
:10D100002BE00243E2D0024356C20243C4B40243BE
:10D1100061A80243609D0243EE9302432F8C021DDF
:10D120000A163102434582021D8B2CB1026118613F
:10D1300028613861486158616861786188619861E7
:10D14000A861B86D4863438D27026578438D6702F7
:10D15000653843FF7F026570612071305140615036
:10D160004373D80265004373980261C04300800294
:10D1700061F86120713051400E110120642D435936
:10D180007581300490D0030451781C1A645D010845
:10D190000E000F008668010807000A000402050A55
:10D1A000050B090204A14950080204020A070407FA
:10D1B000013C0702020C050D083F552D8D531E0240
:10D1C000030A7D4C551E0936271F070440613307AB
:10D1D000022D1E05B11A1D2752420A0C110E110A0A
:10D1E0007C1606030A030B003C6C010809000E00C4
:0CD1F000146F01080F0012B4640000006E
:040000050800029954
:00000001FF
