:020000040800F2
:100000009811002481030008D35E00088F53000874
:10001000D15E0008E10A0008F9960008000000001F
:1000200000000000000000000000000087680008D9
:10003000E30A000800000000D55E00088968000897
:100040009B0300089B0300089B0300089B03000818
:100050009B0300089B0300089B0300089B03000808
:100060009B0300089B0300089B0300089B030008F8
:100070009B0300089B0300089B0300089B030008E8
:100080009B0300089B0300089B0300089B030008D8
:100090009B0300089B0300089B0300089B030008C8
:1000A0009B0300089B0300089B0300089B030008B8
:1000B0008D7800089B0300089B0300089B03000841
:1000C0009B0300089B0300089B0300089B03000898
:1000D0009B030008B19600089B0300089B030008DF
:1000E0009B0300089B030008000000009B0300081E
:1000F000618B00089B0300089B0300089B0300081A
:100100009B0300089B0300089B0300089B03000857
:100110009B030008F18F00089B0300089B03000865
:100120009B0300089B0300089B0300089B03000837
:100130009B0300089B0300089B0300089B03000827
:1001400000000000000000000000000000000000AF
:100150009B0300089B0300089B0300089B03000807
:100160009B0300089B0300089B0300089B030008F7
:100170009B0300089B0300089B030008000000008D
:100180009B0300089B0300089B0300089B030008D7
:100190009B0300089B0300089B030008796100088B
:1001A0009B0300089B0300089B0300080D640008E4
:1001B0009B0300089B0300089B0300089B030008A7
:1001C0009B0300089B0300089B0300089B03000897
:1001D0009B0300089B0300089B0300089B03000887
:1001E0009B0300089B0300089B0300089B03000877
:1001F0009B0300089B0300089B0300089B03000867
:100200009B0300089B0300082D6400089B03000863
:100210009B0300089B0300089B0300089B03000846
:100220009B0300089B0300089B03000800000000DC
:100230009B0300089B030008000000009B030008CC
:100240009B0300089B0300089B0300089B03000816
:100250009B0300089B0300089B0300089B03000806
:100260009B0300089B0300089B0300089B030008F6
:100270009B0300089B0300089B030008000000008C
:100280009B0300089B0300089B030008000000007C
:10029000000000009B03000800F002F800F061F885
:1002A0000AA090E8000C82448344AAF10107DA45D1
:1002B00001D100F056F8AFF2090EBAE80F0013F0C2
:1002C000010F18BFFB1A43F0010318476CCB000065
:1002D0008CCB00000A444FF0000C10F8013B13F0E7
:1002E000070408BF10F8014B1D1108BF10F8015B8F
:1002F000641E05D010F8016B641E01F8016BF9D182
:1003000013F0080F1EBF10F8014BAD1C0C1B09D1D8
:100310006D1E58BF01F801CBFAD505E014F8016B4A
:1003200001F8016B6D1EF9D59142D6D370470000DC
:100330000023002400250026103A28BF78C1FBD8EE
:10034000520728BF30C148BF0B607047752900F0C5
:10035000EB80002070471FB50AF067F81FBD10B58D
:1003600010BD00F095FA1146FFF7F5FF09F01AFEEF
:1003700000F0B3FA03B4FFF7F2FF03BC00F0B6FAE3
:100380000948804709480047FEE7FEE7FEE7FEE729
:10039000FEE7FEE7FEE7FEE7FEE7FEE70448054965
:1003A000054A064B70470000716900089902000871
:1003B000980B002498110024980D0024980D002417
:1003C00053EA020C00F069802DE9F04B4FF0000673
:1003D000002B1FBFB3FA83F503FA05F424FA05F6E0
:1003E0005E4012BF1643B2FA82F502FA05F4C5F177
:1003F00020051EBF22FA05FC44EA0C04203556EA0B
:10040000044C4FEA144418BF641C4FF000084FF02E
:100410000009904271EB030C39D3002919BFB1FADE
:1004200081F701FA07F6B0FA80F700FA07F6C7F18C
:1004300020071EBF20FA07FC46EA0C062037B6FB51
:10044000F4FCA7EB0507103F07F01F0BCBF12006CC
:100450000CFA0BFB2CFA06F644BFB3460026202FFD
:10046000A4BF5E464FF0000B5BEA060C08BF4FF0DE
:10047000010B19EB0B09ABFB027C48EB0608C01B18
:1004800006FB02CC0BFB03CC71EB0C01C1E70B4666
:10049000024641464846BDE8F08B13B54FF00000D8
:1004A0004FF00001AFF30080BDE81C407047000032
:1004B0000FB41CB5074B06AA7B446946009005980B
:1004C00000F0C5F90020694600F0D4F91CBC5DF8C5
:1004D00014FB0000B903000070B50446856900688C
:1004E000C10601D5302600E02026C00707D070BD28
:1004F000D4E9012130469047206A401C20626D1EDD
:10050000F6D570BD70B5044685690078C00707D17F
:1005100070BDD4E9012120209047206A401C206250
:100520006D1EF6D570BD00002DE9F0410646002491
:1005300010687529314616A510D0AFF30080002849
:1005400002DA404213A507E031688A0701D512A5F7
:1005500002E0490704D511A5012401E0AFF30080B2
:1005600000210A2206F1240709E0B0FBF2FCB0FBEF
:10057000F2F302FB1C00303078541846491C002866
:10058000F3D123462A463046BDE8F04100F001B9D8
:10059000000000002D0000002B00000020000000E3
:1005A0002DE9F05F894604464FF0000ADFF874B188
:1005B000FB44C0F820A02046E1688847002874D09A
:1005C000252806D0D4E901219047206A401C2062EA
:1005D000F1E700265F462046E16888472028054667
:1005E00007DB312D05D2781910F8200C08B106432D
:1005F000F1E7B00701D526F00406C4F81CA00027D7
:10060000C4F818A02A2D09D0284609F0FDFB38B3FC
:1006100004EB8708303DC8F8185019E059F8041B5E
:10062000204604EB87029161E1688847012F054667
:1006300018D1E069002820DA26F020061DE0D8F85D
:10064000180000EB800005EB40003038C8F81800B7
:100650002046E1688847054609F0D6FB0028EED120
:10066000012F0AD02E2D08D12046E16888477F1C33
:100670000546022F46F02006C4DBA069002803DAF5
:10068000404246F00106A061F00701D026F01006B6
:100690006C2D0BD0682D09D04C2D39D06A2D35D05A
:1006A000742D35D07A2D33D016E038E0E1682F462E
:1006B00020468847B842054609D16C2F26D04FF412
:1006C0008060E168064320468847054604E06C2FB9
:1006D0001AD04FF4807006430DB3A5F141001928DC
:1006E00002D8203546F400664A4629462046266050
:1006F0004E46FFF72BFE80B101280BD0F61D26F0E9
:10070000070000F1080956E74020E4E78020D8E719
:100710000020D6E706F104094DE7284652E7206A93
:10072000BDE8F09F50C700004FF0000200B513462F
:1007300094469646203922BFA0E80C50A0E80C5001
:10074000B1F12001BFF4F7AF090728BFA0E80C50B2
:1007500048BF0CC05DF804EB890028BF40F8042BAB
:1007600008BF704748BF20F8022B11F0804F18BF18
:1007700000F8012B704770477047704710B500F0C4
:100780007FF8006810BD10B5044600F079F80460E9
:1007900010BD2DE9F0470D4699469246044600F1FA
:1007A00024080168880604D5E06921F01001216061
:1007B00000E00120A84201DD471B00E00027A169FD
:1007C0007A1902EB0900081AA0612078C00602D449
:1007D0002046FFF781FE002608E0D4E901211AF83F
:1007E00006009047206A401C761C20624E45F4DBD0
:1007F0002078C0060AD52046FFF76EFE06E0D4E951
:10080000012130209047206A401C2062381EA7F149
:100810000107F4DC07E0D4E9012118F8050090474E
:10082000206A401C2062281EA5F10105F3DC204649
:10083000FFF768FE2078000602D50220BDE8F087A9
:100840000120FBE701694A1C02610878704700B586
:100850008FB0CDE901310021059105497944CDE9F9
:10086000031011466846FFF79BFE0FB000BD000065
:10087000E5FFFFFF0A6802F8010B0A6070470000FD
:1008800000487047340B002400487047340B0024A4
:100890007546FFF7F9FFAE4605006946534620F05E
:1008A0000700854618B020B5FFF778FDBDE8204069
:1008B0004FF000064FF000074FF000084FF0000B1C
:1008C00021F00701AC46ACE8C009ACE8C009ACE8CF
:1008D000C009ACE8C0098D46704710B50446AFF3B7
:1008E00000802046BDE81040FFF744BD01491820B4
:1008F000ABBEFEE7260002007047000070B53A4923
:1009000005460068884202D0384A904202D1D1F8A8
:10091000080302E03648D0F8080310F4403F11D035
:1009200002F0C4FB04466868B0F5803F06D0B0F51D
:10093000003F03D0B0F5403F27D101E0000C18E0A4
:10094000A40822E000214FF4002001F047FC0446F7
:1009500068688103890B18D181140C2915D2DFE84E
:1009600001F0140606060606060B0D0F1113800C87
:100970004000B4FBF0F408E0240906E0640904E058
:10098000A40902E0E40900E0240A01F03FF941F281
:100990000301884208D8174884422868816813D820
:1009A00021F48071816070BD13496008884204D8C9
:1009B0002868816821F44071F4E71049884206D81C
:1009C0002868816821F4407141F48071EAE70C499C
:1009D00088422868816804D821F4407141F400718C
:1009E000E0E741F44071DDE70020024000210240D1
:1009F00000600258002D3101105E5F0020BCBE0077
:100A000040787D0170B504460068816811F0010FDF
:100A100040D18168204A11422DD18168D5432940B7
:100A2000491C816001F0F8F81C49064620681C4BFF
:100A3000884201D0984201D11A4A00E01A4A9268CD
:100A4000984202F01F0200D0014681421DD0E2B15F
:100A500020E0816811F0010F03D181682940491C11
:100A6000816001F0D9F8801B02280ED92068006847
:100A7000C043C00709D0606D40F010006065A06DF4
:100A800040F00100A065012070BD20680168C943E5
:100A9000C907DED1002070BD3F0000800020024069
:100AA00000210240002302400063025810EE100AA9
:100AB0000949884202DD47F6FF70704710EE100AC0
:100AC000B0F1474F01D905487047BDEEC00A10EE9E
:100AD000100A00B27047000000FEFF460080FFFFD2
:100AE000FEE7704772B6FEE72DE9F0470F4690F833
:100AF00050109AB0044601294FF0000915D0002685
:100B0000DFF8F880012084F85000159616962168C9
:100B100041450ED13A4D0095284604F009FD824624
:100B2000206804F005FD60B10EE002201AB0BDE8B7
:100B3000F087606D84F8506040F02000606501200F
:100B4000F4E7BAF1000F09D0616D4FF0010941F0EF
:100B500020006065484684F85060E7E72068414619
:100B6000884201D0A84201D1264800E0264840F63C
:100B70001F72D7F800C0254BBCF1000F23D0D0F86E
:100B800008C0D7F804802CF4404C4CEA080CC0F89C
:100B900008C0D4F800C08C4501D0AC4507D18968A5
:100BA000AB6801F0010103F00103194302E0996809
:100BB00001F001010029CDD1BD683968836829435E
:100BC0009343194317E0876827F4404787602768F5
:100BD0008F4201D0AF4207D18968AB6801F00101B3
:100BE00003F00103194302E0996801F001010029B3
:100BF000B0D1816891438160ACE7000000200240E1
:100C000000210240002302400063025800600258A5
:100C10002DE9F84F4FF0000B0446E54E0D46CDF898
:100C200000B05F4690F85000DFF888A3012808D094
:100C30004FF0010984F85090206804F075FC18B159
:100C400069E10220BDE8F88F21682868CA690303BA
:100C500028D090FAA0F0B0FA80F000BF00F01F0397
:100C600009FA03F00243CA61D5E900124FF00C0CF7
:100C700020681F23C1F384610CEA921C02F01F025A
:100C8000604493409140026B9A430A430263206898
:100C900004F04AFC8046206804F042FC58EA000058
:100CA00003D07FE0C0F38460D8E72068AA68296891
:100CB00004F042FCC0490968B9EB117F06D12168F4
:100CC0006869C968C1F38201490008E02068C16809
:100CD000C906C1686869F5D501F010014908884066
:100CE000296904292ED022682B6802EB810103F0C8
:100CF000F8420B6E024303F0004010430866697E21
:100D000022682869012917D05FF0000102EB8000FA
:100D1000026E22F000420A430266287E21682A6998
:100D200001280CD000200B6902F01F02904023F430
:100D3000F04202430A6135E04FF00041E6E74FF42C
:100D40000060F0E720682978026E02F0F842B2EB0A
:100D5000816F03D1016E21F000410166206829787E
:100D6000426E02F0F842B2EB816F03D1416E21F086
:100D70000041416620682978826E02F0F842B2EBA9
:100D8000816F03D1816E21F000418166206829784E
:100D9000C26E02F0F842B2EB816F03D1C16E21F056
:100DA0000041C1662068816811F0010F76D150F8CA
:100DB000C02F95F80CC0814B29680CF0180C23FA51
:100DC0000CF3C1F313080B4022EA08021A43026035
:100DD0007B48E968814277D1286801031BD090FAEB
:100DE000A0F1B1FA81F1491C01F01F0109294FEA74
:100DF000003131D8002911D090FAA0F1B1FA81F177
:100E000001F1010101F01F0109FA01F209D100BF4E
:100E1000C0F3846109E0C0F38461E4E7C0F3846156
:100E2000EEE790FAA0F1B1FA81F101F1010101F0D0
:100E30001F0142EA816102D1C0F3846003E090FAAD
:100E4000A0F0B0FA80F000F1010000F01F0000EB0C
:100E5000400041EA005133E000290ED090FAA0F1A1
:100E6000B1FA81F101F1010101F01F0109FA01F26A
:100E700006D100BFC0F3846106E0C0F38461F1E7EE
:100E800090FAA0F1B1FA81F101F1010101F01F0125
:100E900042EA816103D1C0F3846004E040E090FA4B
:100EA000A0F0B0FA80F0474A00F1010000F01F0006
:100EB00000EB400002EB005041EA000141F00071FC
:100EC000AA68206804F038FBD5F800C0BCF1000F18
:100ED00026DA3D4B20683D49DFF8F490984201D076
:100EE000B04201D10A4600E04A469268984202F0B8
:100EF000E07201D0B04209D19D68D6F8088005F0B3
:100F0000010508F0010845EA080503E0DAF8085091
:100F100005F0010545B1606D012740F020006065D6
:100F2000384684F850B08DE62A4DAC451CD11502E8
:100F30001AD45045F4D1984202D0B04200D049466C
:100F40008B6842F4000023F0E07202438A60234978
:100F500021480968B1FBF0F04000801C00E0401E11
:100F600000900028FBD1DBE71D4DAC450CD1D5012D
:100F70000AD45045D4D1984202D0B04200D049465C
:100F80008B6842F080700EE0164DAC45C8D155021A
:100F9000C6D45045C4D1984202D0B04200D0494690
:100FA0008B6842F4800023F0E07202438A60B7E766
:100FB00000210240006002580010005CFFFF0F009B
:100FC0000000FF47000020FE0020024000230240F6
:100FD00000630258000084CB400D0300240100246C
:100FE000000052C70000B8CF0068006C70470000D6
:100FF000F8B54FF0000604003546009602D0606D4B
:1010000010B107E00120F8BD204600F005F9A66503
:1010100084F8506020688168C1F3407119B181681B
:10102000704A1140816020688168C1F3007181B904
:1010300081686D4A114041F0805181606C496B4874
:101040000968B1FBF0F0401C00E0401E0090002851
:10105000FBD120688168C1F3007141B9616D012540
:1010600041F010016165A16D41F00101A16504F03D
:101070005BFA616DC90600D420B1606D012540F0B6
:10108000100093E0606D20F4807040F00200606515
:101090002068816811F0010F1FD1564A564B9042CB
:1010A00001D0984207D191689E6801F0010106F0D5
:1010B0000106314303E05149896801F0010161B93A
:1010C000904201D0984201D14D4800E04D488268DD
:1010D000616822F47C120A43826000F097FD41F2BD
:1010E0000301884202D9A06810280CD0617D227FBC
:1010F000A368206B490341EA024118430843217F5A
:1011000001290CD010E0607D227F216B400340EA72
:10111000024241F01000104340F00C00EFE7218C38
:10112000394A02EB41410843616A29B1A26A01F4DC
:101130007871014342EA01002168344BCA681A40C1
:101140000243CA60206804F0EFF90646206804F004
:10115000E7F930431DD1216844F20303267DE26A9A
:10116000C86842EA863298431043C86094F8380051
:1011700001281ED02068016921F001010161206869
:10118000626B016921F07041114301612046FFF754
:10119000B5FBE068012820681CD0016B21F00F012D
:1011A0000163606D20F0020040F001006065284698
:1011B000F8BD2068A28F164FD4E9101C154E07EB1E
:1011C0000247A36C026941EA0C013B4332401943D8
:1011D0001143D3E7A269016B521E21F00F011143A5
:1011E000DEE70000C0FFFF5FC0FFFF7F400D030090
:1011F0002401002400200240002102400060025827
:1012000000230240006302580000FEFF03C0F0FF0D
:101210000100FFFF1EF800FCF0B587B00446142162
:101220006846FFF781FA234A002527680326204CE9
:10123000DFF884C0116808341D4B67451F4801F171
:10124000010114D10129116007D1196841F0200171
:101250001960196801F020010591216841F0010130
:101260002160216801F001010591202117E0DFF8DC
:1012700050C0674519D10129116007D1196841F0A3
:1012800020011960196801F020010591216841F0E1
:1012900001012160216801F00101059110210295F1
:1012A000CDE90016694600F095FB07B0F0BD0000DF
:1012B000D8440258080100240020024000000258CF
:1012C000002102402DE9F0413B4D044600683B4FB0
:1012D000A84201D0B84201D1394900E039498968B2
:1012E00001F01F0604F020F918B102210846BDE8FC
:1012F000F08194F8500001280CD0012084F85000AF
:101300002046FFF77FFB01004FF0000204D084F875
:101310005020EBE70220EAE7636D40F6016C20689D
:1013200023EA0C03B84243F48073636501D12B4672
:1013300000E00346834200D01EB9636D23F480139E
:101340006365636DDB0404D5A36D23F00603A36519
:1013500000E0A2651C23036084F850202068B84296
:1013600001D12A4600E00246824215D0A6B1052EE0
:1013700012D0092E10D0626DB84242F4801262651C
:1013800000D00546E8688001B0D5606D20F40050BB
:1013900040F480506065A9E7C268920105D5626D8E
:1013A00022F4005242F4805262658268064B1A4071
:1013B000121D82609AE700000020024000210240D6
:1013C0000023024000630258C0FFFF7F2DE9F84F61
:1013D000044600F021FC00903CB194F8350002284E
:1013E00006D0802161650020E4E00120BDE8F88F8F
:1013F000C74DC74EC649183520683036DFF814830C
:10140000DFF814938842DFF814A3DFF814B32ED06A
:10141000A8422CD0B0422AD0404528D0484526D0FA
:10142000504524D0584522D0BD4A183290421ED093
:10143000BC4A90421BD0BB4A1832904217D0B94ADE
:101440003032904213D0B74A483290420FD0B54A5A
:10145000603290420BD0B34A7832904207D0B14A02
:101460009032904203D0AF4AA832904209D102682C
:1014700022F01E0202602068426922F0800242616E
:1014800003E0026822F00E02026027688F423846AD
:101490004DD0A8424BD0B04249D0404547D04845F6
:1014A00045D0504543D0584541D09D4A18329042CE
:1014B0003DD09C4A90423AD09A4A1832904236D057
:1014C000984A3032904232D0964A483290422ED0DA
:1014D000944A603290422AD0924A7832904226D082
:1014E000904A9032904222D08E4AA83290421ED02A
:1014F0008D4A90421BD08C4A1432904217D08A4AAF
:101500002832904213D0884A3C3290420FD0864A0B
:10151000503290420BD0844A6432904207D0824AC3
:101520007832904203D0804A8C32974204D1206EA8
:10153000026822F48072026075492068884228D0CF
:10154000A84226D0B04224D0404522D0484520D0E1
:1015500050451ED058451CD071491831884218D0CA
:101560007049884215D06F491831884211D06D49B1
:10157000303188420DD06B494831884209D06949E1
:101580006031884205D067497831884201D0654989
:101590009031016821F0010101600EE000F03CFB98
:1015A0000099401A052808D92022626503210020ED
:1015B00084F8351084F8340017E73868C007EDD197
:1015C000534A0121206890422ED0A8422CD0B0422C
:1015D0002AD0404528D0484526D0504524D05845EB
:1015E00022D04F4B183398421ED04E4B98421BD0FE
:1015F0004C4B1833984217D04A4B3033984213D093
:10160000484B483398420FD0464B603398420BD03A
:10161000444B7833984207D0424B9033984203D0E2
:10162000404BA833984208D194F85C703F23A06DDA
:1016300007F01F07BB40836007E094F85C30A06DA3
:1016400003F01F0301FA03F34360206890424DD07A
:10165000A8424BD0B04249D0404547D0484545D03C
:10166000504543D0584541D02D4A183290423DD084
:101670002C4A90423AD02B4A1832904236D0294A0E
:101680003032904232D0274A483290422ED0254AFA
:10169000603290422AD0234A7832904226D0214AA2
:1016A0009032904222D01F4AA83290421ED01E4A49
:1016B00090421BD01C4A1432904217D01A4A28324A
:1016C000904213D0184A3C3290420FD0164A503202
:1016D00090420BD0144A6432904207D0124A7832BA
:1016E000904203D0104A8C3290420BD1D4E91902B7
:1016F0004260E06E30B1026822F480720260D4E988
:101700001C024260002084F8351084F834006DE635
:101710001000024058000240700002408800024061
:10172000A000024010040240085402582DE9F05F66
:1017300028B190F83510022904D08021416501209C
:10174000BDE8F09F904C904B0168183C18338E4ACE
:10175000DFF83C92A1428D4CDFF838E28E4FDFF883
:101760003CB2DFF83CA28F4D8F4E31D091422FD04A
:1017700099422DD0A1422BD0494529D0714527D07F
:10178000B94225D0DFF810C20CF1180C61451FD00A
:10179000DFF808C2ACF1600C614519D0DFF8FCC17C
:1017A000ACF1480C614513D0DFF8F0C1ACF1300C5E
:1017B00061450DD0DFF8E4C1ACF1180C614507D0EC
:1017C000594505D0514503D0A94201D0B1422CD191
:1017D000DFF8B4C14FF0040880F83580ACF1180C84
:1017E00061451DD091421BD0994219D0A14217D01A
:1017F000494515D0714513D0B94211D0664818300B
:1018000081420DD065486038814209D0634848382C
:10181000814205D061483038814201D05F48183894
:10182000086820F001000860ABE0D1F800C02CF09F
:101830000E08DFF854C1C1F80080ACF1180C016843
:10184000614527D0914225D0994223D0A14221D091
:1018500049451FD071451DD0B9421BD0DFF838C1B2
:101860000CF1180C614515D0DFF830C1ACF1600CFB
:1018700061450FD0DFF824C1ACF1480C614509D0B7
:10188000DFF818C1ACF1300C614503D0DFF80CC1B2
:10189000ACF1180CD1F800C02CF0010CC1F800C05C
:1018A000DFF8E4804FF0010C0168A8F11808414509
:1018B00046D0914244D0994242D0A14240D04945BD
:1018C0003ED071453CD0B9423AD0334A18329142A9
:1018D00036D0324A603A914232D0304A483A914248
:1018E0002ED02E4A303A91422AD02C4A183A9142B0
:1018F00026D0594524D0514522D0A94220D0B1420A
:101900001ED02A4A91421BD0284A1432914217D045
:10191000264A2832914213D0244A3C3291420FD0B9
:10192000224A503291420BD0204A6432914207D071
:101930001E4A7832914203D01C4A8C32914218D10F
:10194000016E0A6822F480720A6090F85C20816D52
:1019500002F01F020CFA02F24A60D0E919124A6042
:10196000C16E31B10A6822F480720A60D0E91C129B
:101970004A600022016D80F835C080F8342001B142
:1019800088470020DCE600002800024058000240A2
:101990007000024088000240A00002407004024033
:1019A00088040240A0040240B804024008540258CF
:1019B00070B5044600F030F90546601C02D00448BA
:1019C0000078044400F028F9401BA042FAD370BD0F
:1019D000180100242DE9F84F03247D4D00234FF01A
:1019E00001094FF0B04B4FF00F0AE9E009FA03F795
:1019F0003A4076D00E7906F00306012E01D0022E71
:101A000018D1D0F808C04FEA430ECE6804FA0EF899
:101A10002CEA080C06FA0EF646EA0C068660D0F8A8
:101A200004C00E792CEA070CC6F300169E4046EA65
:101A30000C0646600E79F643B6070BD0C6684FEA2F
:101A400043088F6804FA08FC26EA0C0607FA08F730
:101A50003743C7600E7906F00306022E12D1DE0866
:101A60000F694FEA437C00EB8606B646366A4FEABA
:101A7000DC6C0AFA0CF807FA0CF726EA080637437A
:101A8000CEF820700F7906684FEA430807F0030785
:101A900004FA08FC07FA08F726EA0C063743076041
:101AA0004E6816F4403F1CD04A4E376847F0020794
:101AB000376036689F0706F00206009623F003069B
:101AC00006F1B046B6463F0FD6F80864DFF8088145
:101AD0000AFA07FC404526EA0C0603D14FF0000C39
:101AE00041E06CE0DFF8F4C0604502D14FF0010C3A
:101AF00039E0DFF8ECC0604502D14FF0020C32E073
:101B0000DFF8E0C0604502D14FF0030C2BE0DFF8B6
:101B1000D8C0604502D14FF0040C24E0DFF8CCC0FF
:101B2000604502D14FF0050C1DE0DFF8C4C06045F0
:101B300002D14FF0060C16E0DFF8B8C0604502D1C4
:101B40004FF0070C0FE0DFF8B0C0604502D14FF056
:101B5000080C08E0DFF8A4C0604502D14FF0090C82
:101B600001E04FF00A0C0CFA07FC4CEA060CCEF828
:101B700008C44F68DBF80060FF0226EA020600D5C1
:101B800016435F46CBF80060D1F804C0DBF8046070
:101B90005FEA8C2C26EA020600D516437E606E684A
:101BA0004F6826EA0206BF0300D516436E602E6812
:101BB0004F6826EA0206FF0300D516432E605B1C21
:101BC0000A6832FA03F67FF411AFBDE8F88F00001F
:101BD00080000058F44402580000025800040258E3
:101BE00000080258000C0258001002580014025855
:101BF00000180258001C0258002002580024025805
:101C00000AB1816170470904FBE7000001480068E0
:101C1000000C70470010005C0148806870470000AD
:101C200018010024074908B50A6842F002020A6058
:101C3000096801F00201009103490A6802430A6041
:101C400008BD0000F44402580404005802488168AA
:101C5000027811448160704718010024032010B5F8
:101C600000F086F801F068FA0F4A1049146813680A
:101C7000C4F3032203F00F038A5CC95C02F01F0265
:101C800001F01F01D0400A4A20FA01F11160094910
:101C900008600F2000F010F808B1012010BD00F01E
:101CA0002BF8002010BD000018440258F4CC0008A6
:101CB000280100242401002470B50D4D0446287825
:101CC000A0B14FF47A71B1FBF0F00A490968B1FB99
:101CD000F0F002F0FCFB48B9102C07D2002221469C
:101CE000501E00F025F800206C6070BD012070BD12
:101CF0001801002424010024054808B5016841F0BA
:101D000002010160006800F00200009008BD0000C0
:101D1000F4440258002809DB410900F01F02890041
:101D2000012001F1E0219040C1F80001704700005E
:101D30000E4BF0B41B680D46C3F30223C3F1070634
:101D4000042E00D90426191D072901D2002300E022
:101D5000DB1E012404FA06F19C40491E2940641E42
:101D6000994014402143F0BC07F048BD0CED00E061
:101D7000064900F0070210B54FF6FF040868044B4F
:101D8000204040EA02201843086010BD0CED00E03E
:101D90000000FA05134970B50A68D243520705D509
:101DA000096801F00701814213D118E00A6822F0A6
:101DB000070202430A60FFF72FFF0A4D4FF47A76BD
:101DC0000446083D07E000BFFFF726FF001BB042B6
:101DD00001D9012070BD2868C0438004F4D40020DC
:101DE00070BD00000C48025810B501F05FF90549BC
:101DF0000968054AC1F30211515C01F01F01C84096
:101E000010BD000020440258F4CC00084A4930B507
:101E1000494C0B1D0A680C3409681D68246802F0DF
:101E2000030305F00102C1F30511C4F3CC0400293A
:101E300014FB02F200EE102AF8EE400A76D0414A76
:101E40009FED3E1ADFED3E1AB7EE000A23B1012BDB
:101E50005AD0022B18D15CE0374C283C23689B06F3
:101E600012D5394B246801EE901A1168C4F3C104ED
:101E7000F8EE612AE34001EE903AC1F30801F8EE72
:101E8000611A81EEA22A07E002EE101A1168F8EE3C
:101E9000422A81EEA22A45E001EE901A1168F8EE7E
:101EA000611A40EE811A71EE800A62EE200AC1F3D7
:101EB000462101EE101AB8EE411A31EE001AC0EEBA
:101EC000811ABCEEE11A80ED001A1168C1F30641D7
:101ED00001EE101AB8EE411A31EE001AC0EE811A66
:101EE000BCEEE11A80ED011A1168C1F3066101EE42
:101EF000101AB8EE411A31EE000A80EE801ABCEEDC
:101F0000C10A80ED020A30BD01EE901ADFED0F2A02
:101F100003E001EE901ADFED0E2A1168F8EE611A67
:101F200082EEA12AC1F30801B6E7FFE700210160B4
:101F30004160816030BD0000284402580000003933
:101F40000024744C304402580090D0030024744A9A
:101F500020BCBE4B494930B5484C0B1D0A681434AF
:101F600009681D68246802F00303C5F30012C1F379
:101F70000531C4F3CC04002914FB02F200EE102A50
:101F8000F8EE400A75D03F4A9FED3D1AB7EE000AC1
:101F90006BB1DFED3D1A012B01D0022B64D002EEB4
:101FA000101A1168F8EE422A81EEA22A21E0334C81
:101FB000283C23689B0612D5344B246801EE901A06
:101FC0001168C4F3C104F8EE612AE34001EE903ACF
:101FD000C1F30801F8EE611A81EEA22A0BE001EECE
:101FE000901ADFED2B2A00BFF8EE611A116882EE1D
:101FF000A12AC1F3080101EE901A1168F8EE611AE6
:1020000040EE811A71EE800A62EE200AC1F3462189
:1020100001EE101AB8EE411A31EE001AC0EE811A24
:10202000BCEEE11A80ED001A1168C1F3064101EE21
:10203000101AB8EE411A31EE001AC0EE811ABCEE49
:10204000E11A80ED011A1168C1F3066101EE101A60
:10205000B8EE411A31EE000A80EE801ABCEEC10AD9
:1020600080ED020A30BD04E001EE901ADFED092A8E
:10207000BAE70021016041608160F3E7284402581B
:1020800000000039384402580024744A0090D003FC
:102090000024744C20BCBE4B494930B5484C0B1D44
:1020A0000A681C3409681D68246802F00303C5F33C
:1020B0000022C1F30551C4F3CC04002914FB02F241
:1020C00000EE102AF8EE400A75D03F4A9FED3D1A07
:1020D000B7EE000A6BB1DFED3D1A012B01D0022BE8
:1020E00064D002EE101A1168F8EE422A81EEA22A9C
:1020F00021E0334C283C23689B0612D5344B2468DE
:1021000001EE901A1168C4F3C104F8EE612AE340AD
:1021100001EE903AC1F30801F8EE611A81EEA22AAD
:102120000BE001EE901ADFED2B2A00BFF8EE611AEA
:10213000116882EEA12AC1F3080101EE901A11681C
:10214000F8EE611A40EE811A71EE800A62EE200A02
:10215000C1F3462101EE101AB8EE411A31EE001A11
:10216000C0EE811ABCEEE11A80ED001A1168C1F3CD
:10217000064101EE101AB8EE411A31EE001AC0EE17
:10218000811ABCEEE11A80ED011A1168C1F30661F3
:1021900001EE101AB8EE411A31EE000A80EE801AF4
:1021A000BCEEC10A80ED020A30BD04E001EE901AD7
:1021B000DFED092ABAE70021016041608160F3E7A1
:1021C0002844025800000039404402580024744A50
:1021D0000090D0030024744C20BCBE4B2DE9F04F7E
:1021E000AC4A0546DFF8A8A280F48070DFF8AC9214
:1021F00089B01311AA4C0843A748AAF104064FF06E
:10220000805C4FF000582CD085F400770F4357D0F6
:10221000DFF87CB285F480670F430BF1080B61D0C7
:1022200085F400670F4374D085F480570F436ED058
:1022300085F400570F434FF480394FF4003E67D0C8
:1022400085F400270F4371D085F480370F436ED09B
:1022500085F480460E436BD085F400420A4368D073
:102260002AE0DAF8001001F00701052924D2DFE89E
:1022700001F075BC7D25B10006A8FFF7C7FD0798E2
:1022800009B0BDE8F08F6846FFF764FE0098F7E7F5
:1022900003A8FFF701FF0398F2E72068C0F3C1002D
:1022A00022FA00F0ECE72268D20571D561456FD1C2
:1022B0001846E5E74145E3D00020E1E74846DFE77F
:1022C000DAF8001001F4E07180294FD004DC002915
:1022D00044D04029F0D188E0C029EFD0B1F5807F0B
:1022E000EAD177E0DBF8001001F46001B1F5800F6E
:1022F0003CD004DC91B3B1F5001FDDD175E0B1F540
:10230000C00FDBD0B1F5000FD6D163E001E018E0DB
:1023100030E0DBF8001001F0E061B1F1007F25D082
:1023200008DCD9B1B1F1807FC6D15EE049E06CE054
:1023300079E09CE0B1F1407FC0D0B1F1806FBBD1BA
:1023400048E0DAF8001001F4E041B1F5005F0DD08B
:1023500005DC19B1B1F5805FAED146E094E0B1F58E
:10236000405FABD0B1F5804FA6D133E0206880004C
:10237000A2D58DE7DAF8001001F4E021B1F5403F75
:102380006CD006DC61B149457AD0714594D157E0F3
:1023900037E0B1F5802F65D0B1F5A02F8CD10CE0DE
:1023A00000F0A6FE6CE76846FFF7D4FD019867E7EA
:1023B00003A8FFF771FE049862E721688903F1D44E
:1023C0007AE7DBF8001011F440310ED0494510D007
:1023D0007145F5D13168256801F040516D077FF5F1
:1023E00062AF00297FF45FAF57E720680001E7D5AF
:1023F00049E720688000E3D503A8FFF74DFE059864
:102400003EE722689203DBD554E7306810F4803051
:102410003AD04845D4D120680001D1D56846FFF7AD
:1024200099FD02982CE7DBF8001001F0E041B1F1D2
:10243000405F13D008DC71B1614521D04145BFD167
:1024400020688000B4D437E7B1F1804F0AD0B1F1F1
:10245000A04FB2D030E7FFF7C7FC11E72068400774
:10246000AED51AE72068C005AAD521E708E0DAF85A
:10247000001011F04051A0D0614505D041459FD1D9
:10248000206800018FD417E72068800198D5F3E613
:10249000504402580090D00340787D010080BB007A
:1024A000004402582DE9FE4F0546DFF8E48350F85A
:1024B000081B0024F64FC943019005F12800264669
:1024C00008F12408009008011DD4A86E50B1B0F5A1
:1024D000801F0CD0B0F5001F0ED0B0F5401F1ED0ED
:1024E00001240FE0386840F40030386017E00198AC
:1024F000022103F021FD03E00098022103F0ACFD6E
:1025000004000CD026462888C043C00523D4A86DFB
:1025100005281ED2DFE800F00C11161B1B00AA6E66
:10252000D8F8001021F440111143C8F80010EAE770
:10253000386840F40030386009E00198002103F069
:10254000FBFC03E00098002103F086FD044674B113
:1025500000E0012426462888C043800528D4E86D81
:1025600080281ED00CDC90B140280ED114E0AA6D5A
:10257000D8F8001021F007011143C8F80010EAE76D
:10258000C02813D0B0F5807F10D001240FE0386848
:1025900040F40030386009E00198002103F0CCFCE1
:1025A00003E00098002103F057FD04469CB1264645
:1025B0002888DFF8DC92C04309F12C0940052CD4AF
:1025C000D5F8A800B0F5800F20D00DDCA0B1B0F593
:1025D000001F0FD115E0EA6DD8F8001021F4E0716A
:1025E0001143C8F80010E3E7B0F5C00F13D0B0F501
:1025F000000F10D001240FE0386840F4003038603C
:1026000009E00198002103F097FC03E00098002105
:1026100003F022FD04467CB126462888C04300050D
:102620002DD4D5F8AC00B0F1007F21D00EDCA8B1DC
:10263000B0F1807F10D116E0D5F8A820D9F80010AD
:1026400021F460011143C9F80010E6E7B0F1407FC2
:1026500013D0B0F1806F10D001240FE0386840F43F
:102660000030386009E00198002103F065FC03E0C8
:102670000098002103F0F0FC044674B12646286857
:10268000C04380011FD4E86CD8B110280FD0202897
:1026900012D0302815D0012414E0D5F8AC20D9F898
:1026A000001021F0E0611143C9F80010E7E7386835
:1026B00040F40030386004E00198022103F03CFC53
:1026C000044674B126462888C043C0042BD4286E23
:1026D000B0F5005F20D00DDCA0B1B0F5805F0FD168
:1026E00015E06B48EA6C2030016821F0300111439D
:1026F0000160E8E7B0F5405F13D0B0F5804F10D02F
:1027000001240FE0386840F40030386009E0019897
:10271000002103F011FC03E00098002103F09CFC71
:1027200004468CB126462888C043800429D4686EAC
:10273000B0F5403F23D010DC08B3B0F5803F14D093
:10274000B0F5003F0FD115E02A6ED8F8001021F443
:10275000E0411143C8F80010E5E7B0F5802F0ED036
:10276000B0F5A02F0BD001240AE00198012103F05D
:10277000E3FB03E00098012103F06EFC044694B1F2
:1027800026462888C04340042AD4D5F8B000B0F1CA
:10279000405F23D010DC08B3B0F1805F14D0B0F1FB
:1027A000005F0FD115E06A6ED8F8001021F4E02127
:1027B0001143C8F80010E4E7B0F1804F0ED0B0F13B
:1027C000A04F0BD001240AE00198012103F0B4FBD3
:1027D00003E00098012103F03FFC044674B1264653
:1027E0002888C04300041FD4286FD8B1B0F1805F9F
:1027F0000ED0B0F1005F10D0012414E0D5F8B02065
:10280000D9F8001021F0E0411143C9F80010E7E7C2
:10281000386840F40030386004E00198012103F08A
:102820008BFB044674B126462868C043C0011ED401
:10283000A86CD0B101280ED0022811D0032814D0E2
:10284000012413E02A6FD8F8001021F04051114301
:10285000C8F80010E8E7386840F40030386004E059
:102860000198022103F068FB0446ACB126462868B3
:10287000DFF81CB0C043ABF11C0B400252D405483A
:10288000016841F480710160FFF7C6F9824611E0EA
:102890002C44025800480258FA48AA6C016821F0FA
:1028A000030111430160E2E7FFF7B6F9A0EB0A006C
:1028B000642835D8F4480068C005F5D58CBBDFF82E
:1028C000C4A3B5F8B4100AF1240ADAF8000001F440
:1028D000407100F44070884211D0DAF80010DAF844
:1028E000002021F4407142F48032CAF80020DAF866
:1028F000002022F48032CAF80020CAF80010D5F86F
:10290000B400B0F5807F1AD1FFF786F9029012E08B
:10291000FFF782F90299411A41F2883081420AD9BF
:10292000032426462878DFF85CA3C0430AF1080A8E
:10293000C00721D03CE0DAF800008007E8D5D5F8E0
:10294000B410C1F30120032858460DD0016821F4CA
:102950007C510160B5F8B420DAF80010C2F30B0224
:102960001143CAF80010DDE7C84A036802EA1112F1
:1029700023F47C511143ECE7E86F182816D005DCEE
:10298000A0B1082808D0102804D10AE020280DD0D2
:1029900028280BD001240AE00198012103F0CCFA89
:1029A00003E00098012103F057FB044664B126467A
:1029B0002878C04380071ED4A86F062819D2DFE804
:1029C00000F0160C11161616EA6FDAF8001021F056
:1029D00038011143CAF80010EAE70198012103F019
:1029E000ABFA03E00098012103F036FB04467CB10A
:1029F00000E0012426462878C04340071FD4D5F8BC
:102A00009400062819D2DFE800F0160C11161616ED
:102A1000AA6FDAF8001021F007011143CAF800107C
:102A2000E9E70198012103F087FA03E0009801210A
:102A300003F012FB0446A4B100E0012426462878E6
:102A4000C04380062BD4D5F89000B0F1405F24D06D
:102A500011DC10B3B0F1805F15D0B0F1005F10D180
:102A600016E0D5F89420D9F8001021F007011143A1
:102A7000C9F80010E3E7B0F1804F0ED0B0F1A04FDD
:102A80000BD001240AE00198002103F055FA03E07D
:102A90000098022103F0E0FA044694B12646287813
:102AA000C04340062BD4D5F89C00B0F5406F24D02D
:102AB00011DC10B3B0F5806F15D0B0F5006F10D1F8
:102AC00016E0D5F89020DAF8001021F0E04111432B
:102AD000CAF80010E3E7B0F5805F0ED0B0F5A05F54
:102AE0000BD001240AE00198002103F025FA03E04D
:102AF0000098022103F0B0FA044694B126462878E3
:102B0000C04300062BD4D5F8A000B0F5C04F24D0A8
:102B100011DC10B3B0F5005F15D0B0F5804F10D1C7
:102B200016E0D5F89C20D9F8001021F4E0511143AB
:102B3000C9F80010E3E7B0F5004F0ED0B0F5204F14
:102B40000BD001240AE00198002103F0F5F903E01D
:102B50000098022103F080FA044654B126462878F2
:102B6000C04300071ED4D5F88400B0F5805F0AD0BA
:102B70000FE0D5F8A020D9F8001021F460411143EE
:102B8000C9F80010EBE70098022103F065FA00B1E4
:102B90000126D5F88420DAF8001021F440511143C1
:102BA000CAF800102878C043C00613D4D5F898009E
:102BB000B0F5807F05D10098022103F04DFA00B1F5
:102BC0000126D5F89820D9F8001021F4407111435E
:102BD000C9F800102868C043000316D4D5F8A40033
:102BE00038B1B0F5803F09D0B0F5003F0BD00124DB
:102BF0000AE00198002103F09FF903E00098022108
:102C000003F02AFA04468CB126462868C0434003E4
:102C100022D4D5F88800B0F5801F11D0B0F5001F80
:102C200013D0B0F5401F15D0012414E0D5F8A4202E
:102C3000D9F8001021F440311143C9F80010E4E73D
:102C4000386840F40030386004E00098012103F057
:102C500003FA04465CB126462868C043C00323D467
:102C6000286DA8B1B0F5803F17D001241BE0D5F83E
:102C70008820DAF8001021F440111143CAF800103E
:102C8000EAE700004C44025800480258CFFFFF001A
:102C9000386840F40030386004E00198022103F005
:102CA0004BF90446E4B126462868C043800005D4A9
:102CB0000098022103F0D0F900B101262868C04332
:102CC00080031BD4D5F88000B0B1B0F5807F0FD061
:102CD000B0F5007F10D0B0F5407F0DD001240CE09E
:102CE0005A482A6D016821F4803111430160DBE705
:102CF000386840F400303860ECB326462868C0439A
:102D0000C00207D46A6FD8F8001021F000411143C7
:102D1000C8F800102868C043C00008D4D5F8B8200F
:102D2000DBF8001021F480411143CBF80010286833
:102D3000C043800207D4EA6ED8F8001021F08071F9
:102D40001143C8F800102868C04340000CD4DBF8D9
:102D5000001021F40041CBF80010DBF80010D5F88A
:102D6000BC201143CBF800102868C04308D4374872
:102D70006A6D016800E018E021F0405111430160E4
:102D80002868C043000208D4D5F88C20DAF8001077
:102D900021F440011143CAF8001028790024C043EF
:102DA00000F0010020430AD00FE0D5F88020DAF8C7
:102DB000001021F440711143CAF800109EE70198F9
:102DC000002103F0B9F800B106462879C04300F0AD
:102DD0000200204305D10198012103F0ADF800B1B4
:102DE00006462879C04300F00400204305D101982D
:102DF000022103F0A1F800B106462879C04300F093
:102E00000800204305D10098002103F025F900B106
:102E100006462879C04300F01000204305D10098F1
:102E2000012103F019F900B106462879C04300F0EA
:102E30002000044304D10098022103F00DF900B9E9
:102E400016B10120BDE8FE8F0020FBE74C4402587C
:102E50002DE9F05F04000F467ED0DFF83882D8F805
:102E6000000000F00F00B8420CD2D8F8001021F09A
:102E70000F013943C8F80010D8F8000000F00F0027
:102E8000B84269D12078844D40070AD52069296865
:102E900001F07001884204D9296821F070010143D2
:102EA000296020787C4E361D00070AD5606931689C
:102EB00001F07001884204D9316821F070010143AA
:102EC00031602078C0060AD5A069316801F4E0615C
:102ED000884204D9316821F4E061014331602078EF
:102EE000DFF8B4B180060BF1080B0CD5E169584648
:102EF000DBF8002002F07002914204D9026822F04F
:102F000070020A430260207880070AD5E0682968C9
:102F100001F00F01884204D9296821F00F01014313
:102F200029602078C0073ED05B49A268286818391C
:102F300020F47060104328606068022818D00328CD
:102F400019D00968012819D0490700294ADADFF8A1
:102F500048A1AAF1080A00E044E0DAF8002022F0D3
:102F600007020243CAF80020FEF756FE814612E02F
:102F700009688903E9E709688901E6E7C905E4E723
:102F8000FEF74AFEA0EB090141F28830814202D9E6
:102F90000320BDE8F09F6168DAF8000000F0380017
:102FA000B0EBC10FECD1207880070AD5E068296822
:102FB00001F00F01884204D2296821F00F0101437A
:102FC0002960D8F80010404601F00F01B9420BD932
:102FD000016821F00F0139430160006800F00F0023
:102FE000B84201D00120D4E7207840070AD52069F3
:102FF000296801F07001884204D2296821F070012B
:1030000001432960207800070AD56069316801F022
:103010007001884204D2316821F0700101433160AF
:103020002078C0060AD5A069316801F4E0618842C1
:1030300004D2316821F4E0610143316020788006D8
:103040000CD5E1695846DBF8002002F0700291428D
:1030500004D2026822F070020A43026000F06CF8A9
:103060000E492A682B68C2F3032203F00F038A5C1F
:10307000C95C02F01F0201F01F01D040084A20FA8B
:1030800001F111600749086007480068BDE8F05F7A
:10309000FEF712BE0020005218440258F4CC00087B
:1030A00028010024240100241C01002430B500F074
:1030B00043F80B4A0B490C4B15681468C5F30322FF
:1030C00004F00F048A5C095D02F01F0201F01F0189
:1030D000D040064A20FA01F119601060084630BD60
:1030E00018440258F4CC00082801002424010024CC
:1030F00000B5FFF7DBFF05490968054AC1F3021176
:10310000515C01F01F01C84000BD00001C44025882
:10311000F4CC000800B5FFF7C9FF05490968054A66
:10312000C1F30221515C01F01F01C84000BD000045
:103130001C440258F4CC0008454970B5454809685C
:10314000434B103B11F0380208D00111082A03D07C
:10315000102A0BD0182A0BD0084670BD19688906B2
:10316000FBD51968C1F3C101C84070BD3A4870BDB4
:103170003749374D18310C1D24350A68096826680F
:103180002D6802F0030406F00102C1F30511C5F336
:10319000CC0515FB02F200EE102AB8EE400AE9B3A6
:1031A0002F4ADFED2E0AB7EE001A6CB1DFED2D1AB3
:1031B000012C01D0022C43D002EE101A1068F8EE58
:1031C000422A81EEA22A1EE01C68A40611D51B68C3
:1031D00001EE901A1168C3F3C103F8EE612AD840DA
:1031E00001EE900AC1F30800F8EE611A81EEA22AFE
:1031F0000BE001EE901ADFED1C2A00BFF8EE611A19
:10320000106882EEA12AC0F3080001EE900AF8EEE1
:10321000611A40EE201A31EE810A00E015E022EE3C
:10322000000A1068C0F34620401C00EE900AF8EE39
:10323000600A80EE201ABCEEC10A10EE100A70BDC2
:1032400001EE901ADFED092AD8E7002070BD0000DA
:10325000104402580090D00340787D0100000039EE
:10326000304402580024744A0024744C20BCBE4BE5
:103270002DE9F05F04007DD0FF4F2078FE4D183718
:10328000DFF8F493103DC00748D0D9F80000396842
:1032900000F03800102815D0182803D101F00300E1
:1032A00002280FD06068B0F5803F12D010B1B0F5A1
:1032B000A02F18D0286820F480302860286820F4D7
:1032C000802009E02868800328D560680028D2D0D3
:1032D00024E0286840F480302860606888B1FEF7F8
:1032E0009BFC064609E0286840F480202860F0E74F
:1032F000FEF792FC801B64286FD828688003F7D5FE
:103300000CE0FEF789FC064605E000BFFEF784FCF2
:10331000801B6428F0D828688003F7D4207841F215
:103320000308D54E0C3E800769D5D9F800003968EE
:1033300010F038000ED0182801D188070AD0E068B4
:1033400090B3296821F0190101432960FEF764FC5C
:10335000824631E02868400702D5E06800288AD01C
:10336000E168286820F0190008432860FEF754FC43
:10337000824607E0DFE000BFFEF74EFCA0EB0A004C
:103380000228B9D828684007F6D500BFFEF73EFCF2
:1033900040451BD82069402812D0316821F47C3187
:1033A00041EA003030602AE018E000BFFEF734FC4C
:1033B000A0EB0A0002289FD828684007F6D5E5E769
:1033C000306820F47C3040F40030EBE7207C31683A
:1033D00021F0FE4141EA0060E4E70DE1286820F0B9
:1033E00001002860FEF718FC824605E0FEF714FC99
:1033F000A0EB0A0002288DD828684007F6D4207870
:10340000C0065DD5D9F80000DFF86CB2396800F06D
:103410003800ABF1040B082810D0182803D101F0B4
:10342000030001280AD0E0690028286838D040F05D
:1034300080002860FEF7F0FB824623E02868C00584
:1034400023D5E069802876D11FE0206A202821D08A
:10345000316821F0F84141EA8060306030E000BF1F
:1034600094F82010DBF8002022F07C5242EA01613F
:10347000CBF8001024E000BFFEF7CEFBA0EB0A0063
:10348000022898D82868C005F6D5FEF7BFFB40454E
:10349000E6D8DAE7306820F0F84040F08040DCE71A
:1034A00020F080002860FEF7B7FB064605E000BF6D
:1034B000FEF7B2FB801B02289DD82868C005F7D410
:1034C0002078000729D56C4861696430002980465E
:1034D000016811D041F001010160FEF79DFB064635
:1034E00005E000BFFEF798FB801B0228C9D8D8F87A
:1034F00000008007F6D510E021F001010160FEF721
:103500008BFB064605E000BFFEF786FB801B02280A
:1035100072D8D8F800008007F6D42078800623D52A
:10352000A0690028286810D040F480502860FEF779
:1035300073FB064605E036E1FEF76EFB801B0228B2
:103540005AD828688004F7D50EE020F4805028600F
:10355000FEF762FB064604E0FEF75EFB801B0228D6
:103560004AD828688004F7D4207840074FD5DFF880
:103570000C81D8F8001041F48071C8F80010FEF7F3
:103580004BFB064605E000BFFEF746FB801B6428A8
:1035900032D8D8F80000C005F6D5374EA06860369E
:1035A00001280AD008B1052813D0306820F00100A6
:1035B0003060306820F0040002E0306840F0010024
:1035C0003060A06841F2883A90B1FEF725FB804652
:1035D0000AE0306840F004003060EEE7FEF71CFBC4
:1035E000A0EB0801514507D830688007F6D50EE0FA
:1035F000FEF712FB804607E084E000BFFEF70CFBFD
:10360000A0EB080151457DD830688007F6D4606A88
:10361000B0B3DFF86480D9F8001008F120084FF645
:10362000F87B08F10409C1F3C2010329A8F1040AD7
:1036300069D00228286820F08070286003D0FEF747
:10364000EBFA044684E0FEF7E7FA064605E000BF21
:10365000FEF7E2FA801B022877D828688001F7D4A9
:10366000E26A40F2F331386854F8283F884340EA70
:1036700002101843386004E0104402580048025811
:10368000B5E0217B434622894FF4FE0C208A4FF09F
:10369000FE474902267D521E401EA1F50071C2F36D
:1036A00008088AB2761E0CEA004042EA0802024389
:1036B000504607EA06610A431A60DAF8002022F051
:1036C0000102CAF80020D9F80020266A22EA0B027B
:1036D00042EAC602C9F80020DAF80010A26921F017
:1036E0000C011143CAF800100168E26921F00201DF
:1036F00011430160016841F480310160016841F4C7
:10370000003101E021E027E00160016841F48021FF
:103710000160016841F001010160286840F080709B
:103720002860FEF779FA044605E000BFFEF774FA58
:10373000001B022809D828688001F7D557E000BF90
:10374000FEF76AFA001B022802D90320BDE8F09FA9
:1037500028688001F4D44AE039680128D8F80000CC
:1037600021D0A26A01F0030393421CD1E26AC1F3A3
:1037700005118A4217D1216BC0F30802491E8A4203
:1037800011D1616BC0F34622491E91420BD1A16B4E
:10379000C0F30642491E914205D1E16BC0F30660B9
:1037A000491E814201D00120D0E7A16C4E46D9F8D4
:1037B0000000C0F3CC00814219D0DAF80000554671
:1037C00020F00100CAF80000FEF726FA4FEA0007D1
:1037D000FEF722FAB842FBD0A26C306820EA0B0058
:1037E00040EAC2003060286840F0010028600020F4
:1037F000ACE72DE9F041044690F89000002501283F
:103800000FD0012684F8906020680168890333D5C1
:10381000016821F40031016094F89100122803D06E
:1038200014E00220BDE8F081D4F8800070B1FDF70B
:10383000CDFD58B1D4F88000406D802806D0D4F872
:103840009400012540F08000C4F8940094F89100A1
:10385000222811D1D4F8840070B1FDF7B7FD58B11A
:10386000D4F88400406D802806D0D4F89400012557
:1038700040F08000C4F8940021680027781E0F6192
:1038800021688861204602F00DFE00B10125206804
:10389000416841F00801416084F89160284684F84D
:1038A0009070BFE7704700002DE9F041044690F8A2
:1038B0009100002874D020684269016903681507E7
:1038C00007D50D0705D5D4F88C102046BDE8F0418A
:1038D0000847D5074FF0010610D0CD070ED08661FE
:1038E00094F89100222807D05FF00200D4F89410D9
:1038F0000143C4F8941079E00120F7E795070AD551
:103900008D0708D502218161D4F88800002870D085
:10391000BDE8F0410047384D970631D58F062FD5C9
:10392000202181619A03D4F89400002A40F0040019
:1039300032E000BFD4F8800070B10565D4F8800093
:10394000FDF7F4FE40B1D4F8940040F08000C4F8D4
:1039500094002046FFF7A6FFD4F88400002848D042
:103960000565D4F88400FDF7E1FE002841D0D4F8C5
:10397000940040F0800037E02046FFF73AFF35E042
:1039800057060ED54F060CD5402181619A03D4F815
:103990009400002A40F00800C4F89400ECDAC9E76B
:1039A00027E0570716D54F0714D5042181619A03E4
:1039B000D4F8940040F02000C4F89400BAD42268EF
:1039C0000020411E10612268916184F89160A4F882
:1039D0007E000BE0D2060CD5C9060AD51021816104
:1039E000D4F8940040F01000C4F894002046FFF78B
:1039F00059FFBDE8F0810000616400082DE9F05F27
:103A0000040049D0FEF702F994F83800CF49DFF8F6
:103A100040A3012809D12068884201D050453BD1FC
:103A20006068012838D1606CB0BBDFF820838B461A
:103A3000206808F12008584501D0404502D1C3480C
:103A4000001F1BE0C349884203D0C249203188428D
:103A500002D1C048001F11E0BF49884203D0BE49CF
:103A60002031884202D1BC48001F07E0504503D0F6
:103A7000B749203188420FD1B548001F814694F8DC
:103A8000910028B9002084F89000204600F06CF9DD
:103A9000204602F007FD10B10120BDE8F09FE0686C
:103AA000022184F8911020B101280CD002280CD0FA
:103AB0000020A1684FF40066062908D2DFE801F073
:103AC00007090C6A6D701020F3E72020F1E700254C
:103AD00003E04FF4806500E03546C9F80000206A35
:103AE0004FF40077E8B321680020594501D04145E3
:103AF00004D100214FF48070FEF770FB954A2168D5
:103B0000914203D0934A2032914203D1002138469A
:103B1000FEF764FB904A2168914203D08E4A20321E
:103B2000914203D100213846FEF758FB22685245E6
:103B300004D100214FF48060FEF750FB84492268D5
:103B400020318A4203D100213046FEF747FBA169AC
:103B5000B1F5002F27D0A16AB1F1806F37D00121D4
:103B600000E038E0226A00EB800040004A43110286
:103B7000B0FBF1F00A22B0FBF2F3B0FBF2F16162AC
:103B800002FB1300082801D9491C6162606C0428FB
:103B90001FD020E040F001009EE740F002009BE7CC
:103BA00040F0030098E7616C04290BD008290BD082
:103BB000D4F8541000EB8000226A4A434000B0FB66
:103BC000F2F0D7E74021F5E74FF48071F2E70221E8
:103BD000C6E748086062606878B302282ED0206D7E
:103BE000012800D00027FEF711F8B0F5005F20682B
:103BF00028D35A4A016811400160D4E91131606844
:103C0000D4F84CC0184341EA0C01B4F824C008436E
:103C100021683843D4E90536D4E90A822843256966
:103C20008E46096810431843304340EA0C5040EA7E
:103C3000080028430843714621E0FFE7206D012872
:103C4000D0D0D0E7464A016811400160D4E9116242
:103C50006068E16C3043B4F824800A431043D4E92F
:103C6000056CD4E90A232168384328430D681843BA
:103C7000304340EA0C0040EA0850104328430860F3
:103C800020686FF0FF01374A4EF20F064FF220070F
:103C90004568B54345602068D4F81CC0266B45686C
:103CA00045EA0C05D4F834C046EA0C0635434560B5
:103CB0002068856815408560D4E91850D4E916C29B
:103CC000666D10432268761E35432843956801EBE4
:103CD0000C2630432843906054F8680BC2683A4081
:103CE000C26094E8C100A58954F8682D01EB072152
:103CF00041EA05413043D56808432843D060206835
:103D0000584501D0504518D1D9F8440020F00101A0
:103D1000C9F8441094F8380001280ED1D4E90F10E6
:103D20006FF00F0202EB01110843C9F84400D9F803
:103D3000440040F00101C9F844100020C4F8940088
:103D4000012184F8911084F89000A6E604580140FF
:103D500004540058045C01400460014010C005F0A8
:103D600010C005F80080F8FF2DE9F0474E490746DE
:103D7000006800264D4D86B04D4C88424FF0020839
:103D80004FF006091ED1206878B9286840F48000F9
:103D9000286028680022114600F480000590572012
:103DA000FDF7C6FF5720FDF7B5FF2068742369466D
:103DB000401C20600093CDE901863E48CDE90369AF
:103DC000FDF708FE3C483968DFF8F0A0814220D1B9
:103DD000606878B9286840F40000286028680022EC
:103DE000012100F4000005905B20FDF7A1FF5B209E
:103DF000FDF790FF60680A234FF400626946401C9B
:103E0000606000925046CDE90186CDE90363FDF77D
:103E1000E1FD2B49386888421ED1A06878B928682E
:103E200040F08070286028680022022100F0807035
:103E300005907220FDF77CFF7220FDF76BFFA168F3
:103E40005046491CA160CDF800806946CDE9018645
:103E5000CDE90369FDF7BEFD19483968203081427C
:103E60001FD1A06878B9286840F080702860286861
:103E70000022022100F0807005907220FDF758FFAB
:103E80007220FDF747FFA1684FF400735046491CAC
:103E9000A16000936946CDE90186CDE90369FDF78C
:103EA00099FD06B0BDE8F08704580140F04402587F
:103EB0000C01002400100258045C0140000C025860
:103EC0000460014070B5044629B122B194F8910014
:103ED000012802D036E0012070BD94F8900001283E
:103EE00030D0A4F87C200025A4F87E200122A06C0C
:103EF000A167222184F89020C4F8945084F891108E
:103F0000402803D0802806D80F4805E0206B002801
:103F1000FAD10E4800E00E480121C4F88C0020467A
:103F200002F020FB21680A691043086120680168DB
:103F3000C90303D4016841F480310160002084F892
:103F4000905070BD022070BD976500084B66000858
:103F5000E76500087047000070B5044629B122B13A
:103F600094F89100012802D039E0012070BD94F846
:103F70009000012833D0A4F87C200025A4F87E20EE
:103F80000122A06CA167122184F89020C4F89450FB
:103F900084F89110402803D0802806D8114805E005
:103FA000206B0028FAD1104800E01048C4F88C00BB
:103FB000204602F097FA0121204602F0D3FA216848
:103FC0000A691043086120680168C90303D40168C5
:103FD00041F480310160002084F8905070BD0220CF
:103FE00070BD0000916600083F670008DF660008AA
:103FF000704700002DE9F047040029D0594A4FF0DE
:1040000000092068584B594D9042C4F8289006D0BA
:10401000984204D0A84202D0E1680F2918D8E1687C
:104020004FF0010AE76B0831C9080AEB57167143D4
:10403000904205D0984203D0A84201D0082907D861
:10404000904203D0984201D0A84204D1102902D94D
:104050000120BDE8F08794F8810020B9204684F85B
:10406000809000F085F8022084F8810020680168C3
:1040700021F0010101602068A1698268B1F1806FBF
:1040800002F4F81110D16268B2F5800F01D01AB1B4
:104090000AE0A26B22B107E0A26BB2F1805F03D10C
:1040A000026842F4805202606068400209D5E0680C
:1040B000072806D32068236D026822F480721A4311
:1040C00003E02068026822F480720260A66AE06958
:1040D000E26B25683043E3680A4310431843A86045
:1040E000D4E90D02D4E90581636A25691843D4F83F
:1040F00020C00A43266810432843A56DD4E9017205
:10410000D4E9123140EA080040EA0C003843084381
:10411000104318432843F060606868B920688168DC
:1041200021F4C05141F4006181602068816821F46C
:10413000C06141F4806181602068016D21F001015E
:1041400001656068400206D52068626DC16821F093
:1041500000411143C160C4F8849084F881A000201C
:1041600077E700000030014000380040003C00408C
:104170002DE9F041B6B00546142130A8FCF7D4FA79
:10418000C0216846FCF7D0FA3A490226286805277C
:10419000364C0025DFF8D880884237D18114189535
:1041A0000020CDE900106846FEF77CF908B1FCF765
:1041B00099FC2E481030016841F48051016000687C
:1041C00000F480503590206840F00800206020689E
:1041D00000F008003590206840F002002060206860
:1041E00032AA30A900F0020035908020CDE93006D7
:1041F00082E8E0002048FDF7EDFB082032AACDE977
:10420000300630A9404682E8E00029E01B49884298
:1042100028D1811418950020CDE900106846FEF7DA
:1042200041F908B1FCF75EFC10480830016841F420
:1042300080410160006800F480403590206840F0C3
:104240000200206020680121349700F002003590C0
:104250004FF40440CDE93251CDE9300630A9404653
:10426000FDF7B8FB36B0BDE8F0810000E04402582D
:104270000004025800300140000C02580038004091
:104280002DE9FC5F0446006817468A4600219946DE
:1042900094F8802000F1200B0191012A0DD04FF0FD
:1042A000010884F88080FDF7B7FC064694F8810089
:1042B0000025012804D0022034E00220BDE8FC9F44
:1042C000BAF1000F2DD067B3A1680320C4F85CA039
:1042D000A4F8607084F88100C4F88450A4F8627077
:1042E0006566A4F86850A4F86A50B1F5C02F6567F8
:1042F0002567206819D0C16821F4C02141F400313C
:10430000C160206841686FF30F0139434160206844
:10431000016841F0010101606068B0F5800F09D0CB
:104320000DE0012084F88050C8E7016841F4006185
:104330000160E6E72068016841F400710160E0680F
:104340000F281CD820E02068416989070BD5E16D52
:1043500009680162E06D001DE065B4F86200401E6E
:10436000A4F862000BE0FDF757FC811B494503D31D
:10437000B9F1FF3F03D099E0B9F1000F30D0B4F8A4
:1043800062000028DFD177E007282DD870E0206890
:10439000416989071CD5B4F8621001290BD9E16B7A
:1043A00049B1E16D09680162E06D001DE065B4F896
:1043B0006200801E09E0E06D0188ABF80010E06D3E
:1043C000801CE065B4F86200401EA4F862000BE0B7
:1043D000FDF722FC811B494503D3B9F1FF3F03D010
:1043E00064E0B9F1000F61D0B4F862000028CED1CA
:1043F00042E02068416989072ED5B4F8621003298C
:104400000CD9E16B402909D9E16D09680162E06DC1
:10441000001DE065B4F86200001F1AE0B4F86210F5
:1044200001290CD9E16B51B1E06D0188ABF80010A6
:10443000E06D801CE065B4F86200801E09E0E16D6B
:10444000097880F82010E06D401CE065B4F8620047
:10445000401EA4F862000BE0FDF7DEFB811B49451E
:1044600003D3B9F1FF3F03D020E0B9F1000F1DD015
:10447000B4F862000028BCD100224B460821204637
:10448000009602F0DDF928B1D4F8840040F0200055
:10449000C4F88400204602F074F984F88180D4F8CE
:1044A000840084F8805080B1012007E7204602F0A4
:1044B00068F9D4F8841084F8805041F48071C4F80D
:1044C000841084F881800320F8E60198F6E6401E07
:1044D000B0F1807F10B501D3012010BD4FF0E02472
:1044E00060610F21601705F089F90020A0610721A4
:1044F000216110BD7047704770470000F0B590F81B
:104500003C20012A3BD01F4E012480F83C4002226F
:1045100080F83D2002681C4D5368B242D2F808C0B2
:1045200001D0AA4203D14F6823F470033B430F68C4
:1045300023F070031F4357600268B24213D0B2F1F8
:10454000804F10D0114B9A420DD0114B9A420AD095
:10455000104B9A4207D0AA4205D00F4B9A4202D084
:104560000E4B9A4204D189682CF080031943916064
:10457000002180F83D4080F83C100846F0BD022044
:10458000F0BD0000000001400004014000040040B4
:1045900000080040000C00400018004000400140AE
:1045A00010B5040003D094F83D0010B107E00120DD
:1045B00010BD002084F83C00204600F023F80220C3
:1045C00084F83D002068211D04F0D0FA012084F811
:1045D000480084F83E0084F83F0084F8400084F8E6
:1045E000410084F8420084F8430084F8440084F8D1
:1045F000450084F8460084F8470084F83D00002018
:1046000010BD000008B501681048B1F1804F0BD013
:104610000F4A914207D1016841F002010160006830
:1046200000F00200009008BD016841F00101016046
:1046300000680022032100F0010000901C20FDF71B
:1046400077FBBDE808401C20FDF764BBE844025836
:104650000004004090F83D10012901D0012070476E
:10466000174A022180F83D100168CB6843F001032E
:10467000CB600068904214D0B0F1804F11D0114946
:1046800088420ED0104988420BD01049884208D089
:104690000F49884205D00F49884202D00E4988420E
:1046A00007D181680D4A1140062906D0B1F5803F37
:1046B00003D0016841F00101016000207047000053
:1046C000000001400004004000080040000C0040D1
:1046D00000040140001800400040014007000100B4
:1046E00070B5044690F83C000025012814D03A4BE0
:1046F000012684F83C60022084F83D00226890681E
:10470000184020F47F409060086870282FD010DC9B
:1047100010F00F0F03D022E04FF0020070BD4FEAFF
:104720002012072A1BD2DFE802F0535353534B39B0
:104730004100B0F1101F4BD009DCB0F5805F0FD005
:10474000B0F5005F1ED0B0F5801F08D140E0A0F5A5
:10475000801120393CD010293AD0202938D00125A9
:1047600084F83D60002084F83C00284670BD4A680B
:104770002068D1E9021304F068FA2068816841F0EA
:10478000770109E04A682068D1E9021304F05DFA74
:104790002068816841F480418160E1E7CA68496826
:1047A000206804F001FC2068502106E0CA684968CE
:1047B000206804F00AFC2068602104F04FFACFE77B
:1047C000CA684968206804F0EFFB20684021F4E7DC
:1047D000226801461046F0E788FFCEFF2DE9F04140
:1047E00004000D4603D094F83D0018B108E0012004
:1047F000BDE8F081002084F83C00204600F04CF831
:10480000244A022084F83D002068816811408160BC
:104810002068211D04F0AAF9226840F20336AF692E
:1048200040F60C4C2B684FF2F00EA86891680B43D1
:104830009169B14341EA07210843D5E9031720EA0A
:104840000C00D5E9076C20EA0E00D2F820E03F0109
:1048500040EA062668686D69314347EA0C37936081
:1048600023680F4301219F612EF0AA0242EA05133B
:1048700022681843106284F8481084F83E1084F8C7
:104880003F1084F8441084F8451084F83D1000204F
:10489000AEE70000F8BFFEFF10B586B00446142155
:1048A0006846FBF741FF17492068884227D1164820
:1048B000016841F002010160006800F0020005900B
:1048C00011481038016841F00401016000680323B9
:1048D000C02100F0040005900020009102226946EA
:1048E000CDE90120CDE903030848FDF773F8002264
:1048F00006212C20FDF71CFA2C20FDF70BFA06B040
:1049000010BD000000040140F044025800080258A5
:10491000704770B50446006800250169C9438907DE
:1049200015D4C168C943890711D4EA1E0261012167
:104930002177206880698007204602D0FFF7E8FFD2
:1049400004E000F0CFF8204600F091F925772068C8
:104950000169C943490717D4C168C943490713D43A
:1049600002216FF00402026121772068806910F44F
:10497000407F204602D0FFF7CBFF04E000F0B2F802
:10498000204600F074F9257720680169C9430907BA
:1049900016D4C168C943090712D404216FF0080274
:1049A000026121772068C0698007204602D0FFF7A6
:1049B000AFFF04E000F096F8204600F058F92577A4
:1049C00020680169C943C90617D4C168C943C9062B
:1049D00013D408216FF01002026121772068C069AA
:1049E00010F4407F204602D0FFF792FF04E000F071
:1049F00079F8204600F03BF9257720680169C94322
:104A0000C90708D1C168C943C90704D1891E01611A
:104A1000204600F0B5F920680169C943090609D4A8
:104A2000C168C943090605D46FF0800101612046C1
:104A3000FFF761FD20680169C943C90509D4C16850
:104A4000C943090605D46FF4807101612046FFF760
:104A500051FD20680169C943490609D4C168C943A9
:104A6000490605D46FF040010161204600F089F944
:104A700020680169C94389060BD4C168C943890606
:104A800007D46FF0200101612046BDE87040FFF7B8
:104A900033BD70BD10B586B0044614216846FBF7DF
:104AA00043FE0D492068884214D10C48016841F04A
:104AB0000201016000680021202200F00200059040
:104AC00002200092CDE90101CDE9031004486946B6
:104AD000FCF780FF06B010BD00040040E04402581F
:104AE00000040258704770B5044690F83C00002658
:104AF0000D4601280BD0012084F83C000C2A4AD036
:104B000007DC82B1042A20D0082A06D131E0022035
:104B100070BD102A53D0142A63D00126002084F8D7
:104B20003C00304670BD206804F0A2F8206881691E
:104B300041F0080181612068816921F004018161EF
:104B400020682A698169114311E0206804F0E4F8C3
:104B50002068816941F4006181612068816921F4E4
:104B60008061816120682969826942EA012181614D
:104B7000D4E7206804F01CF92068C16941F00801FD
:104B8000C1612068C16921F00401C16120682A69FE
:104B9000C169114311E0206804F056F92068C16929
:104BA00041F40061C1612068C16921F48061C16183
:104BB00020682969C26942EA0121C161AEE7206823
:104BC00004F07EF92068416D41F0080141652068DC
:104BD000416D21F00401416520682A69416D11434E
:104BE00011E0206804F0A6F92068416D41F40061ED
:104BF00041652068416D21F4806141652068296923
:104C0000426D42EA0121416588E710B5040003D0F6
:104C100094F83D0010B107E0012010BD002084F899
:104C20003C00204600F022F8022084F83D00206875
:104C3000211D03F09BFF012084F8480084F83E000A
:104C400084F83F0084F8400084F8410084F8420072
:104C500084F8430084F8440084F8450084F8460052
:104C600084F8470084F83D00002010BD704770476D
:104C700030B504464FF0020269B1042912D0082968
:104C800017D00C291CD0102921D094F843000128FA
:104C900024D0012030BD94F83E000128F9D184F8D9
:104CA0003E201DE094F83F000128F2D184F83F2017
:104CB00016E094F840000128EBD184F840200FE082
:104CC00094F841000128E4D184F8412008E094F8E8
:104CD00042000128DDD184F8422001E084F843201D
:104CE0000122206803F0A4FF1B4B20681B491C4ACB
:104CF000984209D0884207D0904205D0194DA84269
:104D000002D0194DA84203D1456C45F400454564D5
:104D10002068984212D0B0F1804F0FD0134B9842C8
:104D20000CD0134B984209D0124B984206D08842BF
:104D300004D01149884201D0904207D181680F4ABE
:104D40001140062906D0B1F5803F03D0016841F03B
:104D500001010160002030BD00000140000401405D
:104D60000040014000440140004801400004004070
:104D700000080040000C004000180040070001003F
:104D80007047704730B590F88410012918D001227F
:104D900080F884202421C0F8881000222024016893
:104DA0000B680D6823F0005325F001050D60426685
:104DB00001680B60C0F8884080F88420104630BD40
:104DC000022030BD7047704770B5044690F88400EB
:104DD00001281DD0012284F884202420C4F88800F2
:104DE00020680568026822F001020260206882687B
:104DF00022F060620A438260204604F02DF92268A6
:104E0000202100201560C4F8881084F8840070BD4B
:104E1000022070BD70B5044690F8840001281DD0B2
:104E2000012284F884202420C4F8880020680568C2
:104E3000026822F0010202602068826822F060426B
:104E40000A438260204604F007F9226820210020EE
:104E50001560C4F8881084F8840070BD022070BD0D
:104E600070477047704700002DE9F0410768002542
:104E7000044640F60F030226F8693968BA681842FA
:104E80000AD183067ED501F0200302F0805C53EA4C
:104E90000C0377D0616F74E1CF4BDFF840C3134050
:104EA00001EA0C0C53EA0C0C6CD05FEAC07C0CD00D
:104EB0005FEAC15C09D54FF0010CC7F820C0D4F8F7
:104EC000907047F00107C4F89070870709D5D7079D
:104ED00007D027683E62D4F8906046F00406C4F814
:104EE000906046070AD5D60708D0276804263E6298
:104EF000D4F8906046F00206C4F8906006070CD51E
:104F000001F020061E4308D0266808233362D4F837
:104F1000903043F00803C4F8903003050BD54B01E3
:104F200009D526684FF400633362D4F8903043F01B
:104F30002003C4F89030D4F89030002B3DD0800688
:104F400009D501F0200002F08051084303D0616FC1
:104F500009B1204688472168D4F89000896849063D
:104F600002D410F0280F2AD0204604F05BF9206804
:104F7000806840061ED52068083050E8001F21F0E8
:104F8000400100E021E040E80012002AF3D1D4F80B
:104F9000800078B192490165D4F88000FCF7C6FB27
:104FA00000280AD0D4F88000016D00E02046BDE85A
:104FB000F04108472046FFF755FFBDE8F081204645
:104FC000FFF750FFC4F89050F7E7D4F86CC02023E7
:104FD000BCF1010F7ED15FEAC06C7BD55FEAC16C8A
:104FE00078D51020386220688068400673D5D4F8E0
:104FF00080107C4A0868904234D07A4A1832904235
:1050000030D0784A303290422CD0764A48329042A2
:1050100028D0744A6032904224D0724A783290424A
:1050200020D0704A903290421CD06E4AA8329042F2
:1050300018D06D4A904215D06B4A1832904211D068
:10504000694A303290420DD0674A4832904209D0C6
:10505000654A6032904205D0634A7832904201D06E
:10506000614A903240680004000CA6D0B4F85C207D
:105070008242A2D9A4F85E00C869B0F5807F2FD023
:10508000216851E8000F20F4807041E80002002AF6
:10509000F6D12068083050E8001F21F0010140E8F7
:1050A0000012002AF5D12068083050E8001F21F0D6
:1050B000400140E80012002AF5D1C4F88C30E566C2
:1050C000216851E8000F20F0100041E80002002A9A
:1050D000F6D101E040E00BE0D4F88000FCF776F96F
:1050E0002667B4F85C00B4F85E10401A81B22FE075
:1050F000B4F85C00B4F85E10B4F85E20401A81B2D7
:10510000002AB2D00029B0D0226852E8000F20F463
:10511000907042E80007002FF6D1344F206800F16C
:10512000080050E8002F02EA070240E8002CBCF11A
:10513000000FF3D1C4F88C30E5666567206850E84D
:10514000002F22F0100240E80023002BF6D1266742
:105150002046FFF737FE30E7C60209D5560207D5CD
:105160004FF4801038622046BDE8F041FFF779BE69
:1051700006060AD501F0800602F40002164304D0A8
:10518000A16F00297FF412AF17E7420611D54A0636
:105190000FD52046026852E8001F21F0400142E886
:1051A0000014002CF6D1C0F88830856700F0EEF8C6
:1051B00003E7020206D54A0004D52046BDE8F041C7
:1051C000FFF74EBEC001C6D50029C4DA2046BDE8AF
:1051D000F041FFF7F8BD00000100001020010004BD
:1051E0000F9200081000024010040240FEFFFFEF83
:1051F00010B5040003D0D4F8880010B107E00120F6
:1052000010BD002084F88400204600F027F82420F8
:10521000C4F888002068016821F00101016020467F
:1052200004F02AF80128EBD0A06A10B1204603F060
:1052300035FF2068416821F4904141602068816811
:1052400021F02A0181602068016841F001010160BC
:105250002046BDE8104003F085BF0000F0B5B7B0B0
:105260000446142130A8FBF75FFAC0216846FBF71B
:105270005BFA43490226206800243F4D3F4F884295
:105280002FD100201E940221CDE900106846FDF7C1
:1052900009F908B1FBF726FC37480830016841F4EA
:1052A00080110160006800F480103590286840F09B
:1052B0000200286028680E2100F0020035904FF4AB
:1052C00040503090CDE93164CDE9334130A93846C2
:1052D000FCF780FB002203213520FCF729FD352057
:1052E00045E02849884244D100201F940121CDE99E
:1052F00000106846FDF7D6F808B1FBF7F3FB1E482F
:105300001030016841F010010160006800F01000E9
:105310003590286840F002002860286800F00200FC
:105320003590286840F0010028602868042100F0CA
:10533000010035904FF480403090CDE93164CDE9E3
:10534000334130A93846FCF745FB07214FF4806014
:105350003090CDE93164CDE933410B4830A9FCF7F9
:1053600039FB002205212520FCF7E2FC2520FCF773
:10537000D1FC37B0F0BD0000E044025800040258F0
:105380000050004000100140000002587047FEE746
:105390002DE9FC4F614B1B5C8B4204D15F4B1B1D05
:1053A0001B5C934276D0C1F10C034FF0FF09C1F1B1
:1053B0000808DFF868B129FA03F601244FF0100C51
:1053C000571E29FA08F5A2F10903BC40ABF1420BC4
:1053D0000CFA03FE0BF1940A06F0F00301939BF81C
:1053E00005609AF802300093D0B10F274FF0010CFE
:1053F000C1F10C08A2F1090327FA08F70CFA03FC23
:1054000001282ED05346022893F8058053464AD0EF
:10541000092908F0F00883F8058062D21D7166E062
:10542000009F0929534607F00F078AF8027001D23E
:105430001D7006E0DDF804C083F8009047EA0C0711
:105440009F705AB1092A04D21D7825438AF800506A
:1054500004E09C7844EA0E048AF8024046F0050411
:1054600054E0DDF800800929534608F0F0088AF876
:10547000028001D25D7005E083F8019048EA0708D8
:1054800083F8028062B1092A05D25D7825438AF843
:10549000015005E040E09C7844EA0C048AF80240A0
:1054A00046F0060432E0092908F00F075F7101D2C7
:1054B000DD7006E0DDF804C083F8039047EA0C07CE
:1054C0005F715AB1092A04D2DD7825438AF8035066
:1054D00004E05C7944EA0E048AF8054046F02804AA
:1054E00014E083F8049048EA070883F805805AB16D
:1054F000092A04D21D7925438AF8045004E05C7916
:1055000044EA0C048AF8054046F03004034B8BF85B
:1055100005401954191D0A54BDE8FC8F720000247F
:105520008068C0F3C00070478068C0F38000704797
:105530008068C0F38000704710B5042404EAD15499
:105540000723C1F3045120448B408A4041699943A9
:105550001143416110BD41F21D01884225D942F637
:105560006951884213D945F69B21884207D947F6ED
:10557000FE71884201D90C2070470B20704744F21D
:105580002601884201D90A2070470920704742F25B
:105590002601884201D90820704741F2C261884241
:1055A00001D90720704706207047B0F5B76F0DD9B5
:1055B00040F66731884201D90520704740F6130153
:1055C000884201D9042070470320704740F20B4104
:1055D000884201D90220704740F20621884201D951
:1055E00001207047002070473E48F8B50024047041
:1055F00044708470C470047144718471C471204615
:1056000000F076F8012000F073F8022000F070F846
:10561000032000F06DF8042000F06AF8052000F087
:1056200067F8062000F064F8072000F061F82E4EBD
:105630004FF48045002229463046FCF7E1FAFF206E
:105640008DF800000C2129480A238DF80110012251
:105650006946FEF715FE012229463046FCF7D0FACE
:10566000002229463046FCF7CBFA07208DF80000CF
:105670000B211E480A238DF8011001226946FEF70E
:10568000FFFD012229463046FCF7BAFA00222946DE
:105690003046FCF7B5FA05208DF800000A211348C2
:1056A00001220B468DF801106946FEF7E9FD012243
:1056B00029463046FCF7A4FA002229463046FCF77A
:1056C0009FFA8DF8004009208DF801000A23074851
:1056D00001226946FEF7D4FD012229463046FCF737
:1056E0008FFAF8BDC400002400100258A00800245E
:1056F00038B50A4CA204411CA261094A0A23105C75
:1057000001228DF8000007488DF801106946FEF768
:10571000B7FD4FF48040A06138BD00000010025872
:10572000C4000024A008002430B58BB000246846D3
:105730001C21079408940994FAF7F6FF1C480425E5
:105740001A4908220123E0E8021480E834000473B7
:10575000447303610475C461046244628462C46278
:1057600080F830401248FBF743FC08B1FBF7BAF968
:105770000F4807A90794FBF7B7F908B1FBF7B2F98F
:105780000C48062140F2FF7203928DE8130008488E
:105790006946CDE904548DF81940FBF739FA002821
:1057A00001D0FBF79FF90BB030BD00000020024094
:1057B000F00400240000B84F30B587B01C216846C3
:1057C000FAF7B2FF184800241649042508220123DD
:1057D000E0E8021480E83400047344730361047544
:1057E000C461046244628462C46280F830400E483E
:1057F000FBF7FEFB08B1FBF775F90C48062140F2F8
:10580000FF7203928DE8130007486946CDE90454FE
:105810008DF81940FBF7FCF9002801D0FBF762F97D
:1058200007B030BD00210240540500240000844B25
:105830002DE9F04F87B014216846FAF775FF7048DC
:10584000016841F010010160016801F0100105914B
:10585000016841F004010160016801F00401059153
:10586000016841F080010160016801F0800105914B
:10587000016841F001010160016801F00101059139
:10588000016841F002010160016801F00201059127
:10589000016841F00801016000680022594E42F29F
:1058A000070100F0080005903046FCF7A9F9564FB3
:1058B000002201213846FCF7A3F9DFF850A10022AD
:1058C0004FF4A2415046FCF79BF9DFF844B10022A7
:1058D00060215846FCF794F94E4800221021FCF74D
:1058E0008FF94C4801224021FCF78AF900244FF03F
:1058F0000809694650460294CDE90094FCF76AF81D
:105900000125694668030090CDE9015430460394AF
:10591000FCF760F807206946CDE900050220CDE9D3
:1059200002403046FCF756F800956946CDE901542F
:1059300038460395FCF74EF840260096CDE9014520
:1059400069463846FCF746F84FF080086946CDE9CD
:10595000008438460294FCF73DF840F6040069469E
:105960008DE831002B48FCF735F84FF48850694634
:10597000CDE90005CDE902455046FCF72BF8032799
:105980006946A803CDE90005CDE902475046FCF77A
:1059900021F8CDE90094694658460294FCF71AF8BC
:1059A00020206946CDE90005CDE902475846FCF7BD
:1059B00011F800966946CDE9015458460395FCF765
:1059C00009F810206946CDE900051248CDE90245E5
:1059D000FCF700F80397694600960E48CDE901549C
:1059E000FBF7F8FF0B486946CDE900840294FBF70A
:1059F000F1FF1020FCF716F907B0BDE8F08F0000AA
:105A0000E0440258000802580000025800100258F2
:105A1000000C0258000402581C4800212DE9F041F6
:105A2000194C0122046080234164540383644AF6C4
:105A3000444341601604C0E9131281609704C0E931
:105A40000541C0E90713C162140201632025C26049
:105A50004023416380F83810C263022204640324A7
:105A6000C0E9176100F16C06C0E9197186E81600FB
:105A7000C0E91535FDF7C2FF002803D0BDE8F041AD
:105A8000FBF730B8BDE8F08104580140B8050024A8
:105A90001A4800212DE9F041174C802504600222AC
:105AA00042600123C0E91115140344618260D401EE
:105AB000C0E91313C161D703C1624FF4802C0163A5
:105AC00020264163402580F83810C0E90F3400F1EA
:105AD0006C04C0E917710323C0E919C184E80E0002
:105AE000C0E91556FDF78AFF002803D0BDE8F04154
:105AF000FAF7F8BFBDE8F081045C014050060024CD
:105B00002DE9F05F30484FF0E00A2E4900244FF0B5
:105B100001094FF040084FF4005B4B46016002263C
:105B2000C0E9114AC0F814B00325C0E91349C461A3
:105B30002021C46200F1580C0463CA024463CF0000
:105B4000C0E9015680F83840C0F854808CE816004F
:105B5000446645678466C0E90F37C0E91B46FDF718
:105B60004DFF08B1FAF7BEFF17484FF4803C154BC4
:105B7000494698302033C0E9114AC0E91349C4614D
:105B8000C0F814B0C0F80890C462C0E900350463DE
:105B90002023446380F83840C0E917C44466456751
:105BA0008466C0E90F17C0E91583C0E91B46FDF7FD
:105BB00025FF002803D0BDE8F05FFAF793BFBDE8EA
:105BC000F09F000004600140E80600242DE9F04148
:105BD00015484FF480060021124D34010722C0E918
:105BE0000321E300C0E90514C0E9073141625A000E
:105BF0008162771142635200C1628163C1630164B3
:105C000041648164C164C0E91412816580E8E000E8
:105C1000FEF7F0F9002803D0BDE8F041FAF762BFC3
:105C2000BDE8F08100300140180800242DE9F04162
:105C300015484FF480060021124D34010F22C0E9AF
:105C40000321E300C0E90514C0E9073141625A00AD
:105C50008162771142635200C1628163C163016452
:105C600041648164C164C0E91412816580E8E00088
:105C7000FEF7C0F9002803D0BDE8F041FAF732BFC3
:105C8000BDE8F08100380040A008002430B587B09E
:105C90001748002440F2E7334FF08041009463221C
:105CA00001948D150294039404940594069480E85D
:105CB00016008461C0E90335FEF772FC08B1FAF7FB
:105CC00011FF4FF48050009009486946FEF708FD27
:105CD00008B1FAF707FF064804A904940694FEF7F2
:105CE0000DFC002801D0FAF7FDFE07B030BD000022
:105CF0002809002430B58FB000241C21009407A887
:105D0000019402940394049405940694FAF70CFD0C
:105D10001E4840F2E7321C4DEF2369150161C0E9CE
:105D200002428461C0E90053FEF73AFC08B1FAF779
:105D3000D9FE4FF48050009014486946FEF7D0FC1D
:105D400008B1FAF7CFFE1148FEF75FFF08B1FAF786
:105D5000C9FE0E4804A904940694FEF7CFFB08B1CF
:105D6000FAF7C0FE6020CDE907040848042207A91D
:105D700009940B94FEF7B7FE08B1FAF7B3FE034897
:105D8000FEF788FE0FB030BD000400407409002407
:105D900030B58DB024216846FAF7C6FC17480024B8
:105DA0004FF6FF73144D099401210A9405220B94B8
:105DB000C0E90054C0E90243046144618461CDE953
:105DC0000014CDE902140492CDE90541CDE9074262
:105DD0006946FEF703FD08B1FAF784FE074809A9F2
:105DE00009940A940B94FEF789FB002801D0FAF776
:105DF00079FE0DB030BD000000040140C009002450
:105E00001848002110B5164C0C224FF4E133046001
:105E1000C0E90131C160C0E904128161C161016260
:105E200041628162FFF7E4F908B1FAF75BFE0D48C1
:105E30000021FEF7EFFF08B1FAF754FE09480021F0
:105E4000FEF7C2FF08B1FAF74DFE0648FEF79AFFCB
:105E5000002803D0BDE81040FAF744BE10BD000092
:105E6000005000400C0A00241848002110B5164CC0
:105E7000042247F612230460C0E90131C160C0E981
:105E800004128161C161016241628162FFF7B0F970
:105E900008B1FAF727FE0D480021FEF7BBFF08B155
:105EA000FAF720FE09480021FEF78EFF08B1FAF745
:105EB00019FE0648FEF766FF002803D0BDE8104033
:105EC000FAF710BE10BD000000100140A00A002427
:105ED000FEE7FEE770470000F0B5B1B0C0216846AC
:105EE000FAF722FC134A00230A24184690260627B4
:105EF0008DE8DC000221059104220691402540F244
:105F0000C3131924CDE90750CDE90B320D9180223E
:105F1000CDE909041190CDE90E101090CDE91612CB
:105F200029906846FCF7BEFA002801D072B6FEE759
:105F300031B0F0BD000308002DE9F047454D04469F
:105F400089464FF0000A2868C04380070AD0414EB6
:105F5000283E306820F080603060FBF75DFE074629
:105F6000B04608E00120BDE8F08700BFFBF754FE13
:105F7000C01B022867D8D8F800000001F6D42068BA
:105F800029684FF4FE0721F47C313E0241EA0030DB
:105F90002860207AA389B4F804C040022D4D2D4911
:105FA0005B1E227CACF1010C1035091DA0F50070C0
:105FB00080B2521ECCF3080C07EA034340EA0C00FF
:105FC000184306EA0262104328600868626920F0FC
:105FD000C000104308600A68A06922F02002024352
:105FE0000A60281D0A6822F010020A6002684FF653
:105FF000F873E4699A4342EAC40202600868B9F19E
:10600000000F40F010020A6011D00868B9F1010FCA
:1060100011D040F400100860D8F80000444640F069
:106020008060C8F80000FBF7F7FD05460DE0086842
:1060300040F40020EFE740F48010ECE7FBF7ECFDC4
:10604000401B022801D903208DE720680001F5D507
:10605000504688E7284402582DE9F047454D04464C
:1060600089464FF0000A2868C04380070AD0414E95
:10607000283E306820F080503060FBF7CDFD0746A9
:10608000B04608E00120BDE8F08700BFFBF7C4FD83
:10609000C01B022867D8D8F800008000F6D42088FA
:1060A00029684FF4FE0721F07C713E0241EA00505E
:1060B0002860207AA389B4F804C040022D4D2D49F0
:1060C0005B1E227CACF1010C1835091DA0F5007097
:1060D00080B2521ECCF3080C07EA034340EA0C00DE
:1060E000184306EA0262104328600868626920F4D7
:1060F0004060104308600A68A06922F400720243FD
:106100000A60281D0A6822F480720A6002684FF64D
:10611000F873E4699A4342EAC40202600868B9F17C
:10612000000F40F480720A6011D00868B9F1010FC5
:1061300011D040F080700860D8F80000444640F06C
:106140008050C8F80000FBF767FD05460DE00868C1
:1061500040F48000EFE740F40000ECE7FBF75CFD63
:10616000401B022801D903208DE720688000F5D567
:10617000504688E72844025870B59F48FDF794FBC5
:106180009E4A9F4802F1B003D2ED150A93ED000A32
:1061900020EE200AB7EEC00A03F03EFEB7EEC00BB9
:1061A000964C9748C034803084ED000A93ED010A84
:1061B000D2ED150A20EE200AB7EEC00A03F02CFE3D
:1061C000B7EEC00BA4F108038E4884ED010A93EDED
:1061D000000AD2ED160A20EE200AB7EEC00A03F03C
:1061E0001BFEB7EEC00B04F108058648803085ED34
:1061F000000A93ED010AD2ED160A20EE200AB7EE4E
:10620000C00A03F009FEB7EEC00BA4F1400085ED13
:10621000010AD4ED001AF5EEC01AF1EE10FA04D21C
:10622000F1EE610AC0ED040A03E0C0ED041AF0EEDD
:10623000610A92ED1D1AF4EEC10AF1EE10FA01DDC9
:10624000C2ED1D0AD4ED010AF5EEC00AF1EE10FA16
:1062500004D2B1EE601A80ED041A03E0C0ED040A26
:10626000B0EE601A92ED1D2AB4EEC21AF1EE10FAE9
:1062700001DD82ED1D1A95ED001AB5EEC01AF1EEA2
:1062800010FA04D2B1EE412A80ED042A03E080ED39
:10629000041AB0EE412AD2ED1E2AB4EEE22AF1EE43
:1062A00010FA01DD82ED1E2AB5EEC00AF1EE10FAF9
:1062B00004D2B1EE402A80ED042A03E080ED040A06
:1062C000B0EE402AD2ED1E2AB4EEE22AF1EE10FA28
:1062D00001DD82ED1E2A494B907FD03320B1C3ED02
:1062E000001AC3ED010A05E09FED472A83ED002A5D
:1062F00083ED012AD07F58B193ED002A32EE012AB6
:1063000083ED002A93ED012A32EE002A83ED012A63
:10631000D2ED193A92ED1A4A92ED1C3A61EEA31AA7
:1063200092ED172A60EEA33A21EE041AD3EC024A4A
:1063300020EE044AD2ED182A61EE821A64EE830A36
:1063400025EE030A23EE823A21EE221A24EE222AB7
:1063500085ED001A71EE811A73EE022A85ED012A8D
:10636000C4ED001AC4ED012A92ED1B2A92ED141A15
:1063700002EE220A42EE210A60EE011A20EE810AA4
:1063800083ED000AC3ED011AFAF790FB1B4D8C3523
:10639000288093ED010AFAF789FB688094ED000AE2
:1063A000FAF784FB2B1F188094ED010AFAF77EFBA5
:1063B0005880B3F90010002901DA494200E0198839
:1063C000A2F84010948F89B2A14200D99187002889
:1063D00001DA404200E080B2A2F84000D18F80B2E2
:1063E000884200D9D08702220449BDE870400248A3
:1063F0008C31FDF7B1BD0000B80500243000002449
:10640000F0020024F003002400000000054810B54D
:10641000FDF74AFABDE81040034902220148FDF7A2
:106420009BBD000050060024B8000024094810B5A8
:10643000FDF73AFA084902220648FDF743FD0748EE
:10644000FDF732FA04490222BDE810400348083142
:10645000FDF738BDE8060024E00000248007002492
:1064600070B5846B0025691E2068026822F4003232
:1064700002602068056120688161D4F894002028BA
:1064800007D0204600F00EF82068416841F008016E
:106490004160012084F891002046A4F87E50FDF769
:1064A00001FA70BD30B50E4A41F6583301681468E0
:1064B00000220D68B4FBF3F325F480340C609900DE
:1064C00031B103681B68491EDB03F9D4104630BDA7
:1064D000D0F89410032241F04001C0F89410F5E781
:1064E00024010024F0B532E0826C402A0CD0802ACE
:1064F00014D8836F1A46521C1B78541C826712787A
:10650000846743EA02221CE0026B002AF1D1826F09
:106510001278CA61816F491C816713E0826F531C36
:106520001478921C83671D78531C8267971C167819
:10653000836744EA05221B7842EA0642876742EAFB
:106540000362CA61B0F87E10491EA0F87E1001688F
:106550004A69C2F30242052A03D0B0F87E20002A1D
:10656000C2D1F0BD01294FF0010100D10921426CD7
:106570004068082A05D1032801D0012803D141F041
:106580001001032804D0022802D041F00400704713
:1065900041F06000704710B504460068A26FC06902
:1065A0001070010AA06F401CA0670170A06F401C12
:1065B000A067B4F87E00401E0004000CA4F87E0022
:1065C00010D101212046FFF7CDFF024620680121AE
:1065D0000369934303612068816184F89110204628
:1065E000FDF7B8FC10BD10B504460068A16FC06986
:1065F0000870020AA16F491CA1670A70020CA16F02
:10660000000E491CA1670A70A16F491CA1670870A0
:10661000A06F401CA067B4F87E00401E0004000C70
:10662000A4F87E0010D101212046FFF79BFF02460F
:10663000206801210369934303612068816184F824
:1066400091102046FDF786FC10BD10B50446006889
:10665000A16FC0690870A06F401CA067B4F87E00ED
:10666000401E0004000CA4F87E0010D10121204639
:10667000FFF778FF2168024601200B6993430B6105
:106680002168886184F891002046FDF763FC10BD05
:1066900010B50446B0F87E0088B1A16F0846401CD2
:1066A0000978421CA0670078A267226841EA0020AE
:1066B000D061B4F87E00401EA4F87E0010BD012118
:1066C0002046FFF74FFF01462068012302698A43F5
:1066D000026184F891302046FDF78AFC10BD70B548
:1066E0000446B0F87E00D0B1A06F421C0378801C35
:1066F000A267411C1278861CA0670578A16743EA4F
:1067000002200978A66740EA0540226840EA016055
:10671000D061B4F87E00401EA4F87E0070BD012157
:106720002046FFF71FFF01462068012302698A43C4
:10673000026184F891302046FDF75AFC70BD10B517
:106740000446B0F87E0060B1A06F21680078C8618F
:10675000A06F401CA067B4F87E00401EA4F87E0025
:1067600010BD01212046FFF7FDFE014620680123F0
:1067700002698A43026184F891302046FDF738FCB3
:1067800010BD10B5026840F26F335169946944F04E
:10679000080494610268946944F0100494610268EA
:1067A000146824F001041460026814699C431461A5
:1067B0000268936823F44043936090F88120042A90
:1067C0000CD08A060AD5D0F8842042F08002C0F8A6
:1067D00084200268936943F02003936190F881203C
:1067E000032A0CD04A060AD5D0F8842042F00402CD
:1067F000C0F884200268936943F0400393618A05DE
:106800000AD5D0F8842042F00102C0F88420026842
:10681000936943F400739361C9050AD5D0F88410D5
:1068200041F00801C0F8841001688A6942F480725E
:106830008A610021A0F86210A0F86A1010BD000063
:106840002DE9F0411C4616460D460746DDF8188036
:106850000AE000BFFBF7E0F9A0EB0800A04202D37A
:10686000601C01D00BE054B13868406935EA000083
:1068700007D00020B042EDD00020BDE8F081032019
:10688000FBE70120F6E77047FBF7E0B970B59CB075
:106890004C216846F9F748FF202113A8F9F744FF77
:1068A0000220FBF777FA2F4900242F480A6822F0CC
:1068B00001020A600A68026842F44042026002680B
:1068C00002F440421B9202689204FCD5274A1368E6
:1068D00043F002031360126802F002021B92026886
:1068E00042F44042026002680A6842F001020A6013
:1068F000096801F001011B9101688904FCD502209F
:1069000009900DF1280C01210091C20301920A2384
:106910004FF4C0758CE8290005260FAB0421CDE9A2
:106920000D0683E8130068461294FCF7A1FC08B139
:1069300072B6FEE740201A9008230501CDE9163013
:1069400013ABCDE918053F21032283E8160004218B
:1069500013A8FCF77DFA002801D072B6FEE71CB040
:1069600070BD00002C04005818480258F444025826
:106970002C48F0B52C4A016841F4700101601068A0
:1069800000F00F00072804D2106820F00F00C01D8F
:10699000106026490020254C10340B68244D43F02C
:1069A00001030B6020600B682B400B60136803F041
:1069B0000F03072B04D9136823F00F03DB1D1360AB
:1069C0001A4C1C4A18341C4B261D371D2060174CCE
:1069D0001A4D28343060261D3860371D23603B1D5A
:1069E00035601C1D3A60251D2E1D1860331D226068
:1069F0002860326018600A680C4B114C22F4802227
:106A000060330A60186020686FF30F00B0F1005F18
:106A100003D20C490120C1F8080143F2D2000A490F
:106A20000860F0BD88ED00E00020005200440258EC
:106A30007FEDF6EA80020101000202020000FF0180
:106A40000010005C00800051004000522DE9F84F1A
:106A5000022806467ED883498879B0427AD0012838
:106A600079D0022878D000243C20009004F1290934
:106A700004F10F014B4628228A46002000F0B8FCA2
:106A80002720009004F12808024604F1100743462D
:106A90000020394600F028FC3D2043463946024696
:106AA0000090002000F020FCBD1E4FF03B0B29227F
:106AB0002B4600202946CDF800B000F015FC2A3402
:106AC000CDF800B0234629221946002000F00CFC26
:106AD00000222846282100F053FC0022504627219E
:106AE00000F04EFC00224846272100F049FC00221D
:106AF0002046282100F044FC002220463C2100F0E2
:106B00003FFC002248463D2100F03AFC002250465E
:106B10003D2100F035FC002228463C2100F030FCED
:106B200000223846292100F02BFC00224046292172
:106B300000F026FC002240463B2100F021FC002210
:106B400038463B2100F01CFC012E7DD0022E7CD06B
:106B5000002402E07BE07CE07DE03C20009004F13A
:106B6000290A04F10F015346282289464FF4784040
:106B700000F03EFC2720009004F12808024604F1B2
:106B8000100743464FF47840394600F0ADFB3D20F6
:106B900043463946024600904FF4784000F0A4FB8B
:106BA000BD1ECDF800B029222B464FF4784029466F
:106BB00000F09AFB2A34CDF800B02346292219466A
:106BC0004FF4784000F090FB4FF4184B28462821F2
:106BD0005A4600F0D5FB272148465A4600F0D0FB24
:106BE000272150465A4600F0CBFB282120465A4622
:106BF00000F0C6FB3C2120465A4600F0C1FB3D2177
:106C000050465A4600F0BCFB3D2148465A4600F02B
:106C1000B7FB3C2128465A4600F0B2FB29213846F2
:106C20005A4600F0ADFB292140465A4600F0A8FB29
:106C30003B2140465A4600F0A3FB3B2138465A46CA
:106C400000F09EFB074801E007E008E08671BDE820
:106C5000F88F232408E7462406E7232479E746240F
:106C600077E7000030000024F8B5012808D00020A4
:106C7000009063231C224C210D2000F031FCF8BD54
:106C80000C4D00244C264FF4B877210904F00F0076
:106C900035F811108140090406D506EB14111F22A6
:106CA0000D30C9B200F06CFB641CA4B2BC42ECD342
:106CB000F8BD00009ECC00082DE9F84F1F2446F6D1
:106CC000DF5B2823224602215846009400F00CFB8B
:106CD0004FF020085846282342460121CDF8008075
:106CE00000F002FB2127584628233A46002100974E
:106CF00000F0FAFA2225584628232A460121009559
:106D000000F0F2FA23265846282332460221009644
:106D100000F0EAFA7D2358461F220094572100F024
:106D2000E3FA7E2358462022CDF80080572100F058
:106D3000DBFA7F23584621220097572100F0D4FA2E
:106D40007E23584622220095572100F0CDFA7D235C
:106D5000584623220096572100F0C6FA412558468E
:106D600025232A460221009500F0BEFA4224584607
:106D7000252322460121009400F0B6FA4326584606
:106D8000252332460021009600F0AEFA4FF0440869
:106D90005846252342460121CDF8008000F0A4FA90
:106DA0004527584625233A460221009700F09CFAD1
:106DB0007D235846412200955A2100F095FA7E2302
:106DC0005846422200945A2100F08EFA7F235846FA
:106DD000432200965A2100F087FA7E235846442227
:106DE000CDF800805A2100F07FFA7D2358464522D5
:106DF00000975A2100F078FA002442F645184FF423
:106E000078494FF6FF7701E0032C1CD004EB4400D7
:106E1000CDF8008000EB041505F10D068F238621C7
:106E2000E8B2F2B200F05CFB9623CDF8007093213B
:106E3000F2B2E8B200F054FB641CE4B2072CE3D3D6
:106E40000024464615E039264FF0460A8F234D466A
:106E5000862152463046CDF8009000F041FB962343
:106E60005246932130460095E4E70C2C7ED00D2C41
:106E7000FCD004EB84000096811CCAB29F239B21A6
:106E8000C0B200F02DFB4D46641CE4B21A2CECD3CA
:106E9000E74E00244FF01F0806EBD40104F0070072
:106EA00009788140090605D52C305A4608EBD401F3
:106EB00000F066FA641CE4B2282CEDD3DFF874937A
:106EC000002428264FF0050809EBD40004F0070140
:106ED0000078884000060FD5E1082046B1FBF8F3A2
:106EE000B4FBF6F208FB131162F3DF005A463830A8
:106EF0001F31C0B200F044FA641CE4B2A02CE3D30A
:106F0000DFF830930024B2464FEA080609F114096D
:106F100009EBD40004F007010078884000060FD583
:106F2000E108B1FBF6F0B4FBFAF206FB10112046C3
:106F3000413162F3DF005A462930C0B200F020FA36
:106F4000641CE4B2F02CE3D3BA4E0024B8463236C7
:106F50005FF05F0706EBD40004F00701007888407B
:106F6000000607D507EBD400424600E054E15A3151
:106F700000F006FA641CE4B2A82CEBD3AD4E00245A
:106F800016F1470606EBD40004F0070100788840AC
:106F9000000605D57731424607EBD40000F0F0F942
:106FA000641CE4B2882CEDD3A24E002416F15806DE
:106FB00006EBD40004F0070100788840000605D5F0
:106FC0004D312A4607EBD40000F0DAF9641CE4B234
:106FD000D02CEDD31E23C246382419462C2240461D
:106FE000009400F081F91D2350462C22194600948C
:106FF00000F07AF91C2350462D221946009400F027
:1070000073F91B235046302519462E22009500F0B7
:107010006BF91A234FF031082F2219465046CDF84C
:10702000008000F061F930215246192000F0A8F9E3
:1070300031215246192000F0A3F94323504638224B
:1070400000943B2100F050F9372650464323324646
:107050003B21009600F048F9362000903E2302467E
:107060003B21504600F040F9352000903F23024676
:107070003C21504600F038F93427504640233A4628
:107080003D21009700F030F9332000904123024663
:107090003E21504600F028F932200090422302465B
:1070A0003F21504600F020F9432350463122CDF8CD
:1070B0000080402100F018F943235046302200950B
:1070C000412100F011F94FF02F085046432342466A
:1070D0004121CDF8008000F007F94FF02E0950460D
:1070E00043234A464121CDF8009000F0FDF83D23AE
:1070F00050462F22CDF800803B2100F0F5F83D23CB
:1071000050462E22CDF800903B2100F0EDF82D20C6
:107110000090422302463C21504600F0E5F82C2026
:107120000090412302463D21504600F0DDF85C23EB
:1071300050462C221946009400F0D6F85D235046A4
:107140002C221946009400F0CFF85E2350462C22E2
:107150001946009400F0C8F8662350462C221946C0
:10716000009400F0C1F8672350462C221946009481
:1071700000F0BAF8682350462C221946009400F01B
:10718000B3F85F2350462C221946009500F0ACF866
:10719000652350462C221946009500F0A5F860237F
:1071A00050462E221946009700F09EF86423504660
:1071B0002E221946009700F097F86123504631229D
:1071C0001946009600F090F8632350463122194684
:1071D000009600F089F86223504635221946009443
:1071E00000F082F8154814A1F9F762F9504600F052
:1071F0002FFA134800F016FA104A4D21262000F00D
:107200002DFA0E480FA1F9F753F9BDE8F84F6A219E
:107210000A4A262000F022BA04EB84000095811C63
:10722000CAB29F239B21C0B200F05AF92CE600009D
:107230001CBA00082CCC0008313233008002002434
:1072400024000024343930002DE9F74F2548203A36
:1072500041688C88CF88E01D09688246C30820F009
:10726000070013FB02F2001B002607FB021B00F0C5
:10727000FF0932E04FEADA01012901FB06B009D02B
:10728000022909D0017842788378080440EA022074
:10729000184303E0007801E0008840BA00258046EA
:1072A00014E0621B02EB09010120491E884010EA2C
:1072B000080F009800EB05010A4801D0028800E0A1
:1072C0004288C8B2019900F05BF86D1CA542E8D372
:1072D0000198401C761CC0B20190BE42CAD3BDE8E2
:1072E000FE8F00001C0000242DE9FF5F14460E46AF
:1072F000A3EB06011D460E98021B00D55242002941
:1073000000DA49428A4207DD31464FF0010826463D
:107310000C460546184601E04FF00008AE4205D97C
:1073200031462E460D46214604460846011BA5EB74
:10733000060900D549428B4609EBD9714F108442AA
:1073400001D2012001E04FF0FF30824614E000BF7F
:10735000009AB8F1000F02D03146204601E02146E4
:10736000304600F00DF8B7EB0B0703D504EB0A012C
:107370004F44CCB2761CF6B2AE42E9D9BDE8FF9FCD
:107380002DE9F8431446894680462A2000F022F968
:10739000154E0027009720258DF8018035600A23BF
:1073A000124802226946FCF76BFF2B2000F012F90D
:1073B00000978DF8019035600A230C480222694637
:1073C000FCF75EFF2C2000F005F9200A8DF8000084
:1073D0008DF8014035600A23044802226946FCF713
:1073E0004FFFBDE8F8830000180C0258180800246D
:1073F0002DE9F8431E4615460F468046089C00922C
:10740000FFF772FF33462A46194640460094FFF7BD
:107410006BFF3B462A46194640460094FFF764FF3F
:1074200033462246394640460094FFF75DFFBDE8EB
:10743000F8830000082810B52CD2E8B101281DD02F
:1074400002281DD003281DD004281DD005281DD0DA
:1074500006281DD010A11248F9F72AF84FF6FF7040
:1074600000F0F6F80F4800F0DDF801210C4ABDE805
:107470001040002000F0F2B80BA1ECE70CA1EAE705
:107480000DA1E8E70EA1E6E70FA1E4E710A1E2E70E
:1074900011A1E0E710BD000056494E594C202000D4
:1074A000800200242400002444454C41592020003F
:1074B0004543484F20202000524556455242200067
:1074C0005452414E53202000464C414E47455200F5
:1074D000534C50524F4C4C00524F4C4C20202000EB
:1074E0002DE9FC471C4615460E460746DDF8288068
:1074F0002A2000F06FF84FF00009CDF804908DF8C5
:107500000570042101A88DF8075000F0C7F82B2062
:1075100000F060F8CDF8049004218DF8056001A812
:107520008DF8074000F0BAF82C2000F053F8E91B62
:10753000A21B0D4E2024491C521C4FEA18238DF823
:10754000003011FB02F58DF801803460002406E064
:1075500006480A2302226946FCF792FE641CAC42EC
:10756000F6D3BDE8FC870000180C02581808002468
:1075700008B50090054841780078491E401ECBB2FE
:107580000021C2B20846FFF7ABFF08BD000000248F
:107590000F4A0821F0B5A2F10803D1800524948098
:1075A000A2F110004FF00B0C0C25DD8007269E8009
:1075B00000F118014FF0000E1027C780A0F804C09A
:1075C0004FF4FC62A1F802E00A804860F0BD0000C0
:1075D00014000024064901B54FF400100860012290
:1075E00004484FF4FA736946FCF74AFE08BD0000F0
:1075F000180C025818080024054901B5202008601D
:10760000012204484FF4FA736946FCF739FE08BDBD
:10761000180C0258180800240149488070470000DF
:107620001C00002401494860704700001C00002431
:10763000362010B5FFF7CEFFC020FFF7DDFF03486F
:107640008022A0210270417010BD000000000024C3
:1076500001490880704700001C0000242DE9F0411A
:107660000D4E15460F4604460CE070683946C0883A
:10767000072820460BD0FFF7E7FD7068007920440B
:10768000C4B26D1C2A78002AEFD1BDE8F08102F067
:1076900035F81334E4B2F4E71C0000242DE9F0417E
:1076A0000C460D4906464FF0FF382020870208603F
:1076B0000DE0BC4201D9384600E02046434685B281
:1076C00006482A463146FCF7DBFD641B2E44002C9D
:1076D000EFD1BDE8F0810000180C02581808002412
:1076E0002DE9F34F604985B04FF48000086000F049
:1076F000BFF80120FFF76EFF4FF47A70FAF758F9E0
:1077000008248DF800403620FFF764FF0121684609
:10771000FFF7C4FF05208DF800003A20FFF75AFF5D
:1077200001216846FFF7BAFF00258DF80050B1200F
:107730004FF010088DF80180FFF74CFF02216846DA
:10774000FFF7ACFF8DF8004082208DF80100272163
:10775000B6208DF80210FFF73DFF03216846FFF7C2
:107760009DFF01208DF800002620FFF733FF012147
:107770006846FFF793FF4FF00E098DF804900F262F
:107780008DF8006037218DF8081031278DF80170D1
:107790002B228DF802200C204FF0070B8DF80300F0
:1077A0004E208DF8054009218DF809B0F1228DF8A1
:1077B0000C904FF0030A8DF80600E0208DF80A8047
:1077C0008DF80D108DF807208DF80BA08DF80E5058
:1077D000FFF700FF0F216846FFF760FF8DF80050AC
:1077E00011204FF048088DF801908DF80400142501
:1077F0008DF8088036218DF802500C238DF805B0E5
:10780000C1258DF80940E1208DF80C708DF80670C7
:107810008DF80A608DF80D108DF803A08DF80750D3
:107820008DF80B308DF80E60FFF7D4FE0F216846FF
:10783000FFF734FF1120FFF7CDFE7820FAF7B8F8F4
:1078400029208DF80080FFF7C5FE01216846FFF76B
:1078500025FF0648DDE9051201704270FFF798FE2A
:1078600007B0BDE8F08F00001804025800000024A3
:1078700010B5054C4FF4801020603220FAF798F8CC
:107880001020206010BD0000180402582DE9F05FA0
:10789000F84A0125F84E0024114692F8200091F88C
:1078A00024100F286FD2DFF8D49302F194084FF020
:1078B000FF0B00B3012817467BD0DFF8C4A30228D2
:1078C0006FD003286ED004286DD005283A466BD0BF
:1078D00006286AD0072869D0082868D0092867D008
:1078E0000A287CD00B287BD00C287AD00D2879D0A0
:1078F0000E2878D0BDE1E348F9F7E4FCE248F9F757
:10790000E1FCD9F810000007DA48817B15D5B9B938
:10791000017F08290DD0DD4A0A44082112F8012C04
:1079200088F806200177417941F040014171857363
:1079300006E088F806B00477F5E7012900D18473E2
:10794000D3480068000707D5CA4807210174C27BE5
:10795000072A01D00571C173CE4800680006C548EA
:10796000817E17D5C9B9C17F002998F807100BD0BF
:1079700001F0F30188F80710C477417941F08001E4
:107980004171857609E0F3E341F00C0188F80710B6
:10799000C577F2E7012900D184764FF4E021E6E3D0
:1079A00007E088E0C1E07FE1CEE1A2E3E1E3FDE3AF
:1079B000FDE3B94AB34802F1F00302EB41011A6852
:1079C00031F8101C511A1960F9F70EFBDFF8C88264
:1079D00097F8201097F82420A8F1100804E0E7E3B6
:1079E000E7E3E7E3E7E3E7E383B208EB011505EB41
:1079F000420008F58074203720F8103C04EB810029
:107A000050F804CC634440F8043C35F8120054F8B4
:107A10002120101A44F821009B48F9F7E5FA39783B
:107A200080B23A7904F1900908EB011323F81200AF
:107A300054F821201044021D44F82100D008F865B4
:107A400039F81120203F931D834202D3831D9A42AF
:107A50001BD902F10C054B46854206D300F10C05FB
:107A6000AA4202D8401C1044400823F8110080B2FA
:107A700002F0CBFC97F8202084490B3101EB800108
:107A8000B05491ED000A87ED140A97F8200004EB3A
:107A9000800309EB4002FDE3831D99427ED829E76C
:107AA00022F8020C80B202F08BFC97F820103144CF
:107AB00001F8010C1EE77348F9F704FC7248F9F766
:107AC00001FCD9F81000F9790007384614D5B1B98E
:107AD000017F01290CD06D4A114411F8011C88F86E
:107AE00006100577417941F040014171FD7106E0D2
:107AF00088F806B00477F5E7012900D1FC71DAF8BF
:107B00001000000605D5BC743846797C09B1C570F3
:107B10007C745F480068000705D53C743846F97BE3
:107B200009B10571FC735D4921E35B4A5548203278
:107B300002F1D00302EB41019A6831F8101C511A8E
:107B40009960F9F751FA97F8201083B2DFF848816D
:107B500097F824202037A8F1100808EB011505EB51
:107B6000420008F5807420F8103C04EB810050F8C6
:107B700004CC634440F8043C35F8120054F821204A
:107B8000101A44F821004048F9F72EFA397880B2EB
:107B90003A7904F1900908EB011300E0F2E323F8CD
:107BA000120054F821201044021D44F82100D0088E
:107BB000F86539F81120203F931D834202D3831DBD
:107BC0009A4221D902F10C054B46854206D300F1B9
:107BD0000C05AA4202D8401C1044400823F81100AA
:107BE00080B202F0EDFB97F820202D49B05401EB54
:107BF000800090ED000A2048B7EEC00A803080ED8A
:107C00001E0B803080ED1E0B97F8200004EB8003E4
:107C100009EB400253F8040C001DC008F86732F865
:107C2000021C8B1D834202D3831D994221D901F18D
:107C30000C03834206D300F10C03994202D8401C86
:107C40000844400822F8020C80B202F0B9FB97F811
:107C500020201349324401EB800102F8010C91ED20
:107C6000000A1048B7EEC00A80ED1E0B803080ED90
:107C70001E0BDBE1300000247002002400100258CB
:107C800000000258F00400245405002421BA000822
:107C9000100C025810040258400100240400030094
:107CA0002CBE0008F0030024FE48F9F70BFBFE4849
:107CB000F9F708FBD9F81000397A0007384615D5CE
:107CC000B9B9017F02290DD0F84A0A44022112F8FD
:107CD000012C88F806200177417941F0400141717B
:107CE0003D7206E088F806B00477F5E7012900D177
:107CF0003C72DAF81000000607D5BD743846FD70F6
:107D0000797C012901D0C5707D74E94800680007BD
:107D100006D53D743846F97B012901D00571FD7304
:107D2000E4480068B97D0006384608D551B990F896
:107D3000291011B1491E80F82910BD7502E00129F2
:107D400000D1BC75DC4912E2DC4B9246D54803F108
:107D5000B00703EB41013A6931F8101C511A39613F
:107D6000F9F742F99AF82010A7F580739AF82420C1
:107D700080B203EB011303EB420727F8100CCF4F3F
:107D8000B03707EB810757F804CC604447F8040C80
:107D9000CA4833F81220B03050F82100821AC74880
:107DA000B03040F82120C048F9F71EF99AF82010A9
:107DB00080B2C24B9AF82420503B03EB011323F806
:107DC0001200BE4AB03252F821201044BB4A031DB3
:107DD000B03242F821009032D808CAF87C0032F85C
:107DE0001120931D834202D3831D9A4214D9B44BB0
:107DF00002F10C07874206D300F10C07BA4202D801
:107E0000401C10444008524623F8110080B202F092
:107E1000D7FA92F820107054A94A9AF82000A2F1DB
:107E2000900303EB800702EB400357F8040C001D9E
:107E3000C008CAF87C0033F8021C8A1D824202D3B3
:107E4000821D914215D901F10C075246874206D393
:107E500000F10C07B94202D8401C0844400823F83E
:107E6000020C80B202F0ACFA92F82010314401F812
:107E7000010C56469AF8210012283CD288BB96F88D
:107E8000221051B186F8224096F8231041B186F8AD
:107E90002340717F012906D014E086F8225020E0AB
:107EA00086F82350F5E796F82310002998F8071074
:107EB0001BD001F0EF0100BF88F80710717941F085
:107EC00080017171317F61B196F8232082B1774AC8
:107ED000114411F8011C88F80610717941F0400135
:107EE0007171401C86F821001DE041F01001E3E7AC
:107EF00088F806B0F1E7707898B1C10707D04FF065
:107F000080714A46C9F81810012803D007E04FF4E1
:107F10008071F6E735704FF48051B5709161401E65
:107F2000707086F8214096F82100C0077ED196ED4A
:107F30001D0ABCEEC00A10EE100A80B2FDF70BFB62
:107F40009FED600A86F8330086ED1D0A96F82A1028
:107F5000884202D386F82A0006E096F83400032807
:107F600004D9491E86F82A1086F8344096F82A105B
:107F700096F82E00814203D296F83800972803D94C
:107F800086F82E1086F83840002096F82E202836E5
:107F9000FDF7FEF9D6ED140AFCEEE00A10EE900AA9
:107FA00080B2FDF7D8FAF07286ED140AF178283E17
:107FB000884202D386F82B0006E096F835000328A5
:107FC00004D9491E86F82B1086F8354096F82B10F8
:107FD00096F82F00814203D296F83900972803D9EA
:107FE00086F82F1086F83940012096F82F202C367D
:107FF000FDF7CEF9308AFDF7AEFAF071348216F84B
:108000002C19884202D386F82C0006E096F8360038
:10801000032804D9491E86F82C1086F8364096F8B5
:108020002C1096F83000814205D200E08BE196F8E2
:108030003A00972803D986F8301086F83A40022093
:1080400096F83020FDF7A4F9F08FFDF784FA86F852
:108050003300F48796F82D10884202D386F82D005D
:1080600006E096F83700032804D9491E86F82D103B
:1080700086F8374096F82D1096F83100814203D2E9
:1080800096F83B00972803D986F8311086F83B40D4
:10809000032016F8312FFDF77BF9F078401CF070C3
:1080A000307911E0F00400245405002421BA0008BE
:1080B000100C025810040258020005008001002430
:1080C000C002002400000000401C30717079401C88
:1080D0007071B079401CB071F079401CF071307A49
:1080E000401C3072707A401C7072B07A401CB072C2
:1080F00029E1FE48F9F7E6F8FD48F9F7E3F8D9F881
:108100001000797A0007384615D5B9B9017F0329DF
:108110000DD0F84A0A44032112F8012C88F80620F1
:108120000177417941F0400141717D7206E088F8A4
:1081300006B00477F5E7012900D17C72DAF8100067
:10814000000607D50221B9747A7C3846022A01D08C
:10815000C5707974E8480068000707D502213974B2
:10816000FA7B3846022A01D00571F973E34922E30C
:10817000D9E3E34BDD4803F1900703EB4101BA6912
:1081800031F8101C511AB961F8F72EFFDD49A7F537
:108190008077DC4A80B207F5807B91F8201092F856
:1081A000242007EB011303EB420C06E0CCE01DE1B9
:1081B000C5E102E2A2E201E398E32CF8100C0BEB1C
:1081C000810C5CF8048C40444CF8040C33F8122009
:1081D0005BF82100821AC6484BF82120F8F704FF0B
:1081E000C84980B2C74A07F5C87891F8201092F8BC
:1081F000242007EB011323F812005BF82120104420
:10820000C04A031D4BF82100D808D06738F8113058
:108210009A1D824202D3821D934223D9DFF8E4C221
:1082200003F10C078742424606D300F10C07BB421C
:1082300002D8401C18444008634622F8110080B25E
:1082400002F0BEF893F82020AF49B05401EB800053
:1082500090ED000AAD48B7EEC00A80ED1A0B8030F1
:1082600080ED1A0BA74A92F820000BEB800708EB71
:10827000400357F8040C001DC008D06733F8021CF7
:108280008F1D874202D3871DB94223D901F10C0704
:10829000874200E01EE106D300F10C07B94202D884
:1082A000401C0844400823F8020C80B202F088F811
:1082B00092F820309449334401EB800103F8010C1B
:1082C00091ED000A9248B7EEC00A80ED1A0B80309B
:1082D00080ED1A0B8F4801684907D17E19D421BB64
:1082E000117811B1012903D011E0182050700EE06F
:1082F0000068000509D44FF080531470C9F8183095
:108300001915C9F81810957001E0CAF81850D576FB
:108310000BE0012909D11178012905D10068000578
:1083200002D50904CAF81810D476107801280AD1A9
:10833000DAF81000400602D44FF4807001E04FF0EC
:108340008070C9F818003CE36848F8F7BBFF68483C
:10835000F8F7B8FFD9F81000B97A0007384616D5F3
:10836000C1B9017F04290ED0624A0A44042112F8DF
:10837000012C88F806200177417941F040014171D4
:10838000BD7207E0B1E088F806B00477F4E7012990
:1083900000D1BC72DAF81000F97C000602D521B9D0
:1083A000FD7402E0012900D1FC7453480068000705
:1083B00007D503213974FA7B3846032A01D00571A9
:1083C000F97354480068F97D0006384609D559B953
:1083D00090F829100F2902D2491C80F82910FD7548
:1083E00002E0012900D1FC754B49E4E1444A3F48D1
:1083F000203202F1700302EB41011A6A31F8101CBD
:10840000511A1962F8F7F0FD97F8201083B2DFF8DF
:10841000F08097F824202037A8F1700808EB0115A8
:1084200005EB420008F5807420F8103C04EB810055
:1084300050F804CC634440F8043C35F8120054F87A
:108440002120101A44F821002948F8F7CDFD397889
:1084500080B23A7904F1900908EB011323F8120075
:1084600054F821201044021D44F82100D008F8657A
:1084700039F81120203F931D834202D3831D9A4275
:1084800022D902F10C054B46854206D300F10C05BA
:10849000AA4202D8401C1044400823F8110080B2C0
:1084A00001F08EFF97F82020C0F1FF031B4901EB7C
:1084B0008303B05493ED000A01EB800087ED1B0AA3
:1084C00090ED000A87ED1C0A97F8201004EB810359
:1084D00009EB410253F8040C001DC008F86732F89C
:1084E000021C8B1D8342BFF4D7AA19E0F0040024BC
:1084F0005405002421BA0008100C0258060001009F
:10850000A0010024300000242CBE0008F00200244A
:10851000F003002410040258010006002CC80008D3
:1085200001F10C038342FFF4BBAA00F10C03994252
:108530003FF6B6AA401C08444008FFF7B1BAFA4813
:10854000F8F7C0FEF948F8F7BDFED9F81000F97A3F
:108550000007384615D5B9B9017F05290DD0F44A71
:108560000A44052112F8012C88F806200177417988
:1085700041F040014171FD7206E088F806B00477D1
:10858000F5E7012900D1FC72DAF81000397D000608
:1085900002D541F0010101E001F0FE01E548397525
:1085A0000068000707D504213974FA7B3846042A8D
:1085B00001D00571F973E049FDE0E04ADA4802F1C3
:1085C000500302EB41019A6A31F8101C511A99626A
:1085D000F8F70AFD97F8201083B2DFF8608397F868
:1085E00024202037A8F1B00808EB011505EB420064
:1085F00008F5807420F8103C04EB810050F804CC9E
:10860000634440F8043C35F8120054F82120101A55
:1086100044F82100C548F8F7E7FC397880B23A7988
:1086200004F1900908EB011323F8120054F82120FB
:108630001044021D44F82100D008F86539F81120D3
:10864000203F931D834202D3831D9A4220D902F119
:108650000C054B46854206D300F10C05AA4202D810
:10866000401C1044400823F8110080B201F0A8FE1D
:1086700097F82020B249B05401EB800090ED000A39
:10868000B048B7EEC00A80ED1C0B803080ED1C0BAB
:1086900097F8201004EB810309EB410253F8040C16
:1086A000001DC008F86732F8021C8B1D834202D3FC
:1086B000831D994221D901F10C03834206D300F1B5
:1086C0000C03994202D8401C0844400822F8020CCE
:1086D00080B201F075FE97F820209949324401EBF1
:1086E000800102F8010C91ED000A9748B7EEC00A2C
:1086F00080ED1C0B803080ED1C0B62E18A48F8F79E
:10870000E1FD8A48F8F7DEFDD9F81000397B000753
:10871000384615D5B9B9017F06290DD0844A0A44D7
:10872000062112F8012C88F806200177417941F0E2
:10873000400141713D7306E088F806B00477F5E723
:10874000012900D13C73DAF81000397D000602D50A
:1087500041F0020101E001F0FD0176483975006841
:10876000000707D505213974FA7B3846052A01D060
:108770000571F97375480068397E0006384616D5CC
:10878000C1B9417F002998F807100AD041F01001C3
:1087900088F807104477417941F0800141713D76B6
:1087A00008E001F0EF0188F807104577F3E70129A9
:1087B00000D13C7666496748016002E15F4A5A4849
:1087C000203202F1300302EB41011A6B31F8101C28
:1087D000511A1963F8F708FC97F8201083B2DFF8F4
:1087E0005C8197F824202037A8F1B00808EB011528
:1087F00005EB420008F5807420F8103C04EB810082
:1088000050F804CC634440F8043C35F8120054F8A6
:108810002120101A44F821004448F8F7E5FB397884
:1088200080B23A7904F1900908EB011323F81200A1
:1088300054F821201044021D44F82100D008F865A6
:1088400039F81120203F931D834202D3831D9A42A1
:108850001BD902F10C054B46854206D300F10C05ED
:10886000AA4202D8401C1044400823F8110080B2EC
:1088700001F0CBFD97F820202D490B3101EB800151
:10888000B05491ED000A87ED190A97F8201004EB17
:10889000810309EB410253F8040C001DC008F8677E
:1088A00032F8021C8B1D834202D3831D99421CD9CE
:1088B00001F10C03834206D300F10C03994202D864
:1088C000401C0844400822F8020C80B201F09DFDD3
:1088D00097F82020164932440B3101EB800102F851
:1088E000010C91ED000A87ED1A0A6AE00E48F8F7CC
:1088F000E9FC0E48F8F7E6FCD9F810000007787B91
:108900002FD548BB387F072827D0094901440720C5
:1089100011F8011C88F806103877787940F040008B
:1089200078717D7320E053E0F004002454050024A6
:1089300021BA0008100C025805000200E0010024D2
:108940002CBE0008F0020024F0030024100402589A
:10895000030004001808025806E088F806B03C77C7
:10896000DBE7012800D17C7374480068000706D556
:1089700006203874F97B062901D03D71F8737048E0
:1089800000680006787E16D5C0B9B87F002898F830
:1089900007000AD000F0FC0088F80700BC7778795F
:1089A00040F0800078717D7608E040F0030088F8A0
:1089B0000700BD77F3E7012800D17C7607206149E5
:1089C0000860614890F82010491C80F82010B0E041
:1089D000DFF878B191460BEB00120BF5807702EBD4
:1089E000410107EB800031F8101C50F8042C511A9B
:1089F00040F8041C5648F8F7F7FA99F8201080B2AE
:108A000099F824800BEB011202EB480C07EB810371
:108A10002CF8100C53F804CC604443F8040C32F8E2
:108A2000180057F82120101A47F821004948F8F794
:108A3000DBFA99F8201080B299F8242007F1900A07
:108A40000BEB011323F8120057F821201044021DEC
:108A500047F82100D008C9F87C003AF811309A1D77
:108A6000824202D3821D93421BD903F10C08D446E3
:108A700080454A4606D300F10C08434502D8401C05
:108A8000184440082CF8110080B201F0BEFC92F8A6
:108A90002010314B03EB8003705493ED000A82EDFC
:108AA000150A99F820004A4607EB80070AEB4003B5
:108AB00057F8040C001DC008C9F87C0033F8021CEC
:108AC0008F1D874202D3871DB9421BD901F10C07C4
:108AD000874206D300F10C07B94202D8401C084473
:108AE000400823F8020C80B201F08FFC92F82010AD
:108AF000194B314403EB800301F8010C93ED000A9C
:108B000082ED160A107D60B101280CD0022050754C
:108B1000147592F82400072807D2401C82F824001C
:108B200005E05475F4E75575F2E782F8244082F8C1
:108B30002040BDE8F05F0948FBF7EBBE100C02587F
:108B40001004025818080258300000243001002494
:108B5000F0040024540500242CC400082809002433
:108B60000148FBF7D6BE0000C00900242DE9F047FC
:108B7000274B4FF0804A274D02689842264E274FD8
:108B8000274C09D0504507D0A84205D0B04203D0A9
:108B9000B84201D0A04205D1D1F804C022F0700241
:108BA0004CEA0202DFF87CC0DFF87C809842DFF8F4
:108BB0007C900FD050450DD0A8420BD0B04209D0C8
:108BC000B84207D0A04205D0604503D0404501D04F
:108BD000484503D1CD6822F440722A434D6922F002
:108BE00080022A43026098428A68C2620A688262EE
:108BF00007D0A04205D0604503D0404501D048458C
:108C000001D10969016301214161BDE8F0870000DC
:108C1000000001400004004000080040000C00403B
:108C20000004014000400140004401400048014070
:108C300010B5046A012301F01F018B409C430462BC
:108C40008A40016A1143016210BD42EA032283682F
:108C50000A4323F47F410A4382607047034B8268D2
:108C60001A400A4342F00701816070478FFFCFFF2F
:108C70002DE9F04F026ADFF88880DFF8889022F053
:108C80000102DFF884A0DFF884B0214F0262DFF830
:108C900084C0066A4268836926F002060D68B842FD
:108CA0008C6803EA0C0323F0030344EA060445EA54
:108CB000030507D0404505D0484503D0504501D0B5
:108CC000584505D1CB6824F00804234323F004045D
:108CD000B84207D0404505D0484503D0504501D0A3
:108CE000584505D122F44076D1E9053233431A4381
:108CF00042608561496841630462BDE8F08F00000D
:108D0000000401400040014000440140004801408F
:108D1000000001408FFFFEFFF0B5026A1E4E1F4C9F
:108D200022F01002DFF878E00262056A4368826987
:108D300025F02005D1F808C0A0420F6802EA06021B
:108D400022F4407245EA0C1542EA072201D0704530
:108D500006D1CE6825F0800545EA061525F04005C8
:108D6000A0420AD0704508D00E4CA04205D00E4C4F
:108D7000A04202D00D4CA04207D1D1E9054623F410
:108D8000406343EA840343EA86034360826149689F
:108D900081630562F0BD0000FF8FFFFE000001400F
:108DA00000040140004001400044014000480140EF
:108DB000F0B5026A1E4F1F4E22F48072DFF878E091
:108DC0000262056A4368C26925F40075D1F808C0DB
:108DD000B0420C6802EA070222F0030245EA0C25C1
:108DE00044EA020401D0704506D1CF6825F4006240
:108DF00042EA072222F48065B0420AD0704508D0CA
:108E00000E4A904205D00E4A904202D00D4A90423E
:108E100007D123F44052D1E9053642EA031242EA6F
:108E200006134360C4614968C1630562F0BD000078
:108E30008FFFFEFF000001400004014000400140A0
:108E40000044014000480140F0B5026A174B164F3C
:108E500022F4805298420262046A4268C36924F490
:108E600000548E680D6803EA070323F4407344EA54
:108E7000063443EA05230BD00D4DA84208D00D4D12
:108E8000A84205D00C4DA84202D00C4DA84204D1F6
:108E90004D6922F4804242EA85124260C36149680A
:108EA00001640462F0BD0000FF8FFFFE000001407E
:108EB00000040140004001400044014000480140DE
:108EC000F0B5026ADFF854C022F480320262056A0B
:108ED0004268446D25F400350E896045104F0B68DB
:108EE00004EA070445EA064543EA04030BD00D4CA7
:108EF000A04208D00C4CA04205D00C4CA04202D09D
:108F00000B4CA04204D14C6922F4803242EA042284
:108F100042604365496881650562F0BD000001401B
:108F20008FFFFEFF0004014000400140004401406B
:108F300000480140F0B5026ADFF854C022F4801204
:108F40000262046A4268436D24F400140E8960458D
:108F5000104F0D6803EA070344EA065443EA052369
:108F60000BD00D4DA84208D00C4DA84205D00C4D99
:108F7000A84202D00B4DA84204D14D6922F48022B0
:108F800042EA8522426043654968C1650462F0BDDA
:108F900000000140FF8FFFFE00040140004001403F
:108FA000004401400048014010B5036A046A23F000
:108FB0000A0324F00104046284690B4324F0F001E5
:108FC00041EA02118161036210BD10B5036A23F00A
:108FD000100303628369046A23F4704324F0A0043D
:108FE00043EA0232826144EA0111016210BD0000CD
:108FF000154810B5C169890620D5144C406A84F81B
:109000003200F8F709FE04F180010860E16C411AB2
:10901000142902D9002184F82610E06494F826006F
:10902000102808D20A4A012894F83210115402D1AB
:10903000012184F82710401C84F82600BDE8104068
:109040000448FBF711BF000000500040300000242E
:10905000E00200240C0A002430B5416EB9B1016869
:109060000D4B03F108048A688968C2F34262490F14
:109070005D5C615C2D01B5FBF1F1A0F86A10995CB3
:10908000A25C0901B1FBF2F1A0F8681030BD01212A
:10909000A0F86A10F8E70000E4CC000890F8281067
:1090A000C90706D00168C36A4A6822F400321A432D
:1090B0004A6090F82810890706D50168036B4A6852
:1090C00022F480321A434A6090F82810490706D5E6
:1090D0000168436B4A6822F480221A434A6090F880
:1090E0002810090706D50168836B4A6822F40042FC
:1090F0001A434A6090F82810C90606D50168C36B68
:109100008A6822F480521A438A6090F828108906EF
:1091100006D50168036C8A6822F400521A438A60FB
:1091200090F82810490611D50168436C4A6822F46A
:1091300080121A434A60416CB1F5801F06D1016864
:10914000836C4A6822F4C0021A434A6090F82810DF
:10915000090606D50168C26C486820F40020104357
:10916000486070472DE9F84300250446C0F8905048
:10917000F8F752FD8046206820266FF07E47006891
:10918000000713D50022434631042046009700F023
:1091900049FA58B1216851E8000F20F0800041E8F9
:1091A0000002002AF6D1C4F8886021E02068006837
:1091B000400722D5002243464FF480012046009705
:1091C00000F030FAC8B1206850E8001F21F4907117
:1091D00040E80012002AF6D12068083050E8001F4D
:1091E00021F0010140E80012002AF5D1C4F88C609A
:1091F000032084F88450BDE8F883C4F88860C4F87C
:109200008C60E5662567002084F88450F3E710B58C
:10921000806B0021A0F85E10A0F85610FBF722FE2C
:1092200010BD000010B5026852E8001F21F49071D3
:1092300042E80013002BF6D10E4B0268083252E8C8
:10924000001F194042E80014002CF6D1C16E01291C
:1092500008D1026852E8001F21F0100142E8001313
:10926000002BF6D100212022C0F88C20C166416776
:1092700010BD0000FEFFFFEF2DE9F04304468068BB
:10928000D84E87B0D84B2168D4E90427D4F81CC045
:1092900010430A68002547EA0C073843324002436E
:1092A0000A602068E268416821F44051114341603E
:1092B0002268A1699A4201D0206A01439768DFF8C9
:1092C0002CC3CB4ECB4807EA0C070F4397602168AD
:1092D000676ACA6A22F00F023A43CA622268B2423F
:1092E0000ED1006800F03800182873D047DCB8B3FE
:1092F000082879D010286FD178E028287ED17BE02B
:10930000BD498A4209D1006800F00700062875D2DD
:10931000DFE800F0546A6C6E7072B8498A4209D175
:10932000006800F00700062868D2DFE800F0475D1B
:109330005F616365B2498A4209D1006800F00700A5
:1093400006285BD2DFE800F03A5052545658AD4937
:109350008A420BD1006800F0070006284ED200E0D8
:1093600010E0DFE800F02B4143454749A6498A4217
:109370000AD1006800F03800182839D0B7DD20285D
:10938000BBD13CE001203AE0A0498A4209D1006803
:1093900000F00700062831D2DFE800F01026282A66
:1093A0002C2E9B498A420BD1006800F0070006284A
:1093B00024D2DFE800F003191B1D1F2100201EE04E
:1093C0009A421BD18B48001D006800F00700062858
:1093D00014D202E00CE007E010E0DFE800F0030543
:1093E00007090B0D02200AE0042008E0082006E02F
:1093F000102004E0202002E0402000E08020854989
:10940000DFF814829A42854A4FF400434FEA21174D
:109410004FF000064ED110281AD006DC022809D0E1
:1094200004280BD008287CD10DE020283ED040280D
:1094300077D13DE0F8F7D8FC014610E06846F8F730
:1094400089FD01990BE003A8F8F726FE049906E0D0
:109450001068800605D51068C0F3C100C14000291E
:1094600070D0606A676838F8102007EB4703B1FBDB
:10947000F2F0834255D8B0EB073F52D8002308469C
:109480001946F6F79DFF02467808130E120243EACA
:10949000012110183A4671410023F6F791FF604A06
:1094A000A0F5407191423CD821688FE03946D8E759
:1094B0001946D6E7D4F81CC04FF6EF799C4546D143
:1094C000082819D005DC58B101280CD0042875D122
:1094D0000DE0102815D0202835D040286ED134E07A
:1094E000F9F706FE01E0F9F715FE014610E06846BF
:1094F000F8F730FD01990BE003A8F8F7CDFD0499CA
:1095000006E01068800604D51068C0F3C100C140B1
:10951000C1B1636A606838F81330B1FBF3F14900F8
:1095200000E04BE001EB5001B1FBF0F0A0F11001C5
:10953000494543D84FF6F0732168C0F34202184002
:10954000104343E043E03946E3E71946E1E70828E2
:1095500019D005DC58B101280CD004282ED10DE01B
:10956000102815D020282BD0402827D12AE0F9F741
:10957000BFFD01E0F9F7CEFD014610E06846F8F7BF
:10958000E9FC01990BE003A8F8F786FD049906E0D1
:109590001068800604D51068C0F3C100C140B1B1A5
:1095A000636A606838F81330B1FBF3F101EB5001E6
:1095B000B1FBF0F0A0F11001494505D9012506E005
:1095C0003946EDE71946EBE7216880B2C860012013
:1095D000A4F86A00A4F8680028466667A66707B082
:1095E000BDE8F083F369FFCF000C0058FFF4FF11D2
:1095F000001001405444025800440040004800401C
:10960000004C004000500040001401400078004031
:10961000007C00400090D003CCCC000800440258ED
:10962000FFFC0F002DE9F047994617460E46044609
:10963000089D4FF000082FE0681C2DD0F8F7ECFAD9
:10964000A0EB0900A84214D89DB120680168490721
:1096500022D5C169C94309070DD4082505622046F2
:10966000FFF7E0FDC4F89050012084F88480BDE845
:10967000F0870320FBE7C069C04300050CD42168D4
:109680004FF4006008622046FFF7CCFD2021C4F8AB
:10969000901084F88480ECE72068C06936EA000006
:1096A00004D00020B842C7D00020E0E70120F9E74D
:1096B0000D49C869800613D50C480D4A496AC9B2DC
:1096C00080F82510C1F17F0302EB810102EB8302D8
:1096D00092ED000A80ED170A91ED000A80ED180A5C
:1096E0000448FBF7C1BB000000100140300000241B
:1096F0002CC20008A00A0024FEE700002DE9F74F65
:1097000031488846C2EBC20182B0834600274268D6
:10971000E039106808440090002408EB470610F870
:109720000790751C0120C4F10701884010EA090F59
:10973000029804EB440101EB000AF1B218D0BBF827
:1097400000200AF0FF00FDF71BFEBBF800200AF026
:10975000FF00E9B2FDF714FE0AF1010ABBF8002090
:109760000AF0FF00F1B2FDF70BFEBBF8002017E096
:10977000BBF802200AF0FF00FDF702FEBBF8022052
:109780000AF0FF00E9B2FDF7FBFD0AF1010ABBF8A0
:1097900002200AF0FF00F1B2FDF7F2FDBBF8022053
:1097A0000AF0FF00E9B2FDF7EBFD641C052CB9D30C
:1097B0007F1C08F10100072F00F0FF0801D200987C
:1097C000AAE705B0BDE8F08F1C00002403B401989F
:1097D0004100009850EAC12018BF04204A0D18BF6C
:1097E00040F0010040F2FF72B2EB515F08BF40F061
:1097F0000200012808BF052002B0704709070028B1
:109800004FEA116104DB00F1E02080F8001470479A
:1098100000F00F0000F1E02080F8141D70470000F8
:1098200010B529499FED261B2DED020B84B005983C
:1098300020F000408842DCBF00209DED040B2EDDAF
:109840002249884209D1049840B94FF00100F6F747
:109850009AFF00F0C1FA06B010BD05DB9DED040BC8
:1098600030EE000B06B010BD68469DED040B00F015
:109870002FF810F003000DD0012814D09DED021B2D
:109880009DED000B022816D000F0AAF906B0B1EE4B
:10989000400B10BD9DED021B9DED000B012000F063
:1098A00047FA06B010BD9DED021B9DED000B00F0C8
:1098B00097F906B010BD012000F03AFAE6E7000083
:1098C0000000000000000000FB21E93F0000F07FE5
:1098D0002DE9F14F04462DED020B2DED048B94B0D4
:1098E0009FED9D0B80ED020B199E9D4826F00045D3
:1098F00085420ADC9DED180B002084ED000B14B0AE
:10990000BDEC048B03B0BDE8F08F96489FED969BAD
:109910009FED978BA84225DD97489FED991B9FED02
:109920009A2B9DED180B002E0DDD30EE490B854274
:1099300012BF30EE480B30EE410B30EE420B84ED9F
:10994000000B0120DBE730EE090B854212BF30EE41
:10995000080B30EE010B30EE020B84ED000B4FF0E4
:10996000FF30CCE78A48A84253DB9DED180B51EC41
:10997000100B00F0C7FA41EC100BB0EE401B9FED4E
:10998000862B9FED870B290DDFF81CC201EE020B21
:109990000120FDEEC00B10EE903A00EE903AB8EECA
:1099A000E02BB0EE410B02EE490B22EE081BFC440B
:1099B000032830EE411B84ED001B1DD011EE902AD0
:1099C00000EB4015113DC2F30A528A1A954213DA90
:1099D0000CEB0012B0EE403B92ED000B401C20EE71
:1099E000021B33EE410B33EE403B33EE411B92ED55
:1099F000023B12EE031BDBE7002EA8BF1846BFF6A2
:109A00007EAF94ED000B5842B1EE400B84ED000B9D
:109A100075E7C6F3130040F4801EC6F30A50A0F2A7
:109A2000F530471100F01F05C5F12000DDF860B0EA
:109A3000139000200890099005200DF1080C5B4957
:109A4000002D07EB0002794408BF51F8221009D01D
:109A500051F8223001EB8201AB404A68139922FA97
:109A600001F11943A1FB0E26A1FB0B131A449A42E4
:109A700034BF0123002303EB06080CEB8003D3E97A
:109A800001A60E448E4234BF0121002192448A4433
:109A900011B1924502D903E0924501D2012100E0C3
:109AA0000021C3E901A641444CF82010011EA0F199
:109AB0000100C4DC04989DED050A00F10050810FFF
:109AC00004989FED3B4B800001EE100ADDED060A85
:109AD0009DED072AB8EEC13BB8EE401BB8EE600B17
:109AE000B8EE422B002021EE041B9FED334B20EEFD
:109AF000040B9FED334B22EE042B30EE024B34EE81
:109B0000014B34EE034B8DED004B00909DED004B6F
:109B1000199834EE433B10F0004F33EE411B31EE09
:109B2000400B32EE401B9DED000B9FED272B20EEEE
:109B3000020B9FED272B01EE020B9DED001B9FED0D
:109B4000262B01EE020B1CBF4942B1EE400B84ED07
:109B5000000B0846D3E600000000000000000000F3
:109B6000FB21E93F7CD9024000004054FB21F93F32
:109B70003163621A61B4D03DFB21F93F000000005F
:109B80000000601A61B4D03D7370032E8A19A33BA4
:109B9000FB2139410000000083C8C96D305FE43FFC
:109BA000000000000000E03F963300002E3300006C
:109BB000000000000000103E000000000000103C0B
:109BC000000000000000103A3326A611460B113C9D
:109BD000182D4454FB21F93D00000054FB21F93DB0
:109BE00010B52DED040B2DED068B82B0B0EE41AB20
:109BF00009989FED299B20F00044B4F1795F0FDABA
:109C00009DED080BBDEEC00B10EE100A002801BF41
:109C1000B0EE490B02B0BDEC068B04B008BF10BD1E
:109C20009DED080B1E48062120EE008BB0EE480B80
:109C3000784400F045F820EE080B9DED081B1C4809
:109C4000844228EE000B01EE4A0B9FED171B28EE15
:109C5000011BBCBF31EE400B39EE400B16DB154843
:109C6000A042BCBF9FED142B8DED002B06DBA4F5AD
:109C700000100190002000909DED002B31EE421B62
:109C800039EE422B31EE400B32EE400B02B0BDEC10
:109C9000068B04B010BD0000000000000000F03F83
:109CA000E430000000000000000000000000E03F81
:109CB0003333D33F0000E93F000000000000D23FF3
:109CC000491E00EBC102B0EE401B92ED000B31F0DB
:109CD00006020DD0491E00EBC102B0EE403B92EDF2
:109CE000002B31F00602B0EE420B03EE010BF1D176
:109CF000022914D004290AD0062918BF704790ED14
:109D00000A2B00EE012B90ED080B02EE010B90EDFB
:109D1000062B00EE012B90ED040B02EE010B90EDF3
:109D2000022B00EE012B90ED000B02EE010B7047B1
:109D300031B504462DED040B2DED068BB0EE419BA5
:109D400007989DED060B20F00040B0F1795F0DDA29
:109D500051EC100BFFF73AFD042808BF00F048F85B
:109D60009DED060BBDEC068B05B030BD20EE008BE3
:109D70001348052128EE00ABB0EE480B7844FFF7FE
:109D80009FFF9FED111B8CB19FED112B29EE022B34
:109D90000AEE402B9DED060B18EE029B0AEE419B4E
:109DA00030EE490BBDEC068B05B030BD08EE001B54
:109DB0009DED060B0AEE010BBDEC068B05B030BD28
:109DC0009030000000000000495555555555C5BF5D
:109DD000000000000000E03F9FED031B81EE010B3F
:109DE00070470000000000000000000000000000BC
:109DF0009FED030B20EE000B7047000000000000F9
:109E0000000000000000001030380A2801D20120B4
:109E100070470020704700002DED028B90ED021B73
:109E2000374990ED003B30EE414B91ED085BB0EED1
:109E3000452B03EE042B32EE012B80ED022B90ED2F
:109E4000041B32EE412B03EE021B80ED041B90ED50
:109E5000062B31EE421B03EE012B80ED062B90ED1D
:109E6000081B32EE412B03EE021B80ED081B90ED28
:109E70000C2B90ED0A4B30EE423B04EE035B35EECB
:109E8000022B80ED0C2B90ED0E3B32EE432B04EEBB
:109E9000023B80ED0E3B90ED102B33EE423B04EE87
:109EA000032B80ED102B90ED123B32EE432B04EE92
:109EB000023B80ED123B90ED184B90ED1A7B90ED3C
:109EC0001C5B34EE432B90ED1E6B90ED168B80EDFA
:109ED000188B32EE013B27EE011B26EE022B90ED94
:109EE000146B80ED166B34EE433B80ED140BBDEC30
:109EF000028B25EE033B31EE030B30EE020B704775
:109F0000B000002482B0CDE9000121F000400190B2
:109F10009DED000B02B051EC100B70472DE9F041A4
:109F20001D4616460F46044680212DED048BF6F79C
:109F3000FBFBB7EE000B84ED1A0B84ED1C0B84EDDC
:109F40001E0B00EE107A00EE905A9FED148BB8EEC7
:109F5000C01BB8EEE00B81EE002B22EE080BFFF7E2
:109F60005FFCB0EE009B20EE090B84ED000B00EED1
:109F7000106A00EE905AB8EEC01BB8EEE00B81EE0E
:109F8000002B22EE080BFFF74BFC20EE090B84EDB3
:109F90000A0BBDEC048BBDE8F081000000000060FE
:109FA000FB210940ED4908680024800311D4BFF368
:109FB0004F8FBFF36F8FEA480460BFF34F8FBFF33B
:109FC0006F8F086840F400300860BFF34F8FBFF315
:109FD0006F8F0868C00323D4E04870300460BFF37B
:109FE0004F8F001F43F6FF760068DD4D1035C0F33C
:109FF0004E32C0F3C90306EA4217184647EA807C8E
:10A00000C5F800C0401EF9D2521EF4D2BFF34F8FE4
:10A01000086840F480300860BFF34F8FBFF36F8F44
:10A02000F7F71CFEFCF732FCFBF756FFFBF700FCD2
:10A03000FBF7E6FEFBF7F0FCFBF72AFDFBF760FD04
:10A04000FBF724FEFBF770FBFBF7B6FBFBF7BEFD4F
:10A05000FBF7ECFDFBF79CFEFBF706FFFBF74AFE68
:10A06000FBF7C2FA40F65430F7F7A2FC4FF47A67D8
:10A070004AF644464FF45C75BA4833463A46294698
:10A08000FFF74CFFB74833463A4629468030FFF782
:10A0900045FFB54833463A462946FFF73FFFB248E9
:10A0A00033463A4629468030FFF738FFAF4D01224C
:10A0B00010212846F7F7A4FD6420F7F779FC002269
:10A0C00028461021F7F79CFDA0218020FDF708FB12
:10A0D000FDF7AEFA0020FDF74BFAFCF7EDFD00208E
:10A0E000FDF79AFA4FF6FF7B5846FDF7B1FAA04903
:10A0F0000222A048F9F730FF9D4902229E48091D1F
:10A10000F9F72AFF9A4902229C482831F9F7DAFE2A
:10A11000974902229A483031F9F7D4FE9948FAF764
:10A1200099FA99480421FAF7A3FD984AFF20904D27
:10A1300040F2EE210C35116028706870A870E8704C
:10A1400028716871A871E8710020FBF7D1FA01202D
:10A15000FBF7CEFA0220FBF7CBFA0320FBF7C8FA95
:10A160000420FBF7C5FA0520FBF7C2FA0620FBF72F
:10A17000BFFA0720FBF7BCFA85494FF4807088616D
:10A180007810F7F715FC012282485103F7F738FDE4
:10A19000814982480A6842F020020A600A68F02376
:10A1A00042F480720A60016841F020010160016898
:10A1B00041F4807101600720EB71FBF799FA694E59
:10A1C000A5F1140805F11409803E943DF7F724FD2C
:10A1D000D8F804104746401AFA282CD995F82800D8
:10A1E00000287DD00020FDF733FA85F828406CA1C7
:10A1F0005C487038F6F75CF96A48FDF713FA594A7B
:10A200004D212620703AFDF729FA564866A195F8A7
:10A21000292040388246F6F74BF91F20FDF718FA3F
:10A220006448FDF7FFF97A2152460120FDF716FA3E
:10A23000F7F7F2FC78604F4695F82910B9F8060058
:10A24000725C904214D047485BA150388246F6F7C2
:10A250002FF95846FDF7FCF95648FDF7E3F971214F
:10A2600052460120FDF7FAF995F82900305CF88094
:10A270006879B0B3C00706D00020FBF739FA6879D7
:10A2800000F0FE0068716879800706D50120FBF7B1
:10A290002FFA687900F0FD0068716879400706D5EB
:10A2A0000220FBF725FA687900F0FB0068716879F5
:10A2B000000706D50320FBF71BFA687900F0F700CA
:10A2C00068716879C00606D50420FBF711FA687931
:10A2D00000F0EF0068716879800609D5052001E07B
:10A2E00034E019E0FBF704FA687900F0DF006871E8
:10A2F0006879400606D50620FBF7FAF9687900F080
:10A30000BF0068716879000606D50720FBF7F0F9F1
:10A31000687900F07F006871287918B1287CFDF712
:10A3200089F82C71E87818B1A87CFCF78FFBEC70E9
:10A33000A87818B12878FCF797FCAC7095F827003E
:10A3400000283FF443AF85F827403FE75846FDF724
:10A350007FF9012085F8280049E7000014ED00E0AE
:10A3600050EF00E0F0020024F00300240004025843
:10A37000B8000024B805002450060024E806002494
:10A3800080070024280900247409002438040040B0
:10A390000010025800080258001001400050004010
:10A3A000313236002400002443483A2530326C759F
:10A3B00000000000140000242530336C75000000FC
:10A3C00040F2C57188420AD25A2801D20020704753
:10A3D0005A3840F213114843C0F30730704740F633
:10A3E0008D01884201D88020704740F6D97188429B
:10A3F00000D90846A0F68D008021C0EB401000EB8C
:10A40000C00001EB1030C0B270475A2801D20020C2
:10A41000704740F6D971884200D908465A3800EB97
:10A420004010C000C0F3073070474FF04070E1EEBD
:10A43000100A70470000000000000000000000004B
:10A44000000000000000000000000000000000000C
:10A450000000000000000C000C000C000C000C00C0
:10A460000C000C000C0000000C00000000000000BC
:10A4700000000000000000001DC01DC00880088012
:10A480000880000000000000000000000000000044
:10A490000000000000000D800D800D800D803FC089
:10A4A0001B003FC01B001B001B001B000000000026
:10A4B0000000000004001F803180318038001E0041
:10A4C0000F000380318031803F0004000400000051
:10A4D00000000000000018002400240018C00780BD
:10A4E0001E00318002400240018000000000000098
:10A4F00000000000000000000F0018001800180005
:10A500000C001D80370033001D800000000000009B
:10A510000000000000000000070007000200020029
:10A520000200000000000000000000000000000029
:10A530000000000000000300030006000E000C00F5
:10A540000C000C000C000E000600030003000000CD
:10A55000000000000000180018000C0006000600B3
:10A5600006000600060006000C001C001800000093
:10A57000000000000000060006003FC03FC00F00C2
:10A580001F80198000000000000000000000000093
:10A5900000000000000000000000040004000400AF
:10A5A0003F800400040004000000000000000000E0
:10A5B000000000000000000000000000000000009B
:10A5C000000000000000060004000C000800080065
:10A5D000000000000000000000000000000000007B
:10A5E0003F800000000000000000000000000000AC
:10A5F000000000000000000000000000000000005B
:10A600000000000000000C000C0000000000000032
:10A610000000000000C000C00180018003000300B2
:10A6200006000C000C00180018003000300000007C
:10A630000000000000000E001B00318031803180DE
:10A640003180318031801B000E00000000000000CE
:10A6500000000000000006003E00060006000600A4
:10A6600006000600060006003FC0000000000000D3
:10A670000000000000000F001980318031800300CD
:10A6800006000C00180030003F80000000000000B1
:10A690000000000000003F006180018003001F00F7
:10A6A00003800180018061803F0000000000000005
:10A6B000000000000000070007000F000B001B0057
:10A6C000130033003F8003000F80000000000000F3
:10A6D0000000000000001F801800180018001F0074
:10A6E00011800180018021801F0000000000000017
:10A6F00000000000000007801C0018003000370038
:10A7000039803180318019800F0000000000000086
:10A710000000000000007F00430003000600060068
:10A72000060006000C000C000C00000000000000F9
:10A730000000000000001F003180318031801F00C8
:10A7400031803180318031801F0000000000000026
:10A750000000000000001E00330031803180338093
:10A760001D800180030007003C0000000000000085
:10A770000000000000000000000000000C000C00C1
:10A780000000000000000C000C00000000000000B1
:10A7900000000000000000000000000003000300B3
:10A7A000000000000000060004000800080000008F
:10A7B000000000000000000000C0030004001800BA
:10A7C000600018000400030000C00000000000004A
:10A7D00000000000000000000000000000007FC03A
:10A7E00000007FC00000000000000000000000002A
:10A7F00000000000000000006000180004000300DA
:10A8000000C0030004001800600000000000000009
:10A8100000000000000000001F0031803180018036
:10A8200007000C000C0000000C00000000000000FD
:10A830000000000000000E00110021002100270090
:10A84000290029002700200011000E000000000050
:10A8500000000000000000003F000F000900198008
:10A8600019801F8030C030C079E000000000000077
:10A8700000000000000000007F0031803180318046
:10A880003F003180318031807F00000000000000F7
:10A8900000000000000000001F4030C06040600069
:10A8A00060006000604030801F0000000000000079
:10A8B00000000000000000007F00318030C030C088
:10A8C00030C030C030C031807F0000000000000088
:10A8D00000000000000000007F80308030803200E7
:10A8E0003E003200308030807F8000000000000099
:10A8F00000000000000000007FC030403040320007
:10A900003E003200300030007C00000000000000FB
:10A9100000000000000000001E80318060806000A8
:10A92000600067C0618031801F00000000000000EF
:10A9300000000000000000007BC0318031803180C9
:10A940003F803180318031807BC0000000000000FA
:10A9500000000000000000003FC0060006000600E6
:10A9600006000600060006003FC0000000000000D0
:10A9700000000000000000001FC0030003000300EF
:10A9800003006300630063003E000000000000005D
:10A9900000000000000000007BC031803300360062
:10A9A0003C003E003300318079C000000000000010
:10A9B00000000000000000007E00180018001800D1
:10A9C00018001840184018407FC000000000000028
:10A9D0000000000000000000E0E060C071C07BC02B
:10A9E0006AC06EC064C060C0FBE0000000000000F0
:10A9F000000000000000000073C0318039803D80FD
:10AA0000358037803380318079800000000000007D
:10AA100000000000000000001F00318060C060C026
:10AA200060C060C060C031801F00000000000000F6
:10AA300000000000000000007F0031803180318084
:10AA400031803F00300030007E0000000000000038
:10AA500000000000000000001F00318060C060C0E6
:10AA600060C060C060C031801F000CC01F8000004B
:10AA700000000000000000007F0031803180318044
:10AA80003E003300318031807CE000000000000097
:10AA900000000000000000001F803180318038007D
:10AAA0001F000380318031803F0000000000000063
:10AAB00000000000000000007F804C804C804C8033
:10AAC0000C000C000C000C003F0000000000000017
:10AAD00000000000000000007BC031803180318028
:10AAE00031803180318031801F0000000000000083
:10AAF00000000000000000007BC0318031801B009E
:10AB00001B001B000A000E000E00000000000000E9
:10AB10000000000000000000FBE060C064C06EC0E8
:10AB20006EC02A803B803B80318000000000000026
:10AB300000000000000000007BC031801B000E0000
:10AB40000E000E001B0031807BC0000000000000E2
:10AB5000000000000000000079E030C019800F0004
:10AB600006000600060006001F800000000000002E
:10AB700000000000000000003F802180230006004C
:10AB800004000C00188030803F80000000000000AE
:10AB90000000000000000780060006000600060016
:10ABA00006000600060006000600060007800000FA
:10ABB0000000000030003000180018000C000C00ED
:10ABC0000600030003000180018000C000C00000F7
:10ABD0000000000000001E0006000600060006003F
:10ABE0000600060006000600060006001E00000023
:10ABF0000000000004000A000A00110020802080EC
:10AC00000000000000000000000000000000000044
:10AC10000000000000000000000000000000000034
:10AC20000000000000000000000000000000000024
:10AC30000000FFE008000400020000000000000027
:10AC40000000000000000000000000000000000004
:10AC50000000000000000000000000001F00018054
:10AC600001801F80318033801DC000000000000083
:10AC70000000000000007000300030003700398014
:10AC800030C030C030C039807700000000000000C4
:10AC90000000000000000000000000001E80318065
:10ACA00060806000608031801F00000000000000B4
:10ACB0000000000000000380018001801D803380BF
:10ACC00061806180618033801DC000000000000051
:10ACD0000000000000000000000000001F003180A4
:10ACE00060C07FC0600030C01F8000000000000016
:10ACF00000000000000007E00C000C003F800C008A
:10AD00000C000C000C000C003F8000000000000054
:10AD10000000000000000000000000001DC03380A3
:10AD200061806180618033801D80018001801F000F
:10AD30000000000000007000300030003700398053
:10AD400031803180318031807BC000000000000004
:10AD50000000000000000600060000001E000600C3
:10AD600006000600060006003FC0000000000000CC
:10AD70000000000000000600060000003F00030085
:10AD800003000300030003000300030003003E0070
:10AD900000000000000070003000300037803600F6
:10ADA0003C003C003600330077C00000000000008B
:10ADB0000000000000001E0006000600060006005D
:10ADC00006000600060006003FC00000000000006C
:10ADD0000000000000000000000000007F8036C07E
:10ADE00036C036C036C036C076E000000000000035
:10ADF0000000000000000000000000007700398023
:10AE000031803180318031807BC000000000000043
:10AE10000000000000000000000000001F00318062
:10AE200060C060C060C031801F00000000000000F2
:10AE300000000000000000000000000077003980E2
:10AE400030C030C030C039803700300030007C0066
:10AE50000000000000000000000000001DC0338062
:10AE600061806180618033801D800180018007C026
:10AE70000000000000000000000000007B801CC0FB
:10AE800018001800180018007F00000000000000E3
:10AE90000000000000000000000000001F80318062
:10AEA0003C001F00038031803F00000000000000D4
:10AEB0000000000000001800180018007F001800B3
:10AEC00018001800180018800F0000000000000093
:10AED00000000000000000000000000073803180CE
:10AEE00031803180318033801DC0000000000000BF
:10AEF0000000000000000000000000007BC0318066
:10AF000031801B001B000E000E000000000000003E
:10AF1000000000000000000000000000F1E060C040
:10AF200064C06EC03B803B803180000000000000A8
:10AF30000000000000000000000000007BC01B00BB
:10AF40000E000E000E001B007BC000000000000081
:10AF500000000000000000000000000079E030C0A8
:10AF6000198019800B000F00060006000C003E003F
:10AF70000000000000000000000000003F80218071
:10AF800003000E00180030803F8000000000000029
:10AF900000000000000006000C000C000C000C007B
:10AFA0000C0018000C000C000C000C000600000047
:10AFB0000000000000000600060006000600060073
:10AFC0000600060006000600060006000600000057
:10AFD0000000000000000C0006000600060006004D
:10AFE0000600030006000600060006000C00000034
:10AFF0000000000000000000000000000000180039
:10B000002480030000000000000000000000000099
:10B010000000000000000000000000000000000030
:10B02000001010101010000010000000006C4848C4
:10B030000000000000000000001414287C287C2878
:10B040005050000000103840403848701010000088
:10B05000002050200C7008140800000000000018A8
:10B060002020544834000000001010101000000090
:10B070000000000000080810101010101008080050
:10B0800000202010101010101020200000107C1044
:10B0900028280000000000000000101010FE101012
:10B0A0001000000000000000000000181030200018
:10B0B00000000000007C0000000000000000000014
:10B0C00000000030300000000004040808101020C8
:10B0D0002040000000384444444444443800000008
:10B0E00000301010101010107C00000000384404D4
:10B0F000081020447C000000003844041804044474
:10B1000038000000000C141424447E040E000000DB
:10B11000003C20203804044438000000001C20407B
:10B120007844444438000000007C440408080810B7
:10B130001000000000384444384444443800000003
:10B1400000384444443C0408700000000000003013
:10B150003000003030000000000000181800001817
:10B160003020000000000C10608060100C00000017
:10B17000000000007C007C00000000000000C020F7
:10B1800018041820C0000000000018240408100053
:10B19000300000003844444C54544C4044380000C3
:10B1A0000030102828287C44EE00000000F84444B9
:10B1B00078444444F8000000003C4440404040448F
:10B1C0003800000000F0484444444448F0000000C7
:10B1D00000FC445070504044FC000000007E2228D7
:10B1E0003828202070000000003C4440404E444479
:10B1F0003800000000EE44447C444444EE0000006B
:10B20000007C1010101010107C000000003C08089A
:10B21000084848483000000000EE44485070484458
:10B22000E600000000702020202024247C00000084
:10B2300000EE6C6C54544444EE00000000EE646474
:10B240005454544CEC0000000038444444444444FA
:10B2500038000000007824242438202070000000EA
:10B260000038444444444444381C000000F844443A
:10B2700044784844E200000000344C403804046440
:10B280005800000000FE921010101010380000004E
:10B2900000EE4444444444443800000000EE44447A
:10B2A000282828101000000000EE44445454545440
:10B2B0002800000000C6442810102844C6000000E2
:10B2C00000EE44282810101038000000007C4408CC
:10B2D000101020447C000000003820202020202076
:10B2E000202038000040202020101008080800000E
:10B2F0000038080808080808080838000010102856
:10B3000044000000000000000000000000000000F9
:10B31000000000FE00100800000000000000000017
:10B3200000000038443C44443E00000000C0405847
:10B3300064444444F80000000000003C44404044A1
:10B3400038000000000C04344C4444443E0000002B
:10B3500000000038447C40403C000000001C207C81
:10B36000202020207C000000000000364C44444493
:10B370003C04380000C0405864444444EE000000DF
:10B3800000100070101010107C00000000100078F9
:10B39000080808080808700000C0405C4870504861
:10B3A000DC00000000301010101010107C000000B5
:10B3B000000000E854545454FE000000000000D87F
:10B3C00064444444EE000000000000384444444417
:10B3D00038000000000000D8644444447840E00095
:10B3E000000000364C4444443C040E000000006C55
:10B3F000302020207C0000000000003C4438044441
:10B40000780000000000207C202020221C0000008A
:10B41000000000CC4444444C36000000000000EE24
:10B420004444282810000000000000EE4454545406
:10B4300028000000000000CC48303048CC0000005C
:10B44000000000EE44242818101078000000007C52
:10B45000481020447C00000000081010101020103C
:10B460001010080000101010101010101010000024
:10B470000020101010100810101020000000000014
:10B480000024580000000000000000000000000040
:10B49000202020200020000050500000000000006C
:10B4A0002850F850F850A000203060301060200084
:10B4B0002020186010100000003820605078000034
:10B4C000202020000000000010202020202010005C
:10B4D000402020202020400020702050000000004C
:10B4E000002020F820200000000000001020200094
:10B4F00000000070000000000000000000200000BC
:10B50000102020204040800020505050502000004B
:10B510006020202020F800002050202040700000F3
:10B5200020501020106000001030507810380000BB
:10B5300070406010502000003040605050600000AB
:10B54000705010202020000020502050502000007B
:10B55000305050301060000000002000002000003B
:10B560000000100010200000001020C0201000007B
:10B570000070007000000000004020182040000013
:10B580002050102000200000304848584840380023
:10B590006020507088D80000F048704848F00000E3
:10B5A0007050404040300000F048484848F00000EB
:10B5B000F848604048F80000F848604040E000006B
:10B5C0007040405850300000E848784848E8000093
:10B5D00070202020207000003810105050200000F3
:10B5E000D850607050D80000E040404048F800005B
:10B5F000D8D8D8A888D80000D868685858E800007B
:10B600003048484848300000F048487040E00000AA
:10B610003048484848301800F048487048E8000072
:10B620007050201050700000F8A8202020700000FA
:10B63000D848484848300000D8884850503000006A
:10B64000D888A8A8A8500000D850202050D80000C2
:10B65000D8885020207000007848102048780000DA
:10B66000302020202020300080404020202010006A
:10B6700060202020202060002020500000000000DA
:10B6800000000000000000F8201000000000000092
:10B690000000301070780000C040704848F0000092
:10B6A000000070404070000018083848483800001A
:10B6B00000007070403000001020702020700000EA
:10B6C0000000384848380830C040704848E800005A
:10B6D00020006020207000002000701010101070FA
:10B6E000C040587050D8000060202020207000001A
:10B6F0000000D0A8A8A800000000F04848C800003A
:10B7000000003048483000000000F048487040E039
:10B7100000003848483808180000782020700000E1
:10B7200000003020106000000040F0404830000071
:10B730000000D848483800000000C84830300000F9
:10B740000000D8A8A8500000000048303048000091
:10B750000000D85050202060000078502878000069
:10B7600010202060202010002020202020202000F9
:10B770004020203020204000000000285000000021
:10B78000000000000000002020202020002010F8F1
:10B79000100040F840000000000000000000000021
:10B7A0000000000000C8D0205898000000000000F1
:10B7B00000202000000000004080808080804080C9
:10B7C0004040404040800000000010080000202061
:10B7D000F820200000000000606020000000F80059
:10B7E00000000000000000200010102020404080D9
:10B7F000708898A8C88870206020202020707088E9
:10B8000008102040F8F81020100888701030509070
:10B81000F81010F880F008088870304080F08888B0
:10B8200070F80810204040407088887088887070D8
:10B8300088887808106000002000002000000020A8
:10B840000000202008102040201008000070007028
:10B8500000008040201020408070880810200020C8
:10B8600070A8D8D858283070888888F88888F088D8
:10B8700088F08888F070888080808870E090888860
:10B880008890E0F88080F08080F8F88080F08080F8
:10B8900080708880B8888878888888F888888870D8
:10B8A000202020202070701010101010608890A0B0
:10B8B000C0A09088808080808080F888D8A8888800
:10B8C00088888888C8A898888870888888888870B8
:10B8D000F08888F080808070888888A89878F088C0
:10B8E00088F0A09088788080700808F0F8202020E8
:10B8F0002020208888888888887088888888885050
:10B9000020888888A8A8A8508888502050888888CF
:10B91000888850202020F80810204080F83020200F
:10B9200020202030000000000000006020202020A7
:10B930002060000000000000000000000000000087
:10B9400000000000000000000000000000000000F7
:10B9500000000000000000000000000000000000E7
:10B9600000000000000000000000000000000000D7
:10B9700000000000000000000000000000000000C7
:10B9800000000000000000000000000000000000B7
:10B9900000000000000000000000000000000000A7
:10B9A0000000000000000000000000000000000097
:10B9B0000000000000000000000000000000000087
:10B9C0000000000000000000000000000000000077
:10B9D0000000000000000000000000000000000067
:10B9E0000000000000000000000000000000000057
:10B9F0000000000000000000000000000000000047
:10BA00000000000000000000000000000000000036
:10BA100000000000000000000000000069898F891C
:10BA200069FEFDFBF7EFDFBF7F00000000000000B4
:10BA30009F71E13A6519623BE010AA3BF168E33B74
:10BA4000728A0E3C4EB42B3C2BDE483CF931663CEE
:10BA5000D5EC813CADC0903C7EA99F3C41BCAE3C46
:10BA600003CFBD3CB70BCD3C645DDC3C10AFEB3C81
:10BA7000AE2AFB3CA25D053D6A300D3D2B18153DFD
:10BA8000EBFF1C3D28F2243D5DF92C3D9300353D34
:10BA9000C11C3D3D6C43453D92744D3DB2BA553D90
:10BAA000D2005E3DEA5B663D02B76E3D1327773DEF
:10BAB0001DAC7F3D9318843D5760883D96B28C3D08
:10BAC000130A913D0D6C953D07CE993D7E3A9E3D02
:10BAD00032ACA23D2523A73D569FAB3D0326B03D8A
:10BAE000EEB1B43D5648B93DBEDEBD3DA27FC23D7C
:10BAF000022BC73D62D6CB3D3F8CD03D5A47D53D4A
:10BB0000F20CDA3DC7D7DE3DDBA7E33D6B82E83DB3
:10BB10003962ED3D4547F23DCE36F73D952BFC3D74
:10BB20006C95003EAD17033E8D9C053EAB26083E4E
:10BB300068B30A3E63450D3EFDD90F3ED673123EF3
:10BB40004D10153E64AF173EB9531A3E4CFD1C3ED6
:10BB50007EA91F3EEE5A223EFE0E253EACC5273E74
:10BB600038842A3EC4422D3E2D09303E35D2323E25
:10BB7000DC9D353EC16E383EE5443B3EA81D3E3E51
:10BB8000A9FB403E48DC433E27C2463E43AD493E0A
:10BB9000FE9A4C3EF88D4F3E2F86523EA583553E71
:10BBA000BA83583E6E865B3E00915E3E309E613E9B
:10BBB0009FB0643E4BC8673E97E26A3E21026E3EEC
:10BBC000E926713EF050743E3480773E18B27A3EDA
:10BBD0003AE97D3ECD92803E9C33823E0AD7833E39
:10BBE000C87B853E2523873E70CE883E0B7B8A3EF0
:10BBF000452A8C3E1EDC8D3E97908F3E5F46913EDF
:10BC00001500933E6ABC943E107A963EA33B983E44
:10BC1000D6FF993E58C59B3EC98E9D3ED95A9F3E40
:10BC20003928A13E87F9A23E75CDA43EB1A2A63E19
:10BC3000DD7BA83EA857AA3E6137AC3E6A18AE3EEF
:10BC400011FCAF3EA8E3B13E8ECCB33E63B9B53E26
:10BC5000D6A8B73EE99AB93EEB90BB3E3C88BD3EC4
:10BC60007B83BF3E5A81C13E2783C33E4486C53E87
:10BC7000508DC73EFB96C93E94A4CB3ECCB4CD3E7E
:10BC8000A4C7CF3E1ADDD13E7FF6D33E8412D63E06
:10BC90007632D83E0855DA3E897BDC3E59A3DE3E3B
:10BCA00068D0E03E1500E33E6132E53E9D68E73E28
:10BCB00077A1E93E40DEEB3EA81DEE3EFE60F03E81
:10BCC000F4A6F23ED8F0F43EAB3EF73E1D8FF93EAF
:10BCD0007EE3FB3E7E3AFE3E5E4B003F257A013F0F
:10BCE0008AAB023F40DE033FEC12053F9049063F1E
:10BCF0008481073F6FBB083F51F7093F2B350B3F4E
:10BD000054740C3F74B50D3F33F90E3F423E103F63
:10BD10004985113F9FCD123F9318143F8065153F11
:10BD2000BCB3163F9604183FC156193F8AAB1A3F61
:10BD30004B021C3F5C5A1D3F0BB51E3F0A11203FB2
:10BD4000A86F213F3ED0223FCA32243F4E97253F65
:10BD5000CAFD263FE466283F4ED1293F573E2B3F80
:10BD600058AD2C3FF71E2E3FE6912F3F7407313F11
:10BD7000FA7E323F1EF9333F3A75353F4DF3363F79
:10BD80000074383FA9F6393F4A7B3B3F8A023D3F6A
:10BD9000C18B3E3F9817403F65A5413FD235433F99
:10BDA000DEC8443F3A5D463FDCF4473F758E493F6D
:10BDB000AE2A4B3FDEC84C3FAD694E3F1B0D503F96
:10BDC00029B3513F2D5B533FD105553F6CB2563FD0
:10BDD0004E62583F27145A3F9FC85B3FB77F5D3F75
:10BDE0006D395F3FC3F5603FB7B4623F4B76643F48
:10BDF000D639663FA800683F19CA693F29966B3F4C
:10BE000030646D3F7E356F3F6C09713FF8DF723FE4
:10BE1000CBB9743F9695763FA774783F58567A3FD2
:10BE2000A83A7C3F3E227E3F0000803F0000000099
:10BE30005873803B5873003C04AD403C5873803CC1
:10BE40002E90A03C04ADC03CD3DEE03CD47D003D50
:10BE50003F8C103DAA9A203D15A9303D80B7403D4A
:10BE600068D0503DD3DE603D3EED703DD47D803DD9
:10BE70000A85883D3F8C903D7593983DE89FA03D95
:10BE80001EA7A83D53AEB03D89B5B83DBEBCC03D70
:10BE9000F4C3C83D68D0D03D9DD7D83DD3DEE03D4A
:10BEA00008E6E83D3EEDF03D73F4F83D7380003E5A
:10BEB0000E84043EA987083E448B0C3EDE8E103E65
:10BEC0007992143E1496183E4E9C1C3EE89F203EEC
:10BED00083A3243E1EA7283EB9AA2C3E53AE303E73
:10BEE0008DB4343E28B8383EC3BB3C3E5DBF403EB7
:10BEF000F8C2443E93C6483ECDCC4C3E68D0503E3E
:10BF000002D4543E9DD7583E38DB5C3ED3DE603EC3
:10BF10006DE2643EA7E8683E42EC6C3EDDEF703EA9
:10BF200077F3743E12F7783EADFA7C3E7380803E24
:10BF30004182823E0E84843EDB85863EA987883E10
:10BF400076898A3E448B8C3E618E8E3E2E90903E4A
:10BF5000FB91923EC993943E9695963E6397983E88
:10BF6000809A9A3E4E9C9C3E1B9E9E3EE89FA03E21
:10BF7000B6A1A23E83A3A43EA0A6A63E6DA8A83E5D
:10BF80003BAAAA3E08ACAC3ED6ADAE3EA3AFB03E97
:10BF900070B1B23E8DB4B43E5BB6B63E28B8B83E82
:10BFA000F5B9BA3EC3BBBC3E90BDBE3EADC0C03EBF
:10BFB0007AC2C23E48C4C43E15C6C63EE3C7C83EA8
:10BFC000B0C9CA3ECDCCCC3E9ACECE3E68D0D03E93
:10BFD00035D2D23E02D4D43ED0D5D63E9DD7D83E1F
:10BFE000BADADA3E87DCDC3E55DEDE3E22E0E03EB9
:10BFF000EFE1E23EBDE3E43EDAE6E63EA7E8E83EF6
:10C0000074EAEA3E42ECEC3E0FEEEE3EDDEFF03E2F
:10C01000AAF1F23EC7F4F43E94F6F63E62F8F83E1A
:10C020002FFAFA3EFCFBFC3ECAFDFE3E7380003F49
:10C030005A81013F4182023F2783033F0E84043F20
:10C04000F584053F8386063F6A87073F5188083F8E
:10C050003789093F1E8A0A3F058B0B3FEB8B0C3F4C
:10C060007A8D0D3F618E0E3F478F0F3F2E90103F10
:10C070001591113FFB91123F8A93133F7094143F27
:10C080005795153F3E96163F2497173F0B98183F3C
:10C090009A99193F809A1A3F679B1B3F4E9C1C3F01
:10C0A000349D1D3F1B9E1E3F029F1F3F90A0203FBF
:10C0B00077A1213F5EA2223F44A3233F2BA4243F2C
:10C0C00012A5253FA0A6263F87A7273F6DA8283F9A
:10C0D00054A9293F3BAA2A3F22AB2B3F08AC2C3F57
:10C0E00097AD2D3F7DAE2E3F64AF2F3F4BB0303F1D
:10C0F00031B1313F18B2323FA7B3333F8DB4343F33
:10C1000074B5353F5BB6363F41B7373F28B8383F47
:10C11000B6B9393F9DBA3A3F84BB3B3F6ABC3C3F0E
:10C1200051BD3D3F38BE3E3F1FBF3F3FADC0403FCA
:10C1300094C1413F7AC2423F61C3433F48C4443F38
:10C140002EC5453FBDC6463FA4C7473F8AC8483FA6
:10C1500071C9493F58CA4A3F3ECB4B3FCDCC4C3FBB
:10C16000B3CD4D3F9ACE4E3F81CF4F3F68D0503F29
:10C170004ED1513F35D2523FC3D3533FAAD4543F3F
:10C1800091D5553F77D6563F5ED7573F45D8583F54
:10C19000D3D9593FBADA5A3FA1DB5B3F87DC5C3F1A
:10C1A0006EDD5D3F55DE5E3F3BDF5F3FCAE0603FD7
:10C1B000B1E1613F97E2623F7EE3633F65E4643F44
:10C1C0004BE5653FDAE6663FC0E7673FA7E8683FB3
:10C1D0008EE9693F74EA6A3F5BEB6B3FEAEC6C3FC8
:10C1E000D0ED6D3FB7EE6E3F9EEF6F3F84F0703F36
:10C1F0006BF1713F52F2723FE0F3733FC7F4743F4B
:10C20000AEF5753F94F6763F7BF7773F62F8783F5F
:10C21000F0F9793FD7FA7A3FBDFB7B3FA4FC7C3F26
:10C220008BFD7D3F72FE7E3F0000803F0000803F1F
:10C230000000803F0000803F0000803F0000803F02
:10C240000000803F0000803F0000803F0000803FF2
:10C250000000803F0000803F0000803F0000803FE2
:10C260000000803F0000803F0000803F0000803FD2
:10C270000000803F0000803F0000803F0000803FC2
:10C280000000803F0000803F0000803F0000803FB2
:10C290000000803F0000803F0000803F0000803FA2
:10C2A0000000803F0000803F0000803F0000803F92
:10C2B0000000803F0000803F0000803F0000803F82
:10C2C0000000803F0000803F0000803F0000803F72
:10C2D0000000803F0000803F0000803F0000803F62
:10C2E0000000803F0000803F0000803F0000803F52
:10C2F0000000803F0000803F0000803F0000803F42
:10C300000000803F0000803F0000803F0000803F31
:10C310000000803F0000803F0000803F0000803F21
:10C320000000803F0000803F0000803F0000803F11
:10C330000000803F0000803F0000803F0000803F01
:10C340000000803F0000803FD8817B3F5704773F4B
:10C350002F86723FAF086E3F2F8B693F060D653FFA
:10C36000868F603F5E115C3FDE93573F5D16533F03
:10C3700035984E3FB51A4A3F8D9C453F0C1F413FB3
:10C380008CA13C3F6423383FE3A5333F63282F3F14
:10C390003BAA2A3FBA2C263F92AE213F12311D3FC5
:10C3A00092B3183F6935143FE9B70F3FC1390B3FCE
:10C3B00041BC063FC03E023F3081FB3E2F86F23E2D
:10C3C0002F8BE93EDE8EE03EDE93D73E8D97CE3E4C
:10C3D0008D9CC53E8CA1BC3E3CA5B33E3BAAAA3E6B
:10C3E000EBADA13EEAB2983EE9B78F3E99BB863EDF
:10C3F00030817B3E2F8B693E8E92573E8D9C453E11
:10C40000ECA3333EEBAD213EE9B70F3E917EFB3D01
:10C410008E92D73D4DA1B33D4AB58F3D8E92573D8B
:10C420009274CD3C000000000000000000000000FD
:10C4300004AD403C04ADC03C3F8C103D80B7403D56
:10C440003EED703D3F8C903D1EA7A83DBEBCC03D5B
:10C450009DD7D83D3EEDF03D0E84043EDE8E103E6D
:10C460004E9C1C3E1EA7283E8DB4343E5DBF403E10
:10C47000CDCC4C3E9DD7583E6DE2643EDDEF703E24
:10C48000ADFA7C3E0E84843E76898A3E2E90903EA4
:10C490009695963E4E9C9C3EB6A1A23E6DA8A83EA7
:10C4A000D6ADAE3E8DB4B43EF5B9BA3EADC0C03ED9
:10C4B00015C6C63ECDCCCC3E35D2D23E9DD7D83E59
:10C4C00055DEDE3EBDE3E43E74EAEA3EDDEFF03EDB
:10C4D00094F6F63EFCFBFC3E5A81013F0E84043F7D
:10C4E0006A87073F1E8A0A3F7A8D0D3F2E90103FC4
:10C4F0008A93133F3E96163F9A99193F4E9C1C3FD4
:10C50000029F1F3F5EA2223F12A5253F6DA8283F34
:10C5100022AB2B3F7DAE2E3F31B1313F8DB4343F46
:10C5200041B7373F9DBA3A3F51BD3D3FADC0403F57
:10C5300061C3433FBDC6463F71C9493FCDCC4C3F67
:10C5400081CF4F3F35D2523F91D5553F45D8583FC7
:10C55000A1DB5B3F55DE5E3FB1E1613F65E4643FD7
:10C56000C0E7673F74EA6A3FD0ED6D3F84F0703FEB
:10C57000E0F3733F94F6763FF0F9793FA4FC7C3FFB
:10C580000000803F5A81813FB402833F6284843F30
:10C59000BC05863F6A87873FC408893F728A8A3F05
:10C5A000CC0B8C3F7A8D8D3FD40E8F3F8290903F85
:10C5B000DC11923F8A93933FE414953F9296963F05
:10C5C000EC17983F9A99993FF41A9B3F4E9C9C3FD9
:10C5D000FC1D9E3F569F9F3F0421A13F5EA2A23FAC
:10C5E0000B24A43F65A5A53F1327A73F6DA8A83F2F
:10C5F0001B2AAA3F75ABAB3F232DAD3F7DAEAE3FAF
:10C600002B30B03F85B1B13F3333B33F8DB4B43F2E
:10C61000E735B63F95B7B73FEF38B93F9DBABA3F58
:10C62000F73BBC3FA5BDBD3FFF3EBF3FADC0C03FD8
:10C630000742C23FB5C3C33F0F45C53FBDC6C63F56
:10C640001748C83FC5C9C93F1F4BCB3FCDCCCC3FD6
:10C65000274ECE3F81CFCF3F2F51D13F89D2D23FFE
:10C660003754D43F91D5D53F3F57D73F99D8D83F7E
:10C67000475ADA3FA1DBDB3F4F5DDD3FA9DEDE3FFE
:10C680005760E03FB1E1E13F5E63E33FB8E4E43F80
:10C690006666E63FC0E7E73F1A69E93FC8EAEA3F56
:10C6A000226CEC3FD0EDED3F2A6FEF3FD8F0F03F2A
:10C6B0003272F23FE0F3F33F3A75F53FE8F6F63FAA
:10C6C0004278F83FF0F9F93F4A7BFB3FF8FCFC3F2A
:10C6D000527EFE3F00000040ADC000405A81014044
:10C6E00031420240DE020340B5C30340628404408D
:10C6F00039450540E6050640BDC606406A87074045
:10C7000041480840EE080940C5C90940728A0A40FC
:10C71000494B0B40F60B0C40CDCC0C407A8D0D40B4
:10C72000274E0E40FE0E0F40ABCF0F4082901040C0
:10C730002F51114006121240B3D212408A93134077
:10C74000375414400E151540BBD51540929616402F
:10C750003F57174016181840C3D818409A991940E7
:10C76000475A1A40F41A1B40CBDB1B40789C1C40F4
:10C770004F5D1D40FC1D1E40D3DE1E40809F1F40AC
:10C780005760204004212140DAE1214087A2224065
:10C790005E6323400B242440E2E424408FA525401F
:10C7A0006666264013272740C0E7274097A8284001
:10C7B000446929401B2A2A40C8EA2A409FAB2B40E3
:10C7C0004C6C2C40232D2D40D0ED2D40A7AE2E409B
:10C7D000546F2F402B303040D8F03040AFB1314053
:10C7E0005C72324033333340E0F333408DB4344035
:10C7F0006475354011363640E8F6364095B7374017
:10C800006C78384019393940F0F939409DBA3A40CE
:10C81000747B3B40213C3C40F8FC3C40A5BD3D4086
:10C820007C7E3E40293F3F40000040400000803F6A
:10C830000000803F0000803F0000803F0000803FFC
:10C840000000803F0000803F0000803F0000803FEC
:10C850000000803F0000803F0000803F0000803FDC
:10C860000000803F0000803F0000803F0000803FCC
:10C870000000803F0000803F0000803F0000803FBC
:10C880000000803F0000803F0000803F0000803FAC
:10C890000000803F0000803F0000803F0000803F9C
:10C8A0000000803F0000803F0000803F0000803F8C
:10C8B0000000803F0000803F0000803F0000803F7C
:10C8C0000000803F0000803F0000803F0000803F6C
:10C8D0000000803F0000803F0000803F0000803F5C
:10C8E0000000803F0000803F0000803F0000803F4C
:10C8F0000000803F0000803F0000803F0000803F3C
:10C900000000803F0000803F0000803F0000803F2B
:10C910000000803F0000803F0000803F0000803F1B
:10C920000000803F0000803F0000803F0000803F0B
:10C930000000803F0000803F0000803F0000803FFB
:10C940000000803F0000803F0000803F0000803FEB
:10C950000000803F0000803F0000803F0000803FDB
:10C960000000803F0000803F0000803F0000803FCB
:10C970000000803F0000803F0000803F0000803FBB
:10C980000000803F0000803F0000803F0000803FAB
:10C990000000803F0000803F0000803F0000803F9B
:10C9A0000000803F0000803F0000803F0000803F8B
:10C9B0000000803F0000803F0000803F0000803F7B
:10C9C0000000803F0000803F0000803F0000803F6B
:10C9D0000000803F0000803F0000803F0000803F5B
:10C9E0000000803F0000803F0000803F0000803F4B
:10C9F0000000803F0000803F0000803F0000803F3B
:10CA00000000803F0000803F0000803F0000803F2A
:10CA10000000803F0000803F0000803F0000803F1A
:10CA20000000803F0000803F0000803F0000803F0A
:10CA30000000803F0000803FB6F37D3F6DE77B3F05
:10CA400023DB793FD9CE773F8FC2753F46B6733F20
:10CA5000FCA9713FB29D6F3F68916D3F1F856B3F91
:10CA6000D578693F8B6C673F4260653FF853633F01
:10CA7000AE47613F643B5F3F1B2F5D3FD1225B3F71
:10CA80008716593F3D0A573FF4FD543FAAF1523FE4
:10CA900060E5503F17D94E3FCDCC4C3F83C04A3F55
:10CAA00039B4483FF0A7463FA69B443F5C8F423FC6
:10CAB0001283403FC9763E3F7F6A3C3F355E3A3F36
:10CAC000EC51383FA245363F5839343F0E2D323FA6
:10CAD000C520303F7B142E3F31082C3FE7FB293F18
:10CAE0009EEF273F54E3253F0AD7233FC1CA213F8A
:10CAF00077BE1F3F2DB21D3FE3A51B3F9A99193FFB
:10CB0000508D173F0681153FBC74133F7368113F6A
:10CB1000295C0F3FDF4F0D3F96430B3F4C37093FDA
:10CB2000022B073FB81E053F6F12033F2506013F4A
:10CB3000B6F3FD3E23DBF93E8FC2F53EFCA9F13E84
:10CB40006891ED3ED578E93E4260E53EAE47E13E74
:10CB50001B2FDD3E8716D93EF4FDD43E60E5D03E66
:10CB6000CDCCCC3E39B4C83EA69BC43E1283C03E59
:10CB70007F6ABC3EEC51B83E5839B43EC520B03E49
:10CB80003108AC3E9EEFA73E0AD7A33E77BE9F3E3C
:10CB9000E3A59B3E508D973EBC74933E295C8F3E2F
:10CBA00096438B3E022B873E6F12833EB6F37D3E4B
:10CBB0008FC2753E68916D3E4260653E1B2F5D3EA3
:10CBC000F4FD543ECDCC4C3EA69B443E7F6A3C3E99
:10CBD0005839343E31082C3E0AD7233EE3A51B3E8C
:10CBE000BC74133E96430B3E6F12033E8FC2F53D5D
:10CBF0004260E53DF4FDD43DA69BC43D5839B43DAB
:10CC00000AD7A33DBC74933D300D833D4260653D22
:10CC1000A69B443D0AD7233D6F12033DA69BC43C0F
:10CC20006F12833C6F12033C00000000678467149E
:10CC300067A3222322BBCD109010CCF0404040408F
:10CC4000E39494E78438A5A5B9A5C82D2AE828BDA2
:10CC5000A0B8A0BCF744474447B8242438A4FE92A7
:10CC600092926C0000FE888888700000FE402010C0
:10CC70002040FEFE4080807E4080807E00006492E6
:10CC80009292924C3E4888483E0000FC020202FC10
:10CC900000008080FE808000007C8282827CE00F29
:10CCA000F01FF83FFC7DFEFC3EFC1EFC8EEC8EC4AB
:10CCB0001EE03EF07EF83EF01EE08EC48EEC1EFCC0
:10CCC0003EFCFEFCFC7DF83FF01FE00F010002007F
:10CCD0000400060008000A000C00100020004000BC
:10CCE00080000001010101030701000008040204A3
:10CCF0000801010100000000010203040102030415
:10CD000006070809040000080000000000000002F7
:10CD100000010000100000004C5555555555A53F29
:10CD20007751C1166CC156BF9015CB19A001FA3EC0
:10CD3000AD529C804F7E92BEC4B1B4BD9EEE213EEA
:10CD4000D43888BEE9FAA8BD00004054FB21F93F61
:10CD50003163621A61B4D03D0000601A61B4D03D05
:10CD60007370032E8A19A33B0000002E8A19A33B7F
:10CD7000C14920259A837B39000000000000000093
:10CD80006E83F9A22915444ED15727FCC0DD34F536
:10CD9000999562DB4190433CAB6351FE61C5BBDEBC
:10CDA0003A6E24B7E0D24D42EA2E49061C92D109D0
:10CDB0001CEB1DFE3EA729B1F53582E88444BB2E4D
:10CDC00026709CE9417E5FB439D69139F43953839A
:10CDD0008B5F849C3B28F9BDFF97F81F0F9805DEF9
:10CDE0008B112FEF1F6D0A5ACF7E366DB709CB27F7
:10CDF000663F464F2DEA5F9EC7BA27757BF1E5EB8C
:10CE0000F739073DEA92528AB15FFB6B085D8D1FCF
:10CE1000A6F810111111813FD561C119A0012ABFD7
:10CE20007DFEB157E31DC73EEB9C2B8AE6E55ABE5B
:10CE30007CD5CF5A3AD9E53D58CE000800000024F1
:10CE40002C010000D402000894CE00082C0100241C
:10CE50006C10000030030008411334A413080B12B7
:10CE6000101314B0130807120C1388B4130805929A
:10CE7000082B80B710B2077AFF091901012F293357
:10CE8000093137012932100340F03D5A014A512C33
:04CE900090D0030437
:040000050800029954
:00000001FF
