/////////////////////////////////////////////////////////////////////////////////////////////////
// Audio processing variables
//	product: XDJ-X mixer assy
//
//
//
//
//	Author: Anatska Andrei
//
/////////////////////////////////////////////////////////////////////////////////////////////////

#include "stdint.h"

static int16_t MASTER_BUS[2];
static int16_t HP_BUS[2];
static float CH0IN[2];
static float CH1IN[2];
static float POSTEQCH0[2];
static float POSTEQCH1[2];
static float CUESUM[2];

//////////////////////////////Moog filter
float in1_0, in2_0, in3_0, in4_0, out1_0, out2_0, out3_0, out4_0;
//////////////////////////////Moog filter
float in1_1, in2_1, in3_1, in4_1, out1_1, out2_1, out3_1, out4_1;
//////////////////////////////Moog filter
float in1_2, in2_2, in3_2, in4_2, out1_2, out2_2, out3_2, out4_2;
//////////////////////////////Moog filter
float in1_3, in2_3, in3_3, in4_3, out1_3, out2_3, out3_3, out4_3;

float fcutoff_0, resonanse_0;
float fcutoff_1, resonanse_1;

//////////////////////////////Moog filter
float in1_0h, in2_0h, in3_0h, in4_0h, out1_0h, out2_0h, out3_0h, out4_0h;
//////////////////////////////Moog filter
float in1_1h, in2_1h, in3_1h, in4_1h, out1_1h, out2_1h, out3_1h, out4_1h;
//////////////////////////////Moog filter
float in1_2h, in2_2h, in3_2h, in4_2h, out1_2h, out2_2h, out3_2h, out4_2h;
//////////////////////////////Moog filter
float in1_3h, in2_3h, in3_3h, in4_3h, out1_3h, out2_3h, out3_3h, out4_3h;

float tmpin_0, tmpin_1, tmpin_2, tmpin_3;


float HPHN_ATT = 0.00000; 
float TRM0_ATT = 0.00000; 
float TRM1_ATT = 0.00000;
float CRSF0_ATT = 0.00000;
float CRSF1_ATT = 0.00000;
float FDR0_ATT = 0.00000; 
float FDR1_ATT = 0.00000;
float MIXN0_ATT = 0.00000;
float MIXN1_ATT = 0.00000;


/* RINGBUFFER and BFX ---------------------------------------------------------*/
#define rngmaxsize 130000
uint32_t rngsize = 11025;		// 1/2 for 120bpm 
int16_t RINGBUF[2][rngmaxsize] = {0};
uint32_t rngaddr = 0;
uint8_t rngdiv[8] = {3, 3, 3, 3, 3, 3, 3, 3};   //0 - 1/16 1 - 1/8 ...
float EFFATT, ORIGATT;
float BFXTMP[2];


/* LEVEL METER ---------------------------------------------------------*/
float lvl_ch0 = 0.00000;
float lvl_ch1 = 0.00000;
float lvl_tmp;
uint16_t lvl_ml = 0;
uint16_t lvl_mr = 0;
uint16_t lvl_tmpm;
uint8_t prev_lvl_ch0 = 0; 
uint8_t prev_lvl_ch1 = 0; 
uint8_t prev_lvl_ml = 0; 
uint8_t prev_lvl_mr = 0;
uint8_t prev_pk_ch0 = 0; 
uint8_t prev_pk_ch1 = 0; 
uint8_t prev_pk_ml = 0; 
uint8_t prev_pk_mr = 0;
uint8_t lvlc;
//DJM-900nxs: 15leds down per 933ms. 1 led per 62ms
// peak level stay status 2.0s
#define dwnlvl 3 //(5/75Hz sec) (66,6ms)
uint8_t tim_ch0, tim_ch1, tim_ml, tim_mr;
#define dwnpk 151 //(150/75Hz sec) (2000ms)
uint8_t timpk_ch0, timpk_ch1, timpk_ml, timpk_mr;

/* NOISE CFX ---------------------------------------------------------*/
uint16_t nsmpl;
//noise 8 bit data
const static uint8_t noise[65536] = {
	0x72, 0x7B, 0xE1, 0x7A, 0xD9, 0x4F, 0xCD, 0x3A, 0x74, 0xE5, 0x1C, 0xD3, 0xCE, 0x63, 0x18, 0x50, 
	0x22, 0xA5, 0x23, 0x54, 0x1B, 0xA9, 0x60, 0x59, 0xC7, 0x65, 0xE8, 0xAE, 0xE9, 0x46, 0x09, 0x05, 
	0xBF, 0x81, 0x27, 0x20, 0x19, 0xB9, 0x7C, 0x8C, 0x27, 0xC8, 0x70, 0x6A, 0x39, 0x36, 0x57, 0x21, 
	0x1D, 0x2A, 0x7A, 0xC5, 0x6A, 0xA8, 0x48, 0x84, 0x3F, 0x39, 0xAA, 0x3E, 0xA7, 0x1A, 0x45, 0xEF, 
	0xF9, 0x6D, 0x34, 0xC4, 0xF8, 0x4F, 0xD7, 0xE9, 0x1E, 0xE7, 0xE8, 0x1B, 0xC4, 0x27, 0x9C, 0x2B, 
	0x80, 0x0F, 0xD9, 0xC4, 0x6A, 0xB2, 0x8F, 0xE3, 0x0E, 0x35, 0x72, 0x61, 0xB5, 0xBA, 0xEC, 0x27, 
	0x4A, 0xA8, 0xEE, 0x1E, 0xDD, 0xFB, 0xE4, 0xDB, 0xDB, 0xE2, 0x0B, 0x9F, 0x5B, 0xF6, 0x91, 0xCC, 
	0x70, 0x46, 0x9A, 0x89, 0x8D, 0xAE, 0xD2, 0xEE, 0x10, 0xEC, 0xAD, 0x1D, 0x6D, 0x58, 0xCB, 0x47, 
	0xA6, 0xC9, 0x30, 0xE0, 0x66, 0x85, 0xD5, 0xBA, 0xAC, 0x4B, 0x1C, 0x3D, 0xC7, 0x3B, 0x25, 0x3F, 
	0x93, 0xD5, 0xED, 0xA7, 0x7A, 0x09, 0x15, 0xD3, 0xCC, 0x22, 0xA2, 0x9B, 0x5C, 0x94, 0x2C, 0xE7, 
	0xAC, 0x4B, 0x87, 0x73, 0x21, 0x13, 0x6E, 0xA3, 0x65, 0xC1, 0x7E, 0x41, 0x45, 0xB4, 0xD3, 0x74, 
	0x6A, 0xCC, 0xF5, 0xEB, 0xEC, 0xA8, 0xBD, 0xB2, 0x88, 0x50, 0xA6, 0x73, 0x26, 0xA7, 0x98, 0x80, 
	0x84, 0xAE, 0xAC, 0x31, 0xEB, 0x5E, 0xC8, 0x8A, 0x86, 0x10, 0x55, 0x4F, 0x07, 0x00, 0x70, 0x1B, 
	0xEB, 0x46, 0xBD, 0x7B, 0xD1, 0x17, 0x96, 0x41, 0x11, 0x42, 0xD1, 0x6C, 0x9F, 0x59, 0x2C, 0x10, 
	0x1D, 0x94, 0x15, 0xCD, 0xE3, 0x98, 0x70, 0x16, 0x42, 0xCB, 0xCA, 0x66, 0x73, 0x10, 0x44, 0xB5, 
	0xED, 0x43, 0x47, 0xAA, 0x4C, 0x41, 0xE4, 0x1C, 0xDE, 0xBB, 0x44, 0x92, 0xD3, 0xD7, 0x59, 0x85, 
	0x07, 0x9B, 0x21, 0x72, 0x1C, 0x8A, 0x46, 0xB7, 0x75, 0xD1, 0xD3, 0xB2, 0x2D, 0x62, 0xE9, 0xA5, 
	0xB9, 0xE7, 0x65, 0x3E, 0x7D, 0xC4, 0x50, 0x8F, 0x3D, 0x6D, 0xD0, 0x5C, 0xE0, 0xFA, 0xEF, 0x98, 
	0x67, 0x6D, 0x24, 0x5A, 0xD9, 0x99, 0x9F, 0xC5, 0x90, 0xDD, 0x64, 0xBA, 0xD6, 0x22, 0x79, 0xDE, 
	0x61, 0x6E, 0xCB, 0x1C, 0xDB, 0xB5, 0xC4, 0xDB, 0xD7, 0x3A, 0x76, 0x54, 0x22, 0x18, 0x3C, 0xA9, 
	0x27, 0xA5, 0x5B, 0x26, 0xAC, 0x81, 0x45, 0x3D, 0xB6, 0xC1, 0x42, 0x53, 0x68, 0xC0, 0x6C, 0x57, 
	0x81, 0x06, 0x41, 0x6F, 0xF8, 0xA4, 0xC7, 0xDF, 0x41, 0xD1, 0xEF, 0x7C, 0xF6, 0x12, 0xE3, 0x1D, 
	0xB3, 0x16, 0xD7, 0xAA, 0x37, 0xA3, 0x53, 0xE5, 0xCB, 0x55, 0x2A, 0x80, 0xE0, 0x88, 0x8F, 0x9F, 
	0x8A, 0xD2, 0x57, 0xD2, 0x89, 0xAE, 0x37, 0x51, 0x80, 0x3A, 0xE1, 0xF7, 0x1F, 0x30, 0x0F, 0xC5, 
	0x61, 0x56, 0xBC, 0x1B, 0x26, 0xEF, 0x5B, 0x6E, 0x32, 0x67, 0xC0, 0xA8, 0x80, 0x07, 0x38, 0x2C, 
	0x6A, 0x33, 0x70, 0x17, 0x52, 0x8A, 0x43, 0xAA, 0x7D, 0x39, 0xF1, 0x5C, 0x37, 0x7C, 0x21, 0xA1, 
	0xD9, 0x4C, 0xE4, 0xD5, 0x85, 0xDA, 0x4C, 0x28, 0x09, 0xED, 0x9D, 0x62, 0x8E, 0x6E, 0x1B, 0x29, 
	0xCF, 0x5E, 0x10, 0x37, 0x6F, 0x69, 0x9A, 0x3F, 0x91, 0xBC, 0xA1, 0x57, 0x4A, 0x65, 0xF7, 0x41, 
	0xAE, 0xAD, 0x3C, 0xA0, 0x5D, 0x50, 0x7F, 0x3E, 0x1B, 0xE0, 0x23, 0x92, 0x9D, 0x80, 0x40, 0x93, 
	0x1A, 0x9D, 0x6D, 0xA0, 0x0E, 0xF4, 0x5F, 0x08, 0xDF, 0xC6, 0x48, 0x04, 0x65, 0xDE, 0xF8, 0xE3, 
	0x0F, 0x5B, 0x65, 0x81, 0xED, 0xCC, 0xCC, 0xA0, 0xCF, 0x3A, 0x9C, 0x81, 0x51, 0x76, 0x2F, 0x35, 
	0x20, 0x62, 0xBE, 0xF3, 0x71, 0x8F, 0xE8, 0xDF, 0x42, 0x44, 0x2F, 0xAE, 0xD1, 0x7D, 0xC1, 0xC8, 
	0xA1, 0x3F, 0x1E, 0xAF, 0xB2, 0x5A, 0x52, 0x0A, 0x44, 0xD1, 0x74, 0x92, 0x7A, 0x23, 0xC2, 0x92, 
	0x95, 0x09, 0x2C, 0x1E, 0x1A, 0xE0, 0x41, 0x65, 0xEC, 0x47, 0x96, 0x0F, 0xE2, 0x3E, 0x76, 0xD8, 
	0xF3, 0x2D, 0xE5, 0xCF, 0x30, 0x7C, 0xA7, 0xF4, 0x3D, 0xD6, 0xB2, 0x95, 0x1A, 0xBF, 0x6A, 0xF4, 
	0xC1, 0xE2, 0xB4, 0x51, 0xB3, 0x5D, 0x88, 0x08, 0x20, 0xBC, 0xA5, 0xE4, 0x4A, 0xAA, 0x9B, 0xD1, 
	0x27, 0x0A, 0x4D, 0xA0, 0x17, 0x5B, 0xC9, 0xBA, 0x0B, 0x50, 0x73, 0x8A, 0x49, 0x45, 0xB3, 0x8F, 
	0x8C, 0x7B, 0x3E, 0x04, 0x11, 0xB6, 0x8F, 0xDA, 0x85, 0xDD, 0x57, 0x7A, 0x8F, 0xF7, 0x1E, 0x2B, 
	0xDC, 0xDF, 0xA7, 0x5A, 0x4B, 0x8D, 0x2B, 0x59, 0xBA, 0x54, 0xB3, 0xC9, 0x5B, 0xF5, 0xDF, 0x35, 
	0x8F, 0x42, 0x99, 0xF9, 0x26, 0x73, 0x5F, 0xE7, 0x79, 0xB2, 0x93, 0x40, 0xAC, 0xC4, 0x3F, 0x2F, 
	0xA9, 0xA3, 0x38, 0x4E, 0xD7, 0x42, 0x7C, 0xB5, 0x22, 0xEA, 0x60, 0xE6, 0xBB, 0xD2, 0x65, 0x84, 
	0x1A, 0xAD, 0x95, 0x50, 0xEC, 0x75, 0x7C, 0xE9, 0x0E, 0x5E, 0x3B, 0xE0, 0xAE, 0x3B, 0xBF, 0xE6, 
	0x95, 0x5D, 0x2D, 0x3B, 0xF1, 0x18, 0x0D, 0x6A, 0x79, 0x66, 0x2A, 0xCA, 0x11, 0x39, 0x2E, 0x09, 
	0xEE, 0x68, 0xBF, 0x4A, 0xD6, 0x22, 0xC9, 0x69, 0xDC, 0x1D, 0x09, 0x7C, 0xAE, 0x0A, 0xD0, 0x37, 
	0x49, 0x16, 0x9F, 0x1B, 0xF0, 0x47, 0x6B, 0xE4, 0xDD, 0xD5, 0xD0, 0xA6, 0x0E, 0x29, 0x97, 0xEA, 
	0xCF, 0xDA, 0xBA, 0x82, 0x46, 0x6F, 0xAB, 0xA0, 0x69, 0xF8, 0xA6, 0x5D, 0x17, 0x64, 0x06, 0x9F, 
	0x3E, 0xDB, 0xA4, 0x21, 0x5A, 0x8A, 0xA3, 0x5C, 0xED, 0x7E, 0xEB, 0xD8, 0xA2, 0x2A, 0x69, 0x3F, 
	0xC5, 0xB7, 0xE4, 0xE2, 0xBE, 0xF4, 0xCD, 0xB3, 0x96, 0x5F, 0x95, 0x0C, 0x52, 0x2A, 0x32, 0xAB, 
	0x70, 0xDF, 0x11, 0xCC, 0xCC, 0x42, 0x22, 0xAE, 0x1A, 0x8C, 0x0D, 0x22, 0xDB, 0x37, 0xBE, 0xBE, 
	0xD1, 0x9A, 0xA8, 0x98, 0x0C, 0xAD, 0x4F, 0x76, 0x19, 0x6D, 0x5D, 0x62, 0x1F, 0x8D, 0xC3, 0x81, 
	0x97, 0x43, 0xA4, 0x19, 0x17, 0x1D, 0xAF, 0xBE, 0x3F, 0x63, 0x80, 0x8A, 0x15, 0xD4, 0x3A, 0x07, 
	0x64, 0x2A, 0x44, 0x16, 0x03, 0x3B, 0xAF, 0x99, 0x3E, 0x84, 0x52, 0x94, 0x39, 0x75, 0x7D, 0x0A, 
	0x15, 0x20, 0x3A, 0xE5, 0x3F, 0x83, 0xA0, 0x07, 0x0B, 0x40, 0xAB, 0x5B, 0x82, 0x46, 0xAB, 0x6F, 
	0xBB, 0x1E, 0xDE, 0x1C, 0xB8, 0xAD, 0xF8, 0x84, 0xF7, 0xF3, 0xBB, 0x17, 0x92, 0x3C, 0x83, 0x0B, 
	0xE0, 0xBE, 0x64, 0xBE, 0x53, 0x54, 0x87, 0xC6, 0xD5, 0x86, 0xCB, 0x22, 0xC6, 0x0E, 0x93, 0x1C, 
	0xA5, 0x26, 0x9C, 0x99, 0x72, 0xA1, 0x79, 0x61, 0xF7, 0x19, 0xBC, 0x86, 0x65, 0xB2, 0x76, 0x09, 
	0xB8, 0x56, 0x9C, 0x3F, 0x9E, 0xEA, 0x7E, 0x36, 0x8D, 0x84, 0xF6, 0xB1, 0x9E, 0x4D, 0xB3, 0xEC, 
	0xB1, 0x0B, 0x6D, 0xEB, 0x79, 0x4E, 0xE2, 0x41, 0x85, 0x42, 0x84, 0xEB, 0xDE, 0x62, 0x40, 0x52, 
	0xE4, 0x2D, 0x67, 0x48, 0xA2, 0x46, 0xE0, 0x25, 0xD0, 0xAF, 0x49, 0x35, 0xC7, 0xC1, 0x3E, 0xA3, 
	0xED, 0x8E, 0x3E, 0xAA, 0x51, 0x59, 0x79, 0xCC, 0x90, 0xEA, 0x0B, 0x94, 0x77, 0x26, 0x4A, 0x08, 
	0x63, 0x82, 0x1A, 0x1E, 0xE7, 0xC8, 0xB1, 0x37, 0xE9, 0x75, 0x98, 0x1C, 0x5F, 0xA1, 0xB3, 0xBC, 
	0x46, 0x83, 0xC7, 0xB0, 0xA9, 0x0D, 0xB4, 0xB0, 0xA6, 0x92, 0x1D, 0x12, 0xB9, 0x85, 0x67, 0xF6, 
	0xDA, 0xC4, 0xE3, 0x47, 0x43, 0x78, 0x1C, 0xD9, 0xCA, 0x47, 0xD0, 0x10, 0x7F, 0xB0, 0x2F, 0x6D, 
	0x1A, 0xC8, 0xD2, 0x1D, 0x59, 0x16, 0xA0, 0x32, 0x16, 0x9B, 0x9A, 0x2F, 0x7C, 0x81, 0xBD, 0xDC, 
	0x8D, 0x43, 0xF6, 0x7A, 0x85, 0xDF, 0xCE, 0x69, 0xF2, 0xA4, 0xBA, 0x08, 0x82, 0x38, 0xF6, 0xCD, 
	0x93, 0x4C, 0xEA, 0x53, 0x62, 0xC6, 0x9E, 0x69, 0xBE, 0xA3, 0x41, 0x06, 0x90, 0xAA, 0xF1, 0x22, 
	0x6B, 0x61, 0x71, 0xC8, 0xC9, 0x18, 0xDC, 0xBE, 0xB9, 0x1D, 0xEA, 0x49, 0xE0, 0xFB, 0x0E, 0x9D, 
	0x78, 0xD8, 0xAB, 0x10, 0xD9, 0x0A, 0x61, 0x41, 0x40, 0x21, 0x99, 0x08, 0x15, 0x15, 0x08, 0xDB, 
	0x2B, 0x8D, 0x3D, 0x99, 0x4A, 0x93, 0xD9, 0xB4, 0xF0, 0x39, 0x12, 0x55, 0x44, 0x5E, 0x6E, 0x91, 
	0x3D, 0x76, 0x67, 0x48, 0x27, 0x10, 0x31, 0x63, 0xC4, 0xAE, 0x4A, 0xCD, 0x3A, 0x59, 0x63, 0x41, 
	0xE3, 0x4F, 0x34, 0x85, 0x60, 0x92, 0x96, 0xD3, 0x39, 0x85, 0x8C, 0x18, 0x65, 0x42, 0xD9, 0xFA, 
	0xF0, 0x22, 0x7A, 0x4C, 0x9F, 0xD5, 0xA0, 0x50, 0x3E, 0xDF, 0xA2, 0x70, 0x4E, 0x9D, 0xD8, 0xF0, 
	0xB3, 0x0A, 0x26, 0x73, 0x97, 0xB0, 0x65, 0x7F, 0xAC, 0xBA, 0xC8, 0x90, 0x4C, 0x09, 0x5A, 0x0C, 
	0x56, 0xBA, 0x32, 0x99, 0xF2, 0xC6, 0xA8, 0x37, 0x27, 0x6A, 0x07, 0x0F, 0xE1, 0x96, 0xA9, 0x88, 
	0x0D, 0x43, 0xC1, 0x98, 0xA5, 0x20, 0xEB, 0xD3, 0x48, 0x6F, 0x15, 0x27, 0xF6, 0xA5, 0x5B, 0xA9, 
	0xDC, 0x76, 0x92, 0x1C, 0xDB, 0xC8, 0xB9, 0x22, 0xB0, 0xEB, 0xAF, 0x43, 0xB4, 0x69, 0x74, 0x59, 
	0x2F, 0x99, 0xA8, 0x62, 0x5F, 0x85, 0x6B, 0xB2, 0x78, 0x5B, 0x94, 0x8E, 0xCB, 0x8D, 0xA3, 0xA3, 
	0x8E, 0x48, 0xBB, 0xCF, 0x5E, 0x5D, 0xA0, 0xD2, 0xC8, 0x23, 0xBD, 0xC7, 0x94, 0xD2, 0x49, 0x81, 
	0x08, 0x9B, 0x52, 0x8E, 0xC2, 0x3B, 0x47, 0xD3, 0x79, 0x2F, 0x71, 0xAE, 0x25, 0xBB, 0x85, 0x6F, 
	0x21, 0x4E, 0xA4, 0x32, 0x67, 0x84, 0x9E, 0xEE, 0xDC, 0xB4, 0x5B, 0xBD, 0x74, 0x2A, 0x86, 0xEC, 
	0x1F, 0xE5, 0x27, 0x34, 0xF6, 0xEB, 0x7F, 0xB5, 0x1C, 0xA1, 0xAA, 0xC8, 0x88, 0xCD, 0x9C, 0x5B, 
	0xE9, 0xB9, 0x2C, 0xD3, 0x58, 0xC6, 0x54, 0xCC, 0x21, 0x71, 0x5C, 0x88, 0x7D, 0x29, 0x25, 0x4C, 
	0x96, 0x2C, 0x68, 0x97, 0x62, 0xF0, 0x5F, 0x8F, 0xD3, 0x96, 0x29, 0x59, 0xB7, 0xC4, 0xF6, 0x7B, 
	0x10, 0x99, 0xF9, 0xCE, 0x7B, 0x44, 0xB5, 0x98, 0x58, 0x2F, 0xA9, 0xC5, 0x0E, 0x25, 0x54, 0x15, 
	0x64, 0xF6, 0x70, 0x57, 0x5D, 0x30, 0x98, 0x70, 0xD7, 0xBF, 0xB3, 0x34, 0x9F, 0x3D, 0x19, 0x9B, 
	0x24, 0x3D, 0xD4, 0x44, 0x65, 0x82, 0x54, 0x31, 0x0A, 0xA9, 0x1E, 0x62, 0x7F, 0x0A, 0xC1, 0x7F, 
	0x0C, 0x21, 0x3B, 0x4B, 0x97, 0xED, 0x74, 0x24, 0xEA, 0x0B, 0x11, 0x52, 0x4A, 0x4C, 0xCE, 0x7F, 
	0x82, 0xC7, 0x58, 0xAE, 0xD2, 0xB2, 0xEE, 0x58, 0x53, 0xD4, 0x4B, 0x97, 0x8E, 0x2B, 0x8D, 0x92, 
	0x9F, 0x58, 0xE3, 0xA5, 0xDC, 0x2C, 0x58, 0x41, 0x90, 0x3D, 0xDB, 0x31, 0xD7, 0xA9, 0x77, 0x71, 
	0x39, 0x82, 0xDE, 0xF5, 0x9E, 0x77, 0xD2, 0x7B, 0xF9, 0x90, 0xC8, 0xE5, 0xF1, 0x7D, 0x2C, 0x24, 
	0x09, 0x58, 0x62, 0xC4, 0x21, 0x36, 0x53, 0x2F, 0xD2, 0x55, 0xAA, 0x51, 0xB9, 0x7D, 0xA9, 0xB4, 
	0xDF, 0xBB, 0xE9, 0x26, 0xBA, 0x0C, 0xA5, 0xE4, 0x84, 0xB0, 0x2F, 0x0F, 0x97, 0x6D, 0x72, 0xC4, 
	0xBA, 0x0A, 0x7A, 0x78, 0x67, 0x22, 0xB4, 0x19, 0x85, 0x36, 0xE0, 0xAD, 0x6D, 0x7E, 0x8B, 0x44, 
	0xCC, 0xB9, 0xBB, 0x85, 0x73, 0x1A, 0x7F, 0xAB, 0xE9, 0x47, 0xBF, 0x25, 0x9F, 0xFB, 0xBD, 0xDB, 
	0xD9, 0x26, 0xF5, 0xB1, 0x0A, 0x58, 0x52, 0xD9, 0x1C, 0xD2, 0xE8, 0x78, 0x8C, 0xEE, 0x9B, 0xD5, 
	0x0C, 0xD0, 0x89, 0xC9, 0x0D, 0xE4, 0xD6, 0xA1, 0x0E, 0x2F, 0xE4, 0x72, 0x4A, 0xB2, 0xB3, 0x8B, 
	0x35, 0x89, 0x8A, 0xB2, 0x5D, 0xEC, 0x4D, 0x4D, 0x89, 0x48, 0xED, 0x29, 0xF2, 0xA4, 0xB4, 0x0D, 
	0x11, 0x7A, 0x67, 0xDE, 0xF2, 0x5D, 0x81, 0x5A, 0x3D, 0x84, 0xD3, 0x9B, 0xEA, 0xA1, 0x7A, 0xB9, 
	0x3C, 0x35, 0xAC, 0x20, 0xF0, 0x76, 0x31, 0xD4, 0xB1, 0x7D, 0x37, 0x72, 0xAA, 0xD5, 0x39, 0x1D, 
	0x43, 0x15, 0x5F, 0xF6, 0xE4, 0xA4, 0xD2, 0x45, 0x95, 0x53, 0x9D, 0x88, 0x28, 0x48, 0x89, 0x31, 
	0x06, 0x02, 0xE2, 0xB9, 0x9D, 0xEB, 0x10, 0xCD, 0xE3, 0x8E, 0xB8, 0x7C, 0xC1, 0x73, 0xC4, 0x3C, 
	0x89, 0x0C, 0x61, 0x93, 0xA0, 0xA9, 0x7D, 0x7F, 0xD5, 0x9F, 0x53, 0x65, 0x9F, 0xD4, 0xDA, 0x5F, 
	0x5E, 0xE4, 0x9F, 0xAB, 0x28, 0x0B, 0x31, 0x49, 0x39, 0x88, 0x7F, 0x80, 0x8E, 0xC7, 0x95, 0x3B, 
	0x7F, 0xCF, 0x48, 0x6E, 0x25, 0xC9, 0x94, 0x14, 0x5B, 0x88, 0xD0, 0xAD, 0x49, 0xE2, 0xB7, 0x8B, 
	0xAD, 0xE7, 0x10, 0x5B, 0x91, 0xE4, 0x86, 0x17, 0x5E, 0x9B, 0x69, 0x26, 0x79, 0xCA, 0x24, 0xC2, 
	0x68, 0xF2, 0xB8, 0x99, 0x82, 0x07, 0x90, 0xA8, 0x37, 0x3B, 0x04, 0x14, 0x14, 0xA5, 0xD6, 0xCB, 
	0x13, 0x08, 0x59, 0x7E, 0x26, 0x37, 0x29, 0xC8, 0xBD, 0xE6, 0x42, 0x44, 0x2B, 0xE5, 0x59, 0x60, 
	0x1C, 0x02, 0x61, 0x61, 0x07, 0xA7, 0x77, 0xCF, 0x0F, 0xD2, 0x9A, 0xA7, 0x43, 0xCF, 0x6C, 0xEF, 
	0x36, 0x4F, 0xB3, 0x10, 0x23, 0x30, 0xBC, 0xE9, 0x56, 0x97, 0xAB, 0x13, 0x55, 0x22, 0x88, 0x39, 
	0x32, 0x7B, 0xD7, 0x6D, 0x1A, 0xC9, 0x81, 0xD7, 0x3A, 0x98, 0x40, 0xAD, 0x21, 0x9B, 0xE9, 0xAA, 
	0x7C, 0xD4, 0x1E, 0x36, 0x1E, 0x8A, 0x59, 0x91, 0xC5, 0xE9, 0x5D, 0xE8, 0xF1, 0xE5, 0x8D, 0x50, 
	0xDF, 0x13, 0x87, 0x90, 0x51, 0xE6, 0x6E, 0xD0, 0xBC, 0xBB, 0x7F, 0xC7, 0x2E, 0xCB, 0x60, 0x48, 
	0xF5, 0xC1, 0x65, 0x92, 0xB1, 0x9B, 0x54, 0xC0, 0x7D, 0x1D, 0xB4, 0xA5, 0x10, 0x43, 0x6E, 0x71, 
	0x17, 0x42, 0xCE, 0x0F, 0x63, 0x0F, 0x54, 0x99, 0x4B, 0x79, 0xCC, 0xCE, 0x12, 0xAF, 0x15, 0x05, 
	0x64, 0x2A, 0x65, 0xE9, 0xB9, 0x27, 0x83, 0x40, 0x63, 0x6C, 0x46, 0x30, 0xD3, 0xD2, 0xD0, 0x3C, 
	0x43, 0xD0, 0xF6, 0x44, 0x45, 0xBA, 0xD2, 0xD7, 0x32, 0x27, 0x8F, 0xDF, 0x95, 0x26, 0xC1, 0xD4, 
	0x20, 0x3F, 0xDB, 0x65, 0x26, 0x74, 0x38, 0x83, 0x32, 0x35, 0x43, 0xD2, 0xC7, 0xA4, 0xA0, 0xEF, 
	0xA8, 0x76, 0x26, 0xE7, 0xF5, 0x2B, 0xC7, 0xF1, 0x64, 0x16, 0x0E, 0x72, 0xB2, 0x72, 0xB2, 0x7B, 
	0x15, 0x3D, 0x70, 0x48, 0x18, 0x7A, 0x07, 0xE8, 0x2B, 0xC3, 0xF2, 0x3C, 0x58, 0x58, 0x40, 0xC8, 
	0x17, 0xCB, 0x6D, 0x26, 0xA8, 0xD5, 0xA1, 0x29, 0x7D, 0x97, 0x6E, 0x41, 0x8F, 0x86, 0x69, 0x75, 
	0xF8, 0x66, 0x9B, 0x4E, 0xD3, 0x9E, 0xF4, 0x9B, 0x3C, 0x86, 0x78, 0x1D, 0x42, 0x1C, 0x70, 0xAE, 
	0x0A, 0xAF, 0xC5, 0x2A, 0xC2, 0x10, 0x09, 0x63, 0xDB, 0x24, 0xBE, 0x3F, 0x6F, 0xCC, 0xDA, 0x24, 
	0x31, 0xE1, 0xD6, 0x60, 0xD8, 0xBE, 0x91, 0x5B, 0x10, 0xD3, 0xD6, 0xAD, 0x65, 0x97, 0x70, 0x50, 
	0xA3, 0xE5, 0x27, 0x7F, 0xC9, 0x6B, 0x35, 0x7D, 0x6C, 0x0D, 0x17, 0xA6, 0xBE, 0x47, 0x70, 0x80, 
	0xA7, 0x2D, 0x6F, 0xAE, 0xBA, 0x5D, 0x9F, 0xDB, 0xE4, 0x38, 0x07, 0x50, 0xB1, 0x15, 0xBD, 0x29, 
	0xC3, 0x3F, 0x3F, 0x21, 0x61, 0x31, 0xAB, 0xF9, 0xBF, 0xD1, 0x4E, 0x28, 0x15, 0x56, 0xF1, 0x88, 
	0x0C, 0x6C, 0xB0, 0xCB, 0x39, 0x6C, 0x77, 0x96, 0xAE, 0xFA, 0xDD, 0xC4, 0x6E, 0x3A, 0x74, 0x6E, 
	0xE0, 0x86, 0xD8, 0x23, 0x62, 0x25, 0x75, 0x35, 0x16, 0xEA, 0x2E, 0x78, 0x30, 0x19, 0x9A, 0xC8, 
	0x99, 0x27, 0xBB, 0x77, 0x2F, 0x7E, 0xB9, 0xBF, 0x09, 0xBC, 0x24, 0xEC, 0xD2, 0x65, 0xE5, 0x44, 
	0x19, 0x9E, 0x90, 0xDF, 0xCC, 0x8E, 0xE9, 0x44, 0x5D, 0xEA, 0x6C, 0xC6, 0xEE, 0x17, 0x06, 0xBD, 
	0x51, 0x9C, 0xAB, 0xB8, 0xB9, 0xA4, 0x85, 0x57, 0x1A, 0x0A, 0x70, 0x2E, 0x63, 0x57, 0xEB, 0x68, 
	0x2A, 0x86, 0xDA, 0x31, 0xB6, 0x40, 0xD1, 0x0A, 0x2A, 0x51, 0xA4, 0x7B, 0x6E, 0x4D, 0x2C, 0xA5, 
	0xC2, 0x5D, 0x6A, 0xEB, 0x1B, 0x65, 0x4E, 0x24, 0xD0, 0x64, 0x71, 0xE9, 0xCB, 0x78, 0xBD, 0x7A, 
	0x85, 0x28, 0x35, 0xE4, 0x88, 0x8D, 0x6B, 0x2E, 0xAE, 0xB0, 0x73, 0x38, 0xD4, 0x74, 0x7A, 0x7A, 
	0x42, 0xBC, 0xDD, 0xBF, 0x97, 0xEC, 0xFB, 0xBB, 0xD0, 0x5F, 0x8F, 0x16, 0xC0, 0x9A, 0xF2, 0xE1, 
	0x51, 0x6A, 0xE3, 0x72, 0x96, 0x66, 0x3C, 0x33, 0xD3, 0xA4, 0x33, 0xED, 0x9B, 0x9E, 0xC6, 0xF6, 
	0xAF, 0x5C, 0xCB, 0x0E, 0xC6, 0xDF, 0xDE, 0x74, 0x3A, 0x97, 0x37, 0xA7, 0x58, 0x2D, 0x96, 0xC6, 
	0x3A, 0x5F, 0x35, 0x39, 0x8F, 0x2D, 0x4A, 0x51, 0x2A, 0xC5, 0x3D, 0xED, 0x32, 0x7F, 0x52, 0xB1, 
	0x9D, 0xA0, 0xEA, 0xFA, 0x73, 0x67, 0xA6, 0x6A, 0xE3, 0xCB, 0xA4, 0x29, 0x83, 0x23, 0x1E, 0x21, 
	0xA4, 0x16, 0x38, 0x24, 0x39, 0xC8, 0x0F, 0x88, 0xCC, 0xDA, 0xCA, 0xBD, 0x45, 0x51, 0xAF, 0x10, 
	0x49, 0x2A, 0xC9, 0x1A, 0x47, 0x3B, 0x76, 0x8A, 0x6C, 0x93, 0x16, 0x1E, 0x9F, 0xE6, 0x5B, 0xA3, 
	0xBB, 0x89, 0x0E, 0x46, 0x79, 0xCC, 0x42, 0xAF, 0xA8, 0x82, 0x10, 0x18, 0xA9, 0xC7, 0xFC, 0x1B, 
	0x99, 0x87, 0xF3, 0x17, 0x61, 0x97, 0xD0, 0x8C, 0xE7, 0xB6, 0x99, 0x91, 0x1D, 0x88, 0x81, 0xD6, 
	0x2A, 0xDA, 0x96, 0x12, 0x66, 0x30, 0x26, 0x56, 0x36, 0x75, 0x0E, 0x1E, 0x75, 0x2E, 0x9F, 0xB3, 
	0x27, 0x54, 0xC8, 0xF2, 0xE6, 0x51, 0xA1, 0xD9, 0x46, 0xDE, 0x42, 0xAE, 0x74, 0x8F, 0x4A, 0x0B, 
	0x3A, 0x40, 0xB1, 0x20, 0x41, 0x72, 0x65, 0xD4, 0xA2, 0x87, 0xB9, 0x34, 0xBC, 0x49, 0x7C, 0x9F, 
	0x0B, 0x3C, 0x9A, 0x1B, 0x1E, 0x96, 0x46, 0xBE, 0xE4, 0xF1, 0xE4, 0x11, 0x69, 0x09, 0xB0, 0x47, 
	0x13, 0xC5, 0x3B, 0x63, 0x6A, 0xB2, 0x09, 0x57, 0xB6, 0x77, 0xF9, 0xEC, 0xDA, 0x6E, 0xCE, 0x54, 
	0x28, 0xE3, 0xA9, 0x11, 0x82, 0x64, 0x6A, 0x4B, 0x05, 0xA0, 0x66, 0x59, 0xE7, 0x86, 0x4B, 0x62, 
	0x51, 0xB3, 0xBC, 0x30, 0x6A, 0x89, 0x6F, 0xC5, 0xFA, 0x20, 0x94, 0x47, 0x35, 0x74, 0x4B, 0xF4, 
	0x13, 0x12, 0x03, 0xA9, 0xC0, 0xFB, 0x49, 0x3E, 0x61, 0xD8, 0x7A, 0xB4, 0xF9, 0x32, 0xD3, 0x17, 
	0x50, 0x3C, 0xD9, 0xEC, 0xFF, 0x20, 0x7D, 0xD5, 0x8D, 0x4C, 0x3B, 0x6C, 0x73, 0xCD, 0xF5, 0xB3, 
	0xD7, 0x76, 0xB9, 0x38, 0x90, 0x57, 0x53, 0x3A, 0x7B, 0x75, 0xB8, 0x7F, 0xCA, 0xA4, 0xB2, 0xAF, 
	0x1C, 0x92, 0x21, 0x75, 0xF9, 0x0E, 0x7A, 0x0D, 0x29, 0xE6, 0x7B, 0xE4, 0x63, 0x65, 0x57, 0x3B, 
	0x67, 0xC9, 0xC4, 0xFB, 0xF1, 0xD6, 0x99, 0x9D, 0x73, 0x55, 0xB9, 0x51, 0xB5, 0x24, 0x7E, 0x78, 
	0x44, 0x18, 0xCD, 0xE1, 0x74, 0x83, 0x13, 0x95, 0x54, 0xEB, 0xCE, 0x7C, 0xDA, 0xA8, 0x4F, 0x30, 
	0x36, 0xEC, 0xF0, 0xCD, 0xEE, 0x79, 0x67, 0x90, 0x07, 0x65, 0xEA, 0x19, 0x43, 0x52, 0x5D, 0x62, 
	0x2A, 0x0B, 0x53, 0x82, 0x7D, 0x54, 0x42, 0x9B, 0x1C, 0x45, 0x9E, 0x30, 0x10, 0x8A, 0x23, 0xE7, 
	0x68, 0xB6, 0x0B, 0x94, 0xCF, 0xB3, 0x8C, 0x0F, 0x96, 0xAC, 0xAC, 0xF4, 0x24, 0x7E, 0xC3, 0x39, 
	0xB7, 0xC9, 0xD3, 0x0C, 0x78, 0xAD, 0x92, 0xE4, 0x43, 0xE2, 0x4D, 0x56, 0x2E, 0xA2, 0x87, 0xA1, 
	0xB8, 0xFA, 0xA7, 0xB3, 0xFB, 0x97, 0x32, 0xB5, 0x5B, 0x20, 0x34, 0x7B, 0x10, 0x71, 0xA0, 0x75, 
	0xA1, 0xB8, 0x6D, 0x4C, 0xE4, 0x6E, 0xD8, 0x1B, 0x2B, 0xD4, 0xEC, 0x9C, 0x9E, 0xF6, 0x9E, 0x39, 
	0xAA, 0xA3, 0x63, 0xA4, 0x0F, 0xA0, 0xE2, 0x30, 0xE8, 0xC6, 0xB4, 0x69, 0x16, 0x77, 0x43, 0x74, 
	0x24, 0x3E, 0x1E, 0x89, 0x6E, 0xCA, 0x74, 0x84, 0xF2, 0x32, 0xB1, 0xD6, 0xF2, 0x24, 0xD8, 0x64, 
	0x60, 0x95, 0xB2, 0x4F, 0xA2, 0x0B, 0xA9, 0x9B, 0xCA, 0xAF, 0x3E, 0xB2, 0x56, 0x6D, 0x5A, 0x57, 
	0x27, 0xC8, 0xD8, 0x50, 0xCA, 0xBA, 0xF9, 0x70, 0x59, 0xE0, 0xAB, 0x46, 0xDA, 0x2E, 0x42, 0x9C, 
	0x8F, 0xCE, 0xFB, 0xC2, 0xB9, 0x4D, 0xEA, 0x2A, 0xF1, 0xF4, 0xC4, 0xC6, 0x1D, 0xA5, 0x11, 0xEF, 
	0x4F, 0xDC, 0x76, 0x45, 0x08, 0x89, 0x96, 0xB7, 0xB0, 0x32, 0xAB, 0x4F, 0x47, 0xBB, 0x1B, 0x3C, 
	0xA1, 0x51, 0x82, 0x6F, 0x4B, 0x96, 0x78, 0x95, 0x32, 0xAF, 0x33, 0x2B, 0xC8, 0x25, 0xD3, 0x0F, 
	0xC1, 0xF7, 0xA6, 0x84, 0x30, 0x38, 0xBE, 0x32, 0x09, 0x20, 0x9E, 0xB2, 0x31, 0x18, 0x10, 0x44, 
	0xB5, 0x18, 0x75, 0x0A, 0x83, 0xA5, 0x78, 0x98, 0xC4, 0x1F, 0x47, 0xC1, 0x20, 0x34, 0xB4, 0xEE, 
	0x94, 0x9D, 0x17, 0x5B, 0x87, 0x2B, 0x69, 0x4B, 0x13, 0xE4, 0x49, 0x7C, 0xB9, 0xDB, 0x5E, 0x90, 
	0x88, 0x2D, 0xEB, 0x81, 0xCB, 0xA7, 0x8C, 0x94, 0xC6, 0x51, 0xBE, 0xC5, 0xB7, 0xE6, 0xFE, 0xF6, 
	0x35, 0x5D, 0x49, 0x6F, 0x87, 0x59, 0xDA, 0x64, 0x29, 0xC0, 0x36, 0xF3, 0x57, 0x4E, 0x77, 0xBD, 
	0x74, 0xA9, 0xF1, 0x1D, 0x95, 0x58, 0xB7, 0xB8, 0xDF, 0x8C, 0x3C, 0x93, 0x92, 0xB8, 0x6C, 0x1A, 
	0xCD, 0xD9, 0xBE, 0xA1, 0xBC, 0x4D, 0xD2, 0x83, 0x4B, 0xE1, 0xFB, 0xC3, 0x6B, 0x33, 0x63, 0x38, 
	0x7F, 0xB3, 0x67, 0x55, 0x95, 0xF7, 0x7A, 0xF7, 0x6D, 0x11, 0x29, 0xED, 0xBF, 0xB0, 0x25, 0x1D, 
	0x68, 0xAA, 0xC9, 0x1D, 0xDD, 0x10, 0x72, 0x87, 0x26, 0x8E, 0x22, 0xA4, 0xA6, 0xCD, 0x7C, 0x27, 
	0x6B, 0x6C, 0x15, 0x0C, 0x8F, 0x69, 0x8A, 0x28, 0x55, 0x24, 0x03, 0xDA, 0x78, 0x5D, 0xAC, 0x9E, 
	0x76, 0x82, 0xB3, 0x4A, 0xE0, 0x2D, 0x44, 0x21, 0x04, 0x13, 0xE7, 0xE0, 0xDC, 0xFD, 0x7B, 0x7D, 
	0x90, 0xF8, 0xB7, 0x58, 0x8A, 0xEA, 0x44, 0xB1, 0x5B, 0x17, 0x12, 0xA5, 0x1E, 0xCE, 0x1A, 0xE9, 
	0x2B, 0x0D, 0xA2, 0xE9, 0xCD, 0xBC, 0x38, 0xAB, 0xE3, 0xC0, 0xBD, 0xCD, 0x09, 0x1B, 0x81, 0x0A, 
	0xE5, 0xA0, 0xEB, 0x8F, 0x9C, 0x70, 0x30, 0x05, 0xAE, 0x42, 0x92, 0xDA, 0x3A, 0xBA, 0xA7, 0x42, 
	0x4A, 0x05, 0xB3, 0x15, 0xC1, 0x72, 0x97, 0x72, 0x6C, 0xE8, 0xB2, 0x30, 0x30, 0x0C, 0x3D, 0x40, 
	0x33, 0x86, 0x49, 0x59, 0x12, 0x4C, 0x69, 0x28, 0x63, 0xF5, 0xB0, 0x59, 0x78, 0x42, 0x33, 0x69, 
	0x6D, 0x2A, 0xDD, 0xF5, 0x44, 0x66, 0x3C, 0x5B, 0xD9, 0x0D, 0xD5, 0xF2, 0xB6, 0x3D, 0x96, 0x7E, 
	0xAD, 0x10, 0x2B, 0xAA, 0x57, 0x7B, 0x6A, 0xF6, 0x12, 0xAF, 0x66, 0x34, 0xBF, 0x0E, 0xDD, 0x36, 
	0xAE, 0x48, 0x10, 0x37, 0xA4, 0x5C, 0x40, 0x39, 0x30, 0x6C, 0x4A, 0x6E, 0xF2, 0x9A, 0xF7, 0xD5, 
	0x66, 0x67, 0xF3, 0xC7, 0x0C, 0x6C, 0x0C, 0x30, 0xD8, 0xDD, 0xAC, 0xDD, 0x21, 0x4A, 0x57, 0x04, 
	0xE0, 0x31, 0xF6, 0xB3, 0xBD, 0x80, 0x3A, 0x8F, 0xF4, 0xA3, 0xD1, 0x32, 0x91, 0xA3, 0x33, 0x23, 
	0xE3, 0xFA, 0xED, 0x22, 0xD8, 0x2E, 0x85, 0x39, 0xD4, 0xE6, 0x62, 0x13, 0x98, 0xCF, 0x8A, 0x29, 
	0x87, 0xAF, 0x71, 0x82, 0x4E, 0x94, 0x22, 0xB8, 0x7F, 0x17, 0x4A, 0xF5, 0x4F, 0x63, 0x64, 0x13, 
	0x94, 0x25, 0x2F, 0x71, 0xCD, 0x2C, 0x97, 0x45, 0x8C, 0x56, 0x3C, 0xB5, 0xA9, 0xDD, 0xDB, 0xA9, 
	0xB4, 0xBC, 0xF5, 0x23, 0x51, 0xE8, 0x58, 0xD5, 0xA4, 0x4E, 0x6A, 0x07, 0xEE, 0x69, 0x3B, 0x0C, 
	0x5D, 0x3D, 0xC9, 0xE4, 0xE7, 0x80, 0x56, 0x56, 0x3C, 0xA5, 0xED, 0x2D, 0xAC, 0x4A, 0x23, 0x56, 
	0x30, 0x34, 0x1F, 0x2A, 0xED, 0x60, 0x9B, 0xC8, 0xFA, 0xD4, 0xCD, 0xA4, 0xB3, 0xB6, 0xB0, 0x4E, 
	0xD4, 0xBE, 0xC7, 0xC5, 0x5F, 0xBC, 0x36, 0x3B, 0xBD, 0x7C, 0x14, 0xCC, 0x63, 0x5D, 0x91, 0xD2, 
	0x6D, 0x0F, 0x4C, 0xAD, 0x83, 0x33, 0x32, 0x3A, 0xBF, 0x45, 0xEF, 0x8D, 0xB1, 0xF6, 0x3C, 0xC6, 
	0x50, 0x1A, 0xEC, 0xB5, 0x8D, 0x16, 0x14, 0x7F, 0xB3, 0x5D, 0x14, 0x99, 0x78, 0x09, 0xC6, 0x82, 
	0x7B, 0x3C, 0xD6, 0xEF, 0x70, 0x55, 0xA5, 0xA1, 0xDB, 0x32, 0x57, 0xA9, 0x55, 0x50, 0x95, 0x5B, 
	0x9B, 0xC7, 0x2A, 0x91, 0x0A, 0x13, 0x4A, 0x84, 0x49, 0xE2, 0x5D, 0x99, 0xEA, 0xA8, 0xD8, 0x85, 
	0x28, 0xBA, 0x0D, 0x70, 0x4F, 0x33, 0x04, 0x36, 0xC9, 0x3F, 0x46, 0x4B, 0x1A, 0x64, 0x1B, 0x79, 
	0x68, 0x58, 0xF8, 0xA3, 0x75, 0xF2, 0x94, 0x67, 0x56, 0xCA, 0x34, 0x2F, 0xD7, 0x37, 0x27, 0xC8, 
	0xCB, 0xAB, 0xE8, 0x1A, 0xE6, 0xBB, 0xA7, 0x0F, 0xC5, 0x1C, 0x02, 0xE1, 0xB6, 0x76, 0x57, 0x90, 
	0xDE, 0x56, 0x24, 0x45, 0xAD, 0x75, 0xF5, 0x13, 0x63, 0xB9, 0xC4, 0xFD, 0x90, 0x22, 0x84, 0x27, 
	0x7E, 0x0B, 0x95, 0xDF, 0x43, 0x65, 0x68, 0xD7, 0xB0, 0x74, 0xA9, 0x5D, 0xF5, 0x39, 0x5B, 0xB2, 
	0xEE, 0x4F, 0x0F, 0x48, 0xBC, 0xC2, 0x19, 0x21, 0xA3, 0x6A, 0x39, 0x03, 0x5B, 0x6B, 0x43, 0xF7, 
	0xFE, 0xF0, 0x13, 0x49, 0x49, 0x3C, 0x7C, 0x4A, 0xEE, 0x14, 0x53, 0xA9, 0xED, 0xE3, 0xA3, 0xCD, 
	0x29, 0xD4, 0x2D, 0xAE, 0xC9, 0xB0, 0xC1, 0x2F, 0xE8, 0x94, 0x88, 0x6E, 0xE7, 0xA8, 0xF3, 0xB3, 
	0xA0, 0x89, 0x16, 0xEF, 0x58, 0xBD, 0x90, 0xA9, 0xCB, 0xA5, 0xF3, 0x4A, 0xB1, 0x5B, 0xF4, 0x90, 
	0xA5, 0xB1, 0xBD, 0xD1, 0x24, 0x80, 0x62, 0x5F, 0xB7, 0xF9, 0xA2, 0xC3, 0xEC, 0xDA, 0xB9, 0x4C, 
	0x6C, 0xF1, 0x7D, 0xDA, 0xBC, 0x14, 0x96, 0x2B, 0x07, 0x07, 0x65, 0xBC, 0x9C, 0xDE, 0xB2, 0x66, 
	0x5B, 0x75, 0x12, 0x3C, 0x31, 0x1C, 0xA4, 0xCB, 0x36, 0x79, 0x51, 0xCD, 0x4B, 0x9C, 0xF8, 0xA3, 
	0x1F, 0x6B, 0xE3, 0x3F, 0x13, 0xAF, 0x22, 0xA4, 0x1E, 0x0A, 0x72, 0x17, 0x17, 0x5B, 0x6B, 0x93, 
	0xC0, 0xDE, 0x3B, 0xCF, 0xA8, 0xCE, 0xC6, 0x49, 0x1B, 0xDF, 0x5A, 0xA6, 0xFA, 0x24, 0x9D, 0x5E, 
	0xF2, 0x31, 0xEF, 0x8C, 0x10, 0xD7, 0xE5, 0xE9, 0x2F, 0x81, 0xC8, 0x76, 0xC5, 0x37, 0x3F, 0x27, 
	0x0A, 0xA3, 0x3F, 0xBC, 0x4D, 0x87, 0x41, 0x5A, 0xE9, 0x26, 0x4C, 0x9D, 0x4E, 0xEA, 0xF2, 0xE7, 
	0x15, 0x62, 0x24, 0x97, 0x82, 0x39, 0x3A, 0x60, 0xF5, 0x64, 0xF6, 0x62, 0x75, 0x49, 0xA3, 0xE4, 
	0x0C, 0x96, 0x16, 0x6F, 0x0B, 0xAF, 0x11, 0x71, 0xCC, 0x0D, 0xBF, 0x60, 0x83, 0x56, 0x98, 0x75, 
	0xF4, 0x75, 0xC5, 0x8A, 0x7C, 0xE3, 0xC5, 0x5D, 0x0C, 0x7A, 0x8A, 0x92, 0x14, 0x14, 0x80, 0x70, 
	0x2C, 0x7F, 0x8C, 0x9E, 0xF4, 0x54, 0x83, 0xB8, 0x81, 0x8B, 0x37, 0xBE, 0x35, 0xF2, 0xB5, 0xFA, 
	0x1D, 0x92, 0x3F, 0xA1, 0x2A, 0xAC, 0x93, 0xD6, 0x6B, 0xD6, 0xDA, 0x30, 0xA2, 0x95, 0x2A, 0x1C, 
	0x9C, 0x37, 0x6F, 0x49, 0x5E, 0xC7, 0x78, 0x20, 0x68, 0xA9, 0xE7, 0x15, 0xEC, 0x2F, 0xB2, 0x4A, 
	0x4E, 0x38, 0xA7, 0x9B, 0xD1, 0xD6, 0x26, 0xB3, 0xD4, 0x73, 0x3C, 0x6E, 0x7E, 0x4F, 0x3B, 0x15, 
	0x37, 0x86, 0x67, 0xB1, 0xA4, 0x3D, 0x09, 0x4F, 0xA5, 0x66, 0x32, 0xA7, 0xAA, 0x9F, 0x93, 0xD6, 
	0x52, 0xAB, 0x3D, 0x51, 0x05, 0x1E, 0x49, 0x92, 0xC0, 0x42, 0xD8, 0x12, 0xF3, 0x51, 0xD9, 0x4C, 
	0x5E, 0x6C, 0xF4, 0x79, 0x57, 0x24, 0xC8, 0xDD, 0xF6, 0xBD, 0x32, 0x65, 0x47, 0xB0, 0x94, 0x0F, 
	0x50, 0x67, 0xDD, 0x09, 0x52, 0xD8, 0x65, 0xCE, 0x42, 0x4F, 0xE2, 0xD9, 0xB2, 0x26, 0x92, 0x6C, 
	0x35, 0xC3, 0xA7, 0x62, 0x30, 0x99, 0xCA, 0x10, 0xB4, 0xBE, 0xF1, 0x4E, 0xE7, 0x48, 0x6C, 0xEB, 
	0x59, 0xD0, 0x9A, 0x25, 0x96, 0xEB, 0x18, 0x98, 0xF8, 0xBE, 0x60, 0x10, 0x4C, 0xE3, 0x54, 0xF7, 
	0x7B, 0x94, 0xC7, 0x97, 0x14, 0x48, 0x61, 0xDB, 0x0B, 0x84, 0x7F, 0x9B, 0xE7, 0xA5, 0x48, 0x71, 
	0xDE, 0x74, 0x2E, 0x73, 0xC4, 0xB3, 0x72, 0xE6, 0x6C, 0x99, 0x2C, 0x1B, 0xB1, 0x51, 0x54, 0x4A, 
	0x90, 0xCA, 0xAE, 0x80, 0xF8, 0x57, 0x5E, 0x43, 0x7E, 0x3B, 0xAB, 0x09, 0xA8, 0xC1, 0x9D, 0x3F, 
	0x44, 0xB2, 0x5E, 0x11, 0xED, 0x1D, 0x05, 0x73, 0x82, 0x18, 0x20, 0xBA, 0xED, 0x7A, 0x69, 0x5B, 
	0x9E, 0x78, 0x7F, 0xC7, 0x34, 0x58, 0xEF, 0xCD, 0x99, 0xEF, 0x58, 0x5A, 0xD2, 0x19, 0x60, 0xB7, 
	0x61, 0x37, 0xC1, 0x41, 0x6B, 0x84, 0xB3, 0xC8, 0x0B, 0x4B, 0x09, 0x05, 0x26, 0x18, 0xA5, 0x0F, 
	0x55, 0x9B, 0x5D, 0x70, 0xF0, 0xA4, 0xC5, 0xE6, 0x4E, 0xE3, 0x1E, 0xC6, 0x2B, 0x82, 0xEF, 0x36, 
	0xB7, 0x7F, 0x06, 0x94, 0x98, 0x07, 0xCC, 0x32, 0x3F, 0x7B, 0x7E, 0x38, 0xAF, 0x73, 0xA6, 0xEF, 
	0x28, 0x59, 0x3F, 0xAC, 0xD6, 0xE0, 0xD4, 0xC6, 0x47, 0x52, 0x92, 0xCC, 0x84, 0xA1, 0x11, 0x91, 
	0x9C, 0x2B, 0x75, 0x13, 0x0C, 0x08, 0x1A, 0xAC, 0x41, 0xD9, 0x1F, 0xDE, 0x1E, 0x41, 0x52, 0x7C, 
	0xF9, 0xCB, 0x19, 0x14, 0x77, 0x63, 0x89, 0x60, 0xD5, 0x72, 0x54, 0x1A, 0x01, 0x6A, 0xCB, 0xC1, 
	0xD8, 0xD2, 0x8E, 0xC2, 0x87, 0xA5, 0xA9, 0x42, 0x9D, 0xB5, 0x4A, 0xEF, 0xF1, 0xDD, 0x0F, 0xD1, 
	0xAD, 0x14, 0x9F, 0x6B, 0xAF, 0xF0, 0xC4, 0x77, 0x15, 0x7E, 0xB7, 0xAA, 0xD9, 0x7F, 0xCE, 0x44, 
	0xF5, 0x33, 0x7A, 0x32, 0xDF, 0x73, 0x0D, 0x6B, 0xBD, 0x52, 0x68, 0x8B, 0x1B, 0x11, 0x7F, 0xF9, 
	0x86, 0x58, 0xAD, 0xC7, 0x77, 0xE4, 0xB7, 0x8F, 0x88, 0xDC, 0x23, 0xC7, 0x7A, 0xDA, 0x10, 0x66, 
	0x38, 0xD9, 0x7F, 0x0F, 0x3D, 0x77, 0x2D, 0xB0, 0x95, 0xF3, 0xC8, 0x1D, 0x76, 0x3F, 0xF1, 0xAD, 
	0x85, 0xD5, 0xD5, 0x93, 0xDD, 0x2A, 0x0C, 0xF2, 0x93, 0xDA, 0xB2, 0x1F, 0x59, 0x3C, 0xCA, 0x6B, 
	0x5D, 0xAA, 0x98, 0x5C, 0xBE, 0x6E, 0x66, 0x46, 0xB7, 0x16, 0x88, 0x49, 0x3D, 0x44, 0xF0, 0x69, 
	0x5E, 0xCC, 0x9B, 0x6C, 0x44, 0x08, 0xC6, 0xDA, 0x23, 0xD2, 0x9F, 0x63, 0x40, 0xB3, 0xF1, 0x28, 
	0xE6, 0x5A, 0xCA, 0x6E, 0xCA, 0x70, 0x7E, 0x1E, 0x7F, 0xF4, 0xD3, 0x26, 0x9F, 0x94, 0x7D, 0x78, 
	0x64, 0x85, 0x6F, 0x47, 0x0B, 0x7C, 0x77, 0x0D, 0xC1, 0x43, 0xE3, 0xCB, 0xF5, 0x11, 0x9A, 0x4A, 
	0x18, 0x95, 0x0D, 0xC6, 0xE4, 0x37, 0x98, 0xF6, 0xDC, 0x29, 0x8F, 0xDF, 0x28, 0x1F, 0xDE, 0x0A, 
	0x8A, 0x47, 0xA7, 0x5D, 0xC7, 0x13, 0xD6, 0x35, 0xD9, 0x7A, 0x89, 0xBA, 0x8C, 0x61, 0x6D, 0x58, 
	0x9E, 0x58, 0x0D, 0x5E, 0xB1, 0xED, 0x58, 0x70, 0x5D, 0xF3, 0xBB, 0x28, 0x43, 0x61, 0x09, 0xD1, 
	0x8A, 0x63, 0x8F, 0x2B, 0x4B, 0x9F, 0x51, 0xB8, 0x51, 0xF5, 0x5E, 0xE6, 0x29, 0x7C, 0x5B, 0x92, 
	0x0D, 0x59, 0x8A, 0x4D, 0x14, 0x6C, 0x93, 0xD2, 0x4F, 0xF6, 0x18, 0xA9, 0xD0, 0x68, 0x0E, 0xA6, 
	0x95, 0x3E, 0x47, 0x72, 0x74, 0xC9, 0x72, 0xE7, 0xA8, 0x53, 0x15, 0x4E, 0x11, 0xAD, 0xCB, 0x11, 
	0x65, 0x8E, 0x2F, 0xE9, 0xF8, 0xF8, 0xCB, 0x48, 0x89, 0xAF, 0x4E, 0xA7, 0xAE, 0xAE, 0x90, 0xE4, 
	0xAD, 0x39, 0xD7, 0x58, 0x53, 0x95, 0x5A, 0xBB, 0x2C, 0xED, 0x6D, 0x30, 0xC7, 0xC9, 0x97, 0x88, 
	0x8C, 0xD8, 0x6D, 0x11, 0x88, 0x5E, 0xB2, 0x9D, 0xB3, 0xA0, 0x11, 0x77, 0xE4, 0x5C, 0x95, 0xBF, 
	0x6B, 0xB9, 0x53, 0x1C, 0x21, 0x97, 0x86, 0xF8, 0xB8, 0x82, 0xE2, 0x15, 0x02, 0x19, 0xE0, 0xAD, 
	0xE0, 0x37, 0xAD, 0x98, 0x22, 0xEE, 0x92, 0x92, 0xF9, 0x62, 0xD2, 0xCD, 0xB9, 0xF4, 0x94, 0x3B, 
	0x0F, 0x47, 0x75, 0x68, 0x42, 0xEE, 0xDF, 0x3F, 0xD9, 0x88, 0x10, 0xB6, 0x75, 0x85, 0x6B, 0xD1, 
	0x85, 0x84, 0x5E, 0xCF, 0x24, 0xA4, 0xE7, 0x9B, 0x4C, 0x7D, 0x21, 0x90, 0x7A, 0xB4, 0x4F, 0x14, 
	0x82, 0x59, 0x23, 0x26, 0x36, 0x4B, 0xA9, 0xC6, 0xDC, 0xA5, 0x3B, 0x5B, 0x18, 0x70, 0x20, 0x32, 
	0x2B, 0xD4, 0xA4, 0x53, 0x29, 0xD7, 0xCB, 0xE7, 0x27, 0xAB, 0x36, 0x14, 0xAD, 0x45, 0x05, 0xD5, 
	0x6D, 0x6C, 0xF5, 0x8A, 0xB5, 0xCC, 0xAB, 0xCA, 0x8C, 0x82, 0xB1, 0x4F, 0x07, 0xCD, 0x75, 0xB2, 
	0x49, 0x41, 0xA2, 0xDC, 0x0C, 0x84, 0x98, 0x8C, 0xB0, 0x9B, 0x56, 0xC6, 0x1E, 0xC2, 0x5E, 0xEE, 
	0xED, 0x1D, 0x98, 0xF6, 0x9D, 0x34, 0xE6, 0x37, 0x67, 0xCD, 0xB4, 0x36, 0x7D, 0x28, 0x3E, 0x19, 
	0xD5, 0xC3, 0x7B, 0x9A, 0x9C, 0x28, 0x26, 0x4A, 0xD5, 0xED, 0xAB, 0x8D, 0x79, 0x11, 0x59, 0x73, 
	0xF4, 0xE6, 0x8E, 0x4B, 0xD7, 0xB2, 0x0A, 0x9C, 0xAC, 0x4D, 0x50, 0x05, 0xEB, 0x65, 0xC0, 0xDC, 
	0xB2, 0x7D, 0x0E, 0xE1, 0x0F, 0xA7, 0xAB, 0xBF, 0x24, 0x66, 0x40, 0x69, 0xD1, 0x56, 0x7C, 0x45, 
	0x1B, 0x79, 0x2B, 0x71, 0xAB, 0x1E, 0xC9, 0xA0, 0x2C, 0xA2, 0x8E, 0xF3, 0xF6, 0x18, 0xA3, 0x54, 
	0x1C, 0x86, 0x3B, 0x76, 0x7E, 0xB2, 0xC8, 0x49, 0x9C, 0xCB, 0x14, 0xBF, 0x5C, 0x5F, 0x97, 0x15, 
	0x7A, 0x80, 0xC4, 0xCF, 0x5D, 0xAF, 0xB0, 0x65, 0x58, 0xB0, 0x57, 0x90, 0x40, 0x41, 0xF3, 0x89, 
	0x26, 0x1D, 0xBE, 0x3E, 0x68, 0x4A, 0x86, 0xF5, 0x3F, 0xDF, 0xEE, 0x4C, 0x4C, 0x8B, 0xEC, 0x57, 
	0x09, 0x97, 0x9E, 0xEF, 0x5E, 0x58, 0x5D, 0xF1, 0x68, 0x40, 0x73, 0x9D, 0xAB, 0x93, 0x37, 0x51, 
	0x76, 0x62, 0x5F, 0x65, 0x55, 0x0A, 0x59, 0xCE, 0x5F, 0x86, 0xAC, 0xD1, 0x30, 0xB3, 0x36, 0x45, 
	0x33, 0x85, 0xCD, 0xBC, 0x50, 0x65, 0xF6, 0x39, 0x17, 0x1E, 0xA6, 0x31, 0x4D, 0x23, 0x2E, 0x5D, 
	0x74, 0x91, 0x99, 0x85, 0xEE, 0x18, 0x1B, 0x7E, 0x2E, 0x89, 0xF1, 0xAA, 0x8E, 0x47, 0x68, 0xEF, 
	0x37, 0xF7, 0x69, 0x53, 0xF4, 0xC5, 0x23, 0xA0, 0xE4, 0x39, 0x97, 0x95, 0x58, 0x92, 0x39, 0x17, 
	0x18, 0xE7, 0xF0, 0x66, 0x25, 0x0D, 0x08, 0x7F, 0x75, 0xD5, 0x63, 0x3F, 0x3E, 0x1E, 0x1A, 0x2D, 
	0xCA, 0xC7, 0x4C, 0x2A, 0x58, 0xD7, 0xB1, 0xB6, 0xF2, 0x67, 0xC7, 0x7F, 0x21, 0x1F, 0xED, 0xAA, 
	0x0F, 0xBD, 0xC7, 0x15, 0xDD, 0x38, 0xC4, 0x25, 0xA1, 0x5B, 0x63, 0x5E, 0x2F, 0xB1, 0x28, 0x83, 
	0x92, 0xAC, 0x58, 0xED, 0x84, 0xA9, 0x1C, 0x87, 0x09, 0x95, 0xAF, 0xC8, 0x2F, 0x75, 0x88, 0x15, 
	0x8F, 0x64, 0x6B, 0xE2, 0x71, 0x3A, 0x72, 0x5D, 0xD7, 0xFA, 0x73, 0x1A, 0x6A, 0x12, 0xC6, 0x64, 
	0x96, 0x88, 0x4D, 0xB1, 0xAB, 0xAA, 0x19, 0x17, 0x7C, 0xD4, 0xA4, 0xB0, 0x26, 0xD7, 0x70, 0x15, 
	0xAF, 0x26, 0x10, 0x8C, 0x0E, 0x5E, 0x7D, 0x18, 0xCE, 0xC1, 0xC8, 0xBB, 0x46, 0xA3, 0xCF, 0xDC, 
	0xAF, 0x37, 0xCD, 0xB6, 0x4B, 0xDC, 0xD3, 0x1A, 0x7D, 0x1A, 0xDB, 0xAC, 0xD5, 0x25, 0x82, 0x3A, 
	0x0D, 0x5D, 0xCB, 0xF8, 0x3F, 0x78, 0xC7, 0xDF, 0xFE, 0xAD, 0xAB, 0xE7, 0x15, 0x8A, 0x49, 0xE8, 
	0x4C, 0x90, 0x7E, 0x81, 0xDD, 0xE0, 0xEB, 0xFA, 0xC8, 0x61, 0x9D, 0x7A, 0x4B, 0x81, 0x2A, 0xCC, 
	0xDB, 0x91, 0xB0, 0x56, 0x99, 0xD1, 0xA3, 0x2E, 0x64, 0xBE, 0x3A, 0x87, 0x5F, 0x59, 0xAD, 0x52, 
	0x79, 0x96, 0xC0, 0xF1, 0x3D, 0xB6, 0x5F, 0x20, 0xAA, 0xBB, 0xE6, 0x2E, 0x93, 0xE5, 0x0E, 0x03, 
	0x16, 0x18, 0x9A, 0x1B, 0x07, 0x45, 0xAE, 0x1F, 0xC1, 0x24, 0x66, 0xC4, 0xEA, 0x2A, 0xF2, 0x7B, 
	0x17, 0x34, 0xF7, 0x33, 0x22, 0x13, 0x81, 0x88, 0x52, 0x4B, 0xB1, 0x0B, 0x0E, 0xA7, 0x44, 0xA1, 
	0x59, 0x77, 0x70, 0x0E, 0x64, 0x3C, 0x1B, 0xA0, 0x85, 0xD3, 0x3F, 0x1D, 0x91, 0x8E, 0x79, 0xAC, 
	0x7A, 0x6A, 0x7E, 0x8E, 0xAE, 0x11, 0x37, 0x18, 0x57, 0x2A, 0xE3, 0xAD, 0x25, 0xB5, 0x62, 0x68, 
	0xD2, 0x38, 0xD4, 0x40, 0xD9, 0x96, 0x59, 0x8A, 0xA3, 0x18, 0x74, 0x42, 0x62, 0xC4, 0xE2, 0x11, 
	0xB6, 0x3E, 0x6E, 0xCB, 0x19, 0x4F, 0xA5, 0x69, 0x30, 0x78, 0x56, 0xF7, 0x6A, 0x80, 0x52, 0xB9, 
	0x83, 0xC7, 0x8B, 0xF5, 0xB3, 0xC6, 0x56, 0x51, 0xD4, 0xF8, 0xE6, 0x44, 0x7F, 0x87, 0x62, 0x58, 
	0x9D, 0xB0, 0xE9, 0xE5, 0x9F, 0x24, 0x70, 0xDD, 0xCE, 0x78, 0x9F, 0x2D, 0x9B, 0xF4, 0x71, 0xDA, 
	0xE4, 0xD7, 0x0C, 0xDB, 0x4D, 0xC8, 0x61, 0x41, 0x7D, 0xBF, 0x2E, 0x5D, 0x48, 0x0A, 0x75, 0x3F, 
	0x80, 0xE2, 0xF1, 0x19, 0xCB, 0x37, 0x99, 0xB9, 0xE7, 0x50, 0x6A, 0x96, 0xBC, 0xA2, 0x71, 0xCD, 
	0x40, 0xE7, 0xBF, 0xDE, 0x3F, 0x2D, 0x30, 0x6C, 0x95, 0xA4, 0xCA, 0x43, 0x33, 0x0C, 0x21, 0x1E, 
	0x6D, 0xF3, 0x6F, 0xD0, 0x63, 0xC9, 0x96, 0xE4, 0xD6, 0x42, 0x37, 0x0C, 0xC8, 0x85, 0x83, 0x5F, 
	0x5E, 0xAF, 0x1D, 0x15, 0x3F, 0xE3, 0xED, 0xBD, 0xC8, 0xE5, 0x4F, 0xAF, 0xE8, 0xDF, 0xB7, 0x30, 
	0x1F, 0x0C, 0x22, 0x08, 0x0D, 0xBB, 0x31, 0x2B, 0x8B, 0x90, 0x6E, 0x7F, 0x17, 0x2D, 0x36, 0x19, 
	0xD3, 0xCF, 0x55, 0xF2, 0x4C, 0x99, 0x24, 0xC1, 0x6A, 0xCE, 0xF9, 0xEB, 0x45, 0x57, 0xEF, 0x5F, 
	0xE1, 0x52, 0xD2, 0xBE, 0xD9, 0x6D, 0x9F, 0x13, 0xB7, 0x99, 0x61, 0x44, 0xDE, 0xBD, 0x82, 0x5B, 
	0xDA, 0xF1, 0x9A, 0x4C, 0x51, 0x5C, 0xAF, 0x0B, 0x65, 0xB8, 0x31, 0x4C, 0x24, 0xCA, 0x17, 0x64, 
	0xC9, 0xEE, 0x2E, 0x54, 0xDE, 0x9D, 0x9B, 0xDC, 0xB0, 0xAA, 0x4B, 0xDD, 0xD4, 0xCC, 0xBE, 0x4C, 
	0x44, 0xD0, 0xFC, 0x10, 0x95, 0xC9, 0x0E, 0x9B, 0x75, 0xF8, 0x10, 0x8D, 0xB6, 0x37, 0x90, 0xDA, 
	0x83, 0x38, 0x92, 0x7C, 0x75, 0xBE, 0x2C, 0xB3, 0x5A, 0x27, 0x47, 0x3E, 0x8D, 0x87, 0xB5, 0xCA, 
	0x89, 0x40, 0x81, 0x7E, 0x7E, 0x1A, 0xCD, 0xA2, 0xCD, 0xFA, 0xA4, 0xB8, 0x49, 0xDD, 0x84, 0x10, 
	0x4A, 0x5E, 0x97, 0x20, 0xF2, 0xCC, 0xB7, 0x80, 0x54, 0x6F, 0x6C, 0x72, 0xF1, 0xA0, 0x9D, 0x97, 
	0xCD, 0xED, 0x14, 0x42, 0x7D, 0xE6, 0x54, 0xBF, 0x70, 0x24, 0xF0, 0x10, 0x33, 0xD5, 0x3C, 0x07, 
	0x32, 0xB7, 0x89, 0x6F, 0x16, 0x2A, 0x29, 0xCC, 0xE6, 0xFB, 0xA8, 0xE8, 0x13, 0x44, 0x08, 0x25, 
	0xE5, 0xC0, 0x63, 0x36, 0x4A, 0x85, 0xF8, 0x9C, 0xE3, 0xE0, 0xF7, 0x11, 0x22, 0x92, 0x80, 0xA9, 
	0xD6, 0xA6, 0xA0, 0xF1, 0x7D, 0xDF, 0xC5, 0x32, 0x07, 0x3C, 0xC6, 0x5E, 0xEB, 0x4A, 0xE7, 0xBE, 
	0x5E, 0x82, 0x38, 0x70, 0xB3, 0xAD, 0xDC, 0x78, 0x7D, 0xB3, 0x6C, 0x90, 0xC8, 0x20, 0x8D, 0xA2, 
	0x86, 0x72, 0x0F, 0x71, 0x1A, 0x75, 0x36, 0xBA, 0x46, 0xB3, 0xA5, 0xB7, 0x0B, 0xD3, 0xC1, 0x67, 
	0x35, 0x22, 0x28, 0x67, 0xB9, 0xA6, 0x55, 0x70, 0x1F, 0x24, 0x04, 0xBC, 0x1B, 0xE4, 0x10, 0x5A, 
	0x2E, 0x85, 0xD4, 0x0A, 0xF4, 0xFA, 0x92, 0x91, 0xD4, 0xEE, 0xD9, 0x4E, 0xB3, 0xE0, 0x50, 0xE8, 
	0x48, 0x7D, 0xBB, 0xCE, 0x87, 0x47, 0x22, 0x74, 0x54, 0xB4, 0x67, 0x09, 0x0C, 0x28, 0xDA, 0x19, 
	0x68, 0x5A, 0x04, 0xE4, 0x6D, 0xF6, 0x55, 0x67, 0xAA, 0x75, 0xF2, 0x98, 0xB1, 0xAC, 0xC0, 0xF6, 
	0xF2, 0x94, 0x63, 0x9A, 0x5A, 0xDD, 0x81, 0x35, 0x5A, 0x07, 0x12, 0x01, 0xE1, 0x6E, 0x8D, 0xB8, 
	0x87, 0x5A, 0x62, 0xD8, 0xB4, 0xA0, 0x5E, 0xCF, 0x57, 0xD6, 0x83, 0x6E, 0xBA, 0x22, 0xC0, 0xE3, 
	0x65, 0x4D, 0x64, 0x1B, 0xA6, 0x66, 0xF7, 0x20, 0x19, 0x9B, 0x7D, 0xAC, 0x16, 0xC9, 0xDE, 0x2A, 
	0x63, 0x06, 0xC0, 0xB8, 0x6C, 0x87, 0x07, 0x2E, 0xF1, 0xCA, 0xD0, 0xEC, 0xCD, 0x99, 0x63, 0xD7, 
	0x4E, 0xB0, 0x10, 0xC4, 0x26, 0x30, 0xA1, 0x64, 0x17, 0x35, 0xED, 0x51, 0xF7, 0x18, 0x0F, 0xCE, 
	0xA2, 0xDA, 0xE1, 0xAD, 0x3F, 0xDF, 0xF5, 0x9F, 0x84, 0xDC, 0x3B, 0x74, 0xF2, 0x1B, 0xF5, 0xD5, 
	0x1B, 0xCB, 0x71, 0x8B, 0x76, 0x40, 0xD7, 0x20, 0x79, 0x6D, 0xBB, 0x5F, 0x67, 0x54, 0xBC, 0x35, 
	0x6E, 0x74, 0x47, 0x31, 0xF6, 0x76, 0x57, 0xF7, 0x78, 0xCE, 0xDC, 0xB4, 0x86, 0x07, 0x73, 0x84, 
	0xCD, 0xBB, 0xA1, 0x78, 0x98, 0x09, 0x72, 0x0A, 0x2D, 0xEF, 0xFD, 0xB2, 0x28, 0x5B, 0x04, 0x47, 
	0xB4, 0x63, 0x73, 0x0B, 0xB1, 0x66, 0xA2, 0x12, 0xED, 0x5C, 0xDF, 0x96, 0xD7, 0x6C, 0x0E, 0x6F, 
	0x3B, 0x7E, 0x94, 0xE7, 0xA5, 0x85, 0xA8, 0xBF, 0xAB, 0x95, 0xBE, 0x5F, 0x2C, 0x6E, 0x41, 0x11, 
	0x07, 0x39, 0xCF, 0x3C, 0x8B, 0x85, 0xCF, 0x42, 0xDE, 0x32, 0x4D, 0x52, 0x8C, 0xC9, 0x62, 0xE3, 
	0xAC, 0x4F, 0x29, 0x94, 0xC8, 0x50, 0x19, 0x9E, 0x20, 0x05, 0xF1, 0xBF, 0xA9, 0x5E, 0x5B, 0x2D, 
	0x89, 0xAB, 0xBA, 0x15, 0xCA, 0x2C, 0x32, 0xC7, 0xBA, 0x1F, 0x04, 0x6C, 0x5B, 0x40, 0x7E, 0xF4, 
	0x34, 0x3F, 0x1E, 0x6F, 0x77, 0x6A, 0xC4, 0xD6, 0x54, 0x15, 0x89, 0x7C, 0xE6, 0x73, 0x93, 0x1B, 
	0x26, 0x5F, 0x5B, 0x29, 0xF3, 0x23, 0x7E, 0xC9, 0x9E, 0xE9, 0xD6, 0xBB, 0x28, 0x57, 0xE5, 0x83, 
	0x6F, 0x90, 0x25, 0xAD, 0x3C, 0x79, 0x32, 0x45, 0xBC, 0x95, 0x43, 0x81, 0x69, 0x87, 0x97, 0x15, 
	0x55, 0x11, 0xCE, 0x66, 0xAA, 0xBF, 0xE4, 0x11, 0x56, 0x7F, 0x80, 0x42, 0xE5, 0x43, 0x7A, 0x21, 
	0xC1, 0x7C, 0xC2, 0xDF, 0xBD, 0xA3, 0x29, 0x9E, 0x96, 0x64, 0xB7, 0x13, 0xB7, 0x14, 0x73, 0x20, 
	0x4A, 0x6F, 0x38, 0xDC, 0xAF, 0x08, 0xE2, 0x21, 0x63, 0xAF, 0xA4, 0x5D, 0xE9, 0x91, 0x7B, 0x40, 
	0x3B, 0x38, 0x86, 0xC1, 0xE1, 0x8B, 0xE4, 0x74, 0x91, 0x63, 0x97, 0x91, 0xB3, 0xE5, 0xB1, 0x14, 
	0xCE, 0x54, 0x66, 0x21, 0xE4, 0x4F, 0x86, 0x60, 0xDB, 0x6F, 0xC7, 0xAD, 0x86, 0x7F, 0x94, 0x19, 
	0x69, 0x1B, 0xC8, 0x77, 0xAE, 0x61, 0x27, 0xE3, 0x34, 0x7A, 0x58, 0xD4, 0x40, 0x8B, 0x26, 0x74, 
	0x73, 0x75, 0x47, 0xC3, 0x87, 0x8D, 0x1E, 0x06, 0x88, 0x97, 0x6A, 0x23, 0x2E, 0xC2, 0xE1, 0x9E, 
	0xAC, 0x6C, 0xE0, 0x50, 0x52, 0xDA, 0xE9, 0x2F, 0x76, 0xA6, 0x5D, 0xEE, 0x69, 0xF6, 0x23, 0xB5, 
	0x4A, 0xB4, 0x90, 0xE0, 0xB7, 0x52, 0x61, 0xF4, 0xDD, 0x38, 0xCE, 0xE5, 0x9B, 0xAB, 0xE0, 0x99, 
	0xF0, 0x8B, 0xF8, 0xEB, 0x25, 0x4F, 0xAD, 0xF2, 0x46, 0xD8, 0xF0, 0x3E, 0x6E, 0xB3, 0x4F, 0xF8, 
	0x23, 0xEE, 0xEB, 0xB8, 0xE5, 0x94, 0x91, 0xF5, 0xE2, 0x3C, 0x52, 0x78, 0x92, 0xEC, 0x80, 0x8D, 
	0xDD, 0xD0, 0x3A, 0x42, 0x87, 0x7B, 0x5E, 0xEE, 0xE3, 0x2B, 0x50, 0x3C, 0xC2, 0xC8, 0xD0, 0x38, 
	0x5F, 0x19, 0xE3, 0xD0, 0xAD, 0xE2, 0x42, 0x7F, 0x5B, 0xA8, 0x15, 0x95, 0x1F, 0xDD, 0xFC, 0xD9, 
	0xBC, 0xB0, 0x8E, 0x84, 0x45, 0xA9, 0x3A, 0x84, 0x79, 0x81, 0x99, 0xE8, 0xF7, 0xC9, 0x33, 0x0B, 
	0x38, 0x05, 0x08, 0x09, 0xB2, 0x62, 0x5D, 0xD6, 0xAD, 0xA6, 0x1D, 0x53, 0x51, 0x63, 0x21, 0x88, 
	0x73, 0x95, 0xF0, 0x34, 0x11, 0xBE, 0xE9, 0xDE, 0xBB, 0x13, 0xC9, 0x79, 0xB4, 0xCD, 0x50, 0x08, 
	0x62, 0xAF, 0xA1, 0x82, 0xEF, 0xA1, 0x5F, 0x1C, 0xDC, 0x3F, 0x66, 0xF4, 0x85, 0xCA, 0xFC, 0x96, 
	0x9E, 0xFA, 0x46, 0xF6, 0xE8, 0x2F, 0x92, 0xE6, 0x12, 0xD6, 0xE4, 0x53, 0xDE, 0x87, 0x7E, 0x6D, 
	0x53, 0x24, 0xF3, 0xA4, 0x64, 0xC4, 0x0E, 0x13, 0xB3, 0x86, 0xDE, 0x2C, 0x1D, 0x09, 0x23, 0x8A, 
	0x7F, 0x68, 0x2B, 0x08, 0xDD, 0xB9, 0xBB, 0x6C, 0x6C, 0x21, 0xA4, 0x35, 0x82, 0x15, 0x7D, 0x4F, 
	0x13, 0x54, 0x4D, 0x18, 0x32, 0x89, 0x8E, 0x6B, 0x89, 0xAE, 0x56, 0xAF, 0xBE, 0x88, 0x7F, 0xF3, 
	0xFB, 0x62, 0x55, 0x95, 0x54, 0xE6, 0x47, 0xDA, 0x9C, 0xEF, 0xE0, 0x2D, 0xC3, 0x33, 0x76, 0x7E, 
	0x5F, 0x5F, 0xA5, 0xD8, 0xC2, 0x29, 0x8F, 0x86, 0x5B, 0xE5, 0x6C, 0xCD, 0x32, 0x3E, 0x63, 0x0D, 
	0x9C, 0x6E, 0x51, 0x4F, 0x91, 0xBF, 0x79, 0x9B, 0xE4, 0x95, 0x2F, 0x76, 0x0C, 0x12, 0xE4, 0xA2, 
	0x9D, 0x53, 0x13, 0x2C, 0x89, 0x48, 0x1C, 0x92, 0xD3, 0x72, 0xB9, 0xEF, 0x51, 0xAE, 0x97, 0xC1, 
	0xAE, 0x38, 0x8A, 0x15, 0x41, 0xB0, 0x1E, 0xAD, 0x5B, 0x38, 0x1C, 0xBD, 0xBD, 0x88, 0xD1, 0x1E, 
	0xD2, 0x4B, 0x6B, 0x94, 0x43, 0x3D, 0x8B, 0x99, 0x59, 0x74, 0xD0, 0xCE, 0x37, 0xE2, 0x40, 0xEB, 
	0xF9, 0x58, 0x6B, 0x09, 0x1B, 0xCC, 0x4B, 0x04, 0x8F, 0x28, 0x25, 0xD9, 0x95, 0xD2, 0x8B, 0x17, 
	0xC1, 0x69, 0x8B, 0xE1, 0xAA, 0xD6, 0xC7, 0x50, 0xD0, 0x50, 0x1B, 0x63, 0x1A, 0x71, 0xD8, 0x31, 
	0x12, 0x6B, 0x2F, 0x9E, 0x09, 0xA9, 0x89, 0x2D, 0xE8, 0xA8, 0xA8, 0xF5, 0x5B, 0xCD, 0xCB, 0x8D, 
	0xC1, 0xDD, 0x30, 0x32, 0xB9, 0x6F, 0xF9, 0x3E, 0xF3, 0x45, 0xD5, 0x0F, 0x5D, 0x6C, 0x79, 0xBF, 
	0x28, 0x3E, 0xF4, 0xAA, 0x0A, 0x60, 0xCB, 0x9C, 0x67, 0x11, 0xE0, 0x7A, 0xF4, 0xDD, 0xC9, 0x43, 
	0xC9, 0xE3, 0xE1, 0xDD, 0xA8, 0xD5, 0xDD, 0xAC, 0x1B, 0x9D, 0x5A, 0x40, 0x95, 0x72, 0x6D, 0xDC, 
	0x0C, 0x76, 0xEA, 0x1C, 0x50, 0x8E, 0x78, 0x87, 0x91, 0xB7, 0x1F, 0x11, 0x9A, 0xD2, 0x1B, 0xAB, 
	0x98, 0xB3, 0x43, 0x89, 0xA4, 0x83, 0x70, 0xBD, 0x1E, 0xD4, 0xAF, 0xE8, 0x77, 0xA7, 0x80, 0x6F, 
	0x37, 0xDB, 0x0C, 0x31, 0x4C, 0x61, 0x40, 0xE8, 0xC2, 0x12, 0x46, 0xBF, 0x93, 0x2D, 0xA1, 0x3A, 
	0x6C, 0x93, 0xAF, 0x37, 0x2D, 0x55, 0x2A, 0x58, 0x9D, 0x53, 0xE2, 0x32, 0xBF, 0xC6, 0xDC, 0x28, 
	0xD7, 0x46, 0x1B, 0x95, 0x7A, 0x8A, 0x52, 0x93, 0xE1, 0x71, 0x79, 0xD6, 0x40, 0xC7, 0xE5, 0xE2, 
	0x56, 0xCE, 0x90, 0x0A, 0xCD, 0xCF, 0xE4, 0x29, 0xED, 0x73, 0xF4, 0x6F, 0x96, 0x08, 0x1F, 0x6A, 
	0xCD, 0x68, 0xF8, 0x30, 0x7D, 0x45, 0x3C, 0x0A, 0x90, 0x56, 0x8F, 0xDA, 0x37, 0x3F, 0x98, 0x93, 
	0xDD, 0xC5, 0x20, 0x7E, 0x63, 0xE3, 0xEC, 0x88, 0x0A, 0xA6, 0xBB, 0x5B, 0x15, 0x1A, 0x44, 0x99, 
	0x84, 0x2C, 0x65, 0xF4, 0x41, 0x4E, 0xF3, 0x9E, 0x1E, 0x39, 0x5D, 0xA2, 0x36, 0x7E, 0xF7, 0xF2, 
	0x71, 0xC1, 0x7A, 0x77, 0xB4, 0x2F, 0xE3, 0xBE, 0x67, 0x8B, 0xED, 0xEF, 0x8B, 0x5B, 0xB3, 0xB6, 
	0x1B, 0x6A, 0xEB, 0x87, 0x9E, 0xF4, 0xEE, 0x6F, 0x54, 0xA1, 0x97, 0x51, 0x29, 0x21, 0x9C, 0x6E, 
	0xDF, 0x41, 0xB6, 0xEC, 0xE8, 0xA3, 0xF2, 0xCD, 0x54, 0x91, 0x47, 0x71, 0x70, 0x8D, 0x44, 0x8B, 
	0x4E, 0x21, 0x1D, 0x6E, 0xD3, 0x19, 0xD6, 0x60, 0xD3, 0x25, 0xD0, 0x45, 0x20, 0x31, 0x8B, 0x3C, 
	0xDE, 0x96, 0xD9, 0x4A, 0x2D, 0xDA, 0x8C, 0x7B, 0xAA, 0x57, 0x45, 0x6A, 0x72, 0x16, 0x1C, 0xB8, 
	0x9A, 0x31, 0x58, 0xBF, 0x36, 0xEB, 0xFD, 0x24, 0xD9, 0x3F, 0xA3, 0x2B, 0x4C, 0x50, 0x31, 0x54, 
	0xB0, 0x48, 0xB4, 0x1B, 0xDB, 0x16, 0x85, 0x5B, 0x0D, 0x5C, 0x6E, 0xAA, 0x5A, 0xC0, 0xE5, 0xAE, 
	0x1A, 0x8A, 0xF5, 0xBF, 0x22, 0x7E, 0xE0, 0x27, 0x4F, 0x8D, 0x76, 0xF1, 0x1E, 0x9B, 0x59, 0x8A, 
	0x3F, 0xC3, 0x22, 0x47, 0x95, 0xC8, 0x4D, 0xBC, 0x9E, 0x5E, 0x26, 0x4D, 0x13, 0x0F, 0xA1, 0x80, 
	0x7C, 0x4B, 0x3B, 0xE1, 0x3D, 0x28, 0x8F, 0xA1, 0xAE, 0xC6, 0x97, 0xEE, 0xF7, 0xD2, 0x44, 0x67, 
	0x12, 0xA2, 0xB1, 0x18, 0xF1, 0x4D, 0x72, 0xCE, 0x49, 0xE4, 0xB1, 0xB3, 0xB9, 0xDF, 0xCF, 0x32, 
	0x38, 0x61, 0x3F, 0x1D, 0x44, 0xD0, 0x79, 0xA9, 0x34, 0x88, 0x49, 0x97, 0xA7, 0x19, 0x85, 0x45, 
	0x68, 0x71, 0x1A, 0xDC, 0xE3, 0x3D, 0x2F, 0x73, 0x81, 0xBD, 0x45, 0x82, 0x94, 0xB0, 0x38, 0x68, 
	0x5B, 0xE8, 0x1B, 0x6D, 0x38, 0x0A, 0x56, 0x0A, 0xA2, 0x8F, 0xAD, 0xC0, 0xF7, 0x2C, 0x44, 0x3A, 
	0x2F, 0xB0, 0xC6, 0x87, 0x54, 0xD3, 0xF9, 0x65, 0x86, 0x8F, 0xEF, 0xB7, 0x15, 0x7F, 0x17, 0xBA, 
	0x99, 0x0B, 0xA3, 0x50, 0x1E, 0xB8, 0x7D, 0x4B, 0x9B, 0x8C, 0xD9, 0x7E, 0xE8, 0x4E, 0xDC, 0x3B, 
	0xE4, 0x1F, 0x2D, 0xEE, 0x74, 0xF1, 0xC9, 0x0A, 0x27, 0x1B, 0xC2, 0x80, 0xB3, 0xDC, 0x1D, 0x76, 
	0x51, 0xC2, 0xE1, 0x5F, 0x37, 0x82, 0x78, 0xCB, 0x40, 0x46, 0xC0, 0x29, 0xA2, 0x4F, 0x3F, 0xD8, 
	0xD2, 0x3C, 0x95, 0x8D, 0x8C, 0xD8, 0xE7, 0xA5, 0xE0, 0x30, 0xA8, 0x63, 0x48, 0xCB, 0x4F, 0xA4, 
	0x8C, 0x61, 0x7D, 0x8C, 0xE0, 0x74, 0x5B, 0xB8, 0x52, 0x88, 0x4B, 0x60, 0x77, 0x83, 0x99, 0xB3, 
	0xBE, 0xC1, 0x47, 0xD6, 0x28, 0x5D, 0x1C, 0x47, 0xD6, 0x8B, 0x72, 0x2A, 0x9F, 0xF1, 0x30, 0x24, 
	0xF0, 0xFD, 0x34, 0x23, 0xB0, 0x1B, 0x8F, 0x06, 0x4D, 0x2C, 0x2B, 0x24, 0xCE, 0xCC, 0xA3, 0xEE, 
	0x3D, 0x6E, 0x49, 0xC2, 0xCE, 0xDF, 0x86, 0xC4, 0xE1, 0x19, 0xC6, 0xE2, 0xDA, 0x6F, 0x8C, 0x92, 
	0xEE, 0xDC, 0x81, 0x9C, 0x64, 0x97, 0xFA, 0x55, 0x66, 0x07, 0x1A, 0x9B, 0x61, 0x87, 0x68, 0x9A, 
	0x62, 0xF8, 0xB5, 0x78, 0x5E, 0x44, 0xAA, 0xB3, 0x6E, 0x9E, 0x68, 0xE9, 0x21, 0xD2, 0xC3, 0x62, 
	0x73, 0x3E, 0xE6, 0xCA, 0xC1, 0xA8, 0xD8, 0x2A, 0x56, 0xEF, 0xB1, 0x59, 0xD4, 0xA9, 0x6A, 0x83, 
	0x17, 0x31, 0x70, 0x56, 0xB9, 0xF5, 0x98, 0x72, 0x91, 0x25, 0xBD, 0xEB, 0xBD, 0x76, 0x75, 0xB6, 
	0x2E, 0x64, 0xDE, 0xBC, 0xD7, 0x74, 0xCC, 0xC2, 0x99, 0xEB, 0x6A, 0x0B, 0x33, 0x96, 0x84, 0x44, 
	0xC4, 0xD8, 0x66, 0x22, 0x09, 0xE9, 0x92, 0x2B, 0x20, 0x7C, 0x5B, 0xC1, 0x49, 0xE8, 0xC0, 0xA0, 
	0x5F, 0xA9, 0xAA, 0xCB, 0xD5, 0xB0, 0xEF, 0x42, 0x3D, 0xDB, 0xA3, 0xC2, 0x89, 0x61, 0x0C, 0x2F, 
	0xA4, 0xC5, 0x42, 0xCC, 0x81, 0xB3, 0x68, 0xC3, 0x82, 0xB3, 0x84, 0xAA, 0x62, 0x8C, 0x20, 0xCA, 
	0x11, 0x65, 0x74, 0xA1, 0x14, 0x9F, 0xB6, 0x64, 0x0F, 0xC1, 0xB4, 0xDF, 0x18, 0x75, 0xA5, 0x7C, 
	0x7B, 0xD5, 0xB0, 0xB7, 0x89, 0x47, 0x42, 0x0C, 0xBF, 0xC0, 0x80, 0x1D, 0xD5, 0x1F, 0x6F, 0xD9, 
	0xCD, 0xF9, 0x67, 0x2D, 0xF3, 0x28, 0x04, 0xC8, 0x70, 0xA7, 0xD1, 0xFB, 0x3B, 0xEE, 0x81, 0x11, 
	0xAD, 0xF3, 0x4C, 0x5D, 0xB0, 0x32, 0xB7, 0x73, 0xB2, 0xA8, 0x79, 0xCA, 0xBB, 0xDB, 0x1E, 0x14, 
	0xE7, 0xCF, 0x75, 0x95, 0x49, 0x6B, 0x1F, 0xE6, 0x76, 0x8C, 0x20, 0xF5, 0x86, 0x6A, 0x0F, 0x97, 
	0x71, 0x0F, 0x75, 0x9C, 0xBC, 0x88, 0xCE, 0x49, 0xA9, 0x7D, 0x80, 0xD3, 0x20, 0xAE, 0xBA, 0x92, 
	0x66, 0x52, 0x8F, 0x65, 0xB4, 0x6C, 0xB2, 0xE8, 0xD3, 0x8A, 0x94, 0x18, 0xAA, 0xEC, 0x44, 0xA9, 
	0x73, 0x10, 0xA5, 0x98, 0x85, 0xEA, 0xE5, 0x96, 0xBE, 0x57, 0x91, 0x83, 0x44, 0x04, 0x7A, 0x38, 
	0xB8, 0x08, 0x91, 0x56, 0x46, 0x75, 0xE2, 0xB7, 0xF0, 0xB6, 0x31, 0xA8, 0xA1, 0x31, 0x64, 0x81, 
	0x27, 0xEE, 0x2D, 0xAC, 0x17, 0x87, 0xC2, 0x3E, 0x9C, 0x50, 0x91, 0x6F, 0xA6, 0xAA, 0xE9, 0xAF, 
	0x43, 0x59, 0x40, 0x71, 0x11, 0x7C, 0x35, 0x10, 0xD2, 0x3C, 0xB1, 0x91, 0x59, 0x4D, 0x43, 0x2B, 
	0x95, 0xCF, 0x1B, 0x97, 0x93, 0x14, 0xA0, 0xD3, 0xAF, 0x92, 0x4D, 0x76, 0xE3, 0x28, 0xE7, 0x71, 
	0xC8, 0xE8, 0x32, 0x18, 0x4F, 0xF1, 0x85, 0x79, 0x40, 0x38, 0xEB, 0xBF, 0x09, 0x05, 0xE9, 0x82, 
	0x91, 0xA9, 0x90, 0x53, 0x64, 0xA7, 0x2B, 0xCA, 0xEB, 0x55, 0x67, 0xC8, 0xC4, 0x5E, 0xDB, 0xAD, 
	0xF4, 0x47, 0xE0, 0xDA, 0x84, 0xD4, 0x2A, 0x42, 0x72, 0xE9, 0x8D, 0x85, 0xF2, 0x96, 0x0B, 0x19, 
	0x6B, 0x92, 0x98, 0x12, 0x06, 0x1D, 0x47, 0x5D, 0x0E, 0xB6, 0x8A, 0xD8, 0x2C, 0xD2, 0x83, 0x6F, 
	0xF1, 0xF5, 0xE9, 0xA4, 0x32, 0x9D, 0xCF, 0x84, 0x7F, 0x93, 0x0B, 0x76, 0xB5, 0xB6, 0x6D, 0x67, 
	0x3C, 0xA9, 0x1F, 0x55, 0x21, 0xAB, 0x7E, 0x74, 0x5E, 0x1E, 0x2C, 0x5F, 0x21, 0xA0, 0xEE, 0x85, 
	0xAA, 0xAC, 0x8D, 0x96, 0x1B, 0x5E, 0xAB, 0x15, 0x09, 0x68, 0xD8, 0x83, 0xE4, 0xC1, 0x80, 0x92, 
	0xA8, 0x22, 0xD7, 0x0D, 0x7B, 0x34, 0x91, 0xD1, 0xE1, 0xB3, 0xC0, 0x62, 0xE4, 0x57, 0xC2, 0x77, 
	0x9A, 0x13, 0x14, 0x2D, 0x1E, 0xA1, 0x46, 0x8F, 0x65, 0xBF, 0x73, 0xB4, 0x5C, 0x80, 0x07, 0x8E, 
	0x1C, 0x0D, 0x9E, 0x2D, 0x22, 0xEB, 0xD1, 0x0F, 0x3D, 0xC8, 0x96, 0x20, 0xE3, 0xF1, 0xF6, 0xA7, 
	0xF5, 0xCC, 0xAE, 0x2C, 0x51, 0x8C, 0x7F, 0x79, 0x86, 0xE7, 0x0D, 0x89, 0xF9, 0x61, 0x25, 0x2B, 
	0x83, 0xB2, 0x0F, 0x22, 0x26, 0xD1, 0xD3, 0x62, 0xBE, 0xC8, 0xE1, 0x33, 0xA8, 0x2F, 0xD7, 0x3A, 
	0x93, 0x9B, 0x6E, 0x7F, 0xE3, 0xBC, 0xBB, 0xF3, 0x1F, 0x3F, 0xBF, 0xBE, 0xF6, 0x34, 0x71, 0xD8, 
	0xA8, 0x55, 0x8E, 0x9D, 0xD2, 0x4C, 0xA7, 0xED, 0x65, 0x04, 0xC4, 0x6C, 0xDD, 0x28, 0x45, 0x0E, 
	0xEF, 0x4C, 0x4C, 0x85, 0x3E, 0x53, 0xB6, 0x0E, 0x56, 0x27, 0xC4, 0x47, 0x8A, 0x64, 0xEA, 0xF9, 
	0xC7, 0x2E, 0xAB, 0x8A, 0x9C, 0x2E, 0xC5, 0xA2, 0xB5, 0xDB, 0x64, 0xED, 0x69, 0x84, 0x60, 0xDB, 
	0x4C, 0x89, 0x35, 0xCB, 0xCF, 0x17, 0x9F, 0x72, 0x45, 0x07, 0x14, 0x5C, 0x2E, 0xEB, 0xF9, 0x9B, 
	0xDF, 0x89, 0xBC, 0x21, 0x1A, 0xEF, 0x1E, 0x17, 0x0B, 0xC4, 0x8C, 0x3B, 0x34, 0x8E, 0xBB, 0x34, 
	0x4B, 0x46, 0xE1, 0x41, 0x53, 0x25, 0x0D, 0xB8, 0x71, 0x54, 0x84, 0xA3, 0x6D, 0x5C, 0x5C, 0x92, 
	0x9F, 0xBE, 0xF9, 0xD3, 0x12, 0xAC, 0xC7, 0xC4, 0x50, 0x48, 0x28, 0xDD, 0x83, 0x0C, 0x5C, 0x37, 
	0x80, 0x4B, 0x27, 0xDC, 0x9D, 0x58, 0xE3, 0x50, 0x1B, 0x87, 0xEB, 0xE9, 0x11, 0x98, 0x4D, 0x96, 
	0x4C, 0x35, 0x8B, 0x79, 0x57, 0xD9, 0x98, 0xDE, 0x15, 0xC6, 0xF6, 0xF7, 0x9C, 0x2F, 0xAA, 0x0A, 
	0x0B, 0x73, 0x82, 0x3E, 0x9C, 0xEB, 0x9F, 0x2F, 0x30, 0x31, 0x07, 0x46, 0xE2, 0x4F, 0x5F, 0x16, 
	0xCA, 0x4E, 0x87, 0x22, 0x10, 0x85, 0x90, 0x70, 0x8B, 0xE2, 0xAC, 0xAE, 0xF4, 0xD1, 0x7F, 0x68, 
	0xA9, 0xBB, 0x89, 0xF0, 0x90, 0xBF, 0xEC, 0x4D, 0x44, 0xC9, 0x6A, 0x2D, 0x20, 0x6B, 0x9C, 0x3D, 
	0xD0, 0x6D, 0xDD, 0x22, 0x6B, 0x4C, 0x37, 0x35, 0xAC, 0x25, 0xC4, 0x97, 0x44, 0x4C, 0xF2, 0xFE, 
	0xD7, 0x0F, 0x97, 0x11, 0xA0, 0x2D, 0x12, 0x49, 0x8A, 0xF4, 0x9C, 0x3F, 0xD8, 0xAD, 0x75, 0x0F, 
	0x94, 0x11, 0x75, 0x10, 0xCB, 0x46, 0x6B, 0xC2, 0x10, 0x11, 0xCF, 0x80, 0x42, 0x80, 0xC6, 0x32, 
	0x99, 0x53, 0x1B, 0xBB, 0x6B, 0x09, 0x97, 0xAD, 0xEC, 0x51, 0x0B, 0x6C, 0x86, 0x29, 0xAA, 0x52, 
	0x0B, 0xA5, 0x1E, 0xD3, 0xC8, 0x18, 0x7B, 0x7A, 0xC3, 0x5E, 0x34, 0x7D, 0xDF, 0xDB, 0xF0, 0x23, 
	0xBF, 0x9C, 0x3A, 0xA1, 0x6D, 0xBF, 0x96, 0xAB, 0xEE, 0x6B, 0x12, 0x0A, 0x99, 0x88, 0x8F, 0x92, 
	0xB2, 0xD1, 0x72, 0xB5, 0xF8, 0xE9, 0x2E, 0x6F, 0xC6, 0xA4, 0x29, 0x02, 0x47, 0x44, 0xDB, 0xBB, 
	0xB5, 0xEC, 0x22, 0x86, 0x75, 0x55, 0x5F, 0x49, 0xC1, 0xF4, 0xE8, 0x90, 0xD3, 0x0E, 0xAE, 0x34, 
	0xD2, 0x13, 0x12, 0x1B, 0x44, 0x7D, 0x7A, 0x95, 0x98, 0x99, 0xDB, 0xAA, 0xB5, 0x3C, 0x6E, 0xC5, 
	0x7D, 0x61, 0xCA, 0x8E, 0x72, 0x34, 0xC9, 0x56, 0x4A, 0xAD, 0xB9, 0xC4, 0x09, 0x59, 0x2F, 0x40, 
	0x5A, 0xE3, 0x89, 0xC1, 0xAA, 0x1B, 0x04, 0x92, 0x61, 0xEF, 0x81, 0x68, 0x8E, 0xB3, 0xDB, 0xC9, 
	0xCC, 0x0D, 0x47, 0x10, 0x71, 0x5F, 0x20, 0x58, 0xF2, 0x57, 0x91, 0xC7, 0x25, 0xCB, 0x6D, 0xAE, 
	0xC5, 0x15, 0x2E, 0xB3, 0x52, 0x6B, 0xAB, 0xED, 0xF3, 0x7D, 0xF9, 0x7F, 0x6B, 0x46, 0xC9, 0x0D, 
	0x0D, 0x00, 0x63, 0xB7, 0xBD, 0x69, 0xE4, 0xC3, 0x09, 0x90, 0x6C, 0xF3, 0x5C, 0x33, 0x43, 0x2D, 
	0x4C, 0x1C, 0x5E, 0x4C, 0x81, 0xD3, 0xCF, 0xDF, 0xD3, 0xE5, 0x58, 0x5F, 0x05, 0xEC, 0x5B, 0x8C, 
	0x45, 0x78, 0xE6, 0x8C, 0xAD, 0x5C, 0x40, 0xA6, 0x37, 0x4E, 0x20, 0xEF, 0xF4, 0xCF, 0x0B, 0x2A, 
	0xC6, 0xBF, 0x57, 0x16, 0xBC, 0x30, 0x24, 0x6B, 0x27, 0x10, 0x44, 0xDD, 0x3E, 0x63, 0xDF, 0x48, 
	0x1E, 0xA0, 0x83, 0xAF, 0xD4, 0xD3, 0x90, 0x09, 0x06, 0x4C, 0x70, 0xB3, 0x75, 0x84, 0x50, 0xE5, 
	0xC9, 0xB0, 0x28, 0xE6, 0xB0, 0xC3, 0xD0, 0x72, 0xB0, 0xCB, 0x98, 0x1D, 0x15, 0xA7, 0x63, 0xBD, 
	0xF0, 0xBD, 0xBE, 0xBA, 0xE4, 0xF4, 0xB0, 0x82, 0x9D, 0x73, 0x19, 0x63, 0x6D, 0xB7, 0x3F, 0x72, 
	0x6A, 0xA7, 0xD8, 0x10, 0x0B, 0x84, 0x65, 0x76, 0xF0, 0xFA, 0xE4, 0x5B, 0xCA, 0x7E, 0x11, 0x72, 
	0xC1, 0xF9, 0x26, 0x6B, 0xB9, 0x6E, 0xDB, 0xA0, 0xC2, 0x99, 0x9F, 0x8A, 0xAB, 0x5E, 0x42, 0x91, 
	0x86, 0x74, 0x69, 0xC8, 0xCC, 0xEA, 0xD2, 0xE9, 0x14, 0x7E, 0xB5, 0x43, 0xBA, 0xF9, 0x9D, 0x97, 
	0x3D, 0xAC, 0x09, 0xD8, 0x64, 0x66, 0xCB, 0xA3, 0xE6, 0xB0, 0x8D, 0xE0, 0x27, 0xD3, 0x4E, 0xDD, 
	0x9A, 0xD6, 0xA9, 0xF1, 0x14, 0xD6, 0x7B, 0xEC, 0xB9, 0x59, 0x85, 0xBA, 0x6B, 0xE4, 0x25, 0x1C, 
	0x9B, 0x32, 0xB3, 0x73, 0xF3, 0xA4, 0x8D, 0x96, 0x2C, 0xA2, 0x47, 0x80, 0xD5, 0x3D, 0x94, 0xBD, 
	0xC3, 0xB1, 0x59, 0x80, 0x0A, 0xD8, 0x21, 0x77, 0x68, 0x66, 0xA6, 0x09, 0x6F, 0x83, 0x1B, 0xC0, 
	0xF1, 0xCA, 0x7B, 0xBA, 0xDD, 0x63, 0x8D, 0x56, 0x41, 0x7E, 0x16, 0xB6, 0x22, 0xE8, 0xE6, 0x54, 
	0xCE, 0xD7, 0x23, 0xB3, 0x2B, 0xF2, 0xE6, 0x49, 0x34, 0xB2, 0x65, 0x87, 0xB4, 0x94, 0x6F, 0x29, 
	0xC8, 0xE2, 0x5E, 0xB0, 0x8E, 0x69, 0xB6, 0x78, 0x9B, 0x40, 0x2F, 0x30, 0x4A, 0x1A, 0x49, 0x7D, 
	0x40, 0x32, 0x84, 0x31, 0xF2, 0xBB, 0x74, 0xC3, 0xD5, 0x55, 0xD4, 0x1A, 0x27, 0x65, 0x71, 0x87, 
	0x7E, 0xE4, 0x66, 0x89, 0xA7, 0x15, 0x52, 0x5F, 0x50, 0xDE, 0xB9, 0xC1, 0xF6, 0x48, 0x4B, 0x0D, 
	0x1B, 0xA8, 0x1B, 0xAE, 0x44, 0x32, 0xB2, 0x56, 0xB2, 0x43, 0x26, 0xA2, 0xEA, 0xDB, 0xD9, 0x14, 
	0xE3, 0x50, 0x79, 0xB7, 0xFB, 0x39, 0x13, 0x3D, 0x13, 0x89, 0xB0, 0xA0, 0xD6, 0x88, 0xCF, 0x72, 
	0x34, 0x41, 0x23, 0x6B, 0xCF, 0x0C, 0x1F, 0xEB, 0xE2, 0x9D, 0x3F, 0x97, 0x53, 0x4A, 0xBE, 0x93, 
	0xB2, 0x81, 0x7C, 0x0E, 0x7D, 0x2F, 0x0A, 0x0A, 0x41, 0x53, 0x0F, 0x3E, 0xC5, 0x8D, 0x35, 0xE8, 
	0xEA, 0xE9, 0xF6, 0xC6, 0xBF, 0x59, 0x75, 0x86, 0x13, 0x7D, 0xFA, 0x8C, 0xC1, 0xA2, 0xB6, 0xC3, 
	0x1B, 0x0A, 0x1F, 0x7C, 0x53, 0xE7, 0xBE, 0x7F, 0xEC, 0x60, 0x9A, 0x63, 0xD0, 0x81, 0x29, 0x9B, 
	0x5D, 0xA6, 0xC2, 0x68, 0x35, 0xCC, 0xEF, 0xAC, 0x99, 0x24, 0x3B, 0x4C, 0xDA, 0x54, 0xA0, 0x1D, 
	0xEA, 0x79, 0x0F, 0x72, 0xAD, 0xE5, 0x1D, 0x1A, 0xC2, 0xC9, 0x29, 0x08, 0x25, 0x14, 0xC8, 0x5A, 
	0x3E, 0x8E, 0x9F, 0x4A, 0x84, 0xB4, 0x31, 0xBF, 0x88, 0x9E, 0xA3, 0x1D, 0x68, 0x4B, 0xD9, 0xC6, 
	0xE1, 0x55, 0xC4, 0x88, 0x0F, 0x13, 0x5E, 0x33, 0x28, 0xD0, 0x48, 0x7E, 0x1A, 0x81, 0xBB, 0xAE, 
	0xF3, 0xB8, 0x8E, 0xAA, 0x41, 0xB6, 0x30, 0x0E, 0x80, 0x3D, 0xC8, 0x5B, 0x4E, 0x17, 0x2A, 0xCA, 
	0x1F, 0x32, 0xC7, 0x94, 0xF1, 0xF4, 0x64, 0xD1, 0x15, 0xB7, 0x8B, 0x65, 0x23, 0x96, 0xDD, 0x19, 
	0x8B, 0x37, 0x6E, 0x1E, 0xF3, 0x32, 0x5A, 0x76, 0xE6, 0x36, 0x40, 0xBF, 0x9C, 0xB6, 0xAD, 0x0D, 
	0x6F, 0xBF, 0x79, 0xC4, 0x34, 0x8F, 0x2F, 0xDE, 0x2B, 0xBC, 0x73, 0x8D, 0xE9, 0xA2, 0x95, 0xAB, 
	0xBF, 0x35, 0x1F, 0x60, 0x94, 0xCC, 0x98, 0xC3, 0xB6, 0xC4, 0x66, 0x65, 0x8A, 0xBF, 0xF0, 0xF6, 
	0x83, 0xA5, 0x0C, 0x94, 0x97, 0x84, 0x52, 0x08, 0xB3, 0x34, 0x51, 0x28, 0x4A, 0x65, 0x98, 0x79, 
	0xDC, 0xD8, 0x51, 0x9B, 0x0A, 0x01, 0x13, 0x7B, 0x89, 0x4E, 0x84, 0x80, 0x85, 0x4F, 0xEE, 0xFC, 
	0x6C, 0x8F, 0xA7, 0xC4, 0x46, 0xD9, 0xC1, 0xA1, 0xCD, 0x5B, 0x76, 0x97, 0x36, 0x4B, 0x22, 0x31, 
	0xED, 0x67, 0x96, 0x2F, 0x62, 0x9C, 0x7C, 0xF3, 0xB8, 0x21, 0xDF, 0xAA, 0x17, 0xEE, 0x1C, 0x3B, 
	0x05, 0x37, 0x70, 0x4F, 0x5B, 0x4A, 0xCC, 0xEB, 0x0A, 0x8E, 0x12, 0x96, 0xBD, 0x3C, 0xB2, 0x65, 
	0xA8, 0x11, 0x88, 0xAF, 0x09, 0x0F, 0xD0, 0x4E, 0x2F, 0x8C, 0xA6, 0xB6, 0xDE, 0xEB, 0x1B, 0x9B, 
	0xD2, 0x68, 0x60, 0x7C, 0x49, 0xE4, 0x50, 0xE0, 0x9B, 0x50, 0x2B, 0x2E, 0x38, 0x8C, 0x5D, 0x56, 
	0x53, 0x19, 0x96, 0x25, 0x4A, 0x40, 0x9F, 0x52, 0x8F, 0x1A, 0xC8, 0xCD, 0xCF, 0xD8, 0x2B, 0xD3, 
	0x0B, 0xCD, 0x5A, 0xE3, 0x8A, 0x78, 0x4F, 0x53, 0x86, 0xE5, 0xCB, 0x96, 0x13, 0x4C, 0x6D, 0x28, 
	0xE2, 0xD5, 0x22, 0xAA, 0xD9, 0xA8, 0xB5, 0xB5, 0x2B, 0x19, 0x51, 0x56, 0xD9, 0xF5, 0xDD, 0x6C, 
	0x5D, 0x63, 0x20, 0x6A, 0xC1, 0x2E, 0x6D, 0xBC, 0x6E, 0xDA, 0xD6, 0x62, 0xCF, 0xEC, 0xBF, 0xAF, 
	0x1B, 0x93, 0x4D, 0xDB, 0x75, 0x44, 0x56, 0xE6, 0xD7, 0x18, 0x0C, 0x04, 0x3A, 0x09, 0x3A, 0x84, 
	0x5B, 0xE0, 0x72, 0x30, 0xD2, 0xC1, 0xAB, 0x83, 0x81, 0xA7, 0x20, 0x5A, 0x4C, 0x6F, 0x79, 0x97, 
	0x22, 0xBA, 0x56, 0x79, 0xEE, 0x9C, 0x37, 0x2E, 0x3B, 0x79, 0xB7, 0xCE, 0x3E, 0x50, 0xA8, 0x4B, 
	0x1C, 0x3C, 0xD9, 0x98, 0xBE, 0x8B, 0x5E, 0xAF, 0xB3, 0xC9, 0x53, 0xAF, 0x5D, 0x65, 0x41, 0x51, 
	0xEF, 0xB5, 0x47, 0x8A, 0x77, 0xB6, 0x61, 0x79, 0x90, 0xE1, 0x13, 0xF0, 0x54, 0xA1, 0xF4, 0x7D, 
	0x65, 0x55, 0xF4, 0x5F, 0x9A, 0x59, 0x51, 0x3B, 0x91, 0xCB, 0x17, 0xBE, 0x16, 0xD7, 0x19, 0x12, 
	0x3C, 0xD4, 0x1B, 0x6C, 0x33, 0x39, 0x55, 0x96, 0xBB, 0xD7, 0x90, 0x14, 0x1D, 0x59, 0x59, 0xB2, 
	0xA9, 0x22, 0x2A, 0x6F, 0xB9, 0x83, 0xB5, 0xC4, 0x63, 0x48, 0xDB, 0x47, 0x9B, 0x7D, 0x5B, 0xD2, 
	0x3D, 0xAA, 0xA5, 0xC1, 0x85, 0x3A, 0x03, 0x1B, 0x4B, 0xE7, 0xBE, 0xDC, 0x7A, 0x58, 0x6D, 0x65, 
	0xF8, 0x91, 0xBF, 0x2E, 0x8F, 0xE8, 0x31, 0xC1, 0xF1, 0xD2, 0x3D, 0x1C, 0x66, 0x5E, 0xE6, 0x6E, 
	0xC6, 0xAD, 0xBF, 0x71, 0xEF, 0x60, 0xA7, 0x60, 0x76, 0xC2, 0xF9, 0x88, 0x49, 0xF4, 0x45, 0xA8, 
	0x2C, 0xA3, 0xF8, 0x0E, 0xB7, 0x0A, 0xA1, 0x7F, 0xD6, 0x19, 0x5F, 0x90, 0xF2, 0x3A, 0x06, 0x51, 
	0x8C, 0x5B, 0x16, 0x9A, 0x3D, 0xC9, 0x11, 0x76, 0x1B, 0x07, 0x8D, 0x60, 0xA7, 0x41, 0x37, 0x7F, 
	0x87, 0x78, 0xF9, 0xDC, 0x0B, 0xAD, 0x9D, 0xEA, 0x4D, 0xAA, 0xA4, 0x32, 0xEA, 0x35, 0x43, 0xEB, 
	0xC1, 0x46, 0x39, 0xCB, 0x2E, 0x4C, 0x39, 0x5D, 0xB1, 0x63, 0xB3, 0x21, 0xDC, 0x94, 0x35, 0x9B, 
	0x34, 0x0E, 0xCD, 0xC8, 0x50, 0x7D, 0xD4, 0xE3, 0x19, 0x5D, 0x22, 0xB2, 0x3B, 0x0E, 0xB0, 0x64, 
	0x40, 0xF1, 0xB1, 0xC2, 0xBF, 0x1B, 0xB7, 0xBB, 0x7F, 0x88, 0x80, 0xA8, 0x63, 0xF3, 0x70, 0x87, 
	0xD5, 0x84, 0x75, 0x32, 0xA7, 0x65, 0x91, 0xF0, 0xBD, 0xDF, 0xE5, 0x50, 0xB9, 0x18, 0xC9, 0x89, 
	0x97, 0x26, 0xD5, 0x7F, 0x2E, 0xDF, 0x8B, 0x0D, 0x42, 0x41, 0xE8, 0x4C, 0xAA, 0xFC, 0x90, 0x87, 
	0xDD, 0xF4, 0xBA, 0xBC, 0x69, 0xE4, 0x74, 0x7C, 0x6F, 0xED, 0xEA, 0x47, 0xAD, 0x11, 0x69, 0x15, 
	0x01, 0x58, 0x17, 0x49, 0xB4, 0x1E, 0xE0, 0x89, 0x89, 0x51, 0xEA, 0x74, 0x89, 0xB0, 0xA2, 0xAD, 
	0x54, 0x90, 0x64, 0x64, 0xD3, 0x2E, 0x73, 0x9F, 0xFA, 0x68, 0x11, 0x3D, 0x5D, 0x4D, 0xC7, 0x7E, 
	0x54, 0x58, 0x8B, 0xC7, 0xE3, 0x7E, 0x9E, 0x40, 0x6F, 0x82, 0x58, 0xEA, 0xD8, 0xAB, 0x2B, 0xD0, 
	0xD5, 0x8E, 0x26, 0x5F, 0x90, 0xB3, 0x1E, 0x4D, 0xDB, 0x0A, 0x12, 0x36, 0x3D, 0xAC, 0x9D, 0xFA, 
	0x1B, 0xC3, 0x6C, 0xD2, 0x51, 0x6A, 0xCD, 0xFC, 0xCB, 0xB5, 0xD7, 0xDC, 0xA2, 0x0D, 0xEB, 0xAA, 
	0xC8, 0x1F, 0x85, 0x3B, 0x48, 0xB1, 0x32, 0x3A, 0x3C, 0xA6, 0xAA, 0x60, 0xE5, 0xA3, 0xEB, 0xA8, 
	0x6C, 0x71, 0xAA, 0x9A, 0xB7, 0xD4, 0x14, 0x60, 0x0B, 0xB9, 0x21, 0x87, 0x19, 0x6D, 0x59, 0x86, 
	0x2E, 0x76, 0x1A, 0xAD, 0xD6, 0xD4, 0xF6, 0xE3, 0xD6, 0x4B, 0x68, 0x31, 0x2F, 0x05, 0x3C, 0x3D, 
	0x2F, 0x12, 0x47, 0x81, 0x1F, 0x24, 0x40, 0xC7, 0x4F, 0x8F, 0xA5, 0xA0, 0x93, 0x1F, 0xF4, 0xB0, 
	0xA2, 0xF5, 0x33, 0xE1, 0x4B, 0x41, 0x22, 0x84, 0x26, 0xB2, 0xCD, 0x75, 0xF1, 0x56, 0x6E, 0x5E, 
	0xD6, 0x7A, 0x1C, 0x49, 0x88, 0x51, 0xCC, 0x68, 0x56, 0x19, 0xE5, 0x0E, 0x94, 0xB7, 0xFA, 0x1A, 
	0x79, 0xE5, 0x1C, 0x32, 0xB4, 0xB8, 0xB9, 0x41, 0x38, 0xF2, 0x47, 0x33, 0x58, 0x80, 0xC8, 0x69, 
	0x91, 0x78, 0xD4, 0xF0, 0x52, 0xCD, 0x84, 0x1D, 0x92, 0x48, 0x4B, 0xE2, 0xD8, 0x92, 0xD1, 0x79, 
	0xB2, 0xA4, 0x0C, 0x35, 0x89, 0x7B, 0x3C, 0xC9, 0xDA, 0x0E, 0x0A, 0xC1, 0x99, 0x22, 0x08, 0x74, 
	0x26, 0xE9, 0x3A, 0xB7, 0xC1, 0xB7, 0x7E, 0xA2, 0x2B, 0x1C, 0x02, 0xC0, 0x24, 0x61, 0x6A, 0x66, 
	0xE3, 0x8C, 0x20, 0xD6, 0x42, 0x53, 0x82, 0xDE, 0x78, 0xD7, 0x69, 0xCE, 0x1C, 0x2E, 0x3B, 0x87, 
	0xF8, 0xCC, 0xB7, 0x42, 0x7E, 0x89, 0x59, 0x85, 0xBB, 0xA5, 0x3D, 0x64, 0x65, 0x86, 0x15, 0x34, 
	0x5E, 0x04, 0x56, 0x5E, 0x69, 0x94, 0xDD, 0xD8, 0x1D, 0x85, 0x6E, 0x37, 0x5D, 0x4C, 0xE7, 0x56, 
	0x3F, 0xE7, 0xDC, 0x51, 0x41, 0x60, 0x14, 0x0A, 0xBD, 0xEB, 0x0D, 0xC1, 0xD1, 0xD3, 0x7E, 0xFA, 
	0x15, 0x79, 0xAB, 0x37, 0xDB, 0x24, 0x02, 0xD4, 0x7B, 0x26, 0x29, 0x1E, 0x2F, 0x8B, 0x0F, 0x45, 
	0xA4, 0x57, 0x06, 0x06, 0xD7, 0xDC, 0x17, 0x3D, 0x49, 0x10, 0x59, 0x45, 0xA9, 0xA7, 0xC8, 0xA7, 
	0x82, 0x7A, 0xE5, 0x27, 0x98, 0x49, 0xF6, 0xE7, 0xFA, 0xC4, 0x8A, 0x08, 0x60, 0x9B, 0xDC, 0xB9, 
	0xA9, 0xF4, 0x79, 0xD2, 0x70, 0x24, 0x1B, 0xF3, 0x0C, 0x23, 0x25, 0x6E, 0x6C, 0xE6, 0x88, 0xD0, 
	0x09, 0x71, 0xC7, 0x35, 0xAE, 0xFC, 0x5F, 0xAE, 0xAC, 0x8B, 0x60, 0x9E, 0x09, 0x9D, 0x30, 0xAA, 
	0x55, 0xD8, 0x63, 0x6B, 0x14, 0xD4, 0x72, 0xE1, 0x4F, 0x59, 0x2B, 0x33, 0xA2, 0x16, 0x94, 0xF7, 
	0x77, 0xF5, 0xF6, 0xB9, 0x6F, 0xB8, 0xF7, 0xC6, 0x41, 0xA3, 0x6E, 0x05, 0x38, 0x53, 0x13, 0x06, 
	0x5B, 0x19, 0xD3, 0xBE, 0x2E, 0x46, 0x9E, 0x65, 0x28, 0xD4, 0x21, 0xAC, 0x27, 0x0F, 0x5E, 0x59, 
	0x63, 0x98, 0xF1, 0x58, 0x34, 0x71, 0x35, 0x66, 0x06, 0x4A, 0x54, 0x6B, 0x62, 0xE8, 0x22, 0x57, 
	0x35, 0xAE, 0xE7, 0x14, 0x31, 0x1E, 0xB7, 0xA5, 0x4A, 0xDC, 0x92, 0x64, 0xC1, 0x68, 0x98, 0xEA, 
	0x18, 0xE4, 0x45, 0xDD, 0x9E, 0xA9, 0xBC, 0xB4, 0x09, 0xAE, 0xA8, 0x7E, 0xF2, 0x3D, 0x3A, 0x14, 
	0xD4, 0xD5, 0x77, 0xD8, 0xD9, 0xA9, 0x34, 0x9E, 0xFB, 0xB1, 0x15, 0xF0, 0xA8, 0x23, 0x67, 0x83, 
	0x55, 0x93, 0x30, 0x95, 0x66, 0x69, 0xB6, 0x87, 0xE0, 0x2D, 0xD4, 0x16, 0x9B, 0x75, 0xCA, 0x62, 
	0x11, 0x99, 0x4A, 0x06, 0xE2, 0xB3, 0xC8, 0x26, 0x4D, 0x82, 0xF9, 0x83, 0xF7, 0xC9, 0x66, 0xAF, 
	0xB6, 0x42, 0x05, 0xDC, 0x75, 0x46, 0xAC, 0x81, 0xF5, 0xE7, 0x55, 0x46, 0x2F, 0x7B, 0x96, 0x37, 
	0x22, 0x3E, 0x1D, 0x90, 0x66, 0x90, 0xC7, 0xA4, 0xD8, 0xB7, 0xB4, 0x3B, 0x2D, 0x78, 0x77, 0xCB, 
	0x6E, 0x92, 0xEA, 0x8A, 0xCA, 0x59, 0x91, 0x15, 0x3C, 0x4C, 0x46, 0x8F, 0x94, 0xB2, 0xC0, 0x56, 
	0x1D, 0xE2, 0x96, 0xEE, 0x68, 0x2C, 0xCE, 0x81, 0xEA, 0x9C, 0x6A, 0xB2, 0xC1, 0xD9, 0x12, 0x00, 
	0x42, 0x53, 0x07, 0x76, 0xAC, 0x41, 0xB6, 0x6F, 0x52, 0xB0, 0xEC, 0xAD, 0xF0, 0xF6, 0xDF, 0x46, 
	0xA2, 0xDC, 0x3C, 0xBD, 0x34, 0xD5, 0xF8, 0xCB, 0x86, 0x8D, 0x40, 0xCE, 0x71, 0x10, 0xD7, 0x35, 
	0xC0, 0x43, 0x3E, 0x15, 0x6D, 0x29, 0xE2, 0x93, 0x7E, 0x80, 0x62, 0x89, 0x91, 0xB1, 0xE7, 0x51, 
	0x1A, 0x5E, 0x71, 0xF2, 0x41, 0x96, 0xAC, 0x68, 0x36, 0xF2, 0x43, 0xB2, 0x10, 0xB8, 0x30, 0x0F, 
	0x15, 0x1B, 0x7E, 0xDD, 0x9D, 0xC2, 0x4D, 0x40, 0xAF, 0x21, 0x95, 0x7B, 0xD8, 0xDD, 0x4E, 0x89, 
	0x6B, 0xBB, 0xA2, 0xC5, 0x22, 0xD0, 0xCA, 0xFA, 0x4E, 0x4F, 0x57, 0xC1, 0x9B, 0x34, 0x7B, 0x1C, 
	0x04, 0xB7, 0x9D, 0xC0, 0xD4, 0x57, 0x65, 0x0D, 0x89, 0xF3, 0x84, 0x0A, 0x68, 0xED, 0xC4, 0xDF, 
	0x47, 0x4D, 0x05, 0xA9, 0x96, 0x95, 0x97, 0xFA, 0xAD, 0x0B, 0x66, 0xAF, 0x4C, 0x1D, 0xD3, 0x94, 
	0x0C, 0x00, 0x3C, 0xD1, 0xF6, 0x94, 0x41, 0x41, 0x4E, 0x90, 0xDC, 0x0B, 0xF3, 0xF7, 0x91, 0xEC, 
	0xE7, 0x6F, 0xBB, 0x80, 0x8F, 0x59, 0xBD, 0xA5, 0xEE, 0x9A, 0x3A, 0x75, 0x67, 0xC7, 0xAB, 0x85, 
	0x41, 0xBB, 0x10, 0x8A, 0xF9, 0xCB, 0x36, 0x06, 0xD4, 0x74, 0x71, 0x8D, 0x7A, 0x76, 0x44, 0x2B, 
	0x50, 0x78, 0xE0, 0x44, 0x1D, 0x2B, 0x5B, 0xE7, 0x62, 0x8D, 0x66, 0x56, 0x70, 0x13, 0xB0, 0xC1, 
	0x76, 0xE5, 0x7F, 0x9B, 0x13, 0xC7, 0x0D, 0x35, 0xC7, 0x20, 0xCA, 0x19, 0xE2, 0x89, 0xE1, 0xC5, 
	0x23, 0xE1, 0x73, 0x49, 0x6E, 0xA9, 0xE6, 0xA8, 0xCD, 0x81, 0x88, 0xD4, 0x12, 0x3E, 0x3C, 0xDF, 
	0x1C, 0x6B, 0x07, 0xF0, 0x76, 0xF9, 0xF0, 0x8C, 0x5A, 0x23, 0x83, 0x3A, 0x89, 0xBD, 0xE0, 0xBE, 
	0x8B, 0x34, 0x3A, 0x3A, 0xE7, 0xF2, 0x4F, 0x5A, 0xD3, 0xF6, 0x24, 0xC7, 0xF8, 0x45, 0xCF, 0x5A, 
	0x38, 0x45, 0xEE, 0xEE, 0xA1, 0x3D, 0x84, 0x6A, 0x5E, 0x27, 0xF6, 0xF6, 0xBC, 0x4F, 0x0D, 0xD3, 
	0x87, 0xC6, 0x19, 0x01, 0x1F, 0xA3, 0xC6, 0x6B, 0xAA, 0x9E, 0x80, 0x57, 0x37, 0x6E, 0x8A, 0x3C, 
	0x9A, 0x74, 0x8C, 0x08, 0x2F, 0xDE, 0xCE, 0x20, 0x66, 0xC3, 0x93, 0x8C, 0xF6, 0xD3, 0x9D, 0xAF, 
	0xA1, 0x3F, 0x9F, 0xC6, 0xB7, 0xF8, 0x28, 0xE3, 0x33, 0x18, 0xF4, 0xCE, 0xD7, 0xC9, 0xCE, 0x86, 
	0xAE, 0xF9, 0xF0, 0x14, 0xE4, 0xFA, 0x34, 0x97, 0xAA, 0xB3, 0x7C, 0x7F, 0xF8, 0x8E, 0x38, 0x8B, 
	0x20, 0x13, 0x84, 0x0E, 0x82, 0x9F, 0x6B, 0xCC, 0xD7, 0x1B, 0xC2, 0xDD, 0x2A, 0xB9, 0x76, 0xEA, 
	0x81, 0xF2, 0x30, 0x24, 0xBB, 0xEF, 0x78, 0xBB, 0xFB, 0xA0, 0xDD, 0x9F, 0x9A, 0x33, 0xDC, 0x9C, 
	0xD5, 0xE4, 0x48, 0x80, 0x93, 0xD5, 0x32, 0xC0, 0xDF, 0x4E, 0xF6, 0x82, 0x7E, 0x56, 0xB5, 0x08, 
	0xB3, 0x7C, 0x2D, 0xAB, 0xC1, 0xCA, 0xDB, 0x1F, 0xDA, 0x44, 0xCB, 0xF8, 0xCE, 0x0D, 0x1B, 0xAE, 
	0x63, 0x51, 0x35, 0x3E, 0x09, 0x63, 0x53, 0x48, 0x1D, 0x72, 0x98, 0xDF, 0x84, 0x14, 0x47, 0x04, 
	0xC2, 0xA8, 0xD0, 0x64, 0x2D, 0x13, 0x08, 0x00, 0x7D, 0x5C, 0x45, 0xEF, 0xBE, 0xD8, 0xB9, 0x91, 
	0xE5, 0xF9, 0xB5, 0x8D, 0x32, 0x97, 0x39, 0x8F, 0x0C, 0x61, 0x89, 0x8F, 0xDE, 0x0A, 0x30, 0x07, 
	0xAC, 0xA7, 0xE1, 0x29, 0x5E, 0xD4, 0xFD, 0xA4, 0xAF, 0xBE, 0x1E, 0x36, 0xB2, 0xFB, 0xFA, 0xA6, 
	0x51, 0x8B, 0xEF, 0x0B, 0x7E, 0x4F, 0x8C, 0xB1, 0xC4, 0xE2, 0xA3, 0x52, 0x84, 0xBF, 0xE7, 0xE6, 
	0x2D, 0xA7, 0x13, 0x30, 0xE6, 0xBE, 0x3A, 0xDC, 0xE3, 0x45, 0x11, 0xA3, 0x3C, 0x52, 0x8B, 0x2E, 
	0x13, 0xBB, 0x20, 0x7A, 0xA6, 0xD6, 0x89, 0x77, 0x2A, 0xC2, 0x98, 0x36, 0x75, 0x73, 0x4F, 0x47, 
	0x74, 0xEA, 0xE0, 0x1F, 0x86, 0xD7, 0x83, 0x7E, 0x43, 0xAD, 0xD8, 0x88, 0xD4, 0x40, 0x82, 0x32, 
	0x5E, 0x55, 0x2B, 0x2D, 0x61, 0x28, 0xA0, 0x7A, 0x9E, 0xF1, 0x16, 0x8D, 0xE4, 0xBD, 0xA9, 0x93, 
	0xA7, 0xB2, 0xD7, 0x9D, 0x18, 0xD8, 0x29, 0xE6, 0x92, 0xFA, 0x19, 0x42, 0x5E, 0x9D, 0x60, 0x7D, 
	0x13, 0x0A, 0x14, 0x77, 0xA5, 0xA1, 0xE1, 0x21, 0x4D, 0x4E, 0x8C, 0x18, 0x32, 0xC5, 0xA7, 0xF8, 
	0x66, 0x3F, 0x5C, 0xCD, 0x8B, 0x06, 0xBC, 0x7B, 0x43, 0x12, 0x2A, 0xA9, 0xBD, 0xF6, 0xF8, 0xB3, 
	0x96, 0xAE, 0xB3, 0x29, 0x86, 0x45, 0x9B, 0x80, 0xF4, 0xC6, 0x92, 0x9C, 0xD8, 0x61, 0x60, 0x7C, 
	0xEA, 0xE3, 0xB9, 0x1F, 0x19, 0xEA, 0x7D, 0x2C, 0x6C, 0xD4, 0x99, 0xD0, 0x12, 0x3F, 0x9D, 0x28, 
	0x1B, 0x1B, 0xBF, 0x28, 0x4D, 0x85, 0x99, 0x9E, 0x13, 0x4C, 0x67, 0x61, 0x88, 0xAC, 0x58, 0xD5, 
	0x53, 0xF4, 0x26, 0x12, 0x1A, 0xF3, 0xB9, 0xD3, 0xDC, 0x5B, 0x9A, 0x0D, 0x7C, 0xF8, 0x15, 0xF4, 
	0x6F, 0x2C, 0xEC, 0xC1, 0x61, 0x76, 0x09, 0x2C, 0x9A, 0xE9, 0x60, 0xD5, 0x1B, 0x83, 0x6B, 0x9D, 
	0x1E, 0xE0, 0xAA, 0xA9, 0x10, 0xDD, 0x65, 0x1B, 0xE8, 0x8B, 0x76, 0xE1, 0x8E, 0x3E, 0x4F, 0x30, 
	0xEB, 0xC1, 0xCE, 0x90, 0x48, 0x9B, 0x72, 0xAC, 0x6F, 0xA3, 0x91, 0xC8, 0x74, 0x3E, 0xE8, 0x24, 
	0x95, 0x19, 0x5B, 0x16, 0x84, 0x08, 0xB6, 0x5D, 0xBC, 0x7D, 0x40, 0x58, 0xB0, 0x8D, 0xF0, 0x73, 
	0xD2, 0xCC, 0xCC, 0x67, 0xBB, 0x1D, 0xD4, 0x6F, 0xD6, 0x8C, 0x21, 0x3A, 0xBE, 0xA3, 0x9E, 0x6E, 
	0xBD, 0xEC, 0x33, 0xC4, 0x6A, 0x2E, 0x7F, 0xC0, 0x0B, 0x40, 0xF3, 0x90, 0xB3, 0x15, 0xDA, 0x40, 
	0xCF, 0x49, 0x4D, 0x5E, 0xA9, 0x7C, 0xAC, 0x73, 0xF3, 0xB0, 0xF5, 0x83, 0x5C, 0x1C, 0x8D, 0x74, 
	0x27, 0xE8, 0xE3, 0x98, 0x96, 0xC2, 0xC5, 0x52, 0x1C, 0xF2, 0xA1, 0xF2, 0x71, 0x65, 0x6E, 0xD2, 
	0x62, 0x25, 0x95, 0xE6, 0x1F, 0xE8, 0xB4, 0x9D, 0x7D, 0x35, 0x08, 0x2B, 0x9E, 0x8B, 0x56, 0xD6, 
	0x0B, 0x98, 0x45, 0x7B, 0x38, 0xB0, 0x0E, 0xAA, 0x15, 0xBF, 0xF8, 0x5A, 0xD9, 0xBE, 0x57, 0x56, 
	0x7C, 0x6F, 0xDF, 0xB6, 0x32, 0x2B, 0x1D, 0x86, 0xBD, 0x45, 0x13, 0x29, 0x3B, 0x65, 0xCE, 0x20, 
	0x43, 0x7B, 0xE6, 0xD7, 0x8B, 0x75, 0x35, 0x73, 0x92, 0xCF, 0xCF, 0xAB, 0x42, 0xC5, 0xB3, 0x90, 
	0xF2, 0x3E, 0x41, 0xAF, 0x4B, 0x5B, 0x8A, 0xA7, 0xCA, 0x0D, 0xC1, 0xA0, 0xE3, 0xA9, 0x68, 0x64, 
	0x7A, 0x26, 0x69, 0x40, 0xF2, 0xF8, 0x9B, 0xE4, 0x0C, 0x4C, 0xBD, 0x4E, 0xD6, 0xCC, 0x1F, 0x1F, 
	0x28, 0x8A, 0xB0, 0x31, 0xDE, 0x4A, 0x08, 0x22, 0x4C, 0xB3, 0xC9, 0xFB, 0x90, 0xC6, 0xCA, 0xC2, 
	0xDB, 0x2D, 0x37, 0x92, 0x26, 0xBE, 0xEC, 0x24, 0x5A, 0x78, 0x62, 0xC1, 0x42, 0x7F, 0x77, 0x6D, 
	0x24, 0x8E, 0x24, 0x9B, 0xB2, 0x2E, 0xEB, 0xF6, 0x9E, 0x9A, 0x96, 0xFA, 0x47, 0xD0, 0x31, 0xF3, 
	0x4F, 0x28, 0xA5, 0x13, 0xB2, 0xE2, 0x60, 0xE7, 0x51, 0x91, 0x28, 0xF3, 0x0D, 0x39, 0x2B, 0xA2, 
	0x92, 0x6D, 0x5A, 0xDD, 0x84, 0xD4, 0x35, 0xDA, 0xB0, 0xEE, 0x99, 0xA5, 0x40, 0x5F, 0x16, 0x9F, 
	0x4A, 0xCA, 0x11, 0x13, 0xA1, 0xE6, 0x68, 0x07, 0x1E, 0xE2, 0x6B, 0x19, 0xF4, 0xCE, 0xF3, 0xC9, 
	0xD7, 0x4A, 0x19, 0x0D, 0x40, 0xA4, 0xEE, 0x72, 0x34, 0x0E, 0x1B, 0x3A, 0xDC, 0x82, 0x7B, 0x1E, 
	0x06, 0xCB, 0x81, 0x67, 0xF1, 0xED, 0xF9, 0xCA, 0xD3, 0xD1, 0x72, 0x7D, 0x29, 0x8B, 0x09, 0x83, 
	0xF1, 0x58, 0xF2, 0x80, 0x22, 0x75, 0xDD, 0xE9, 0x75, 0x46, 0x61, 0x53, 0xBC, 0xD0, 0xC3, 0x7E, 
	0x5F, 0xE4, 0x27, 0x0B, 0xD6, 0x96, 0x79, 0x73, 0x0D, 0x9B, 0x6D, 0xE4, 0x9A, 0x6D, 0xE1, 0x79, 
	0x97, 0xCE, 0x8A, 0xD3, 0x5E, 0xAB, 0x14, 0x6E, 0x5F, 0xF0, 0x90, 0xC2, 0x8A, 0x80, 0xAE, 0xB4, 
	0xCD, 0xD5, 0xE6, 0x50, 0xB5, 0x0D, 0x97, 0x06, 0x09, 0xB9, 0x76, 0x5A, 0x96, 0xC7, 0x9C, 0xD5, 
	0x1A, 0x0A, 0x30, 0x11, 0x61, 0x3B, 0xE1, 0xE4, 0xA0, 0x8D, 0xA1, 0xB1, 0x18, 0x3A, 0x71, 0x78, 
	0x7F, 0x60, 0xB6, 0xBA, 0x14, 0xEC, 0x99, 0x38, 0xC0, 0x9A, 0x85, 0x15, 0x95, 0xA1, 0x83, 0xC8, 
	0x63, 0x48, 0x51, 0x5D, 0xD4, 0x91, 0x53, 0xE5, 0x74, 0x74, 0x95, 0x87, 0x63, 0x3F, 0x9E, 0x46, 
	0x41, 0x55, 0x65, 0x38, 0x81, 0x9D, 0xEB, 0x9E, 0xD6, 0xA0, 0x85, 0x9C, 0x37, 0x6B, 0x69, 0x2E, 
	0x23, 0xD7, 0x2D, 0x40, 0x76, 0xAA, 0x8B, 0xF3, 0xC4, 0x2B, 0x43, 0xEB, 0xA4, 0x49, 0x3E, 0x53, 
	0x87, 0x95, 0x9C, 0xDF, 0xF4, 0xC5, 0xA5, 0x8B, 0x83, 0x4C, 0x40, 0xD0, 0x27, 0x31, 0x7E, 0xA0, 
	0xA7, 0x34, 0xCE, 0x84, 0x2E, 0x1A, 0x41, 0x42, 0x2E, 0x1E, 0x69, 0xEB, 0x2C, 0x95, 0xA9, 0xB8, 
	0x7C, 0x05, 0xF0, 0x32, 0x59, 0xA9, 0x1C, 0x1E, 0xA8, 0x27, 0x6C, 0xD5, 0x4C, 0x7A, 0x67, 0x98, 
	0xE0, 0xA0, 0x74, 0x30, 0xF5, 0xE4, 0x93, 0xC8, 0xEC, 0xE7, 0xBC, 0xC2, 0x67, 0x12, 0xB2, 0x48, 
	0xD1, 0x80, 0x09, 0xB9, 0xDA, 0x35, 0x0E, 0x3A, 0xE5, 0xB2, 0xAF, 0x14, 0xB0, 0x63, 0x1F, 0x4C, 
	0x6E, 0x93, 0xF0, 0xA2, 0x33, 0x9D, 0xEA, 0x60, 0xE2, 0x18, 0xB7, 0xEF, 0x0D, 0xEE, 0xA4, 0x90, 
	0x19, 0xF3, 0x2F, 0x9E, 0xC2, 0xA2, 0xB9, 0x93, 0x78, 0x87, 0x86, 0x22, 0xA3, 0x7A, 0x11, 0xB3, 
	0x93, 0x8D, 0x3E, 0x71, 0x1E, 0x6F, 0x43, 0x7F, 0xA9, 0x33, 0xEC, 0x57, 0xC8, 0x40, 0xF7, 0xFE, 
	0x4D, 0x7A, 0xB1, 0x1B, 0x81, 0xE4, 0xB9, 0x94, 0x33, 0x44, 0x61, 0x05, 0x74, 0xE7, 0x15, 0xA1, 
	0x38, 0x04, 0x0E, 0x8E, 0x4E, 0xF4, 0xD9, 0x9D, 0x6D, 0xDD, 0xBE, 0xF6, 0xB8, 0x3F, 0xD6, 0xBE, 
	0x32, 0xF0, 0xE9, 0xA4, 0xC0, 0x72, 0x0A, 0x76, 0x9D, 0x8B, 0x99, 0xF2, 0xB1, 0x69, 0x54, 0xA0, 
	0xE6, 0x7E, 0x23, 0x2F, 0x6E, 0x6C, 0x68, 0xC1, 0x0E, 0xCB, 0x67, 0x4C, 0xCE, 0xE9, 0xAB, 0xBB, 
	0x36, 0x7B, 0xE5, 0x24, 0x37, 0x26, 0x0E, 0x4F, 0xEF, 0x0E, 0x67, 0x80, 0xF2, 0x24, 0x84, 0x0A, 
	0xE5, 0x85, 0x09, 0xB8, 0x69, 0x78, 0x11, 0xE1, 0x0B, 0xAB, 0x1E, 0xEA, 0x73, 0xBF, 0x3E, 0xB2, 
	0x63, 0x20, 0xBC, 0xA2, 0xD6, 0x8B, 0x9F, 0xDF, 0x1A, 0x61, 0xF4, 0x77, 0x2F, 0xBF, 0xB4, 0xE8, 
	0x30, 0xA8, 0x43, 0x06, 0x26, 0x5E, 0x4C, 0xB6, 0x8D, 0x37, 0xEE, 0xE1, 0xEB, 0xC4, 0xCC, 0x38, 
	0x71, 0xEA, 0x6E, 0x92, 0xB5, 0x99, 0xF2, 0xC3, 0x74, 0x68, 0x59, 0xD6, 0x4F, 0xA9, 0x4E, 0x3C, 
	0x20, 0x98, 0x3A, 0x04, 0xD7, 0xEA, 0x1A, 0xA9, 0x7C, 0x1D, 0xF6, 0x57, 0xDB, 0x77, 0x10, 0x70, 
	0xC7, 0x1D, 0xB0, 0xA2, 0x15, 0xD6, 0xB3, 0x50, 0x3E, 0xC9, 0x7C, 0x23, 0x71, 0x9A, 0x2A, 0xA1, 
	0x0F, 0xEA, 0x42, 0x0E, 0xD8, 0x69, 0xB1, 0x11, 0x46, 0x29, 0x1F, 0xB9, 0x10, 0xDB, 0x0D, 0x8F, 
	0x6F, 0xB5, 0x73, 0xBA, 0x4B, 0x6F, 0xD6, 0xA9, 0x4C, 0x68, 0x3D, 0xD9, 0x09, 0xDC, 0x8D, 0xA1, 
	0xBE, 0x64, 0x83, 0xB6, 0xA3, 0xA5, 0xED, 0xD2, 0x27, 0x30, 0x26, 0xF4, 0x4B, 0xAB, 0x33, 0x6A, 
	0x0F, 0x0A, 0x40, 0x24, 0xE0, 0xE7, 0xE4, 0xC1, 0x14, 0x08, 0x60, 0x10, 0x5C, 0x68, 0x24, 0x6B, 
	0xC4, 0x98, 0x38, 0xDF, 0xC4, 0x12, 0xE2, 0xD8, 0xCB, 0x12, 0xC5, 0x1F, 0x99, 0xF0, 0x6E, 0x9C, 
	0xF6, 0x4C, 0xBB, 0x5A, 0xA7, 0x67, 0xA2, 0x4E, 0xA7, 0x86, 0xA2, 0xD9, 0x39, 0x85, 0xFA, 0x1A, 
	0x4B, 0x54, 0x50, 0xBC, 0x15, 0x75, 0x35, 0xB0, 0xBE, 0x96, 0xB8, 0x6D, 0x4C, 0x59, 0xF2, 0x99, 
	0x3F, 0xA3, 0x6A, 0x24, 0x67, 0x91, 0x60, 0xBF, 0xEC, 0xC7, 0x91, 0xC7, 0x44, 0x32, 0x9B, 0x5B, 
	0x26, 0x5D, 0xC5, 0xB5, 0x75, 0x63, 0xB6, 0xCB, 0x23, 0xB0, 0x75, 0x94, 0xA3, 0x18, 0x8C, 0x83, 
	0x76, 0x7E, 0x99, 0x9A, 0x2F, 0x9F, 0xB9, 0x74, 0x48, 0xAF, 0xA4, 0x9D, 0x75, 0xD2, 0xE3, 0xDC, 
	0xC7, 0x88, 0x7A, 0x7A, 0x0D, 0xB3, 0xDD, 0x49, 0xA1, 0x61, 0x6B, 0x83, 0x2E, 0xCD, 0x4C, 0x63, 
	0xF2, 0x22, 0xA0, 0x22, 0x18, 0x51, 0xC5, 0x63, 0xC8, 0x4A, 0x48, 0x63, 0xE2, 0x7B, 0x1D, 0xF1, 
	0x5E, 0x98, 0x24, 0x12, 0x12, 0x02, 0x62, 0x10, 0xC1, 0x88, 0xFA, 0x6F, 0x8A, 0xDD, 0x9A, 0xF6, 
	0xBE, 0xCF, 0xBF, 0x51, 0x84, 0xDE, 0x0F, 0x5E, 0x45, 0x70, 0xC6, 0x77, 0xD5, 0x96, 0xEC, 0xDB, 
	0xA7, 0x7E, 0x62, 0xBF, 0xF4, 0x44, 0x7C, 0xDB, 0xA1, 0x2F, 0x6B, 0xB8, 0x99, 0x08, 0x67, 0xCC, 
	0x64, 0x0A, 0xF5, 0x1D, 0xEC, 0x25, 0x4D, 0x19, 0x15, 0x3D, 0x5E, 0x6A, 0xAC, 0x3F, 0x83, 0x6D, 
	0x24, 0x12, 0xC9, 0x25, 0x46, 0xF2, 0xBE, 0x45, 0xDA, 0x59, 0xDD, 0x46, 0x4A, 0x82, 0x18, 0x38, 
	0x2A, 0x24, 0x6A, 0xA5, 0x0D, 0x50, 0xE8, 0xE2, 0x59, 0xB4, 0x2E, 0x2D, 0xEE, 0x0A, 0x59, 0x64, 
	0xE1, 0x4C, 0xE0, 0xF9, 0xC0, 0x54, 0x1D, 0x6F, 0xF1, 0x1A, 0x6C, 0xF7, 0xC8, 0x4A, 0x44, 0x50, 
	0x0F, 0x95, 0xEF, 0x88, 0x88, 0x62, 0x94, 0xEE, 0xB7, 0xED, 0x31, 0xE3, 0x6E, 0x05, 0x5B, 0x44, 
	0xB5, 0x15, 0x04, 0x72, 0x3A, 0xD5, 0x0A, 0x86, 0xE9, 0x7E, 0x13, 0x45, 0x54, 0x9C, 0x22, 0xEF, 
	0xA0, 0xE2, 0x6C, 0x6C, 0x6E, 0xA4, 0x61, 0x3C, 0x9A, 0x08, 0x4B, 0x1B, 0xD9, 0xE0, 0xE1, 0x55, 
	0x0B, 0x65, 0x6C, 0xF7, 0xC2, 0xC7, 0x41, 0x61, 0x7A, 0xAB, 0xA2, 0xB7, 0x6D, 0x7E, 0x2A, 0xD4, 
	0x23, 0x7F, 0x82, 0x6D, 0xD0, 0x19, 0xC1, 0x7B, 0x1C, 0x11, 0x6D, 0x74, 0x6A, 0xC7, 0x9F, 0x96, 
	0xDE, 0x61, 0x55, 0x3D, 0x83, 0xBB, 0xFC, 0x9D, 0xF9, 0xD5, 0xF1, 0x39, 0x9B, 0x55, 0x4E, 0x6C, 
	0x70, 0xF8, 0xEC, 0xD9, 0x0A, 0x10, 0xB5, 0x36, 0xCC, 0x4F, 0x4D, 0x07, 0x2C, 0x73, 0xB4, 0xED, 
	0x0F, 0xE9, 0xD2, 0x33, 0xDC, 0xF5, 0xE9, 0x9A, 0x7A, 0x1E, 0xAE, 0xD9, 0xBA, 0x1A, 0xE2, 0xE8, 
	0x32, 0xDF, 0x35, 0x4A, 0x5E, 0x9E, 0x8E, 0xAE, 0x2F, 0xD6, 0x8D, 0x1B, 0x81, 0x22, 0xB2, 0xF8, 
	0xD5, 0x4B, 0xDE, 0x15, 0x55, 0x30, 0xF5, 0x90, 0x9B, 0xB9, 0x82, 0x2D, 0x9A, 0x45, 0xB9, 0x53, 
	0x7F, 0xD5, 0xBD, 0xAA, 0x86, 0x47, 0xEB, 0x13, 0x1D, 0x0A, 0xAE, 0x43, 0xE9, 0x89, 0x95, 0x25, 
	0x58, 0x6D, 0x76, 0x65, 0x8B, 0xAD, 0xAB, 0x75, 0xB8, 0xF0, 0xD9, 0xD5, 0x6B, 0xE0, 0xEC, 0x71, 
	0x55, 0x71, 0xEF, 0x28, 0x2D, 0x05, 0x0D, 0x1C, 0x56, 0x12, 0x43, 0x5C, 0x16, 0xEF, 0xAC, 0x8C, 
	0x4F, 0x91, 0x59, 0x08, 0x4F, 0x43, 0xC1, 0x14, 0xCD, 0x12, 0x26, 0xD7, 0x4F, 0x8B, 0x0C, 0xC9, 
	0x32, 0x5E, 0x1D, 0x20, 0x3C, 0x70, 0x68, 0x8C, 0x2F, 0x3B, 0x93, 0x96, 0xBB, 0x52, 0xB2, 0x39, 
	0x07, 0xDA, 0x43, 0x07, 0x99, 0x46, 0x89, 0xDC, 0x92, 0x52, 0xB9, 0x94, 0xA7, 0x59, 0x05, 0xD4, 
	0x3D, 0x4F, 0x58, 0x66, 0xBD, 0xAB, 0xEF, 0xCB, 0x92, 0xDD, 0xF1, 0x5F, 0xDF, 0xE0, 0xE7, 0xDA, 
	0x8B, 0x93, 0xC6, 0xC4, 0x9A, 0x8C, 0xA0, 0x43, 0x37, 0x1D, 0xCF, 0x84, 0x15, 0xD3, 0x45, 0xAA, 
	0x50, 0xF6, 0xC7, 0xF7, 0xEF, 0x56, 0x09, 0x03, 0x26, 0x59, 0x81, 0x5B, 0xA5, 0x94, 0xCE, 0x0B, 
	0x7C, 0xDB, 0x87, 0xE6, 0x86, 0x85, 0x18, 0x41, 0xBB, 0xCC, 0x98, 0x85, 0x35, 0x48, 0x80, 0x36, 
	0xE5, 0x32, 0x58, 0x23, 0x21, 0x84, 0x65, 0x3B, 0x3C, 0x0F, 0x5D, 0x94, 0x52, 0xD0, 0x71, 0xF8, 
	0x4B, 0x10, 0xD4, 0x6D, 0xCA, 0x24, 0x55, 0xC7, 0xCC, 0xCB, 0x0B, 0xB5, 0xE7, 0x53, 0xF8, 0x25, 
	0x3F, 0x99, 0xF9, 0x79, 0xDA, 0x14, 0x33, 0x30, 0xB8, 0x66, 0x87, 0x59, 0x48, 0x96, 0x24, 0xDA, 
	0xCB, 0x6F, 0x2F, 0x73, 0x1B, 0xC1, 0x4F, 0x81, 0x9C, 0x85, 0x15, 0x91, 0x3C, 0x21, 0x48, 0xDD, 
	0x1E, 0x29, 0x76, 0xC8, 0xD1, 0x19, 0x0A, 0x70, 0x4B, 0xC9, 0xE1, 0x2F, 0x28, 0x5A, 0xAE, 0x90, 
	0xB9, 0x52, 0xAE, 0x93, 0x20, 0x83, 0x33, 0xD3, 0x2A, 0x6E, 0x97, 0xC1, 0x4E, 0x80, 0x63, 0xCA, 
	0xE2, 0xAB, 0x85, 0x50, 0xCB, 0x60, 0xD7, 0x60, 0x21, 0xC5, 0x40, 0xD6, 0xB0, 0x27, 0x56, 0xA7, 
	0x62, 0x15, 0x91, 0x85, 0xC0, 0xDF, 0xB9, 0x10, 0xE7, 0x1A, 0x5B, 0x3C, 0x6D, 0xBA, 0xAE, 0xE4, 
	0xCC, 0xF9, 0xBA, 0x69, 0xD2, 0x3C, 0x0F, 0x01, 0x24, 0xD8, 0x4E, 0x93, 0xC0, 0x79, 0xAC, 0xA3, 
	0xAB, 0x23, 0xE2, 0x64, 0x23, 0xD8, 0xF3, 0x19, 0x44, 0xE3, 0x13, 0x3E, 0x25, 0x9C, 0xF9, 0xFE, 
	0x97, 0x11, 0x92, 0xC4, 0x11, 0x6C, 0x66, 0x4B, 0xEB, 0x97, 0xA7, 0xB9, 0x75, 0x6E, 0xB2, 0xB1, 
	0x40, 0xD6, 0xA7, 0x78, 0x6C, 0x21, 0x62, 0xB3, 0x0F, 0x88, 0x33, 0x5B, 0x0F, 0x80, 0x87, 0xAF, 
	0xAA, 0xC7, 0x95, 0x6E, 0xB1, 0x6B, 0x1B, 0xDC, 0xBE, 0x7E, 0xDC, 0xF4, 0xF4, 0xA9, 0xD8, 0xD1, 
	0x56, 0xC2, 0xA7, 0x6E, 0x09, 0xB0, 0xEA, 0x95, 0xC1, 0x92, 0x4B, 0x62, 0xE9, 0x51, 0xE5, 0x66, 
	0x2C, 0x2E, 0xF3, 0x9F, 0x51, 0xF6, 0xBD, 0x4A, 0x65, 0x34, 0x5F, 0x3E, 0xA2, 0x46, 0xE8, 0xCD, 
	0xD9, 0x5D, 0xB1, 0x2D, 0x71, 0x55, 0xD5, 0xF4, 0xB1, 0x94, 0xB4, 0x6F, 0xBF, 0x5C, 0x32, 0x39, 
	0xCA, 0x42, 0x11, 0xD7, 0x74, 0x9A, 0x53, 0xA3, 0x7C, 0x5C, 0x7C, 0xCC, 0x18, 0xE5, 0x37, 0x2F, 
	0x66, 0x19, 0x7F, 0xD5, 0x70, 0x24, 0xDA, 0x10, 0xA0, 0x41, 0xBC, 0xD9, 0xA1, 0xA0, 0xC3, 0x34, 
	0x08, 0xF2, 0xEF, 0x16, 0xD8, 0x3C, 0x41, 0x13, 0x28, 0x9C, 0x78, 0x37, 0xD9, 0xDF, 0x45, 0x51, 
	0x39, 0x89, 0xA8, 0xF4, 0xC4, 0xD4, 0x29, 0xA6, 0x37, 0x3D, 0x9B, 0x5B, 0xC3, 0x9B, 0x81, 0xF2, 
	0xDB, 0x84, 0xA8, 0x42, 0x8A, 0x46, 0x5E, 0x4F, 0x4C, 0xB4, 0x73, 0x39, 0xE5, 0xD3, 0x2D, 0x52, 
	0x2F, 0x52, 0xA3, 0x48, 0x77, 0xAB, 0x23, 0x92, 0x7E, 0x4E, 0x68, 0xD1, 0xA9, 0x4A, 0x9D, 0x20, 
	0x04, 0xD7, 0x3A, 0xD0, 0x8D, 0xC6, 0xE2, 0xF4, 0x6B, 0x5E, 0x78, 0xE8, 0x3B, 0x0B, 0x56, 0x1D, 
	0xCC, 0x0F, 0xD9, 0xC7, 0xBA, 0x76, 0xBF, 0x46, 0x5D, 0x29, 0x20, 0x89, 0xCD, 0x33, 0xC8, 0xDF, 
	0xE2, 0x47, 0x64, 0x83, 0x17, 0x4E, 0x6D, 0x61, 0x9B, 0x55, 0x85, 0xB5, 0xDB, 0x58, 0xB1, 0x59, 
	0x5E, 0x4C, 0xA9, 0xCB, 0xD2, 0x76, 0x66, 0xE3, 0x59, 0x94, 0xAC, 0x09, 0xF2, 0x63, 0x1C, 0x5B, 
	0x7D, 0xC3, 0x0F, 0x38, 0x87, 0xE8, 0x13, 0xB0, 0xC6, 0x65, 0x79, 0x3B, 0x36, 0x04, 0x76, 0x7B, 
	0xA6, 0xCD, 0x45, 0xE9, 0x46, 0x7F, 0xC1, 0x9A, 0x81, 0x6B, 0xDF, 0xFB, 0x1A, 0x6D, 0xF0, 0x71, 
	0x86, 0xA4, 0xC1, 0x3A, 0x7E, 0x3A, 0x26, 0xDC, 0x61, 0x5E, 0x18, 0x5D, 0xB2, 0xF1, 0x5E, 0xC6, 
	0x3B, 0x47, 0xB4, 0x17, 0x97, 0xFB, 0x0F, 0x20, 0xAE, 0x7A, 0x7F, 0x8D, 0x19, 0x84, 0x48, 0xAA, 
	0x58, 0x19, 0x2B, 0xEC, 0xAD, 0x56, 0x99, 0x9E, 0x7E, 0x28, 0x09, 0x5F, 0xF4, 0x90, 0x5E, 0x4B, 
	0x33, 0x6F, 0x25, 0x52, 0xB2, 0xD1, 0xB2, 0x22, 0x61, 0x9E, 0x26, 0x13, 0x3A, 0x4C, 0x4D, 0x8D, 
	0xE1, 0x60, 0xBC, 0x4D, 0xDA, 0xE8, 0xB0, 0x65, 0xED, 0x9C, 0xE5, 0xC2, 0xCB, 0xB8, 0x0B, 0xC2, 
	0x74, 0x17, 0x66, 0x30, 0x78, 0x69, 0xBD, 0xE6, 0xB0, 0xC9, 0x56, 0x2B, 0xDA, 0xEC, 0xC0, 0x48, 
	0xDA, 0xBD, 0xE1, 0x4B, 0x2C, 0x2C, 0x05, 0x6D, 0x34, 0xA0, 0x3A, 0x3C, 0x19, 0xE0, 0x3A, 0xD8, 
	0x72, 0xF2, 0x70, 0x53, 0x08, 0xB0, 0x92, 0xAE, 0x5A, 0xDF, 0x87, 0xBB, 0x8B, 0x25, 0xA8, 0xC1, 
	0x99, 0x8B, 0xDC, 0x49, 0xAF, 0xD6, 0xB0, 0xDA, 0x56, 0x3D, 0x52, 0xDF, 0xF3, 0x28, 0x33, 0xE2, 
	0x52, 0xF0, 0xE2, 0xC4, 0x95, 0x43, 0xDE, 0x68, 0xC8, 0xE7, 0x1A, 0x02, 0xD1, 0x30, 0x98, 0xCF, 
	0x09, 0x20, 0xE2, 0xE7, 0xD2, 0x34, 0x28, 0x73, 0x16, 0x58, 0x8F, 0x17, 0x9A, 0xDA, 0xBA, 0x17, 
	0xCF, 0xEC, 0x7D, 0xC4, 0x91, 0x0C, 0xE2, 0xBC, 0x2B, 0xCC, 0x43, 0x6B, 0xA7, 0xCD, 0x74, 0xF4, 
	0xBE, 0xDE, 0x29, 0x1F, 0xF6, 0xF7, 0x58, 0xD7, 0xDF, 0x0D, 0x24, 0x5C, 0x80, 0x32, 0xD7, 0x47, 
	0x81, 0xBC, 0xBE, 0xED, 0x8D, 0x97, 0x3E, 0x39, 0x1D, 0xA7, 0x35, 0xBE, 0xF0, 0x68, 0x78, 0x8F, 
	0x16, 0x30, 0x82, 0x21, 0xDB, 0x8B, 0x73, 0x74, 0xC7, 0x48, 0x2E, 0xAD, 0x2E, 0xA4, 0x2D, 0x33, 
	0x6A, 0x5C, 0x2F, 0x13, 0x37, 0x0F, 0xC3, 0x2B, 0x1A, 0x80, 0xF8, 0x1A, 0xCD, 0xBC, 0x70, 0xAC, 
	0xEB, 0x89, 0x0B, 0x59, 0x49, 0xB4, 0x42, 0x68, 0x8C, 0x2D, 0xAA, 0x3F, 0x4A, 0x67, 0x7D, 0x66, 
	0x56, 0xB2, 0x29, 0x4F, 0x7E, 0x09, 0x06, 0x8A, 0x2E, 0x6F, 0x9D, 0xA2, 0x9E, 0x3E, 0x69, 0x39, 
	0xE4, 0x5C, 0x73, 0xA1, 0x2A, 0xE5, 0xCC, 0xB2, 0x8B, 0xD1, 0x9C, 0x6F, 0xC3, 0x18, 0x35, 0x20, 
	0xA3, 0xCB, 0xE7, 0x1B, 0x64, 0x9E, 0xB6, 0x57, 0x06, 0x8E, 0xF3, 0x1E, 0xB7, 0xC6, 0xF8, 0xD6, 
	0x51, 0x26, 0x89, 0xF6, 0x97, 0x16, 0x96, 0x0E, 0xBF, 0x6B, 0xBE, 0x0F, 0x9C, 0xCC, 0x12, 0x6A, 
	0x7B, 0xA4, 0xAE, 0x0D, 0x1E, 0x8F, 0x18, 0x0F, 0x02, 0x12, 0xC7, 0x4E, 0xCC, 0xD2, 0x14, 0xF1, 
	0xF1, 0x7F, 0xF1, 0xBC, 0xD8, 0x95, 0x9A, 0xEF, 0xF8, 0x17, 0xDD, 0x18, 0x0E, 0x53, 0x20, 0x2A, 
	0x85, 0x4F, 0x8A, 0x28, 0xF6, 0x1E, 0xB1, 0x32, 0x2C, 0x1D, 0xD1, 0x6D, 0x98, 0x58, 0xEE, 0xE5, 
	0x74, 0xE3, 0x41, 0x76, 0x64, 0x6E, 0x1A, 0xB8, 0x7A, 0xF3, 0xB0, 0xD2, 0x63, 0xDE, 0xFA, 0xF2, 
	0x3D, 0xD2, 0x86, 0xAB, 0x8B, 0xDA, 0xAB, 0xDA, 0x37, 0xE1, 0xB2, 0xE3, 0x0C, 0xC6, 0x78, 0x92, 
	0xF7, 0x13, 0xC4, 0x24, 0xC0, 0x2E, 0xC2, 0x84, 0x48, 0x64, 0xA1, 0xE6, 0x1C, 0x3A, 0x92, 0x30, 
	0x87, 0x67, 0x77, 0x2C, 0x62, 0x3A, 0x54, 0x1A, 0x60, 0xB3, 0xD4, 0x7E, 0x21, 0x46, 0xAD, 0xD2, 
	0x7A, 0x7C, 0x0E, 0xCA, 0xBF, 0xC7, 0xD3, 0x1E, 0x0D, 0x91, 0x44, 0x2E, 0xCB, 0xAB, 0x4E, 0x09, 
	0x3B, 0x1B, 0x3D, 0x63, 0x63, 0xEC, 0x95, 0x9F, 0xC0, 0xCE, 0xB4, 0x2E, 0x25, 0x4F, 0x3D, 0x37, 
	0x65, 0xE6, 0x3E, 0x0F, 0x2F, 0xD9, 0xC1, 0x29, 0x1E, 0xD0, 0xE2, 0xC8, 0x6E, 0x08, 0xD0, 0x7C, 
	0xA6, 0x27, 0x88, 0x7D, 0x7C, 0x62, 0x97, 0xF7, 0xF3, 0x84, 0x99, 0x3E, 0x79, 0x07, 0x0A, 0x18, 
	0xF4, 0x13, 0x79, 0x88, 0x2D, 0x89, 0x7E, 0x17, 0x6E, 0x7D, 0xCC, 0x2B, 0xCB, 0xA6, 0x71, 0x44, 
	0xCA, 0xB3, 0x0B, 0xC4, 0xD0, 0x68, 0x17, 0x78, 0x46, 0x21, 0xC0, 0x45, 0xA8, 0xF8, 0x82, 0x9A, 
	0x18, 0x88, 0xF1, 0x50, 0xD6, 0x73, 0x67, 0x1F, 0xA6, 0xDF, 0x3C, 0xF1, 0x31, 0x6E, 0x9C, 0xE5, 
	0x66, 0x0E, 0x29, 0xF5, 0xAD, 0x64, 0x0F, 0x3B, 0xA4, 0x16, 0x57, 0x17, 0x66, 0x66, 0x59, 0xA7, 
	0x28, 0x39, 0x94, 0x98, 0xA7, 0xB1, 0x41, 0x3B, 0x16, 0x63, 0x2A, 0x44, 0xAF, 0xD4, 0x68, 0xB8, 
	0xAC, 0x71, 0x72, 0x07, 0x72, 0x47, 0xF0, 0x26, 0xBB, 0xB6, 0x61, 0xD4, 0x91, 0xED, 0xCF, 0xF6, 
	0x5E, 0xD3, 0x50, 0x10, 0x0E, 0x06, 0x25, 0x34, 0x99, 0x7B, 0xA6, 0x52, 0xDC, 0xC7, 0x26, 0xCB, 
	0xAE, 0x31, 0x32, 0x10, 0xCA, 0x8B, 0xB3, 0xC4, 0xD1, 0x85, 0xC1, 0xF6, 0x26, 0xCF, 0x77, 0xF9, 
	0x85, 0x3D, 0xD1, 0x84, 0xBB, 0xA8, 0xB7, 0x98, 0xDE, 0x90, 0x9B, 0xA0, 0x4F, 0xBA, 0x9F, 0x11, 
	0x0A, 0x92, 0xA9, 0xA4, 0x7D, 0x2C, 0x84, 0xA4, 0xC7, 0xEA, 0x6D, 0x26, 0x3E, 0xCE, 0x4E, 0x05, 
	0x13, 0x36, 0xED, 0x22, 0x85, 0x5A, 0xE1, 0xB6, 0x26, 0x1D, 0xC8, 0x1B, 0xA6, 0xC4, 0x1A, 0x0C, 
	0x0D, 0x10, 0x04, 0x84, 0x5C, 0xA8, 0x24, 0xEE, 0x42, 0x6F, 0x0E, 0x51, 0x49, 0x36, 0xAE, 0x13, 
	0x31, 0xAE, 0x43, 0x41, 0x6E, 0x62, 0x1B, 0xA5, 0x48, 0xA6, 0xF7, 0xC5, 0xEB, 0x6A, 0x1B, 0x43, 
	0xA5, 0xF5, 0x54, 0xCA, 0x84, 0x25, 0x87, 0xBA, 0x68, 0x99, 0x57, 0xC8, 0xB5, 0xC8, 0x87, 0xEC, 
	0xA7, 0x97, 0x3B, 0xA7, 0x95, 0x97, 0x18, 0x5D, 0xD8, 0xC5, 0xBA, 0x1E, 0x1B, 0xAB, 0xB1, 0xE9, 
	0x81, 0xBE, 0x82, 0xCB, 0x2E, 0x1E, 0x4C, 0xB7, 0x33, 0xEF, 0xDB, 0x20, 0x22, 0xDE, 0xF0, 0x51, 
	0xD2, 0xD1, 0x51, 0x56, 0x45, 0x52, 0x0A, 0x7B, 0x2C, 0xF2, 0x99, 0xBB, 0x70, 0x49, 0x4A, 0x03, 
	0xBE, 0xDB, 0x7F, 0x29, 0xA7, 0xBF, 0x50, 0x86, 0x26, 0x20, 0x16, 0x06, 0x5C, 0x6E, 0x98, 0x7D, 
	0xE0, 0x62, 0xCA, 0x86, 0xEE, 0x7C, 0x8F, 0x80, 0x0A, 0xE1, 0xF8, 0xAC, 0x47, 0x4C, 0xB1, 0x4D, 
	0x74, 0xC6, 0x0F, 0xB4, 0x9C, 0xAF, 0xCE, 0x7E, 0x79, 0xAE, 0x6B, 0xAD, 0x62, 0xC6, 0x89, 0xAD, 
	0x8C, 0x3F, 0xF7, 0xC2, 0x43, 0x6B, 0xAA, 0x9C, 0xF9, 0x3F, 0x3C, 0x1C, 0x20, 0x68, 0x30, 0x52, 
	0x20, 0x0E, 0xCB, 0xC3, 0xA5, 0x20, 0x8B, 0xAF, 0x15, 0x50, 0x1E, 0x76, 0x3B, 0xE2, 0x2C, 0xD0, 
	0x39, 0x74, 0xF9, 0xDF, 0xE8, 0x31, 0xC1, 0xD7, 0x48, 0x88, 0x9B, 0x97, 0xB5, 0xD8, 0x5C, 0x77, 
	0xF3, 0x3D, 0x77, 0xAE, 0x9E, 0xB4, 0xAA, 0x1D, 0x65, 0xB2, 0x66, 0x11, 0x2F, 0x44, 0x49, 0xAC, 
	0xE7, 0x28, 0xD3, 0xFA, 0xE2, 0x2B, 0xAC, 0x0A, 0xA6, 0x9B, 0x44, 0xE5, 0xDC, 0x58, 0x3B, 0xCF, 
	0xE9, 0xD6, 0x7D, 0x48, 0x86, 0xBD, 0xA3, 0x5F, 0xB1, 0x92, 0x59, 0x5A, 0xAE, 0xDB, 0x3F, 0xB6, 
	0x6C, 0x51, 0x85, 0x7B, 0x3E, 0x5E, 0xA0, 0xB0, 0xBF, 0x27, 0x34, 0x30, 0x89, 0x1F, 0x4A, 0x52, 
	0x7D, 0x8B, 0x3D, 0x87, 0x90, 0x06, 0x61, 0xF3, 0xCB, 0xA4, 0xF6, 0xA0, 0x51, 0x3A, 0x91, 0x48, 
	0x12, 0x26, 0xD7, 0x12, 0x32, 0x65, 0x3F, 0x3E, 0xA0, 0xDD, 0x76, 0xBD, 0xF0, 0xFE, 0x6E, 0x9B, 
	0xE7, 0xFD, 0x15, 0xC6, 0x0B, 0xBC, 0x4E, 0x31, 0x23, 0xAC, 0x3B, 0x52, 0xBB, 0x6D, 0x70, 0x5F, 
	0xE0, 0xD1, 0xAA, 0x99, 0x33, 0x4C, 0x88, 0xCC, 0x34, 0x9F, 0xD1, 0x48, 0x5A, 0x52, 0xCB, 0x33, 
	0x09, 0xD1, 0x2C, 0xA3, 0x5C, 0xDC, 0x14, 0x09, 0xDE, 0x93, 0xDB, 0x51, 0xE4, 0x11, 0x3E, 0xDC, 
	0x9D, 0x7D, 0x8C, 0x67, 0xB5, 0xAC, 0xF7, 0x59, 0xCC, 0x47, 0x22, 0x9E, 0x3F, 0xEB, 0x38, 0x3F, 
	0x58, 0xCF, 0xAA, 0xF6, 0x3D, 0xB4, 0xCE, 0x58, 0xDF, 0x1B, 0xA6, 0x96, 0xD5, 0x3A, 0xDD, 0x7B, 
	0x84, 0x65, 0x24, 0xEB, 0x8B, 0xA4, 0x69, 0x7B, 0xB2, 0x92, 0x0D, 0x1B, 0x31, 0x42, 0x96, 0xDA, 
	0x15, 0xA4, 0x9E, 0xE6, 0x63, 0x32, 0x23, 0xA4, 0x91, 0x1E, 0x40, 0x87, 0xB9, 0x96, 0xA3, 0x84, 
	0xA4, 0xC8, 0xE2, 0x19, 0x72, 0xDE, 0x18, 0xC0, 0xA1, 0x7A, 0x22, 0x27, 0x09, 0x2F, 0x87, 0xD1, 
	0xF2, 0x2A, 0xEC, 0xE7, 0xC5, 0xB4, 0xF8, 0x72, 0x0B, 0x86, 0x2D, 0xC6, 0xED, 0x62, 0x30, 0x3A, 
	0x9E, 0xF1, 0x3D, 0xC7, 0x8C, 0x98, 0x9E, 0x7C, 0x09, 0xD8, 0xE1, 0x8F, 0xA9, 0x35, 0xDC, 0xBD, 
	0x8D, 0x0C, 0x7F, 0xA9, 0x81, 0x3D, 0xB0, 0xC3, 0x17, 0x56, 0xCE, 0x4D, 0xEE, 0x49, 0x95, 0x99, 
	0xCB, 0x3F, 0x62, 0x86, 0xEA, 0x85, 0x29, 0x9E, 0xF7, 0xC3, 0xBA, 0x5C, 0x31, 0x3C, 0xE9, 0xF1, 
	0xF6, 0x38, 0x10, 0x33, 0xCC, 0x48, 0x19, 0x9C, 0x1B, 0x75, 0x9B, 0x2F, 0x75, 0x85, 0x65, 0x61, 
	0x1F, 0xE5, 0xA5, 0xE0, 0xF9, 0xDD, 0x24, 0x15, 0x45, 0x13, 0xEA, 0xE0, 0xD5, 0xDB, 0x69, 0x9B, 
	0x07, 0x75, 0x3C, 0xC5, 0x2D, 0xCC, 0x51, 0xB9, 0x37, 0xE2, 0xC6, 0xEE, 0x52, 0xEA, 0x7C, 0x21, 
	0x2E, 0x73, 0x12, 0xC3, 0x2F, 0x73, 0x65, 0x6C, 0x52, 0xCF, 0xC6, 0xC4, 0x0C, 0x17, 0x57, 0xAB, 
	0x24, 0xC3, 0x98, 0x07, 0x08, 0x76, 0xE5, 0x9D, 0x23, 0xAE, 0x7A, 0x5C, 0x68, 0xCF, 0x28, 0x20, 
	0x4B, 0x3B, 0xA5, 0x75, 0x22, 0x9B, 0x4B, 0x11, 0x29, 0x19, 0x4B, 0xE1, 0x4F, 0x84, 0x57, 0xD5, 
	0x6E, 0x12, 0x97, 0xAA, 0x39, 0x4E, 0xE7, 0x83, 0x45, 0xDF, 0xC7, 0x77, 0xEE, 0x10, 0x17, 0x80, 
	0x68, 0xA8, 0x66, 0x58, 0xA4, 0x3B, 0x74, 0x2C, 0x89, 0xEB, 0x95, 0x7C, 0x5D, 0x45, 0x40, 0x9C, 
	0xA6, 0x3F, 0xA8, 0xE7, 0x8C, 0xEA, 0xBF, 0x7F, 0xAA, 0x98, 0xAA, 0x8E, 0x39, 0xE1, 0x7F, 0x31, 
	0x14, 0x41, 0x0F, 0x39, 0xB3, 0x9A, 0x10, 0xA9, 0xD8, 0x78, 0x7F, 0xEC, 0x23, 0xEC, 0x73, 0x4A, 
	0x41, 0x4D, 0x12, 0x25, 0x0F, 0x7B, 0x29, 0x68, 0x14, 0xDF, 0x11, 0x3F, 0x9D, 0x66, 0xCD, 0xC7, 
	0x93, 0x83, 0x65, 0x2E, 0x6D, 0xB1, 0x84, 0x62, 0x20, 0xC3, 0xEB, 0x14, 0x85, 0xC3, 0x9B, 0xDC, 
	0x53, 0x4C, 0xEC, 0x19, 0xED, 0xB3, 0x5E, 0xE7, 0xCD, 0xFD, 0xAA, 0x73, 0xCE, 0xE6, 0x15, 0xBA, 
	0xC8, 0xF1, 0x15, 0x77, 0x14, 0xEE, 0xCC, 0xBF, 0x0C, 0x1C, 0x94, 0xC8, 0xDB, 0x6F, 0xE2, 0x44, 
	0x82, 0x46, 0x70, 0x9B, 0x9A, 0xB6, 0xF6, 0x71, 0xE1, 0x14, 0x38, 0x45, 0x87, 0x6C, 0x7F, 0x5B, 
	0x4B, 0x28, 0x8B, 0xC4, 0x0E, 0x5D, 0x33, 0x19, 0xE3, 0xA3, 0x2F, 0x7E, 0x66, 0x21, 0xD9, 0x09, 
	0x4A, 0x48, 0x87, 0x14, 0x74, 0x53, 0x0A, 0x15, 0x0C, 0x41, 0x5A, 0x34, 0xAE, 0x73, 0xE7, 0x95, 
	0x50, 0xB1, 0x69, 0xEB, 0xE7, 0x75, 0x72, 0x81, 0xD0, 0x91, 0x31, 0xBD, 0xA5, 0xA6, 0x7C, 0x8E, 
	0xB0, 0x7C, 0x28, 0xE4, 0x42, 0xC2, 0xF0, 0xE6, 0x95, 0xE5, 0x90, 0xED, 0x68, 0xF8, 0x7F, 0x37, 
	0xAA, 0x46, 0xE1, 0x2F, 0x6D, 0x32, 0xA7, 0xD5, 0x6C, 0x2E, 0x19, 0x6B, 0x41, 0x4F, 0x11, 0x19, 
	0x61, 0xF4, 0x1B, 0x08, 0xAB, 0xE4, 0x92, 0x9A, 0x77, 0x43, 0x39, 0x7F, 0xCB, 0xA9, 0xB4, 0xD3, 
	0xF8, 0x7A, 0x5E, 0xD6, 0x87, 0x36, 0x68, 0xBB, 0xF4, 0xC4, 0x4F, 0xA5, 0x0D, 0xE4, 0x65, 0x94, 
	0xC1, 0xF8, 0x12, 0x71, 0xD2, 0x0D, 0x18, 0xB8, 0x62, 0x99, 0xB0, 0x37, 0x5B, 0x81, 0x95, 0xCA, 
	0x61, 0xF7, 0xEE, 0xCC, 0x36, 0x8F, 0x9B, 0xA4, 0x7D, 0xA5, 0x0E, 0xD7, 0xEE, 0xDE, 0x9C, 0xC1, 
	0xCE, 0xAF, 0xA9, 0x97, 0xC6, 0x09, 0x35, 0x9E, 0x98, 0x53, 0x32, 0x8A, 0x97, 0x34, 0x7A, 0x43, 
	0xA9, 0x9A, 0xAF, 0xF5, 0xAC, 0xF1, 0x9E, 0xBC, 0x99, 0x38, 0x7D, 0xC7, 0x1F, 0x04, 0x4B, 0x29, 
	0x35, 0x50, 0x7A, 0x18, 0xC8, 0x46, 0xEF, 0x66, 0x1C, 0xB7, 0xD7, 0x79, 0x34, 0xD1, 0x37, 0x1B, 
	0x6A, 0x0C, 0x9A, 0xAF, 0x50, 0x7C, 0x2A, 0x07, 0x8E, 0xCA, 0xCA, 0x69, 0xC3, 0xC9, 0x7E, 0x17, 
	0x47, 0x2D, 0xE9, 0xDC, 0x64, 0xAE, 0xCA, 0xD5, 0x82, 0x4F, 0xAF, 0x0C, 0x03, 0x29, 0xD7, 0x15, 
	0xBD, 0x18, 0x9C, 0x88, 0x9B, 0xE2, 0x70, 0x45, 0x62, 0xD7, 0xE2, 0xF4, 0x72, 0x2A, 0x7D, 0x9A, 
	0x0D, 0x83, 0x63, 0x2A, 0x0E, 0xC4, 0x95, 0xAC, 0x14, 0x68, 0xAF, 0xAA, 0x17, 0x5E, 0x22, 0x8D, 
	0x81, 0x87, 0x81, 0x59, 0x48, 0x62, 0xF1, 0x0C, 0x98, 0xD5, 0xB1, 0x12, 0x97, 0x97, 0x30, 0x9A, 
	0x16, 0xB7, 0x14, 0x71, 0x98, 0x8E, 0x92, 0x5B, 0xB1, 0x93, 0xAF, 0x1B, 0x80, 0x3F, 0xE9, 0xEE, 
	0x23, 0x42, 0xEA, 0x4C, 0x24, 0xB3, 0xC4, 0x99, 0x88, 0x3C, 0xF6, 0x7F, 0x1D, 0x1E, 0xA8, 0xC5, 
	0xB2, 0x30, 0x1B, 0x89, 0xEC, 0x81, 0x77, 0x13, 0x0A, 0x3B, 0x6D, 0x41, 0xAD, 0x09, 0xB4, 0x31, 
	0xAB, 0x2E, 0x8B, 0xBB, 0x2F, 0x33, 0x35, 0x20, 0x09, 0x7D, 0x87, 0x62, 0xC2, 0x4D, 0xA0, 0x80, 
	0xDB, 0x39, 0x96, 0x82, 0x24, 0xA0, 0x59, 0xCD, 0x4F, 0xF1, 0x9D, 0x6E, 0x16, 0x80, 0x4F, 0x1F, 
	0x0D, 0x1D, 0xD7, 0x76, 0x7E, 0xA1, 0x17, 0x7B, 0xAE, 0x45, 0xE0, 0x2D, 0xAD, 0x2F, 0x11, 0xF5, 
	0x3C, 0x41, 0x82, 0xA6, 0x63, 0x9F, 0xAA, 0x6D, 0x5A, 0x50, 0xBC, 0x2A, 0x47, 0x1E, 0xD5, 0x62, 
	0x99, 0x1B, 0x4B, 0x5F, 0x71, 0x63, 0x88, 0x66, 0xB7, 0x0E, 0x9D, 0x76, 0x19, 0x5B, 0x5D, 0x48, 
	0xEC, 0xD0, 0xBB, 0xA0, 0x1A, 0x89, 0x5E, 0x69, 0xC3, 0xDA, 0x64, 0x3B, 0x20, 0xA2, 0x12, 0x4C, 
	0x74, 0x0D, 0x2B, 0xC4, 0x7A, 0x56, 0x39, 0x42, 0x0C, 0x6C, 0x2E, 0x45, 0x4C, 0x0E, 0x5B, 0x20, 
	0x0A, 0x55, 0x06, 0x4E, 0xBC, 0x18, 0xB0, 0x2D, 0xC2, 0x41, 0xCF, 0xC6, 0x8B, 0x91, 0xDB, 0x25, 
	0x5A, 0xF1, 0xBC, 0x45, 0x2B, 0xDB, 0x25, 0x55, 0x28, 0x20, 0xCD, 0xD5, 0xDF, 0xDD, 0x54, 0x13, 
	0x0A, 0x5E, 0x12, 0xE3, 0x23, 0x55, 0x6F, 0xC0, 0x42, 0x17, 0x6C, 0x2D, 0x9B, 0xC7, 0xC5, 0xBA, 
	0xB5, 0xEC, 0x23, 0x8C, 0x51, 0x04, 0x9A, 0xA7, 0x45, 0xBC, 0xDB, 0xAD, 0x7E, 0x0D, 0xC8, 0x7A, 
	0x32, 0x76, 0x75, 0xE4, 0xF6, 0x23, 0x9F, 0x2F, 0xA0, 0x21, 0x5D, 0x16, 0xA1, 0xC4, 0x98, 0xDE, 
	0x94, 0xF7, 0x5E, 0xD4, 0xD3, 0x2F, 0x92, 0x06, 0x32, 0x0A, 0x66, 0x91, 0xF5, 0x4F, 0xEA, 0x75, 
	0x5F, 0x35, 0xB0, 0x0F, 0x55, 0x93, 0xD6, 0x12, 0x32, 0x04, 0xB6, 0x72, 0x0F, 0x83, 0x91, 0x1B, 
	0x9F, 0x3F, 0x64, 0x7E, 0xC8, 0x5E, 0x37, 0xEC, 0x86, 0xAD, 0x8C, 0xA2, 0x59, 0xDA, 0x29, 0xDA, 
	0x29, 0x2E, 0x3A, 0x4F, 0x65, 0x8F, 0xF6, 0xDC, 0xBC, 0x8C, 0x8E, 0x7B, 0x5B, 0x98, 0x60, 0x9F, 
	0x57, 0xC6, 0x2B, 0x2D, 0x70, 0x25, 0x20, 0xDB, 0x59, 0x79, 0x38, 0x39, 0xB2, 0x9F, 0x41, 0x7A, 
	0xAA, 0x15, 0x4F, 0x13, 0x6D, 0x5B, 0x5F, 0xDA, 0xBB, 0x7D, 0xB7, 0xB6, 0x56, 0x0E, 0x0A, 0x92, 
	0xA3, 0xD4, 0x59, 0xD1, 0x37, 0x8E, 0x60, 0xEA, 0x7E, 0x37, 0x46, 0xF4, 0x73, 0xD3, 0x8A, 0xB4, 
	0xDA, 0x86, 0x38, 0xDA, 0xF2, 0xCA, 0xC4, 0x27, 0x53, 0x9F, 0x19, 0xE2, 0xD4, 0x77, 0x12, 0xCC, 
	0x4A, 0x8C, 0xA1, 0xB7, 0x90, 0x48, 0x60, 0x0C, 0x6A, 0xAD, 0x87, 0xD5, 0xED, 0x6C, 0xA8, 0xCB, 
	0x39, 0x3E, 0x06, 0x9D, 0x8C, 0x3C, 0x4C, 0x6C, 0x5C, 0xD4, 0x59, 0x2E, 0xE2, 0xF1, 0x4E, 0xF0, 
	0x90, 0x33, 0x9D, 0x58, 0x44, 0x5B, 0x06, 0xD7, 0x59, 0xC5, 0xA2, 0x0B, 0xCF, 0xB1, 0xBB, 0xC8, 
	0xDC, 0x0A, 0xBC, 0x81, 0x08, 0x8B, 0x87, 0x62, 0x44, 0xF6, 0x27, 0xCC, 0xC9, 0x37, 0xF4, 0x74, 
	0x7C, 0xEF, 0xD2, 0x7D, 0x2D, 0x7F, 0x83, 0xF1, 0xF2, 0x6A, 0x2F, 0xF5, 0xF2, 0xA3, 0x39, 0x75, 
	0xAA, 0x8E, 0x6B, 0xDC, 0x50, 0x42, 0x66, 0x5A, 0x29, 0xF0, 0xFB, 0x86, 0xC7, 0x64, 0xDA, 0x70, 
	0xB8, 0x31, 0x8D, 0x3C, 0x46, 0xE3, 0x90, 0x8D, 0xBB, 0x6F, 0xA6, 0x8D, 0x2F, 0xA6, 0xF3, 0x76, 
	0x23, 0xAC, 0xC9, 0x87, 0x79, 0x42, 0x4C, 0x7F, 0xCA, 0xBA, 0x64, 0x24, 0x6C, 0x39, 0x08, 0xDF, 
	0x9D, 0x29, 0x31, 0xE6, 0xCA, 0x53, 0x30, 0xAD, 0xCB, 0xD1, 0x7E, 0xB7, 0x99, 0xCC, 0x55, 0x15, 
	0x54, 0x46, 0xA2, 0x69, 0xCD, 0x12, 0xF1, 0xCB, 0xA7, 0x3A, 0x9F, 0xE0, 0x6A, 0xF1, 0xEE, 0xAC, 
	0x15, 0x37, 0xDC, 0x46, 0x05, 0xE6, 0xE3, 0x42, 0xDB, 0x96, 0xED, 0xE0, 0x7D, 0x8D, 0xED, 0x89, 
	0x25, 0x23, 0xA0, 0xCF, 0xBC, 0xA7, 0x9F, 0xE7, 0xC5, 0x70, 0x0D, 0x40, 0x79, 0x69, 0x7F, 0x3B, 
	0xB3, 0xC8, 0xC5, 0x1E, 0x6C, 0x98, 0x8C, 0xC1, 0x6C, 0xB0, 0x45, 0x95, 0x38, 0xED, 0xF7, 0xB7, 
	0xEB, 0x39, 0x57, 0x53, 0xC2, 0xA4, 0xCB, 0x68, 0xE1, 0x6C, 0xB7, 0x09, 0xA7, 0xD8, 0x14, 0xDE, 
	0xE0, 0x47, 0xD2, 0xAB, 0xB7, 0xA0, 0x72, 0xAF, 0x73, 0x3E, 0x84, 0xCB, 0x5C, 0x96, 0xE1, 0x60, 
	0xD7, 0x62, 0x39, 0xBE, 0xAE, 0x1C, 0x7F, 0x81, 0x73, 0x36, 0xC3, 0x2E, 0x21, 0x26, 0x43, 0xCD, 
	0x79, 0x12, 0x0B, 0x6D, 0xA2, 0xD6, 0x48, 0x32, 0xAD, 0x46, 0xC7, 0xAC, 0x9B, 0x95, 0xA3, 0xF1, 
	0xB1, 0x9C, 0xA2, 0x48, 0x4E, 0x9B, 0x2D, 0x4F, 0x73, 0xE4, 0x38, 0x0B, 0x1B, 0xA6, 0x51, 0xD7, 
	0x18, 0xA6, 0x35, 0x34, 0x2D, 0xA4, 0x20, 0x36, 0x8F, 0xDC, 0xFD, 0xAA, 0xD9, 0x92, 0x88, 0xC6, 
	0xCF, 0xE9, 0xE1, 0x43, 0xAF, 0x66, 0x84, 0xAA, 0xA4, 0xA8, 0xD0, 0x44, 0x15, 0x52, 0xA8, 0xB0, 
	0xEB, 0xA0, 0x0A, 0xF1, 0x71, 0xF6, 0x80, 0x81, 0x1D, 0x38, 0xEB, 0x82, 0x24, 0xAB, 0x50, 0xE1, 
	0x5A, 0x4F, 0x25, 0x57, 0x10, 0x10, 0xCB, 0x3B, 0x5C, 0x95, 0x79, 0xA7, 0xA1, 0x90, 0x52, 0xBB, 
	0xF5, 0x6E, 0x2D, 0x1E, 0x9F, 0x46, 0x4C, 0x90, 0xF2, 0x7F, 0x68, 0x39, 0x94, 0xB1, 0x1A, 0x27, 
	0xEE, 0xD6, 0x85, 0x95, 0xB2, 0xDC, 0xAF, 0x57, 0xA3, 0xE3, 0xD4, 0x78, 0x88, 0x58, 0x8B, 0x4A, 
	0xB7, 0xA1, 0x35, 0x35, 0x47, 0x75, 0xDB, 0xBB, 0x89, 0xD1, 0x0A, 0x1F, 0x94, 0xCB, 0x6D, 0x29, 
	0x1C, 0x90, 0xF8, 0x3A, 0x27, 0x86, 0x1C, 0x36, 0x2D, 0xC4, 0x83, 0x15, 0xAD, 0x2C, 0x28, 0x46, 
	0x72, 0xDA, 0x8D, 0x2A, 0xDE, 0x25, 0xE5, 0x13, 0xC1, 0x86, 0x52, 0xC9, 0xA5, 0xC5, 0x46, 0x4B, 
	0xC9, 0xAB, 0x7D, 0xB0, 0x17, 0x58, 0x7F, 0xD7, 0x4C, 0x84, 0xF9, 0x40, 0x36, 0x0D, 0x41, 0x8A, 
	0xF9, 0xC6, 0x94, 0x20, 0x3D, 0x3D, 0x94, 0x63, 0x68, 0xC8, 0xC9, 0x27, 0x59, 0xE4, 0xF4, 0xC8, 
	0xC3, 0x3F, 0xC8, 0xE8, 0x47, 0x21, 0xB7, 0xFC, 0xF0, 0x65, 0xB6, 0xEB, 0x4F, 0x90, 0x71, 0xA8, 
	0xE0, 0xF8, 0x92, 0x8A, 0x38, 0x68, 0x67, 0x64, 0xB2, 0xF5, 0xCC, 0x41, 0x8D, 0x13, 0x45, 0x89, 
	0x56, 0x70, 0xAA, 0xEB, 0xB2, 0x32, 0x0D, 0x2A, 0xC8, 0xA5, 0x0A, 0x74, 0x4F, 0xD2, 0xA6, 0xF6, 
	0x58, 0x32, 0xA3, 0x32, 0xCE, 0xBF, 0x51, 0x7D, 0xA8, 0x5F, 0x98, 0x8D, 0x3D, 0x88, 0x67, 0x5D, 
	0x83, 0x86, 0xB6, 0x27, 0x7A, 0x62, 0x12, 0xAB, 0x37, 0xA8, 0x1C, 0x6A, 0xCD, 0x7C, 0x43, 0x9A, 
	0x25, 0x22, 0xED, 0x13, 0x51, 0xD7, 0xA2, 0xE4, 0xE9, 0x59, 0x66, 0xC7, 0x78, 0x4B, 0xDB, 0xC0, 
	0x0A, 0xAE, 0x7A, 0x2C, 0xEC, 0x2C, 0xCD, 0xAC, 0x15, 0xD1, 0x1A, 0xA0, 0x87, 0x9D, 0x11, 0x7D, 
	0xCC, 0x93, 0x75, 0x6A, 0x12, 0xE6, 0x2D, 0x94, 0xB8, 0x44, 0x46, 0xED, 0x8D, 0xB1, 0xB5, 0x0A, 
	0x1D, 0x44, 0x5B, 0xEF, 0x89, 0x65, 0xCD, 0xF5, 0x0B, 0x8B, 0x09, 0x3F, 0x45, 0xF1, 0x3A, 0x57, 
	0x86, 0x48, 0x07, 0xD8, 0x8D, 0xA7, 0x09, 0x56, 0x13, 0x87, 0x3A, 0x4D, 0xDE, 0xBE, 0x4B, 0x3D, 
	0xCF, 0x86, 0xBA, 0xC0, 0xC5, 0x97, 0xE0, 0x46, 0x4F, 0x42, 0xD5, 0xAE, 0x19, 0xBA, 0x52, 0x9A, 
	0x1E, 0x11, 0x70, 0x4F, 0x6F, 0x44, 0xC4, 0xB6, 0x85, 0xAD, 0x23, 0x62, 0x21, 0xDB, 0x62, 0x4D, 
	0xC6, 0xC2, 0xD9, 0x11, 0x73, 0xB4, 0x54, 0xED, 0xE8, 0x6A, 0x74, 0x95, 0x1D, 0xB0, 0x60, 0x90, 
	0xF3, 0xCE, 0x7C, 0xCE, 0x9B, 0x80, 0x76, 0x06, 0x53, 0x23, 0xC2, 0x18, 0xEB, 0x33, 0x2E, 0xD1, 
	0x52, 0x61, 0xD6, 0x96, 0x86, 0x53, 0xBE, 0x54, 0x5F, 0x76, 0x8F, 0xF6, 0xAC, 0x29, 0xBF, 0x48, 
	0x46, 0x58, 0xA8, 0xD7, 0xFD, 0xAD, 0x68, 0x5B, 0x71, 0x67, 0xE9, 0x73, 0x4F, 0x21, 0x51, 0x51, 
	0x4B, 0xC2, 0xD1, 0x78, 0xF7, 0x76, 0x53, 0x50, 0xEE, 0x0B, 0xD0, 0x22, 0x3D, 0xCF, 0x5E, 0x7F, 
	0xC7, 0xA3, 0x94, 0x1E, 0xC0, 0x95, 0x65, 0xA4, 0x6C, 0x0E, 0x2D, 0xDB, 0x3F, 0xCF, 0xD1, 0xEA, 
	0x68, 0x5F, 0xB1, 0x08, 0x18, 0xA5, 0x7B, 0xBE, 0x8E, 0x93, 0xDD, 0x84, 0x7C, 0x2A, 0x4B, 0xE1, 
	0xF5, 0x9A, 0x9A, 0x8B, 0x42, 0x93, 0x9E, 0x91, 0x76, 0x9E, 0x14, 0x1D, 0xE2, 0xE9, 0x1B, 0xA1, 
	0xD4, 0xA1, 0x67, 0xD5, 0x40, 0x21, 0x20, 0x31, 0xAE, 0xC2, 0x28, 0xF3, 0x35, 0xEE, 0x47, 0xD3, 
	0xDE, 0x37, 0x16, 0x70, 0xD5, 0x9A, 0xB1, 0x90, 0x76, 0xBF, 0xF6, 0x1D, 0xBE, 0x82, 0xE5, 0x52, 
	0x90, 0x09, 0xA2, 0xE3, 0xE5, 0x7A, 0x90, 0xF7, 0xA4, 0x36, 0xF5, 0xAE, 0x46, 0xA9, 0x3E, 0x80, 
	0x47, 0x6F, 0x42, 0x5F, 0x36, 0xF5, 0xA2, 0xDA, 0xF4, 0x1F, 0x46, 0x05, 0x49, 0x43, 0x8E, 0x67, 
	0x2E, 0x13, 0x32, 0x55, 0xCA, 0xD9, 0x86, 0x42, 0x31, 0x81, 0xBC, 0xE9, 0xD7, 0x43, 0xA5, 0xD3, 
	0x92, 0x64, 0x40, 0x24, 0x14, 0xB6, 0xCC, 0x83, 0x2B, 0x43, 0x38, 0x6D, 0x32, 0x68, 0xAB, 0x52, 
	0xD6, 0x5F, 0x97, 0xA2, 0xCD, 0x0C, 0x11, 0xDC, 0xE8, 0x71, 0x95, 0x6B, 0x30, 0x1B, 0x62, 0x89, 
	0xCB, 0x1C, 0x1D, 0xD0, 0x68, 0x51, 0x10, 0x43, 0xDB, 0x0C, 0xE5, 0x31, 0x45, 0xAC, 0x4E, 0x25, 
	0x83, 0x6F, 0x5E, 0x88, 0xE1, 0x38, 0xBD, 0xA1, 0xF4, 0xA3, 0xA1, 0x1B, 0xAB, 0x4D, 0xAA, 0x2E, 
	0xB2, 0xA2, 0xCE, 0xE3, 0x41, 0xB3, 0x9B, 0xC0, 0xAB, 0x12, 0x77, 0x48, 0x89, 0x5C, 0xD3, 0xCB, 
	0xBA, 0xEA, 0xE6, 0x1E, 0x39, 0x27, 0x7F, 0xE1, 0x3A, 0xD7, 0xDD, 0x32, 0xEC, 0x57, 0x2B, 0xEE, 
	0xB1, 0x31, 0x32, 0xE9, 0xD3, 0x84, 0x19, 0x4F, 0xA3, 0x27, 0xCC, 0x2A, 0x2B, 0x33, 0x34, 0xED, 
	0xA9, 0x7D, 0x84, 0x92, 0x23, 0x34, 0xA3, 0xF5, 0x20, 0xE6, 0x3F, 0x2A, 0xAC, 0x45, 0xDF, 0x13, 
	0xB1, 0xD8, 0x12, 0xEB, 0x94, 0xB9, 0x86, 0x1E, 0xA5, 0x17, 0xCD, 0x6A, 0x6F, 0x8F, 0xA0, 0x1E, 
	0x28, 0xC0, 0x73, 0x99, 0x11, 0x30, 0xE7, 0xE1, 0xCB, 0xA3, 0x83, 0xD8, 0xCC, 0xB3, 0x60, 0x3E, 
	0x81, 0xDB, 0x0A, 0x29, 0x04, 0x02, 0x57, 0x0A, 0x2F, 0xA6, 0x4A, 0xF5, 0xD2, 0x54, 0xC4, 0x76, 
	0xC0, 0x87, 0xC5, 0x16, 0x9A, 0x7D, 0x7C, 0x71, 0x1D, 0xC5, 0x79, 0x56, 0x4C, 0xBF, 0x6F, 0x34, 
	0x68, 0x75, 0xAA, 0x1C, 0xD4, 0x7B, 0x72, 0xCB, 0x5D, 0xCA, 0xD4, 0x26, 0xE4, 0xD1, 0xC0, 0x14, 
	0x9E, 0x74, 0x94, 0x19, 0xA0, 0xF4, 0xDE, 0x46, 0x79, 0x52, 0xB0, 0xEA, 0x6B, 0x24, 0x56, 0x53, 
	0x69, 0xD7, 0x8C, 0x82, 0xF6, 0xC8, 0x12, 0xE4, 0xEB, 0x63, 0x1A, 0x44, 0x88, 0x09, 0x00, 0xAB, 
	0x9D, 0x58, 0xC4, 0x23, 0x0F, 0x15, 0x08, 0xA7, 0x13, 0x13, 0xC1, 0x4B, 0x72, 0xF2, 0xD6, 0xD5, 
	0x32, 0x5C, 0xF2, 0x88, 0x65, 0x23, 0xC5, 0xA9, 0x5F, 0x42, 0x87, 0x3F, 0x96, 0x5E, 0x6C, 0xF7, 
	0x33, 0xF1, 0x42, 0xD7, 0xF0, 0xCC, 0x5C, 0xE1, 0x96, 0x0C, 0x25, 0x49, 0xF1, 0x0B, 0xEB, 0xB3, 
	0xF9, 0x53, 0x4A, 0x73, 0x43, 0x40, 0xC4, 0x12, 0xBC, 0x72, 0x95, 0x12, 0x2F, 0xCE, 0x57, 0x4C, 
	0x6D, 0x39, 0xA3, 0x5C, 0x8C, 0x95, 0x91, 0xD6, 0x80, 0x22, 0x24, 0x2D, 0x9A, 0x7E, 0x3E, 0xA5, 
	0xD4, 0xFD, 0xB3, 0xF9, 0xE8, 0x6D, 0x7C, 0xE5, 0xE4, 0xE2, 0x8C, 0x14, 0x86, 0xF0, 0x68, 0xBF, 
	0x3C, 0xE1, 0xBD, 0xD5, 0x54, 0x7B, 0xDF, 0x45, 0xD7, 0x61, 0x0A, 0x62, 0x3B, 0x34, 0x88, 0x4E, 
	0x58, 0xD3, 0x4C, 0x07, 0xCD, 0x67, 0xC0, 0xE3, 0x2E, 0x98, 0x95, 0xDC, 0x1B, 0xBF, 0xB8, 0x57, 
	0xEE, 0xF4, 0x10, 0xDC, 0xC4, 0x16, 0xDA, 0x9A, 0x77, 0xC3, 0xF4, 0xBA, 0xC2, 0x79, 0x3A, 0xE0, 
	0xCB, 0x48, 0x13, 0xB8, 0xB0, 0x83, 0xE6, 0x63, 0x9A, 0xAB, 0xDA, 0x69, 0x56, 0xD9, 0xD7, 0xB4, 
	0xC5, 0x4D, 0xF5, 0x64, 0xA2, 0x64, 0x8A, 0x30, 0xA3, 0x70, 0x0B, 0x2B, 0x59, 0x1E, 0xEB, 0x9D, 
	0x21, 0xA7, 0xF9, 0xB0, 0x45, 0x9B, 0xA0, 0x83, 0xFA, 0x2A, 0x61, 0xC7, 0x10, 0x57, 0xA6, 0x63, 
	0x6C, 0xD4, 0x0B, 0x5B, 0xCE, 0x1B, 0x43, 0x10, 0x7F, 0x69, 0x33, 0x16, 0x4E, 0x82, 0xDE, 0x4B, 
	0xDC, 0x96, 0xDA, 0x90, 0x7F, 0x22, 0xF5, 0x4F, 0xAD, 0x1E, 0x1A, 0x87, 0x11, 0xD3, 0x87, 0xA2, 
	0x58, 0xA0, 0x60, 0x52, 0x57, 0x4A, 0xD3, 0x1E, 0xB7, 0xD4, 0x5D, 0x0F, 0x13, 0x95, 0x88, 0x93, 
	0x63, 0x73, 0x6E, 0x6D, 0x84, 0xE4, 0x8A, 0x6C, 0xB8, 0xB5, 0xD2, 0x66, 0x65, 0x90, 0x25, 0x85, 
	0x91, 0xAC, 0x42, 0xDD, 0x67, 0xB1, 0x81, 0xE0, 0xB7, 0xDB, 0x4A, 0xEB, 0x46, 0xC7, 0xD3, 0xF6, 
	0x81, 0xD6, 0x5A, 0x9E, 0x99, 0x73, 0x25, 0x6C, 0xCC, 0x2A, 0x4D, 0x53, 0x44, 0x30, 0x9D, 0xE7, 
	0xDF, 0x0E, 0xB5, 0x17, 0x48, 0x87, 0xD0, 0xE2, 0x72, 0xAB, 0xA9, 0xEF, 0x9A, 0x1A, 0x1E, 0xA7, 
	0xC3, 0x5C, 0x1F, 0xBD, 0x2E, 0xAC, 0x26, 0x9E, 0x4B, 0x91, 0x37, 0xAA, 0xF9, 0xF1, 0x98, 0x68, 
	0x9E, 0xBC, 0xD8, 0x1C, 0x8E, 0x87, 0xD7, 0x48, 0x91, 0x80, 0x24, 0x7A, 0x07, 0xE7, 0x2D, 0xB1, 
	0x75, 0x83, 0x3C, 0xB5, 0xC3, 0x34, 0x3B, 0x1C, 0x24, 0x44, 0x10, 0x0A, 0x11, 0x95, 0xE5, 0x66, 
	0xDD, 0xF5, 0x81, 0x78, 0xDF, 0xF2, 0x0D, 0xEF, 0x86, 0x90, 0x2F, 0x4E, 0x94, 0x6D, 0x14, 0xD6, 
	0x69, 0x06, 0x06, 0xA9, 0x31, 0xE6, 0x99, 0xB2, 0x17, 0x75, 0x56, 0x43, 0x27, 0x76, 0xF7, 0x15, 
	0x54, 0xCE, 0x79, 0x11, 0x0C, 0x96, 0x25, 0xC4, 0x36, 0x2A, 0x34, 0x66, 0x8D, 0x18, 0x6A, 0xB5, 
	0x29, 0x77, 0xC5, 0x20, 0x42, 0x82, 0xB3, 0x18, 0x58, 0x7A, 0x67, 0x7C, 0x0E, 0x5D, 0x90, 0x5D, 
	0x5B, 0x82, 0x7D, 0xE3, 0x10, 0xD0, 0x74, 0x43, 0x46, 0x95, 0x90, 0x17, 0x4A, 0x04, 0x33, 0x9A, 
	0xD9, 0xA1, 0xAC, 0xB0, 0x1F, 0x0F, 0x89, 0xA0, 0x07, 0x98, 0x88, 0x2E, 0xAD, 0xAD, 0xD3, 0x18, 
	0xE7, 0x42, 0x33, 0x69, 0xEC, 0x8B, 0x97, 0xA8, 0x19, 0x35, 0x72, 0xD9, 0x5F, 0xD1, 0xC7, 0xB4, 
	0x6C, 0x2A, 0xBF, 0x7D, 0xD9, 0x32, 0x75, 0x97, 0xA1, 0x42, 0xE1, 0xFB, 0x49, 0x44, 0x55, 0xAB, 
	0xC3, 0x3C, 0x20, 0x3D, 0x19, 0x0D, 0x9D, 0x24, 0x85, 0x63, 0x0A, 0xA0, 0x6C, 0xB6, 0xE5, 0xE3, 
	0x4F, 0xD1, 0x19, 0xBB, 0xEE, 0x10, 0x32, 0xEB, 0x8B, 0xBC, 0x9F, 0xF1, 0xF9, 0x95, 0x18, 0x85, 
	0x2D, 0xB6, 0xB1, 0x55, 0xE2, 0x5F, 0x0D, 0x7C, 0x4C, 0x7F, 0x50, 0x8C, 0x59, 0x5C, 0xC3, 0xDD, 
	0xA5, 0x78, 0x71, 0x20, 0xCD, 0x56, 0xE5, 0x7C, 0xA0, 0x8A, 0xA4, 0x5A, 0x4C, 0x84, 0x6E, 0xB2, 
	0x22, 0x19, 0x40, 0xD4, 0xFA, 0xE2, 0xA9, 0x7B, 0x97, 0x0B, 0x3D, 0xF6, 0x2C, 0xED, 0xFE, 0x2B, 
	0x45, 0xD0, 0xB4, 0x68, 0x3A, 0x46, 0x30, 0xAB, 0x8F, 0x18, 0xDD, 0xB2, 0xCC, 0xA6, 0x35, 0x13, 
	0x3D, 0x9E, 0x17, 0x58, 0x17, 0x9F, 0xBE, 0x7B, 0x63, 0x63, 0xAF, 0xA9, 0xF7, 0x4F, 0x88, 0xEB, 
	0xAE, 0xCF, 0x8D, 0xBD, 0xEC, 0xAC, 0xF5, 0xF5, 0x90, 0xD3, 0x34, 0xD1, 0x44, 0xE5, 0x92, 0x47, 
	0xD7, 0xB7, 0x4C, 0x96, 0x1D, 0x29, 0x02, 0xB0, 0x42, 0x1E, 0x68, 0x85, 0x32, 0x94, 0xD0, 0x58, 
	0xEB, 0x4E, 0x90, 0x96, 0xF0, 0xC6, 0xA9, 0x63, 0x82, 0x58, 0x33, 0xE4, 0x88, 0xE7, 0x2D, 0xB5, 
	0xEA, 0xBB, 0xF1, 0xAA, 0x1F, 0x7A, 0x80, 0x3A, 0x65, 0xB4, 0x1A, 0xD1, 0x40, 0xB5, 0xA8, 0x23, 
	0xD8, 0x2A, 0x4F, 0x9C, 0x71, 0x68, 0x0B, 0xCD, 0x11, 0x1F, 0x8C, 0x54, 0xA9, 0xB5, 0xF2, 0xB3, 
	0x0E, 0x18, 0x10, 0xD2, 0x55, 0x3A, 0xB5, 0xC0, 0xC5, 0xC3, 0x41, 0x2D, 0xB8, 0x0D, 0x3C, 0xE3, 
	0xE6, 0x5A, 0x33, 0xCF, 0xAB, 0xED, 0x4D, 0x09, 0x51, 0xC0, 0xD0, 0xB8, 0xEE, 0xE8, 0x6F, 0x23, 
	0x6C, 0x4B, 0x77, 0xD0, 0x24, 0x73, 0x94, 0xE0, 0xE6, 0xD9, 0x64, 0x52, 0x86, 0x5A, 0x38, 0x1F, 
	0x1D, 0xCC, 0x8A, 0x7E, 0x1F, 0x3D, 0xF7, 0x69, 0x49, 0xDA, 0x66, 0x14, 0xA6, 0xA7, 0x5A, 0xCC, 
	0x1B, 0xC3, 0xF8, 0x82, 0x0D, 0xD6, 0x63, 0xF3, 0xFD, 0x99, 0xDD, 0x66, 0x87, 0x22, 0x92, 0xDE, 
	0x49, 0xA2, 0x90, 0x26, 0x5B, 0xB8, 0x39, 0x2B, 0x69, 0x1B, 0x90, 0x9D, 0x6B, 0x9C, 0xF3, 0x5A, 
	0x83, 0x24, 0x41, 0x04, 0xBB, 0xA2, 0xC6, 0x2A, 0xE3, 0xA3, 0x0E, 0xB5, 0xD9, 0x4A, 0xCA, 0x2F, 
	0xB8, 0xD1, 0x72, 0x95, 0x3A, 0x5D, 0x4B, 0x60, 0xEC, 0x1D, 0xA7, 0xE1, 0xD3, 0x0B, 0xE4, 0xFD, 
	0x0B, 0xCE, 0xE8, 0xDD, 0x2D, 0x6E, 0xEB, 0x51, 0x34, 0xA5, 0x10, 0x10, 0xBA, 0x49, 0xB2, 0xAE, 
	0xA2, 0x6C, 0x30, 0xEF, 0x96, 0x9D, 0x1D, 0xCB, 0xB8, 0x8B, 0xCB, 0xB2, 0xC0, 0x90, 0x49, 0xE7, 
	0x6D, 0x84, 0x70, 0xC9, 0x37, 0x8B, 0x61, 0x21, 0x04, 0x65, 0xF7, 0x53, 0xA3, 0x24, 0x88, 0xEF, 
	0xA5, 0x87, 0xC1, 0xAA, 0x88, 0x7C, 0xCE, 0x1F, 0x37, 0x33, 0x08, 0x19, 0x30, 0x85, 0x73, 0x11, 
	0x46, 0xC2, 0x42, 0xD4, 0x15, 0xB9, 0xFB, 0x22, 0x30, 0x9A, 0xE4, 0xAC, 0x24, 0x59, 0xF0, 0x4C, 
	0x22, 0x46, 0x0E, 0x54, 0x4F, 0x82, 0x1F, 0x83, 0xA1, 0xD2, 0x52, 0x7B, 0x4E, 0xB8, 0x53, 0x09, 
	0xCD, 0x4A, 0x9D, 0x59, 0x0D, 0x51, 0x26, 0x76, 0x3D, 0x11, 0xAA, 0xAC, 0xDE, 0x14, 0x06, 0xAD, 
	0x29, 0xD2, 0xCB, 0xF3, 0x56, 0xC4, 0xFA, 0x53, 0xC0, 0x3F, 0x7B, 0x81, 0x61, 0x7D, 0x21, 0x51, 
	0xE4, 0xAA, 0xD3, 0xD5, 0xA4, 0x26, 0x89, 0x4D, 0x45, 0x89, 0x2F, 0x1D, 0xC9, 0xC6, 0x35, 0x1F, 
	0x58, 0x6B, 0xA8, 0xBD, 0x1D, 0xDB, 0xE6, 0x55, 0x1C, 0x33, 0x5E, 0x16, 0xD8, 0xAC, 0x8A, 0x35, 
	0x0C, 0xA1, 0xF3, 0x41, 0x71, 0x82, 0x61, 0x5C, 0x20, 0xE3, 0x1B, 0x0D, 0xF1, 0xAF, 0x56, 0x26, 
	0x1E, 0x38, 0x41, 0x37, 0x54, 0xF0, 0xB6, 0x4A, 0xBE, 0xA2, 0xA3, 0x6A, 0x70, 0xA3, 0xA5, 0xA8, 
	0x65, 0x05, 0x11, 0xA3, 0x4D, 0x61, 0x29, 0x46, 0x3B, 0x10, 0x06, 0xCD, 0x93, 0x68, 0xB3, 0x36, 
	0x6B, 0x80, 0x10, 0x2A, 0xE4, 0xB0, 0xA4, 0xAC, 0x8C, 0x64, 0xD6, 0xFD, 0xD4, 0x60, 0xE8, 0x8B, 
	0xC1, 0x7D, 0x18, 0x91, 0x17, 0x2C, 0xD1, 0x71, 0xB6, 0xD8, 0x94, 0x21, 0xE4, 0x2D, 0x0D, 0x72, 
	0xEB, 0x91, 0x6D, 0xAB, 0xDC, 0x41, 0x5E, 0xC5, 0xE1, 0x69, 0x85, 0x9C, 0xF4, 0x47, 0x45, 0x62, 
	0xA8, 0xDC, 0xD4, 0xB9, 0xE5, 0xDA, 0xD3, 0xF4, 0x65, 0x40, 0x28, 0xBF, 0x93, 0x9F, 0x6A, 0xEB, 
	0xF5, 0xB3, 0xAE, 0x23, 0x55, 0x56, 0xF1, 0xAD, 0xDF, 0x9C, 0x12, 0x4D, 0xEF, 0x57, 0xEF, 0xA0, 
	0x41, 0x08, 0x14, 0x0C, 0x09, 0xDC, 0xDA, 0xD2, 0x9B, 0x38, 0x21, 0x09, 0x27, 0x17, 0x48, 0x62, 
	0x75, 0x44, 0x09, 0x19, 0xA6, 0x49, 0xE1, 0x2A, 0x4B, 0xF5, 0xBC, 0x72, 0x10, 0x10, 0xAD, 0x5E, 
	0x44, 0xC5, 0x80, 0xD9, 0xE0, 0x5E, 0x1E, 0xB4, 0x80, 0xB5, 0xBE, 0x5E, 0x84, 0x55, 0x98, 0x5A, 
	0x13, 0x9E, 0x92, 0x91, 0x5D, 0xCA, 0x17, 0xC5, 0x8D, 0x93, 0xC3, 0x97, 0x9F, 0x8E, 0x9A, 0x8B, 
	0x36, 0x16, 0x97, 0xB7, 0xFB, 0xC2, 0x31, 0x32, 0xC4, 0xD2, 0x35, 0x7C, 0xA2, 0xA5, 0xA7, 0x26, 
	0x0C, 0x3F, 0x53, 0xB3, 0x0D, 0x45, 0xB2, 0x18, 0xA8, 0x6A, 0x4D, 0xA7, 0x45, 0x59, 0x2D, 0xDB, 
	0x2D, 0xC9, 0xEB, 0x7D, 0x1F, 0x30, 0x08, 0x7A, 0xE0, 0x97, 0x80, 0x81, 0xA3, 0xE1, 0x2F, 0xD2, 
	0x5D, 0x87, 0x3C, 0x0A, 0x76, 0x89, 0x90, 0x20, 0x6F, 0x8B, 0x57, 0xD8, 0xA6, 0x94, 0x55, 0xDF, 
	0xE1, 0xF2, 0xCD, 0x40, 0x18, 0x49, 0x16, 0xAC, 0xD8, 0x1B, 0xA6, 0xB1, 0xD2, 0x75, 0x3D, 0x63, 
	0x8B, 0xF0, 0x1E, 0x44, 0xAA, 0xF4, 0xB7, 0xDE, 0x3E, 0x1E, 0xC7, 0xA3, 0xAA, 0xDC, 0x68, 0xD1, 
	0xD0, 0x7D, 0x83, 0x69, 0xF3, 0x3E, 0x20, 0xA2, 0x62, 0x6E, 0x95, 0xA8, 0xA2, 0x3A, 0x65, 0x6E, 
	0xE5, 0x11, 0x9D, 0x80, 0xBA, 0x7D, 0xA2, 0x22, 0x06, 0x3B, 0x8A, 0xB4, 0x5C, 0x66, 0x1A, 0xBC, 
	0x0D, 0x65, 0x44, 0xAB, 0xF1, 0xA1, 0x60, 0xF6, 0xD4, 0xCF, 0x13, 0x49, 0xA7, 0x9F, 0x9C, 0x6A, 
	0x58, 0x49, 0x86, 0x0A, 0xE1, 0x89, 0x4B, 0x54, 0x8D, 0x1D, 0x4F, 0x22, 0xD5, 0xE0, 0x96, 0x87, 
	0x41, 0xCA, 0x29, 0x0B, 0x5D, 0xB6, 0x6F, 0x1F, 0x39, 0x60, 0xB4, 0xC1, 0xB2, 0xA9, 0x36, 0x88, 
	0x65, 0x4C, 0x52, 0x72, 0xA3, 0x18, 0xE9, 0xD6, 0x36, 0xDA, 0xC1, 0x35, 0x8B, 0x89, 0x63, 0xB9, 
	0xDB, 0xC4, 0x28, 0xB1, 0xBD, 0x4E, 0x50, 0x35, 0x43, 0x5E, 0x3B, 0x7A, 0x9E, 0xCE, 0xE4, 0xDE, 
	0x4D, 0xA2, 0x74, 0xAD, 0x82, 0xA2, 0x5F, 0xB1, 0xE4, 0xD5, 0x6B, 0x75, 0xE8, 0x2C, 0x71, 0xCA, 
	0xEB, 0x66, 0x2A, 0x3D, 0xB0, 0x91, 0x78, 0x43, 0x43, 0x0A, 0x12, 0x36, 0x84, 0x24, 0xD7, 0x30, 
	0xD9, 0xFB, 0x4C, 0xDF, 0x3F, 0x43, 0xA1, 0xCC, 0x63, 0x35, 0xB5, 0xD3, 0xA1, 0xF9, 0x31, 0xE0, 
	0x2A, 0xC4, 0x0F, 0x6B, 0x1B, 0x5B, 0xB1, 0x08, 0x35, 0x9C, 0xAA, 0xF1, 0xA8, 0x2D, 0xA8, 0xFC, 
	0xBB, 0xF5, 0x18, 0x83, 0xB0, 0x87, 0x59, 0xC3, 0xE6, 0x51, 0x1E, 0x6D, 0x70, 0xE4, 0x47, 0x04, 
	0xCF, 0x39, 0x74, 0x63, 0xD7, 0x12, 0x45, 0xF6, 0xC7, 0x7E, 0x58, 0xF4, 0x60, 0xF9, 0x50, 0xB7, 
	0xFB, 0x51, 0xF4, 0x5B, 0xF3, 0x87, 0x65, 0x11, 0x78, 0x6D, 0xCB, 0xB8, 0x5F, 0x45, 0xDF, 0xDA, 
	0x1B, 0xC4, 0x1E, 0x73, 0x28, 0x6D, 0xCF, 0x8C, 0x3E, 0xE5, 0x54, 0xD9, 0x38, 0x47, 0x11, 0x7D, 
	0x88, 0xA8, 0x26, 0x4A, 0x45, 0xD6, 0x2B, 0xCC, 0xC0, 0xF4, 0x0E, 0x5B, 0x79, 0xEE, 0xB0, 0xF5, 
	0x82, 0xCF, 0x73, 0x56, 0x3B, 0xF1, 0x6C, 0xB7, 0x8E, 0x58, 0xB0, 0x7C, 0xD8, 0x30, 0xC0, 0x41, 
	0xD1, 0xD9, 0x7D, 0xB9, 0xED, 0xC2, 0x5B, 0x1B, 0xF0, 0x50, 0xC9, 0x69, 0x1B, 0x5F, 0x90, 0xA9, 
	0x6E, 0x8D, 0xEC, 0xEC, 0x8F, 0x93, 0x76, 0x73, 0x5B, 0x20, 0x8E, 0xE8, 0x3E, 0x52, 0x9D, 0x9C, 
	0x19, 0x9E, 0xE5, 0x3F, 0x7C, 0xD9, 0x2F, 0x9A, 0x21, 0xCA, 0x35, 0x11, 0x9A, 0x86, 0xF2, 0x12, 
	0xD0, 0x51, 0xEA, 0x7A, 0xAF, 0xB3, 0xDA, 0x61, 0xE1, 0xB5, 0xDB, 0xA4, 0x47, 0xF6, 0x3A, 0x1F, 
	0x0C, 0xD0, 0x41, 0x98, 0x9D, 0x71, 0x2A, 0xED, 0xC1, 0x0B, 0x09, 0xE2, 0xAD, 0xD7, 0xA8, 0xEC, 
	0x6D, 0x60, 0xAF, 0x71, 0x6E, 0x59, 0xDB, 0xE5, 0x2A, 0x8A, 0x6D, 0x4C, 0x2C, 0xE3, 0x80, 0x0A, 
	0x34, 0x51, 0x27, 0x0E, 0x21, 0x37, 0x4C, 0x6F, 0x2A, 0x55, 0x2E, 0xC9, 0xF4, 0x68, 0xCE, 0x10, 
	0x62, 0x29, 0x5B, 0x9D, 0xA9, 0x0E, 0x30, 0x47, 0x9C, 0x33, 0x03, 0xD9, 0x49, 0x61, 0xDD, 0x60, 
	0xB0, 0xEE, 0x4B, 0xED, 0x12, 0x7E, 0xF7, 0x35, 0x3B, 0x52, 0x4F, 0xD5, 0x6D, 0xA9, 0x1F, 0xB8, 
	0xC5, 0x0F, 0x01, 0x19, 0x70, 0xCD, 0xE1, 0x8A, 0x9F, 0x1F, 0x46, 0xA5, 0x0A, 0x32, 0x38, 0xEA, 
	0x52, 0x9C, 0x1F, 0x08, 0x70, 0x24, 0xF3, 0x18, 0x89, 0x82, 0x13, 0x6D, 0x14, 0xC3, 0x7E, 0x4F, 
	0x24, 0x6B, 0x92, 0x39, 0x07, 0x47, 0x6D, 0x68, 0x09, 0xD7, 0xD1, 0x31, 0x11, 0xB1, 0xB1, 0x6A, 
	0x6E, 0x4F, 0x16, 0x40, 0xAE, 0x70, 0x7F, 0xC0, 0x5E, 0x75, 0xEA, 0x48, 0x25, 0x5A, 0x63, 0xAD, 
	0xBF, 0xD1, 0xF7, 0x94, 0xBD, 0x94, 0xBC, 0x80, 0x60, 0x1C, 0x17, 0x34, 0x32, 0xC9, 0xED, 0x23, 
	0x31, 0xED, 0x89, 0xE3, 0x41, 0x49, 0x20, 0xB8, 0x82, 0xC9, 0x67, 0x41, 0x05, 0x7E, 0xA5, 0xAF, 
	0x8C, 0xAD, 0xF3, 0x1C, 0x29, 0x4C, 0x1F, 0x20, 0xDA, 0x69, 0x7C, 0xE2, 0x64, 0xDC, 0xF6, 0x41, 
	0x56, 0x95, 0xA9, 0x85, 0xA3, 0x26, 0xD2, 0x46, 0x85, 0x2A, 0xB7, 0xAB, 0x38, 0xE5, 0x84, 0xD6, 
	0x1C, 0x85, 0x40, 0xE6, 0xF5, 0xAF, 0x44, 0x6E, 0x6D, 0x68, 0x4D, 0x9B, 0xAD, 0xDE, 0x40, 0xAF, 
	0x4A, 0x3F, 0xA3, 0xE7, 0xBA, 0xE2, 0x24, 0x48, 0xA2, 0x35, 0x3D, 0x0B, 0x5F, 0xC9, 0x93, 0x86, 
	0x99, 0xED, 0x6A, 0x95, 0xF6, 0x6A, 0x45, 0x56, 0x82, 0xD1, 0xB7, 0x0F, 0x61, 0x43, 0x88, 0x4B, 
	0x0E, 0xF0, 0x8D, 0x3B, 0x5E, 0x13, 0xAC, 0xAA, 0xB1, 0x9D, 0x0E, 0x27, 0x67, 0xDB, 0xE4, 0xD3, 
	0xFD, 0x7E, 0xE7, 0xD2, 0x41, 0xAE, 0xAE, 0x86, 0x57, 0x60, 0xD0, 0x1A, 0xE2, 0x11, 0x2C, 0x74, 
	0x62, 0xE0, 0x49, 0xC9, 0xB3, 0xA4, 0xD9, 0xF3, 0x36, 0x28, 0x2C, 0x1F, 0x43, 0x6A, 0xE9, 0xA9, 
	0xCC, 0xC0, 0x43, 0x9D, 0xDB, 0x65, 0x6B, 0x73, 0xB3, 0xCA, 0xAD, 0xF7, 0xD7, 0xBB, 0xC6, 0x8E, 
	0xA6, 0x27, 0xAA, 0x60, 0xE4, 0x34, 0x34, 0x83, 0x46, 0x91, 0x9F, 0x4C, 0x1E, 0x39, 0x87, 0xAE, 
	0x41, 0x68, 0xA5, 0x5C, 0x36, 0xB3, 0xD0, 0x67, 0x28, 0xD5, 0x2B, 0x3F, 0xD6, 0x6E, 0x67, 0x96, 
	0xE1, 0xD6, 0x98, 0xD2, 0x71, 0xB8, 0xC6, 0x88, 0xC2, 0xAF, 0x46, 0x4C, 0x3E, 0x9C, 0xF7, 0x6C, 
	0x27, 0x25, 0x61, 0x8E, 0xB5, 0x95, 0x9D, 0x5F, 0xC2, 0x68, 0x13, 0xA7, 0xE3, 0xB1, 0x85, 0x79, 
	0xC4, 0x3B, 0x9B, 0x73, 0xC3, 0xE8, 0x0F, 0xD5, 0x31, 0x48, 0xCF, 0x20, 0x20, 0x77, 0xE7, 0x12, 
	0x09, 0xA0, 0x92, 0x29, 0x07, 0x4C, 0xED, 0x38, 0x66, 0x3A, 0x29, 0x53, 0xF2, 0xAB, 0xF8, 0xD0, 
	0xAA, 0x7B, 0x63, 0xB5, 0xAD, 0xDA, 0xC8, 0x4A, 0x92, 0x42, 0x0E, 0xD9, 0x66, 0x31, 0x6C, 0x9B, 
	0x1C, 0xA6, 0x3C, 0x40, 0xE2, 0xD2, 0x67, 0x77, 0x80, 0x3C, 0x13, 0x8B, 0x4D, 0x03, 0x16, 0x06, 
	0x82, 0xDD, 0x5E, 0x74, 0xF5, 0x43, 0x4E, 0x36, 0xCA, 0x77, 0x79, 0x2B, 0xC2, 0xA8, 0xFB, 0xF4, 
	0x2A, 0xF1, 0x4F, 0x52, 0x53, 0x87, 0xD9, 0x96, 0x30, 0x4C, 0x53, 0x05, 0x31, 0xDE, 0x89, 0x53, 
	0x0F, 0xB2, 0xE5, 0xBC, 0xB7, 0x3F, 0x44, 0xEE, 0x55, 0xCD, 0x9F, 0xAD, 0x49, 0x58, 0x7E, 0xA0, 
	0xA3, 0x62, 0x97, 0x18, 0x59, 0x6C, 0xBE, 0xAD, 0x36, 0x62, 0x62, 0x8F, 0x3B, 0x14, 0x59, 0xA6, 
	0x87, 0x53, 0x5B, 0xDE, 0x15, 0x8C, 0xB7, 0x94, 0x2B, 0x4E, 0xD6, 0x87, 0xE7, 0x47, 0x3E, 0x09, 
	0xB9, 0xB0, 0xE9, 0x84, 0x46, 0xF3, 0xD6, 0xB4, 0xF9, 0x7B, 0x95, 0x74, 0x05, 0xBD, 0x23, 0xCD, 
	0xEA, 0x0B, 0xDE, 0x9A, 0x53, 0x83, 0x2B, 0xD9, 0x23, 0xDD, 0x89, 0xFA, 0xFB, 0xE2, 0xE9, 0x51, 
	0x46, 0xC4, 0xE7, 0xE3, 0x76, 0x3B, 0x44, 0x5F, 0xA1, 0x81, 0x35, 0x20, 0x5F, 0xC3, 0xAC, 0x5F, 
	0xD7, 0x34, 0xA3, 0xBE, 0xFB, 0xE1, 0x72, 0x7E, 0x95, 0x97, 0xCC, 0xBD, 0xDA, 0x4E, 0x9C, 0x5D, 
	0xA3, 0x92, 0x24, 0xC5, 0x7B, 0xB2, 0xA6, 0x3A, 0xDF, 0x8F, 0x62, 0x58, 0x55, 0x68, 0x5A, 0x8F, 
	0xA1, 0x41, 0x9E, 0x90, 0xB9, 0xF1, 0xD8, 0xCE, 0xAA, 0x72, 0xD1, 0xA5, 0x21, 0x0A, 0xD9, 0xEC, 
	0xFB, 0xF5, 0x11, 0x12, 0x0F, 0x80, 0xEF, 0x80, 0x2B, 0xA2, 0x36, 0x27, 0xF4, 0x86, 0xD9, 0x94, 
	0x2F, 0x9C, 0xBE, 0x86, 0x56, 0x96, 0x19, 0xF3, 0x16, 0x7F, 0x9F, 0xDD, 0x74, 0x44, 0x9A, 0x83, 
	0x11, 0xDF, 0x0A, 0xCD, 0x1F, 0x47, 0x92, 0x45, 0x74, 0xE5, 0xA4, 0xDC, 0xA7, 0x75, 0x56, 0x3F, 
	0x0F, 0xCC, 0xD7, 0x65, 0xB9, 0x3A, 0x3D, 0x04, 0x21, 0xE5, 0x27, 0xE0, 0xB9, 0x97, 0x29, 0x5E, 
	0x43, 0x69, 0x55, 0x7C, 0x98, 0x2B, 0x55, 0x61, 0x85, 0x75, 0x90, 0x1D, 0xB8, 0x2A, 0x46, 0x42, 
	0x87, 0x59, 0xA0, 0x35, 0x15, 0xA9, 0xD3, 0x99, 0xF1, 0xD3, 0x2B, 0x78, 0xF4, 0x39, 0x31, 0x92, 
	0xAF, 0x83, 0x35, 0xB5, 0xC5, 0xCB, 0x72, 0x7D, 0xB5, 0x70, 0xC7, 0xB6, 0xE3, 0x0F, 0xA0, 0x16, 
	0x84, 0xB1, 0xC7, 0x4E, 0x98, 0x7E, 0xBF, 0x47, 0x36, 0x59, 0x6E, 0x9C, 0x67, 0xC3, 0xE5, 0xFA, 
	0x1D, 0x37, 0xAB, 0x86, 0xF0, 0x74, 0x77, 0xF6, 0x18, 0x03, 0x02, 0xD7, 0xDB, 0x19, 0xBF, 0xE1, 
	0x9C, 0x7C, 0xCE, 0x49, 0xBD, 0x97, 0x5B, 0x51, 0x3E, 0xB6, 0xA7, 0x9F, 0x53, 0x93, 0xCE, 0x34, 
	0xC8, 0xA7, 0xD0, 0x23, 0xA1, 0xCC, 0x7C, 0x14, 0x37, 0x6A, 0xCA, 0x14, 0x86, 0xC1, 0x6B, 0xBA, 
	0xF0, 0x4C, 0x36, 0x08, 0x1A, 0x79, 0x51, 0xD1, 0x17, 0x2E, 0x57, 0x15, 0x37, 0x5F, 0xDC, 0x97, 
	0xEA, 0xE6, 0x82, 0x0A, 0x80, 0x34, 0xD6, 0xB2, 0x8D, 0xE7, 0xB6, 0xEE, 0x11, 0x28, 0xAA, 0x6E, 
	0x73, 0xB2, 0x52, 0xB7, 0x66, 0x40, 0xC2, 0xB2, 0x57, 0xF2, 0xFB, 0xD9, 0xC7, 0x78, 0x76, 0x5E, 
	0x26, 0x1F, 0x7F, 0x18, 0x5D, 0x64, 0x7B, 0x9D, 0x0B, 0xBC, 0x22, 0x8B, 0x89, 0xCE, 0x37, 0x7C, 
	0xA3, 0x75, 0x60, 0xD3, 0x82, 0x6B, 0x4D, 0x84, 0x5C, 0x66, 0xE7, 0x1D, 0xBF, 0xA6, 0x53, 0x7F, 
	0xC9, 0x81, 0x9B, 0x60, 0x32, 0xB9, 0x92, 0x66, 0x4A, 0x49, 0x57, 0x36, 0x73, 0xCE, 0xDD, 0x58, 
	0xB2, 0x36, 0x91, 0x1D, 0x77, 0x1F, 0xC4, 0xC1, 0x27, 0xC1, 0x75, 0x38, 0x31, 0x4E, 0x97, 0xBB, 
	0xE9, 0x40, 0x64, 0x44, 0x18, 0x1F, 0xBA, 0x56, 0xA4, 0xCD, 0xA4, 0x72, 0x57, 0xC9, 0x21, 0x0A, 
	0x7A, 0xA5, 0x0C, 0x79, 0x8B, 0xEF, 0xA4, 0x97, 0x48, 0x78, 0xB7, 0xEF, 0x2C, 0x55, 0xE1, 0x9C, 
	0x31, 0x88, 0x6C, 0x6C, 0x5A, 0xE5, 0x24, 0x7B, 0x1A, 0xB0, 0x23, 0x1C, 0xD4, 0xEC, 0xAB, 0x8F, 
	0x7E, 0x97, 0xAA, 0x59, 0x11, 0x1E, 0x87, 0x0A, 0x12, 0xD8, 0xDB, 0x4C, 0xDE, 0x31, 0x34, 0x61, 
	0xDE, 0xBF, 0x21, 0xC1, 0x70, 0x16, 0x12, 0xC6, 0x36, 0x65, 0xCE, 0x60, 0xDF, 0xDE, 0xBD, 0x94, 
	0xD8, 0xCE, 0x6E, 0x37, 0x83, 0x51, 0xB1, 0xCD, 0x7E, 0x68, 0xCE, 0x7D, 0xDF, 0xBA, 0xE1, 0x3A, 
	0x0D, 0x1A, 0xC4, 0x92, 0xE2, 0x12, 0x7F, 0xE2, 0x43, 0x4F, 0xB1, 0x97, 0x72, 0xD7, 0xE7, 0x97, 
	0x68, 0x1B, 0x0E, 0xEA, 0xA5, 0xBB, 0xB1, 0x84, 0x1C, 0x7B, 0x86, 0x1D, 0xB0, 0x85, 0xBB, 0xE3, 
	0x4E, 0xF1, 0xC1, 0x47, 0x85, 0xCB, 0xB7, 0x40, 0x2A, 0xDE, 0xA2, 0x80, 0xA8, 0xA4, 0x33, 0xCC, 
	0x99, 0x53, 0x4C, 0xB6, 0x3A, 0x2C, 0x72, 0x74, 0x2C, 0xA0, 0xC4, 0xF7, 0x26, 0x88, 0xF4, 0x2C, 
	0xDC, 0xB5, 0x25, 0xA1, 0x3E, 0xE2, 0x5B, 0x06, 0x84, 0xAB, 0x55, 0x12, 0xDB, 0x85, 0xF0, 0x61, 
	0x8A, 0x5A, 0xBB, 0xF0, 0x42, 0xDF, 0x69, 0xBE, 0x9B, 0x60, 0x47, 0x3B, 0xF3, 0x67, 0x31, 0x59, 
	0xCF, 0xB3, 0xF4, 0xD0, 0x15, 0x65, 0x75, 0x41, 0x9A, 0x2D, 0x73, 0x88, 0x9A, 0x46, 0x0E, 0xF5, 
	0x18, 0x19, 0xE3, 0x56, 0xD3, 0xBF, 0x4B, 0x4F, 0xF4, 0x39, 0xA0, 0x45, 0x60, 0x18, 0x60, 0xBE, 
	0xB4, 0x65, 0x45, 0x12, 0x37, 0xD9, 0x98, 0xB6, 0x50, 0xE3, 0xA3, 0x79, 0x6F, 0x42, 0xA3, 0x5E, 
	0x8A, 0x84, 0x42, 0xC8, 0x60, 0x12, 0x4A, 0xC4, 0x89, 0xB3, 0x6C, 0xB7, 0x88, 0x47, 0x03, 0x56, 
	0xC1, 0x3D, 0xDB, 0x15, 0x1F, 0x6E, 0x97, 0x06, 0x1D, 0x82, 0x4C, 0xA7, 0x31, 0x59, 0x69, 0xCB, 
	0x25, 0x8E, 0x12, 0xAA, 0x3D, 0xB4, 0x18, 0x9F, 0x24, 0x7F, 0x05, 0x97, 0xC5, 0x1C, 0xD1, 0xE6, 
	0xF6, 0xB2, 0x9D, 0xA9, 0x4D, 0xBB, 0xCD, 0x72, 0x4E, 0x9C, 0xD2, 0x44, 0xBD, 0xF8, 0x60, 0x87, 
	0x83, 0x48, 0x8C, 0x86, 0x10, 0x27, 0x8F, 0x23, 0x49, 0x41, 0xBA, 0x2E, 0xA6, 0x36, 0x2B, 0xF0, 
	0xDB, 0x56, 0x23, 0x1A, 0x63, 0xF5, 0xEA, 0x2D, 0xAF, 0xDA, 0x8D, 0x90, 0x53, 0x13, 0xDB, 0x7D, 
	0x26, 0xA2, 0xE8, 0x27, 0x93, 0x51, 0x3F, 0x3C, 0x3F, 0x94, 0xE4, 0xDF, 0xE2, 0xCE, 0x98, 0xE3, 
	0xAD, 0xA7, 0x0F, 0xCA, 0x54, 0xD5, 0x11, 0x0C, 0xD2, 0xEA, 0xA0, 0x52, 0x18, 0x14, 0xD9, 0x61, 
	0x10, 0xC1, 0x35, 0x93, 0xC9, 0xA7, 0xDF, 0xCA, 0xD3, 0x43, 0x98, 0x91, 0x45, 0xA3, 0x2B, 0xC8, 
	0x51, 0x49, 0xCD, 0x97, 0x0A, 0x95, 0xAE, 0xD3, 0xEC, 0x88, 0x2B, 0x67, 0x7D, 0x0B, 0x8B, 0xB1, 
	0xF5, 0xC5, 0x50, 0x55, 0xB7, 0x36, 0xB2, 0x5F, 0x87, 0xE5, 0xEC, 0x5A, 0xC3, 0x0B, 0x4B, 0x95, 
	0x4D, 0xCD, 0xE8, 0x6E, 0xAA, 0x0A, 0xC3, 0xF5, 0xC4, 0x69, 0x2D, 0x1C, 0x1B, 0x6A, 0x98, 0xC8, 
	0x4B, 0xB2, 0x24, 0x04, 0x9D, 0x7A, 0x61, 0x4F, 0x89, 0x63, 0xC9, 0x86, 0x9A, 0xAB, 0xE7, 0xF1, 
	0xDA, 0xEB, 0x9D, 0x9D, 0x9C, 0x63, 0xAF, 0xB4, 0xD4, 0x5C, 0x8F, 0xE0, 0xAB, 0x60, 0x0E, 0xAC, 
	0xF8, 0xD0, 0x6F, 0x93, 0xE5, 0x95, 0xE1, 0xCA, 0xAC, 0x73, 0x22, 0xC1, 0x13, 0xED, 0x44, 0x51, 
	0xCD, 0x45, 0x20, 0xC3, 0x4F, 0x88, 0x25, 0x17, 0x4C, 0x2A, 0x2E, 0x8B, 0x0E, 0x67, 0x5A, 0x4B, 
	0xC5, 0x41, 0xD7, 0x4C, 0x19, 0x15, 0xAF, 0xB6, 0x64, 0xE4, 0xA8, 0x15, 0x88, 0xBE, 0xEF, 0xF7, 
	0xBF, 0x85, 0x95, 0xCE, 0x5B, 0xDA, 0x42, 0xE5, 0xF8, 0xB4, 0xB9, 0x35, 0x45, 0xB4, 0x6B, 0x34, 
	0x0C, 0x33, 0x0E, 0x95, 0xDF, 0x2D, 0xA8, 0xCA, 0xCE, 0xAB, 0x16, 0x88, 0xBF, 0x70, 0x1D, 0xE2, 
	0xC2, 0x77, 0x0D, 0xCF, 0x8C, 0x49, 0x8D, 0xCD, 0x52, 0xCB, 0xD7, 0x24, 0x8D, 0xEA, 0x7F, 0xD0, 
	0xBA, 0xFC, 0x76, 0x60, 0x2B, 0x69, 0x11, 0x80, 0xBB, 0x93, 0xEF, 0xC3, 0x71, 0xE3, 0x3A, 0xF0, 
	0xB7, 0xD7, 0x6B, 0x4F, 0xCE, 0x32, 0x15, 0x22, 0x62, 0x6C, 0x15, 0xEE, 0x50, 0x3D, 0x41, 0x61, 
	0x7E, 0xDD, 0x73, 0xA4, 0xEB, 0x25, 0x78, 0x2D, 0x9C, 0x8F, 0xCB, 0x74, 0x7F, 0xA4, 0x23, 0xB2, 
	0x18, 0x78, 0x88, 0xE9, 0x56, 0x83, 0x27, 0x0D, 0x0A, 0x71, 0xD3, 0xAF, 0xEA, 0x60, 0xCF, 0xDB, 
	0xAE, 0x33, 0x52, 0xC7, 0x64, 0xEB, 0x16, 0xBC, 0x93, 0x92, 0x0D, 0xA2, 0x15, 0x9D, 0x2C, 0x85, 
	0xF7, 0x40, 0x2E, 0xAE, 0x40, 0xCD, 0x86, 0x7D, 0xA5, 0xE1, 0x8A, 0x6F, 0x2A, 0x84, 0xAF, 0xFB, 
	0x40, 0x3E, 0x52, 0x74, 0xCD, 0x32, 0x37, 0x2A, 0x4F, 0x96, 0xE9, 0xC1, 0x5E, 0x65, 0x05, 0x8C, 
	0x43, 0xDE, 0xFD, 0xEB, 0x0B, 0x1C, 0x5E, 0x30, 0x50, 0xB0, 0x63, 0xB0, 0xCA, 0x92, 0xBD, 0x5D, 
	0xBC, 0x75, 0x88, 0x8D, 0xBD, 0x97, 0xDB, 0xF6, 0x4F, 0xA3, 0xB3, 0x58, 0xC1, 0xF5, 0xC9, 0xC2, 
	0x55, 0x69, 0x89, 0x25, 0x30, 0xE5, 0x58, 0x9E, 0xC7, 0xEF, 0x90, 0x43, 0xCE, 0xC2, 0x53, 0x3C, 
	0x8C, 0x38, 0xF2, 0x4F, 0xC9, 0x86, 0x4B, 0x90, 0x88, 0xC2, 0x7D, 0x4D, 0xDD, 0xED, 0xFC, 0xD1, 
	0x4F, 0xB1, 0x50, 0x2F, 0x7F, 0x5F, 0x54, 0x21, 0x6E, 0xA4, 0x24, 0x1D, 0x61, 0xED, 0x1D, 0xBB, 
	0x95, 0xF1, 0x96, 0x25, 0xC4, 0xCD, 0x30, 0x28, 0xC4, 0x11, 0x45, 0xCC, 0x6C, 0x65, 0x8A, 0x3B, 
	0xE6, 0xBD, 0xA0, 0x37, 0xD1, 0x13, 0xC1, 0xB8, 0x5D, 0xE8, 0x1A, 0x96, 0xC3, 0x8B, 0x35, 0xC8, 
	0x68, 0x32, 0x25, 0xD3, 0xAC, 0xD5, 0x9B, 0xAA, 0x76, 0x8B, 0x0E, 0x5C, 0x34, 0x03, 0xBF, 0x49, 
	0xA6, 0x7C, 0xCB, 0x98, 0x3D, 0x1D, 0x7D, 0x47, 0x35, 0xDF, 0x4D, 0x56, 0x6A, 0x67, 0x2E, 0x0F, 
	0x3E, 0x62, 0x6D, 0x82, 0x89, 0x8A, 0x1C, 0xD1, 0x8E, 0x74, 0x92, 0xAF, 0x4E, 0xE7, 0x72, 0x06, 
	0x8B, 0xF1, 0x15, 0x08, 0xCD, 0x44, 0xAD, 0x69, 0x63, 0xB4, 0x89, 0x34, 0xE6, 0x0A, 0xE9, 0xF0, 
	0x1B, 0x1B, 0x12, 0x69, 0xA8, 0x5C, 0x8D, 0x3B, 0xBC, 0xE7, 0xA9, 0xCB, 0xDA, 0xE1, 0x9F, 0x4C, 
	0x5E, 0x3E, 0x69, 0x7F, 0x0D, 0xA1, 0xF2, 0x8A, 0xE5, 0x93, 0x87, 0x53, 0x16, 0x4A, 0xD8, 0xB4, 
	0x68, 0xE1, 0xA0, 0x39, 0x7A, 0x41, 0x50, 0x16, 0x6E, 0x24, 0xE0, 0xFE, 0x47, 0x19, 0xDA, 0xB8, 
	0x7A, 0x64, 0xE9, 0x46, 0x4F, 0x1B, 0x50, 0xCD, 0x78, 0xA4, 0xDB, 0x33, 0xBE, 0xCC, 0xAD, 0x5A, 
	0x73, 0x61, 0x82, 0xBA, 0x96, 0xBA, 0x1C, 0x7D, 0x9C, 0x59, 0xE0, 0xE0, 0xF1, 0x59, 0x34, 0xAD, 
	0xE2, 0x8C, 0x7F, 0xC9, 0x59, 0xD1, 0x3D, 0x47, 0x59, 0x3C, 0x12, 0x75, 0x18, 0x83, 0x84, 0xA5, 
	0x23, 0x28, 0x21, 0x31, 0xA7, 0xDA, 0xFB, 0x64, 0xE8, 0xCD, 0x1E, 0x49, 0x98, 0xDE, 0xE6, 0x71, 
	0x5C, 0xCA, 0xE9, 0xF7, 0xE9, 0xB1, 0x78, 0xA3, 0x99, 0x95, 0x87, 0x40, 0x3C, 0x10, 0xEB, 0x3E, 
	0xE1, 0xE9, 0xBC, 0x11, 0xA3, 0x38, 0x8E, 0x50, 0xAF, 0xCD, 0xD7, 0x6D, 0x0F, 0x91, 0xC0, 0xD8, 
	0x3E, 0x64, 0xE5, 0xD9, 0x0C, 0xEE, 0x54, 0x71, 0xD0, 0x0C, 0x8D, 0xBC, 0xA1, 0x7B, 0xF1, 0x67, 
	0x09, 0x51, 0x78, 0xF6, 0x9E, 0xD5, 0xC6, 0xBE, 0xE8, 0xB2, 0x72, 0xA2, 0x3A, 0xC9, 0xEF, 0xBB, 
	0x7E, 0x83, 0x24, 0xC8, 0xC6, 0x94, 0x64, 0x06, 0x58, 0xD8, 0x75, 0x90, 0xC7, 0x6D, 0xE1, 0x4F, 
	0x4B, 0x24, 0x71, 0x14, 0xAA, 0x72, 0xEB, 0xE3, 0x38, 0xC5, 0x13, 0xAE, 0x40, 0x6D, 0x09, 0x8C, 
	0xD0, 0x67, 0x14, 0x7E, 0x78, 0xDD, 0xC3, 0x70, 0x28, 0x80, 0x43, 0x8C, 0x6D, 0x0A, 0x87, 0xD4, 
	0x40, 0x16, 0xA1, 0x91, 0x4E, 0x24, 0xCB, 0xBA, 0xD2, 0x89, 0xBF, 0x99, 0x63, 0xDE, 0xF8, 0xB7, 
	0x94, 0x4D, 0x2F, 0xDD, 0x8F, 0xD2, 0xE1, 0x94, 0xCA, 0x62, 0x11, 0xD0, 0x66, 0xF8, 0x22, 0xBB, 
	0xF6, 0xF4, 0xF6, 0x1B, 0xE5, 0xA7, 0x97, 0x0D, 0xB9, 0x4E, 0x8E, 0x93, 0x1C, 0x20, 0x31, 0x35, 
	0xAF, 0x88, 0xCD, 0x32, 0x94, 0xE0, 0xA1, 0x20, 0x93, 0xD4, 0xC9, 0xD9, 0xAE, 0x8F, 0x25, 0x7D, 
	0x59, 0x90, 0x30, 0x6A, 0x46, 0x2F, 0xC6, 0x5D, 0x93, 0x89, 0x61, 0x37, 0xE9, 0xA4, 0x7A, 0xEF, 
	0xDE, 0x72, 0x39, 0xCF, 0x64, 0x0E, 0x3B, 0x76, 0x76, 0x6C, 0x4E, 0x42, 0x75, 0x72, 0xA2, 0x5C, 
	0xC9, 0xCA, 0xFA, 0xCB, 0x2C, 0x80, 0x70, 0x06, 0x8B, 0xBE, 0xF7, 0x59, 0xAE, 0x6E, 0x06, 0x91, 
	0x5B, 0x5D, 0x87, 0xAC, 0xC7, 0xD0, 0x6F, 0xDF, 0xF9, 0x9C, 0x5F, 0x10, 0x15, 0xEA, 0x13, 0x51, 
	0x79, 0x7B, 0x0B, 0x8B, 0x8B, 0xEA, 0xDE, 0x28, 0x99, 0x75, 0x1C, 0x0B, 0x3A, 0x0C, 0x64, 0x8D, 
	0x1F, 0xB3, 0xD7, 0xC3, 0xE2, 0x4B, 0x3C, 0x5D, 0x64, 0xDE, 0xA3, 0x7C, 0x06, 0xDB, 0x29, 0x44, 
	0x28, 0x8A, 0xC7, 0x7B, 0x9A, 0x44, 0xDA, 0x9B, 0x51, 0x2E, 0x55, 0xBC, 0xA2, 0x94, 0xAD, 0x17, 
	0xB5, 0xEE, 0x26, 0x68, 0xE6, 0xFB, 0x37, 0xAB, 0x99, 0xDC, 0xAD, 0x1C, 0xD4, 0x9F, 0x26, 0xC0, 
	0x46, 0xEF, 0xB9, 0x7D, 0xA1, 0xD3, 0xAD, 0x1E, 0xD2, 0x83, 0x3F, 0x26, 0x17, 0x9B, 0x43, 0x1D, 
	0x7F, 0x78, 0x39, 0x48, 0x40, 0x17, 0x26, 0x67, 0x27, 0x21, 0xEE, 0xB3, 0x75, 0xF5, 0xAB, 0x42, 
	0xD9, 0xAE, 0x25, 0xD4, 0x1D, 0x89, 0xD2, 0x1B, 0x23, 0x09, 0x35, 0x2D, 0xF1, 0x60, 0xE9, 0x7B, 
	0x5C, 0xC7, 0xEB, 0x48, 0x66, 0x39, 0x70, 0xE0, 0x45, 0x48, 0xDF, 0x6A, 0xB2, 0x6C, 0xBB, 0xD0, 
	0xC5, 0xB1, 0x43, 0x29, 0x8B, 0xD2, 0x64, 0xC1, 0xB5, 0x6C, 0x9B, 0x1B, 0xCB, 0x6D, 0xF1, 0xB3, 
	0xD5, 0x77, 0xEA, 0x8A, 0x1A, 0x8B, 0xC3, 0x48, 0xBD, 0xFB, 0xC5, 0x96, 0xBF, 0xD5, 0xD2, 0x7A, 
	0x57, 0x10, 0x39, 0x33, 0xCF, 0x9F, 0xB3, 0x3B, 0xB9, 0x52, 0xA8, 0x68, 0x51, 0x06, 0xF2, 0x29, 
	0x31, 0xF1, 0xD9, 0x91, 0x26, 0xCF, 0x45, 0x68, 0x3A, 0xE7, 0xC0, 0xE5, 0xD6, 0xBC, 0xBB, 0xE5, 
	0xA6, 0xD1, 0x26, 0x19, 0xCE, 0x65, 0xA0, 0x35, 0x1C, 0x65, 0x89, 0xE5, 0x4E, 0xDD, 0x12, 0xDA, 
	0x56, 0xEF, 0x2D, 0x1A, 0x86, 0x4A, 0x62, 0x10, 0xC4, 0xD3, 0xF2, 0x58, 0x5F, 0x1B, 0xB1, 0xA8, 
	0x68, 0x1F, 0xD6, 0x43, 0xA0, 0x27, 0x64, 0x4B, 0x4B, 0x75, 0x49, 0xB3, 0xB8, 0x54, 0x8D, 0xDF, 
	0xBE, 0x0C, 0x3D, 0x31, 0x78, 0xA8, 0x24, 0x9E, 0x57, 0x6A, 0x64, 0x10, 0xE6, 0x7B, 0x70, 0x06, 
	0xF0, 0x13, 0x54, 0x4A, 0x7A, 0x6B, 0x9C, 0xDC, 0x7E, 0x3D, 0xCF, 0x36, 0xC2, 0x1A, 0x68, 0xC8, 
	0xAD, 0xC9, 0x7A, 0x25, 0x42, 0x4D, 0xC0, 0x73, 0x4E, 0x7B, 0xF4, 0x9D, 0x47, 0xDE, 0xF0, 0x12, 
	0x66, 0xC0, 0x50, 0x36, 0xBD, 0x52, 0x54, 0x17, 0x73, 0x7E, 0x1B, 0xEB, 0xC8, 0x86, 0xDC, 0x1F, 
	0xEF, 0xF5, 0x0D, 0x81, 0x5D, 0x0B, 0x16, 0x75, 0xD8, 0xD9, 0x8A, 0xBF, 0x40, 0xF4, 0xB6, 0x97, 
	0x67, 0x7C, 0x69, 0x3D, 0x07, 0x60, 0xF3, 0xD8, 0xBE, 0x1F, 0xC8, 0xF4, 0x32, 0x78, 0x97, 0x06, 
	0x26, 0x3A, 0x07, 0x3B, 0x63, 0x37, 0x36, 0x8D, 0xCE, 0x5C, 0xC1, 0x9A, 0xDE, 0xDE, 0x99, 0x50, 
	0x42, 0x6C, 0x43, 0xD7, 0xF5, 0xD4, 0x6C, 0xD6, 0x71, 0xDC, 0xAF, 0x6B, 0x8E, 0x61, 0xA4, 0x91, 
	0x64, 0x58, 0x82, 0x70, 0x2A, 0xB8, 0xB1, 0x56, 0x9C, 0xD1, 0x5D, 0x76, 0x69, 0x33, 0xD8, 0x9C, 
	0x07, 0xD0, 0x57, 0xE3, 0x7A, 0x44, 0xD7, 0xA1, 0x54, 0xB8, 0x4B, 0xC5, 0xC0, 0x24, 0x84, 0x95, 
	0x7F, 0x17, 0x6C, 0x89, 0x92, 0x16, 0x78, 0x1E, 0x62, 0x3A, 0xC2, 0xFC, 0x36, 0x27, 0x3F, 0xA9, 
	0x4C, 0x09, 0x00, 0x6E, 0x84, 0xE0, 0x10, 0x62, 0xD5, 0x99, 0x1F, 0xDA, 0xAB, 0x2D, 0x1E, 0xA2, 
	0xF2, 0x3F, 0x9E, 0x4C, 0xBC, 0x29, 0xEE, 0x1D, 0xE0, 0x79, 0x87, 0x1E, 0xA9, 0x78, 0xCA, 0x88, 
	0x6A, 0x49, 0x93, 0xD3, 0x57, 0x73, 0xED, 0x45, 0x24, 0x5F, 0x8B, 0xBB, 0x64, 0x7B, 0xB1, 0x2B, 
	0xE5, 0x9E, 0xD7, 0xAA, 0xEF, 0x77, 0xDF, 0x36, 0x93, 0x7F, 0xED, 0xF9, 0xA0, 0x63, 0x0B, 0xD8, 
	0x5F, 0xEF, 0x50, 0xB0, 0x36, 0x35, 0x1C, 0xF1, 0xEC, 0x23, 0xE5, 0xB3, 0x2C, 0x99, 0xF7, 0x3C, 
	0x30, 0x1D, 0xB8, 0xEF, 0x93, 0x0B, 0x6C, 0x28, 0x81, 0x58, 0x48, 0x1B, 0xBC, 0xAE, 0xD3, 0x54, 
	0xB6, 0x76, 0x37, 0xF4, 0xA2, 0xED, 0x67, 0x3C, 0x9B, 0xC1, 0x76, 0x5D, 0x5F, 0x98, 0x17, 0xBB, 
	0x37, 0x9B, 0xDF, 0xB7, 0x2D, 0x69, 0x34, 0x73, 0x71, 0x07, 0xAB, 0x3E, 0x23, 0xA8, 0x86, 0x22, 
	0xCC, 0x2F, 0x5B, 0xDB, 0x47, 0xF0, 0x17, 0x5D, 0x4F, 0x66, 0x3B, 0x9F, 0x9B, 0x0C, 0x74, 0x88, 
	0x12, 0x13, 0xB3, 0xC8, 0x78, 0xB8, 0x2C, 0x69, 0xBD, 0x94, 0x49, 0x62, 0xD4, 0x41, 0xC8, 0x6F, 
	0x91, 0x87, 0xAC, 0xDB, 0xE1, 0x2E, 0xCA, 0x9C, 0xB1, 0x20, 0x46, 0xB0, 0x91, 0xF7, 0x25, 0x07, 
	0x81, 0x6C, 0xA6, 0x52, 0x56, 0x8E, 0xAF, 0x1E, 0x7D, 0x23, 0xF2, 0xEA, 0x3C, 0xAD, 0xCE, 0x21, 
	0x8C, 0x0D, 0xF1, 0xB8, 0x79, 0xD9, 0xC7, 0xDC, 0x34, 0xEE, 0x91, 0x0D, 0x1C, 0x20, 0x4C, 0x7D, 
	0x0E, 0x9F, 0xF1, 0xB0, 0xD5, 0x1D, 0x99, 0x53, 0x68, 0xC1, 0xB6, 0x6A, 0xA2, 0xFB, 0x1C, 0xCA, 
	0x16, 0x2C, 0x04, 0x71, 0x20, 0x0A, 0x68, 0xDF, 0xC9, 0x28, 0xD6, 0x5C, 0x49, 0x9D, 0xC9, 0x0E, 
	0xA2, 0xC5, 0xCF, 0x97, 0x29, 0xEB, 0x30, 0xB2, 0xD3, 0xB0, 0x42, 0xB6, 0xC5, 0x92, 0x83, 0x0F, 
	0xE6, 0x83, 0x67, 0x71, 0x1D, 0x1A, 0xA7, 0x3B, 0x35, 0xBE, 0xF6, 0xAE, 0x45, 0x31, 0xAF, 0x70, 
	0x25, 0xD6, 0x55, 0xF4, 0x9D, 0x68, 0xE0, 0xB9, 0xC9, 0x11, 0x43, 0x14, 0x58, 0x5E, 0x77, 0xF5, 
	0xC9, 0x92, 0xB1, 0x49, 0xD1, 0x14, 0xD2, 0x27, 0xC6, 0x1B, 0x80, 0x52, 0x5C, 0x10, 0x91, 0x5A, 
	0xD1, 0xFC, 0x7B, 0x27, 0xAF, 0x2D, 0xD8, 0x83, 0xF1, 0x16, 0x64, 0xD6, 0x53, 0xE3, 0xB6, 0xA8, 
	0xCA, 0xF6, 0x63, 0xCF, 0xEA, 0x65, 0xAA, 0xB4, 0x94, 0x4D, 0x11, 0xD4, 0x22, 0xF0, 0x6B, 0x2C, 
	0xCB, 0x4C, 0x2B, 0x8F, 0x27, 0x7C, 0x81, 0x0E, 0xA8, 0xF4, 0x2F, 0xCC, 0xB1, 0x3F, 0x59, 0xD5, 
	0xDC, 0x5F, 0xBB, 0x4E, 0x16, 0x20, 0x43, 0xCC, 0x36, 0xA6, 0x13, 0x2E, 0x21, 0x40, 0x77, 0x17, 
	0xC2, 0xDB, 0x43, 0x1E, 0xA8, 0x42, 0x9D, 0x19, 0xE9, 0x1B, 0xE2, 0xF9, 0xC0, 0xDF, 0xFB, 0x30, 
	0x7E, 0x5E, 0x22, 0x1A, 0x32, 0xD9, 0x33, 0x1E, 0xEA, 0x87, 0xD9, 0x71, 0x40, 0xB7, 0x98, 0x10, 
	0x18, 0xE2, 0x6A, 0xD0, 0x5A, 0xB3, 0x7E, 0x2D, 0x64, 0xA8, 0x10, 0x93, 0xD6, 0xF4, 0x95, 0xE4, 
	0xEA, 0xB7, 0xA9, 0x08, 0x54, 0xB5, 0x57, 0x06, 0xD0, 0x2B, 0xBF, 0x0B, 0x65, 0xBF, 0xE8, 0xCE, 
	0xC1, 0xAA, 0x48, 0x1E, 0x33, 0xC3, 0xB6, 0x9C, 0x5A, 0x1D, 0xB2, 0x48, 0x89, 0x1D, 0x72, 0x42, 
	0xE7, 0x22, 0x6C, 0x08, 0xAD, 0x53, 0x15, 0xAF, 0x85, 0xE5, 0xF5, 0xAC, 0xC0, 0x42, 0x06, 0xDB, 
	0x74, 0x56, 0x61, 0x98, 0x95, 0xD9, 0x62, 0x80, 0xB9, 0xBE, 0x25, 0xCB, 0x8C, 0x73, 0x74, 0x1E, 
	0x0D, 0x4A, 0x6D, 0x6B, 0xA4, 0xC9, 0x33, 0x36, 0x39, 0x36, 0x7F, 0x5B, 0x89, 0x93, 0xDD, 0xA1, 
	0x79, 0x35, 0x2D, 0x40, 0xE2, 0xDD, 0xE4, 0xBE, 0x36, 0xF6, 0x49, 0x67, 0xA9, 0xB3, 0xB8, 0x2F, 
	0x6A, 0x1B, 0x88, 0xCB, 0xB4, 0xDC, 0xCB, 0x4D, 0xE7, 0x7C, 0x6A, 0x5E, 0x38, 0xB7, 0xE1, 0x1A, 
	0xCC, 0x91, 0xFA, 0x4E, 0xC4, 0x47, 0x2D, 0xEE, 0xFA, 0x54, 0x19, 0x6A, 0xF1, 0x1D, 0xD3, 0xE6, 
	0xE0, 0x51, 0x91, 0x0C, 0x81, 0xC1, 0x7F, 0x76, 0x3D, 0x1F, 0x8C, 0x45, 0x5A, 0x36, 0xCF, 0x23, 
	0x2A, 0xB9, 0x1F, 0x2A, 0xEC, 0x14, 0x72, 0x9D, 0x10, 0x1C, 0x71, 0x94, 0x94, 0x56, 0xD6, 0x9B, 
	0xD9, 0xC2, 0x3E, 0x39, 0xEC, 0x47, 0x3C, 0x18, 0x5D, 0xA4, 0xC7, 0xDB, 0xB7, 0xFC, 0xEE, 0x6B, 
	0xC0, 0x2A, 0x9A, 0xB5, 0x59, 0xB7, 0x75, 0xEA, 0xF1, 0xEF, 0x2A, 0xD2, 0xD5, 0xBD, 0x27, 0x45, 
	0x7E, 0x5C, 0x19, 0xC8, 0xF8, 0x9F, 0x6C, 0x48, 0x49, 0x92, 0xC2, 0x4F, 0x2E, 0xA3, 0xC2, 0x60, 
	0x94, 0x22, 0x9F, 0xF4, 0xFA, 0x6B, 0x37, 0xE0, 0xEF, 0x53, 0xBF, 0x7E, 0x39, 0x1D, 0x75, 0xC0, 
	0x98, 0x08, 0xAB, 0x83, 0xBA, 0xA8, 0xCD, 0xE9, 0x8C, 0x75, 0x26, 0xE9, 0xD1, 0x4C, 0x5B, 0x39, 
	0x3B, 0x1E, 0x22, 0x46, 0x1E, 0x96, 0x3D, 0x51, 0xE5, 0xC3, 0xEE, 0x0E, 0x56, 0xC8, 0x23, 0xA7, 
	0x8C, 0xA5, 0x7A, 0x4A, 0x85, 0xBD, 0x9E, 0xAE, 0x57, 0xD1, 0x6F, 0x80, 0xD1, 0x77, 0x25, 0xED, 
	0xF6, 0x9A, 0xF1, 0x4D, 0x1F, 0x7A, 0x67, 0xBA, 0x74, 0xE3, 0x27, 0x45, 0x0B, 0xA8, 0xA8, 0x66, 
	0x77, 0x45, 0xB6, 0x6A, 0xCB, 0xC7, 0x70, 0x0D, 0x8A, 0x5A, 0x0C, 0xE3, 0x9E, 0x57, 0xE0, 0x64, 
	0xB2, 0x0D, 0xDE, 0xD9, 0x88, 0xB1, 0x10, 0x80, 0xB3, 0x61, 0xAF, 0x60, 0x39, 0x2B, 0x26, 0x12, 
	0x1C, 0xD0, 0xB9, 0x6F, 0x35, 0x26, 0x3D, 0x35, 0xBE, 0x9E, 0x58, 0x73, 0xA6, 0x96, 0xE4, 0x0A, 
	0x09, 0xE8, 0xAC, 0x38, 0x05, 0x65, 0xD0, 0xC8, 0x9A, 0xC9, 0xF4, 0xAA, 0xFC, 0x38, 0x05, 0xA4, 
	0xDD, 0x74, 0x92, 0x2D, 0x70, 0xCC, 0x7F, 0x3C, 0x26, 0x4D, 0x89, 0x9B, 0xAB, 0x6E, 0xC2, 0x38, 
	0x2F, 0xE1, 0xD2, 0xCA, 0x75, 0x58, 0xE2, 0x75, 0x9B, 0xDB, 0x23, 0xC8, 0xA5, 0x3B, 0x18, 0xE2, 
	0xD2, 0x22, 0x57, 0xB5, 0x81, 0x42, 0xEF, 0xE1, 0x8D, 0x26, 0xCD, 0x39, 0x79, 0x92, 0x8F, 0x16, 
	0x0B, 0x7A, 0xDC, 0x64, 0xCB, 0xBA, 0xC8, 0x33, 0xE9, 0x56, 0x3B, 0xC4, 0x91, 0x43, 0x9C, 0x58, 
	0xA5, 0xEF, 0xFC, 0x88, 0x6C, 0x76, 0xE3, 0xC2, 0x77, 0xCD, 0x42, 0x4E, 0x1A, 0x4D, 0xAF, 0x88, 
	0x2A, 0x4F, 0x40, 0xF0, 0x4F, 0x57, 0x62, 0x77, 0x6D, 0xD9, 0x5D, 0xC9, 0x58, 0xCD, 0x4D, 0x32, 
	0xBF, 0x1F, 0x57, 0x33, 0x70, 0x04, 0xE5, 0x3F, 0x10, 0x1F, 0xB2, 0x50, 0xA0, 0x70, 0x14, 0x3D, 
	0xB0, 0x0C, 0x3B, 0xDF, 0x31, 0x7C, 0x0F, 0x8C, 0x8A, 0x53, 0x5C, 0x5E, 0xA8, 0x08, 0x19, 0x8F, 
	0x33, 0xB0, 0x3B, 0xB1, 0xF8, 0xED, 0x20, 0x65, 0x2C, 0xD2, 0x31, 0xCA, 0x74, 0x45, 0xDF, 0xB5, 
	0x96, 0x4B, 0x14, 0xBB, 0xEA, 0x11, 0x79, 0x84, 0x72, 0x77, 0x1E, 0x43, 0x78, 0x63, 0x8D, 0x5B, 
	0x93, 0xF7, 0x44, 0x4F, 0x8F, 0xD5, 0xD0, 0x46, 0x40, 0xCC, 0x59, 0xC8, 0xF2, 0xAC, 0xE0, 0x29, 
	0x47, 0xC9, 0xDD, 0x6F, 0x35, 0x4E, 0xDC, 0x27, 0xE6, 0x30, 0x4A, 0x90, 0xC8, 0x1F, 0x82, 0x25, 
	0x4E, 0x25, 0x02, 0x7B, 0xE5, 0xE4, 0xF2, 0x79, 0x73, 0xE0, 0xE5, 0x79, 0xC9, 0x0F, 0x17, 0x89, 
	0xF5, 0x5F, 0xA6, 0x0E, 0xBC, 0x40, 0xBE, 0xF9, 0x7E, 0x46, 0x90, 0xA2, 0xCC, 0xC8, 0x4D, 0x58, 
	0x5E, 0x6E, 0xF8, 0x1F, 0xD7, 0xBD, 0xC0, 0x83, 0x8A, 0xEF, 0x7A, 0x47, 0xBC, 0x4C, 0x04, 0xC3, 
	0x81, 0xA7, 0x67, 0x0C, 0x8A, 0x3E, 0x1A, 0x76, 0x2F, 0xAB, 0x7C, 0x1A, 0xD7, 0xA7, 0x83, 0x35, 
	0x66, 0x2A, 0x97, 0x26, 0x76, 0x8F, 0xDF, 0xAD, 0xF7, 0xEB, 0x84, 0x0B, 0xB9, 0xDD, 0x84, 0x70, 
	0x52, 0x8B, 0xE2, 0x2D, 0xAC, 0x47, 0x3D, 0xBE, 0xCE, 0x64, 0x72, 0xD2, 0x85, 0x67, 0x4B, 0xA4, 
	0xBB, 0x9F, 0x29, 0xF6, 0xE3, 0x26, 0x68, 0x04, 0xD2, 0xBE, 0x70, 0xBF, 0xDF, 0xCA, 0xE0, 0xD9, 
	0x98, 0xD8, 0xEF, 0x64, 0x67, 0xCF, 0xF5, 0xCB, 0xCE, 0x4B, 0xD1, 0x1E, 0x5C, 0x4D, 0x23, 0x79, 
	0x54, 0x2D, 0xC3, 0x59, 0x6E, 0xA1, 0xCF, 0x59, 0xE8, 0x6D, 0x88, 0xD0, 0x65, 0x8A, 0xD4, 0x34, 
	0x18, 0x6D, 0x2D, 0xF1, 0x24, 0xEA, 0x77, 0x46, 0x40, 0x62, 0xE4, 0x55, 0x4B, 0x21, 0xE4, 0x43, 
	0xC6, 0x37, 0xA5, 0x12, 0x97, 0xEB, 0xF6, 0x4C, 0x9A, 0xE8, 0x15, 0xCC, 0xA8, 0x38, 0x7B, 0x5D, 
	0x49, 0x33, 0x24, 0x86, 0x5E, 0x30, 0x43, 0xAE, 0xDF, 0xC2, 0xD3, 0x48, 0x3F, 0x30, 0xF5, 0x40, 
	0x6C, 0x1D, 0xC2, 0x5E, 0x14, 0x4E, 0x26, 0x35, 0xF2, 0x5B, 0x16, 0xA6, 0x45, 0x52, 0x57, 0x1E, 
	0x45, 0x0F, 0x51, 0xDF, 0xE4, 0xA0, 0x6C, 0x62, 0x1B, 0x68, 0xA5, 0xF6, 0x63, 0x56, 0x0E, 0x87, 
	0x2D, 0x53, 0x17, 0xB3, 0x97, 0xA2, 0x12, 0x52, 0xBA, 0xB7, 0xA4, 0x89, 0xE2, 0x10, 0x4C, 0xE5, 
	0xD6, 0xF5, 0x26, 0x2B, 0x8F, 0xD9, 0x4F, 0x5E, 0xEB, 0x80, 0x62, 0xC4, 0xEF, 0xF1, 0x3A, 0x1C, 
	0x90, 0x5F, 0x5D, 0xEA, 0x29, 0x47, 0xC1, 0x99, 0x4F, 0x2F, 0xA6, 0xDC, 0x7A, 0xEF, 0xBA, 0x1B, 
	0x5C, 0xE7, 0xC7, 0xC5, 0x76, 0x17, 0xA8, 0x86, 0x28, 0x12, 0xD6, 0x4D, 0x6C, 0xE6, 0xF9, 0x94, 
	0xED, 0xB5, 0x65, 0x0D, 0xC7, 0x33, 0xCD, 0xB9, 0xAC, 0xD9, 0x0C, 0x69, 0xEF, 0x4F, 0x4C, 0x9E, 
	0xF3, 0xF5, 0x83, 0x63, 0xAE, 0xEC, 0xD1, 0x76, 0x11, 0x4F, 0xE7, 0x5D, 0x6B, 0xB1, 0x58, 0x5B, 
	0x27, 0xD7, 0xC5, 0x5C, 0xDF, 0xC1, 0x26, 0x3C, 0x8B, 0xE8, 0x6B, 0x3C, 0x90, 0xB2, 0x36, 0x69, 
	0x5B, 0x1E, 0x5B, 0xF1, 0xAC, 0xA8, 0x4D, 0x8F, 0xAF, 0x72, 0x41, 0x24, 0xAA, 0x48, 0x92, 0xB9, 
	0xC0, 0x78, 0x17, 0x72, 0xCB, 0xFB, 0xF8, 0x79, 0x51, 0x90, 0x7C, 0x91, 0xA7, 0x79, 0xE9, 0x1A, 
	0xE3, 0x7B, 0x67, 0xC5, 0xD9, 0xFA, 0x28, 0x15, 0xB7, 0x9F, 0x6E, 0x20, 0x24, 0x1B, 0x79, 0xAE, 
	0xF7, 0x16, 0xB8, 0x50, 0x24, 0x64, 0x1A, 0x6C, 0xE9, 0x14, 0xC8, 0x13, 0xA9, 0x57, 0x79, 0xF3, 
	0xB9, 0x29, 0x7B, 0x5E, 0xE7, 0x37, 0xBA, 0xEF, 0x8F, 0x25, 0xEE, 0xFC, 0xDC, 0x47, 0x34, 0x08, 
	0xAC, 0x4A, 0x29, 0x02, 0x93, 0x0E, 0x98, 0x15, 0x17, 0x92, 0xD9, 0x88, 0x55, 0x95, 0x33, 0x50, 
	0x6D, 0x47, 0x76, 0x81, 0xB1, 0x18, 0x01, 0xE1, 0x1C, 0x39, 0x4A, 0xC2, 0x15, 0x45, 0x47, 0x4F, 
	0x70, 0xC9, 0x91, 0x11, 0x1B, 0x6E, 0x1B, 0xEB, 0x23, 0x80, 0xF8, 0x2B, 0x5D, 0x19, 0xC7, 0x1A, 
	0x6C, 0x10, 0x09, 0x4D, 0x26, 0xF0, 0x26, 0x85, 0xF9, 0x46, 0xB5, 0xC4, 0x27, 0x44, 0xA9, 0xE5, 
	0x6C, 0x52, 0x24, 0x27, 0xAD, 0xBF, 0x75, 0x8E, 0xEC, 0x2D, 0x75, 0x54, 0xC6, 0x33, 0x81, 0xF5, 
	0xC0, 0xAD, 0xD1, 0x30, 0x5E, 0xC1, 0xBC, 0x24, 0x93, 0x83, 0x7D, 0x86, 0x9C, 0xD9, 0xC9, 0xEF, 
	0x6D, 0x8C, 0xEF, 0x5D, 0x94, 0x93, 0x0D, 0x13, 0x3A, 0xCC, 0x7F, 0xC9, 0xB6, 0xBD, 0xE3, 0x92, 
	0x09, 0x60, 0x5C, 0xAF, 0xB1, 0xD9, 0xE8, 0xC1, 0xD7, 0x6A, 0xB3, 0xE5, 0x3D, 0x34, 0x5B, 0x55, 
	0xEF, 0x48, 0x04, 0xDD, 0x29, 0x17, 0x94, 0x7D, 0x48, 0xEC, 0x27, 0x88, 0x65, 0x39, 0xE2, 0x29, 
	0x8F, 0x78, 0x1A, 0xD6, 0x8A, 0x2D, 0x1A, 0x4F, 0x59, 0x4E, 0x6F, 0x0C, 0xBE, 0xF9, 0x9F, 0xC7, 
	0x3E, 0x37, 0x2E, 0x69, 0xD2, 0xFB, 0x58, 0x8E, 0x07, 0xE8, 0x63, 0xD4, 0x4C, 0x8A, 0xF2, 0xC7, 
	0x6F, 0x36, 0x57, 0xDD, 0x7D, 0x29, 0x2B, 0x77, 0x65, 0xAA, 0x9E, 0x57, 0x50, 0x6D, 0x1C, 0xBF, 
	0xFB, 0x47, 0x46, 0xBA, 0x6A, 0x7E, 0xBB, 0xDB, 0x0F, 0x3E, 0x20, 0x3E, 0xEA, 0x43, 0xCF, 0x60, 
	0x30, 0xE6, 0x69, 0x42, 0x49, 0xC9, 0x67, 0xAA, 0xE1, 0xF9, 0x22, 0x77, 0xF8, 0x51, 0xD1, 0x92, 
	0xBE, 0x3A, 0xF5, 0x12, 0x9C, 0x63, 0xD5, 0xB6, 0x97, 0x5D, 0x33, 0x92, 0x2C, 0x45, 0xB6, 0x8C, 
	0x2B, 0x07, 0x5B, 0xBA, 0xDF, 0xAD, 0x70, 0x25, 0x6C, 0xB0, 0xA1, 0x7A, 0x27, 0xD0, 0x41, 0x31, 
	0x98, 0xF3, 0xF1, 0xB3, 0x8A, 0xE7, 0x12, 0x34, 0x97, 0xC2, 0x50, 0xF3, 0xCD, 0x41, 0x41, 0xBC, 
	0x4D, 0xD7, 0x61, 0x6C, 0x50, 0xC4, 0x64, 0xD4, 0x49, 0x5F, 0xDD, 0x91, 0x3D, 0xE0, 0x1D, 0x77, 
	0x5D, 0x6F, 0xA2, 0x6D, 0x3E, 0xEB, 0x18, 0x42, 0xA3, 0x0F, 0x09, 0xCA, 0xEB, 0x35, 0x69, 0x39, 
	0x31, 0xDD, 0x57, 0xA0, 0xCA, 0xBF, 0xB7, 0x9C, 0x49, 0x8D, 0x70, 0x46, 0xDD, 0xD3, 0x9C, 0x11, 
	0x69, 0x90, 0x84, 0x39, 0x0D, 0xC7, 0x27, 0x8A, 0xEF, 0xBD, 0xF0, 0xCE, 0xC3, 0xB9, 0xA6, 0xE6, 
	0x29, 0x8B, 0x23, 0x04, 0xB2, 0xAB, 0x5C, 0xF3, 0x0E, 0xD2, 0xC1, 0x71, 0xE8, 0x7D, 0x6C, 0x43, 
	0xE0, 0x5B, 0xDC, 0x59, 0x69, 0x64, 0xD0, 0x8B, 0x63, 0x75, 0x75, 0xD8, 0xAD, 0x0A, 0xB9, 0xA0, 
	0x0C, 0x58, 0x8B, 0x72, 0x9E, 0x38, 0x8E, 0x50, 0xB0, 0xDD, 0x41, 0x26, 0x46, 0x41, 0x8C, 0x4E, 
	0x89, 0xB9, 0xFA, 0x56, 0xED, 0x24, 0x2F, 0x6A, 0x7A, 0xD9, 0xE6, 0x4A, 0x2E, 0xB1, 0xF6, 0xE9, 
	0x78, 0xCA, 0x52, 0x22, 0x2F, 0x83, 0x1B, 0xB0, 0x38, 0x44, 0x25, 0xC3, 0x14, 0x1D, 0x72, 0x1D, 
	0xB9, 0xCD, 0xF6, 0xFD, 0x75, 0xE3, 0x9A, 0x48, 0x70, 0x9A, 0x87, 0x83, 0xF2, 0x13, 0xE9, 0x24, 
	0x9E, 0x76, 0xF0, 0x8B, 0x44, 0x5A, 0x09, 0x1D, 0x08, 0xB3, 0xB1, 0x10, 0x7C, 0x85, 0xF0, 0x6E, 
	0x94, 0x9D, 0xDB, 0x7F, 0xC3, 0x49, 0xD7, 0xD9, 0x26, 0x64, 0x77, 0x6D, 0xDA, 0xB9, 0xB7, 0x5B, 
	0x79, 0xE0, 0x11, 0x60, 0xCF, 0xED, 0xE2, 0x3D, 0x5C, 0xF2, 0xFB, 0xD4, 0x16, 0x76, 0x4D, 0xB5, 
	0xC2, 0x4A, 0xA1, 0x30, 0x12, 0x2F, 0x3B, 0xBB, 0x0B, 0xED, 0xCD, 0x1C, 0xDC, 0x0E, 0xB2, 0x84, 
	0x85, 0xB8, 0xE8, 0xC2, 0x1B, 0x09, 0x93, 0x76, 0x10, 0xB5, 0x0D, 0x5D, 0x46, 0x81, 0x25, 0x57, 
	0xA3, 0xE0, 0x30, 0xB3, 0x8A, 0x3D, 0x52, 0x58, 0x4A, 0x14, 0x72, 0xD4, 0x35, 0xB8, 0xD5, 0x50, 
	0xEF, 0xA0, 0xEB, 0xEC, 0x54, 0xEE, 0x87, 0x22, 0x8A, 0xCD, 0xBA, 0x3A, 0xDB, 0xB4, 0x87, 0x5B, 
	0x4B, 0xA0, 0x30, 0x19, 0x8D, 0x72, 0x2F, 0xBE, 0xC3, 0x84, 0x59, 0x5E, 0x0D, 0x35, 0x4E, 0x2A, 
	0xA3, 0x3C, 0x4A, 0x7D, 0xF6, 0x91, 0x5B, 0x39, 0x0F, 0x01, 0xDE, 0x21, 0xC2, 0x9E, 0xEA, 0x98, 
	0x5F, 0xB3, 0x5E, 0x84, 0xBA, 0x74, 0x3B, 0xE9, 0xEA, 0x22, 0x32, 0x90, 0xE9, 0x53, 0xCA, 0x5E, 
	0x22, 0x3F, 0x23, 0x56, 0xBA, 0x33, 0x41, 0x91, 0x56, 0x29, 0x4B, 0x20, 0x04, 0x61, 0x3C, 0xA9, 
	0x3A, 0x54, 0x4A, 0x82, 0xB8, 0x5F, 0x51, 0x92, 0xDB, 0xB6, 0xB8, 0xB1, 0x7B, 0x63, 0x6A, 0xE0, 
	0x8C, 0x77, 0x79, 0x9E, 0x61, 0xB8, 0xC9, 0xCD, 0xD8, 0x28, 0x84, 0x9E, 0xC0, 0xB4, 0xB3, 0x17, 
	0xCB, 0xC2, 0x79, 0xDC, 0x6E, 0xD6, 0xB8, 0x31, 0x68, 0x39, 0x7B, 0x33, 0x6F, 0x65, 0x99, 0x9A, 
	0xB4, 0x9D, 0x46, 0xC0, 0xCC, 0xAA, 0xE4, 0x49, 0xB4, 0xD5, 0x2E, 0x3D, 0x5F, 0xB4, 0x0C, 0xE4, 
	0xDE, 0x4C, 0x43, 0xAA, 0xCB, 0x29, 0x13, 0xEE, 0x0B, 0x86, 0x06, 0xD0, 0xC7, 0xC9, 0x4B, 0x12, 
	0x22, 0x7C, 0x57, 0x80, 0x24, 0xE0, 0xF5, 0x26, 0xB4, 0x3C, 0x94, 0xE1, 0x67, 0x2E, 0x47, 0x43, 
	0xA2, 0x35, 0xF3, 0x50, 0x14, 0xE1, 0x7A, 0x0F, 0xB2, 0xA7, 0xA7, 0xB8, 0x91, 0x8B, 0xB1, 0xA5, 
	0xF0, 0xF8, 0x77, 0xCF, 0x9D, 0xF6, 0xBE, 0x51, 0x4B, 0x3A, 0x37, 0xBD, 0x74, 0x4E, 0xF5, 0xD2, 
	0x2A, 0xD5, 0xD5, 0x59, 0x8A, 0x78, 0x5A, 0x38, 0x56, 0x7F, 0xBD, 0x2C, 0x0B, 0x2D, 0x92, 0x7F, 
	0xEE, 0xE2, 0x46, 0x06, 0x9F, 0xE2, 0x6B, 0x89, 0x80, 0xDA, 0x4D, 0x55, 0x5F, 0xDF, 0x11, 0x22, 
	0xEA, 0xAE, 0xE8, 0xBE, 0xBA, 0x94, 0x9E, 0x1E, 0x41, 0x22, 0x7C, 0xBA, 0x9D, 0xBE, 0x15, 0x88, 
	0x96, 0x26, 0x4D, 0x9C, 0xCE, 0x3C, 0x85, 0x5B, 0x19, 0x2A, 0xE7, 0x62, 0x2B, 0x44, 0xB5, 0x8D, 
	0x61, 0x0A, 0x3F, 0xAF, 0x44, 0x8A, 0x8E, 0x1A, 0x89, 0x8F, 0x0C, 0x62, 0xD0, 0xD4, 0x9B, 0x88, 
	0xF2, 0xA7, 0x1E, 0x7E, 0xCF, 0x0B, 0x20, 0xF6, 0x7A, 0x33, 0x44, 0xDB, 0xEE, 0x4C, 0xC4, 0x2D, 
	0x54, 0x5E, 0xC1, 0xB9, 0xE6, 0x4B, 0xD3, 0x5E, 0xEC, 0xE1, 0x5F, 0x4D, 0x69, 0x86, 0x28, 0xE3, 
	0xDB, 0x65, 0xF5, 0xCB, 0x92, 0xE7, 0x98, 0x8F, 0xA7, 0x0C, 0x3E, 0x37, 0xF4, 0x4C, 0x55, 0xD0, 
	0x74, 0x30, 0x49, 0x8A, 0xA8, 0x1E, 0x94, 0xD7, 0xD2, 0x38, 0x63, 0xE2, 0x44, 0x7B, 0x08, 0x01, 
	0xA3, 0x55, 0x41, 0xD7, 0x16, 0x15, 0xAA, 0xDE, 0x6B, 0xC5, 0xC3, 0xF5, 0xC6, 0x33, 0xDE, 0x4B, 
	0xE4, 0xF3, 0x90, 0x41, 0x9C, 0xF0, 0x56, 0x54, 0x36, 0x9D, 0x09, 0xEA, 0x57, 0xDD, 0xEF, 0xD7, 
	0x80, 0x7F, 0x1B, 0x6B, 0x7C, 0x32, 0xA5, 0x95, 0x11, 0x9C, 0x99, 0x09, 0xD7, 0x71, 0x69, 0xE0, 
	0xB3, 0x41, 0x2E, 0x1E, 0x10, 0x47, 0xDC, 0x53, 0xC9, 0x64, 0xE7, 0x7E, 0xD2, 0x70, 0x12, 0x40, 
	0x0C, 0xEB, 0x9B, 0x76, 0x3A, 0x6C, 0x21, 0x15, 0x99, 0xC0, 0x76, 0x83, 0x19, 0xF4, 0x3D, 0xEC, 
	0x57, 0x93, 0xBB, 0xC8, 0x6A, 0x17, 0xA1, 0x17, 0xEE, 0xA1, 0xCA, 0xC4, 0x29, 0x53, 0xE2, 0xE3, 
	0xBA, 0xC9, 0xC3, 0x35, 0xB8, 0x94, 0x17, 0x8C, 0xCB, 0x62, 0xE4, 0xED, 0x51, 0x5F, 0x0E, 0x6E, 
	0x04, 0x96, 0xAC, 0x29, 0x36, 0xCC, 0x59, 0xB0, 0xB1, 0x99, 0x32, 0x67, 0xB2, 0x66, 0x71, 0x24, 
	0x8D, 0x1F, 0x7B, 0x29, 0xB2, 0xE0, 0xF0, 0x0D, 0xE3, 0xB7, 0x85, 0xF3, 0x97, 0x9C, 0x15, 0x2A, 
	0x9B, 0xEC, 0x61, 0x59, 0x3F, 0x91, 0x11, 0x14, 0x9F, 0x90, 0x88, 0x4C, 0x35, 0xDA, 0x0F, 0x28, 
	0x49, 0x0D, 0x98, 0x2C, 0xEE, 0x32, 0x8D, 0x2F, 0xF2, 0x1A, 0xA0, 0xA5, 0x31, 0x41, 0xCD, 0xB2, 
	0xB8, 0x3F, 0x0C, 0xD4, 0x67, 0xE3, 0x5B, 0xD0, 0x2E, 0xCB, 0x3E, 0x84, 0x70, 0xA2, 0x6B, 0xEE, 
	0x46, 0xC4, 0xD7, 0x53, 0x71, 0xBD, 0x37, 0x8D, 0x9C, 0xBD, 0xA6, 0x44, 0x74, 0x6A, 0x4F, 0x5F, 
	0x77, 0x2E, 0xDD, 0x72, 0xAB, 0xE8, 0x2C, 0x63, 0x2F, 0xAC, 0x86, 0x92, 0x5D, 0x0D, 0xBB, 0x44, 
	0x6E, 0x8B, 0xC9, 0xF5, 0x53, 0x83, 0x74, 0x86, 0x25, 0x17, 0xB4, 0x5D, 0xF5, 0xB7, 0xDB, 0x5F, 
	0xB4, 0x7F, 0x08, 0x0B, 0x53, 0x3D, 0xC8, 0xF6, 0x61, 0x88, 0x9B, 0x26, 0x18, 0xEA, 0xAC, 0x93, 
	0x8C, 0x8F, 0x07, 0xC4, 0xCB, 0xDE, 0x6C, 0x29, 0x77, 0x78, 0x0E, 0xC3, 0x74, 0x4B, 0x49, 0x86, 
	0xF0, 0xF2, 0x64, 0x07, 0xB1, 0x0F, 0x18, 0x86, 0xF4, 0xC0, 0x96, 0x34, 0xE3, 0xD1, 0x1E, 0x3A, 
	0xDE, 0x20, 0xE1, 0xBE, 0x65, 0xB6, 0x83, 0x50, 0x4A, 0x49, 0x97, 0xB7, 0xAE, 0xD8, 0xC1, 0xA3, 
	0x5D, 0x53, 0xD3, 0xE9, 0x5F, 0x04, 0x27, 0xDA, 0xF9, 0xBC, 0x6E, 0x09, 0x41, 0x8F, 0x6E, 0x52, 
	0x76, 0x74, 0xD8, 0x09, 0xA0, 0x8E, 0x9C, 0xA7, 0xD1, 0xF9, 0x67, 0x87, 0xB5, 0x9E, 0xD6, 0x25, 
	0xAD, 0x73, 0x45, 0x96, 0xE1, 0x64, 0x90, 0x8B, 0xF3, 0xEF, 0x10, 0x2C, 0xB2, 0xB7, 0x7B, 0xB1, 
	0xE5, 0xF8, 0x24, 0x17, 0x59, 0x58, 0x05, 0x9E, 0x0B, 0x04, 0x33, 0xE8, 0xB9, 0x59, 0x91, 0x43, 
	0x78, 0x28, 0x4C, 0x39, 0x2F, 0xDE, 0x53, 0xD4, 0x39, 0xD4, 0x3B, 0x7E, 0x0D, 0x41, 0x69, 0x0D, 
	0x7A, 0x09, 0xC2, 0xC7, 0x6E, 0x9D, 0x5D, 0x7C, 0x73, 0xDF, 0xDB, 0xE6, 0x0A, 0x45, 0x56, 0x16, 
	0xC7, 0x55, 0x94, 0x34, 0x34, 0xDA, 0xBB, 0xEA, 0x97, 0x06, 0xA5, 0x22, 0x18, 0xBB, 0xE0, 0xC0, 
	0x38, 0xF2, 0xFC, 0x2C, 0xD9, 0x77, 0xBA, 0x39, 0x5A, 0x23, 0xF2, 0xB2, 0x13, 0x45, 0xE9, 0x70, 
	0x77, 0xD7, 0xA4, 0x3A, 0x1C, 0x22, 0x9C, 0xA6, 0xAD, 0xE7, 0x14, 0x61, 0xF2, 0x50, 0xD8, 0x17, 
	0x96, 0x4D, 0xA6, 0x82, 0xF5, 0x6D, 0xA5, 0x8E, 0xA5, 0x4F, 0x2A, 0xCC, 0x81, 0xAA, 0x9B, 0xDD, 
	0xE4, 0xBC, 0xD9, 0x4A, 0x2E, 0x05, 0x34, 0xB0, 0xBA, 0x31, 0xCE, 0x11, 0xD5, 0x77, 0xC8, 0xF2, 
	0x0C, 0x62, 0xAF, 0x82, 0x19, 0x97, 0xF9, 0x28, 0xD5, 0xF9, 0xDF, 0x2D, 0x20, 0x53, 0xEA, 0xD9, 
	0x34, 0xDD, 0x97, 0x9E, 0xDF, 0x6B, 0x15, 0x89, 0x9A, 0x62, 0x7B, 0xF8, 0x32, 0x63, 0x7C, 0x3B, 
	0x4C, 0xC9, 0xDC, 0x13, 0xB2, 0xB8, 0x14, 0x3C, 0x39, 0xC7, 0x7E, 0xBB, 0xE3, 0xAE, 0xF9, 0x82, 
	0x16, 0x59, 0x0F, 0xCB, 0xD3, 0xB7, 0x38, 0x6B, 0xD4, 0x31, 0x52, 0x80, 0x61, 0xC7, 0x35, 0x67, 
	0x16, 0x07, 0xD2, 0x54, 0x97, 0xE5, 0x8F, 0x13, 0x8F, 0x6D, 0x4D, 0xF7, 0xE9, 0xA3, 0x30, 0xBA, 
	0xF5, 0x32, 0x64, 0xB1, 0xC8, 0xE3, 0x0D, 0x55, 0xA1, 0x3B, 0x96, 0x20, 0x30, 0xD4, 0x85, 0xDA, 
	0x91, 0x9C, 0x48, 0xBE, 0x90, 0xE0, 0x97, 0x77, 0x78, 0x83, 0x82, 0x92, 0x6D, 0xA8, 0x59, 0x5E, 
	0xEA, 0x64, 0xAB, 0x61, 0xA9, 0x6E, 0x57, 0x1D, 0xD2, 0x3F, 0x74, 0x95, 0x73, 0x52, 0x80, 0xB3, 
	0xA3, 0x2C, 0x94, 0x2E, 0x92, 0xE5, 0xAF, 0x2D, 0x11, 0xC5, 0x3E, 0x6A, 0xD5, 0xCB, 0xBA, 0xD7, 
	0xB4, 0x1A, 0xD0, 0x3A, 0x90, 0x52, 0x61, 0x4A, 0xF1, 0xEB, 0xF5, 0x15, 0x21, 0x6B, 0xA0, 0xD3, 
	0xDB, 0x47, 0x40, 0x86, 0xD9, 0xBE, 0xC3, 0x9C, 0x35, 0x0B, 0x6A, 0xBF, 0xC5, 0x8C, 0xF9, 0x80, 
	0x9E, 0x6D, 0xBC, 0xDF, 0xBD, 0x1F, 0xC1, 0x47, 0x2D, 0x12, 0x0F, 0xCD, 0x6B, 0x07, 0xB7, 0xEC, 
	0x72, 0x8F, 0x8A, 0x36, 0xAA, 0xAF, 0x32, 0x13, 0x56, 0xF5, 0x1B, 0x1A, 0xDF, 0xF6, 0x3B, 0x56, 
	0xB8, 0x90, 0x2F, 0x59, 0x86, 0xD6, 0x96, 0x2E, 0x42, 0x73, 0x9D, 0x9C, 0x91, 0x62, 0x1D, 0x72, 
	0x34, 0xBD, 0xB0, 0xBB, 0x8B, 0x96, 0xA5, 0x95, 0xAE, 0x7A, 0xEB, 0x43, 0x27, 0xA6, 0xCD, 0x4F, 
	0xB5, 0xAE, 0xC2, 0xDB, 0x8A, 0x31, 0x33, 0xE3, 0xBC, 0xEA, 0x72, 0x4F, 0x17, 0x60, 0x5F, 0xA8, 
	0xAE, 0x90, 0xCD, 0x0F, 0x09, 0xC7, 0x58, 0xED, 0xFE, 0x59, 0xC3, 0x3F, 0x86, 0xC5, 0xB1, 0xF0, 
	0xF0, 0x0E, 0x1D, 0xE0, 0x6F, 0x38, 0x7E, 0x41, 0xAC, 0x55, 0x28, 0x1E, 0x8D, 0x73, 0x9E, 0x95, 
	0x13, 0xA8, 0xF1, 0x41, 0xF0, 0x49, 0xBD, 0xC8, 0xBF, 0x6D, 0x3B, 0x6A, 0x45, 0xEC, 0x28, 0xB9, 
	0x62, 0xCC, 0xB8, 0x52, 0x13, 0x98, 0xBD, 0x9F, 0xEE, 0x8C, 0x63, 0x8A, 0xCD, 0x7B, 0x5A, 0x05, 
	0x22, 0xE2, 0x15, 0xBC, 0x4C, 0x5B, 0xE1, 0x78, 0x11, 0xA1, 0xCB, 0x7A, 0xAD, 0x63, 0xC7, 0xE1, 
	0xAD, 0x63, 0xED, 0x26, 0x7A, 0x95, 0x94, 0x51, 0xE7, 0x7E, 0x9A, 0x5F, 0xB8, 0xE6, 0x72, 0x88, 
	0x6C, 0x14, 0xE5, 0x64, 0x11, 0x13, 0x20, 0x1E, 0xA7, 0xF7, 0xF8, 0x4A, 0x50, 0xC0, 0xC9, 0x5B, 
	0x28, 0xF6, 0x27, 0xAD, 0xDD, 0xDC, 0x1B, 0x5B, 0xBA, 0x22, 0x3B, 0x9B, 0x6F, 0xBD, 0x2D, 0x85, 
	0x0E, 0xE8, 0x63, 0x0D, 0x88, 0xE2, 0x3B, 0xB2, 0x16, 0x57, 0x15, 0x02, 0xC8, 0x66, 0x99, 0xDA, 
	0xC9, 0x13, 0x66, 0xB1, 0x8A, 0xAD, 0xB4, 0xA1, 0x2C, 0x65, 0x8E, 0xA7, 0x27, 0x81, 0x3C, 0x29, 
	0xC0, 0x72, 0xF9, 0x16, 0x2E, 0xD3, 0x52, 0xF3, 0x4E, 0xBF, 0x62, 0x2F, 0x05, 0x00, 0x24, 0x03, 
	0x2F, 0xDB, 0xF5, 0x16, 0xEC, 0xDA, 0x5E, 0xB0, 0x8F, 0x64, 0xCA, 0x1E, 0x3F, 0x41, 0xB9, 0x5B, 
	0x1D, 0x68, 0x65, 0xF0, 0x87, 0x81, 0xFA, 0x6D, 0x17, 0x40, 0x08, 0x81, 0xDE, 0xEF, 0xBB, 0x1E, 
	0xA0, 0xED, 0xC6, 0xED, 0xCE, 0xB1, 0x4E, 0xF4, 0x12, 0x16, 0x15, 0xC7, 0x5C, 0x88, 0x40, 0xC5, 
	0x26, 0xCF, 0x0F, 0x99, 0x44, 0xE6, 0x51, 0x46, 0xD2, 0xE1, 0x24, 0x1A, 0x8B, 0x0E, 0x0B, 0x37, 
	0x1A, 0x9F, 0xBF, 0xD6, 0xD9, 0x13, 0x37, 0xA0, 0x50, 0x94, 0x6B, 0x05, 0x1D, 0x78, 0x9A, 0x0A, 
	0x90, 0xA3, 0x48, 0x29, 0x48, 0xBA, 0x95, 0xA7, 0xA5, 0xBA, 0x9B, 0x3B, 0x56, 0xA8, 0x41, 0x49, 
	0x22, 0x77, 0xBD, 0x8B, 0x16, 0x4A, 0x3F, 0xA1, 0xBC, 0x09, 0xB2, 0x27, 0x6F, 0xB7, 0x36, 0x46, 
	0xE6, 0xD3, 0x6A, 0xF1, 0xA9, 0x22, 0xA0, 0x68, 0x30, 0xE5, 0x67, 0x77, 0xA8, 0xC0, 0xD2, 0xF1, 
	0xFB, 0xF3, 0x84, 0x16, 0x8A, 0x62, 0xD6, 0xBA, 0x69, 0x75, 0xD7, 0xEB, 0x61, 0x72, 0xB3, 0xA4, 
	0x3C, 0x64, 0x98, 0xBC, 0x89, 0xB1, 0xB7, 0x26, 0xC9, 0xA1, 0x42, 0xBA, 0x2A, 0xB3, 0xBE, 0xAA, 
	0x94, 0x95, 0xA0, 0xC2, 0x9B, 0xB6, 0xF6, 0x6B, 0xEF, 0x2A, 0x8A, 0x6B, 0x0B, 0x55, 0x4E, 0xEA, 
	0x38, 0x6A, 0xF5, 0x78, 0x47, 0xB5, 0x69, 0x42, 0x90, 0x07, 0xD7, 0x3D, 0x84, 0x8C, 0x59, 0xA2, 
	0x78, 0xEF, 0xB4, 0x40, 0x97, 0x51, 0xE2, 0xF5, 0xC8, 0x3C, 0x75, 0xE1, 0xCC, 0xAA, 0x86, 0xCB, 
	0x40, 0xF2, 0x8D, 0x57, 0x5F, 0xE9, 0xB8, 0xF4, 0x2C, 0x48, 0xDD, 0x55, 0xB9, 0xBA, 0x5D, 0xE6, 
	0xDC, 0xAC, 0x2B, 0x59, 0x2C, 0x9F, 0x66, 0x7F, 0xD6, 0xF0, 0x2D, 0xF0, 0x31, 0x27, 0x4B, 0x9D, 
	0x65, 0x31, 0x2A, 0xE6, 0x85, 0x98, 0x19, 0x3B, 0xCF, 0xB8, 0xC8, 0xC3, 0xDA, 0x52, 0xE6, 0x4F, 
	0xA0, 0x59, 0x58, 0x52, 0x05, 0xBD, 0x8C, 0xDE, 0xDB, 0x98, 0x12, 0x7A, 0xC1, 0x27, 0x02, 0x93, 
	0x5F, 0x2F, 0xAA, 0x14, 0x74, 0x86, 0x57, 0xCD, 0xAB, 0x94, 0xF6, 0x98, 0x1E, 0xCA, 0xA4, 0x4F, 
	0x55, 0x9F, 0x8F, 0x90, 0x0D, 0x41, 0xDF, 0xC0, 0x21, 0x69, 0x8B, 0x9D, 0x6F, 0x68, 0x65, 0xAB, 
	0x84, 0x28, 0xCA, 0xCA, 0x45, 0x0F, 0xB0, 0x46, 0x42, 0x2C, 0xC4, 0x14, 0xD2, 0x68, 0x6F, 0x52, 
	0x23, 0x3F, 0xEC, 0xD4, 0x4D, 0x3A, 0x66, 0x82, 0x90, 0xC8, 0xEA, 0xC5, 0x21, 0x59, 0xA0, 0x9D, 
	0xD7, 0x4E, 0x30, 0x82, 0xF0, 0x15, 0xD6, 0xDA, 0xEE, 0xD8, 0x78, 0xBA, 0xAA, 0xA1, 0xB4, 0x7D, 
	0xDA, 0xE9, 0x9F, 0x25, 0xEC, 0x50, 0x67, 0x66, 0xDB, 0x15, 0x54, 0xA2, 0xE6, 0xDE, 0x56, 0xE7, 
	0x16, 0xCE, 0x57, 0xDF, 0xE4, 0xE6, 0xD9, 0xB6, 0xA5, 0xF3, 0x20, 0x7C, 0x3C, 0xAF, 0x3C, 0xB0, 
	0x13, 0x5C, 0x82, 0xBD, 0x73, 0x9B, 0xA9, 0x65, 0x54, 0x91, 0xE1, 0x4A, 0x22, 0x5A, 0x64, 0xE8, 
	0x74, 0x1A, 0xA2, 0xD8, 0x7F, 0x8E, 0x20, 0xAD, 0x08, 0xE7, 0xC0, 0x7C, 0x66, 0x4D, 0x29, 0xAC, 
	0xD0, 0x6F, 0x8E, 0x4B, 0x3B, 0xE0, 0x5A, 0x3E, 0xD4, 0xCD, 0x95, 0xDD, 0x37, 0xC5, 0x4B, 0xB2, 
	0xF8, 0x59, 0x89, 0x9C, 0x57, 0x78, 0x81, 0x7E, 0x4B, 0x36, 0x5C, 0x12, 0x2C, 0x9C, 0x21, 0xE4, 
	0xFE, 0xDF, 0x8E, 0x94, 0x07, 0x5E, 0xF2, 0x87, 0x15, 0x29, 0x47, 0x0F, 0xA6, 0xA7, 0xBC, 0x2B, 
	0x55, 0xDB, 0x42, 0xA8, 0x33, 0xA0, 0x56, 0x83, 0x6C, 0x3D, 0xC7, 0xF4, 0xC1, 0x77, 0x17, 0xA2, 
	0x12, 0x8B, 0x2D, 0xC2, 0x9B, 0xCE, 0x93, 0x89, 0x38, 0x28, 0xCB, 0x9E, 0x5A, 0xED, 0xFD, 0xE0, 
	0xCE, 0x27, 0xD7, 0xD1, 0xF1, 0x9C, 0x3E, 0x04, 0xF2, 0x85, 0xCC, 0x2D, 0x68, 0x11, 0x71, 0xE9, 
	0x21, 0x62, 0x0B, 0x4D, 0xF7, 0x80, 0x7D, 0x6D, 0x35, 0x47, 0xE1, 0xB0, 0x1A, 0x3C, 0xA0, 0x59, 
	0x52, 0x72, 0x87, 0x1E, 0xAC, 0x63, 0x4F, 0xEE, 0x43, 0x8B, 0x14, 0xD9, 0xAE, 0x41, 0x13, 0x8D, 
	0xE6, 0x4B, 0xA5, 0xDD, 0x5D, 0x38, 0x83, 0x17, 0x95, 0x1C, 0x25, 0xA1, 0xEF, 0x9C, 0xB2, 0xBE, 
	0x81, 0x4D, 0x2F, 0xD6, 0xA8, 0x95, 0x10, 0x27, 0x0E, 0xE9, 0x26, 0xAD, 0x2B, 0x58, 0x1F, 0x2F, 
	0xEA, 0x28, 0x77, 0x72, 0xE8, 0x61, 0xDA, 0x2E, 0xA2, 0x2D, 0x14, 0x34, 0x29, 0x9C, 0x95, 0x1D, 
	0x93, 0x1F, 0xAA, 0xBE, 0x34, 0x51, 0x55, 0x2D, 0xF4, 0x4E, 0x73, 0x6D, 0x9F, 0x4B, 0x39, 0x29, 
	0x48, 0xE9, 0xD1, 0x51, 0x39, 0xC6, 0x27, 0x1F, 0x39, 0x17, 0x1D, 0x4D, 0x19, 0x78, 0x20, 0x2A, 
	0x86, 0x5F, 0xD3, 0xA6, 0xD0, 0x47, 0x79, 0x58, 0x45, 0x29, 0x74, 0x2A, 0x13, 0x68, 0x6B, 0xA4, 
	0xAC, 0xB8, 0xE3, 0xF7, 0xD4, 0xF3, 0x50, 0x38, 0xD5, 0x87, 0x9A, 0x36, 0x41, 0xD0, 0x89, 0x83, 
	0xE5, 0x9F, 0x57, 0xB8, 0x48, 0x8C, 0x35, 0xC6, 0xBE, 0x44, 0x6D, 0x45, 0x8F, 0xB6, 0x2A, 0x9A, 
	0x86, 0x81, 0xDB, 0x51, 0x7F, 0xC2, 0xC3, 0x78, 0xBB, 0x24, 0xC2, 0x67, 0x59, 0xDC, 0x77, 0x79, 
	0xEA, 0x68, 0xBA, 0x83, 0x5C, 0xEB, 0x98, 0x77, 0xEA, 0x40, 0x8A, 0x6F, 0x66, 0xA0, 0x3D, 0xC5, 
	0xE0, 0x60, 0xC3, 0x64, 0x33, 0xB3, 0x64, 0xA1, 0xBB, 0x98, 0xCD, 0xB3, 0x37, 0x5C, 0xE9, 0x34, 
	0x7D, 0x48, 0x91, 0xAF, 0x1F, 0xA1, 0x30, 0x03, 0x08, 0xC7, 0xEC, 0x99, 0xF1, 0x37, 0xE2, 0xB1, 
	0x7C, 0x60, 0x93, 0x9C, 0xF3, 0xD3, 0x60, 0x5A, 0x55, 0xA7, 0xB9, 0x38, 0xC5, 0x8F, 0x70, 0x82, 
	0x2C, 0xDB, 0x46, 0x52, 0xA1, 0x79, 0xDB, 0xE8, 0xDD, 0xC2, 0x94, 0xF2, 0xD5, 0xE3, 0xDD, 0x97, 
	0xAD, 0xAF, 0x29, 0xA4, 0x15, 0x96, 0x54, 0xED, 0xB6, 0x22, 0x7D, 0x46, 0x4D, 0x3B, 0xC5, 0x31, 
	0x1B, 0xD8, 0x18, 0xB2, 0x55, 0xAA, 0x10, 0x6A, 0xE5, 0xD5, 0x68, 0x15, 0xB5, 0xD0, 0x2A, 0x89, 
	0x85, 0x76, 0x37, 0x7A, 0xD9, 0x2E, 0x4C, 0x93, 0xA9, 0xB5, 0x09, 0x85, 0x0B, 0xB5, 0x4C, 0x99, 
	0x36, 0xE4, 0x45, 0x77, 0x94, 0x29, 0x62, 0x97, 0x5A, 0xD5, 0x3A, 0xAB, 0x93, 0x8F, 0x36, 0x73, 
	0xAB, 0xE0, 0x7B, 0x55, 0xE8, 0x18, 0xB9, 0x34, 0xAB, 0x51, 0x04, 0xEB, 0x70, 0xEA, 0x94, 0x1A, 
	0xE9, 0xBB, 0xE7, 0x79, 0x16, 0x35, 0x18, 0x39, 0xE8, 0xAB, 0xBD, 0xE3, 0x64, 0x41, 0xE2, 0xF0, 
	0x86, 0x33, 0x7A, 0xAC, 0xF5, 0x7B, 0x84, 0x71, 0xE5, 0xBC, 0x34, 0xB5, 0x21, 0x36, 0xB2, 0x9D, 
	0x89, 0x0B, 0x19, 0xCA, 0x92, 0xCA, 0xAE, 0xE9, 0x34, 0x20, 0x9E, 0x10, 0x51, 0x86, 0x8F, 0x6A, 
	0xF9, 0xA1, 0xC2, 0x5F, 0xD1, 0x0E, 0xD0, 0xD8, 0x27, 0xDC, 0x27, 0x55, 0xD7, 0x83, 0x3C, 0x04, 
	0xBF, 0x99, 0xBD, 0x0A, 0xF5, 0x5A, 0x1D, 0x0E, 0x25, 0x26, 0x6B, 0xBC, 0xCD, 0x9E, 0xD1, 0x18, 
	0xC6, 0x79, 0xAC, 0x6E, 0x8D, 0xEC, 0x6E, 0xAA, 0xC0, 0xB4, 0x55, 0x8E, 0x9F, 0x41, 0xEF, 0xDB, 
	0x31, 0x3B, 0xAD, 0xBB, 0x7C, 0xBE, 0xBF, 0xC7, 0xA8, 0xAB, 0x93, 0xEC, 0x55, 0x34, 0xC7, 0xE1, 
	0x44, 0x0D, 0x85, 0x41, 0x4A, 0xEA, 0x4A, 0xF2, 0xEB, 0x25, 0x2B, 0x73, 0x78, 0x6C, 0x3E, 0x83, 
	0xD0, 0xC8, 0xB4, 0x08, 0x3C, 0x92, 0x60, 0x0F, 0x19, 0xA0, 0x69, 0xCA, 0x83, 0x8B, 0xF7, 0xA5, 
	0x49, 0xB0, 0x8C, 0x76, 0x63, 0x4C, 0xDB, 0x97, 0x5F, 0x1D, 0xF2, 0x62, 0xA5, 0x91, 0xBB, 0x32, 
	0x8D, 0x1D, 0x67, 0x19, 0xB0, 0xD4, 0x2C, 0x8E, 0x94, 0x1D, 0x2F, 0xCD, 0x3C, 0x6D, 0x47, 0xD3, 
	0x88, 0xD2, 0xCB, 0xFB, 0x57, 0xC1, 0x2C, 0x19, 0x7C, 0xAE, 0xF4, 0xE1, 0x96, 0xB6, 0x95, 0xB8, 
	0xD4, 0x1C, 0x63, 0x8B, 0x74, 0x15, 0xA2, 0xDB, 0xD6, 0x0F, 0x16, 0xBA, 0x6D, 0x31, 0xF1, 0xDC, 
	0x4B, 0xD0, 0x56, 0x0C, 0xB1, 0xB6, 0x5D, 0xE5, 0x6D, 0xE5, 0x45, 0xE3, 0xCA, 0x78, 0x45, 0xE0, 
	0xBD, 0xA7, 0x26, 0x3C, 0x2C, 0x5A, 0xE1, 0x3C, 0x42, 0x7D, 0x31, 0x9D, 0x43, 0x9D, 0xCD, 0xC4, 
	0x76, 0x2C, 0x09, 0x15, 0x66, 0xEF, 0x33, 0x3A, 0xC6, 0xD9, 0xD4, 0xA8, 0xFC, 0xE6, 0xB8, 0x39, 
	0x0A, 0xBD, 0xF5, 0x4E, 0xBD, 0x5C, 0x45, 0xA4, 0xE5, 0xA0, 0x70, 0xC3, 0xFD, 0x31, 0xDE, 0x79, 
	0xA6, 0x49, 0xBD, 0xE4, 0x5D, 0xDF, 0xB8, 0xF7, 0x1A, 0x97, 0xA7, 0x8B, 0x1B, 0xA6, 0x45, 0xDD, 
	0x2E, 0x6D, 0x38, 0x12, 0x3C, 0x28, 0x89, 0x18, 0x77, 0x7D, 0xB8, 0xC9, 0x25, 0xA5, 0xC2, 0x9B, 
	0x28, 0xA8, 0x43, 0x83, 0x9C, 0x73, 0x7A, 0xE2, 0x43, 0x54, 0x8D, 0x56, 0x16, 0xED, 0xA1, 0x0F, 
	0x28, 0xA3, 0x0F, 0x49, 0xCA, 0x7F, 0xF2, 0x1D, 0x59, 0x49, 0xD8, 0x8F, 0x39, 0x96, 0x5B, 0xA1, 
	0xCA, 0xEA, 0x28, 0x49, 0x7E, 0x10, 0x5F, 0x84, 0x07, 0x2C, 0x49, 0x0C, 0x24, 0x76, 0xEB, 0x7D, 
	0xC8, 0x82, 0x8A, 0xEB, 0xD1, 0x8D, 0x25, 0x15, 0x89, 0x30, 0x86, 0x3C, 0x0A, 0xE5, 0xFA, 0xD1, 
	0x39, 0x8B, 0xED, 0xCF, 0x73, 0xAA, 0xBD, 0x2A, 0xB5, 0x5E, 0x7C, 0xF4, 0xA6, 0x72, 0xBF, 0xD0, 
	0x77, 0x0C, 0xB2, 0x41, 0xBB, 0x18, 0x0D, 0x43, 0xBA, 0x65, 0x58, 0x42, 0x7D, 0x2D, 0x68, 0x22, 
	0x89, 0x37, 0x29, 0xEC, 0xFA, 0xDB, 0x4C, 0xD0, 0x6E, 0x1B, 0xB0, 0xB8, 0x12, 0x99, 0x0F, 0x75, 
	0x2E, 0x5D, 0x7E, 0xB5, 0x4D, 0x55, 0x2B, 0x9A, 0x49, 0x27, 0xC2, 0x62, 0xAD, 0x54, 0xC8, 0x62, 
	0xB9, 0x7B, 0x24, 0xE2, 0xE3, 0x9E, 0x21, 0x74, 0xB4, 0xA6, 0x6F, 0x28, 0x04, 0x4F, 0x20, 0x9D, 
	0xA4, 0xAB, 0xAB, 0x39, 0x39, 0x28, 0x49, 0xDD, 0x26, 0xBB, 0x4F, 0x90, 0xD1, 0xF4, 0xB7, 0x24, 
	0x47, 0x0A, 0x1D, 0x23, 0x0B, 0x7E, 0xC6, 0xB1, 0xF1, 0x5A, 0xF5, 0x6A, 0x5B, 0x5F, 0xBF, 0x46, 
	0x3E, 0x1C, 0xEB, 0xCA, 0x8D, 0xDA, 0xB1, 0x9B, 0xEA, 0x89, 0x2F, 0x29, 0x4B, 0x32, 0x16, 0xB2, 
	0x64, 0x91, 0x4F, 0x5A, 0x7D, 0xAB, 0x43, 0xE3, 0x23, 0x6E, 0xAA, 0xE2, 0x11, 0x21, 0x26, 0x14, 
	0xEF, 0xE1, 0xFC, 0xD6, 0x63, 0x55, 0xF5, 0x1F, 0x05, 0xBD, 0xA7, 0xB1, 0xA6, 0xA2, 0x52, 0x54, 
	0xD5, 0xD3, 0xC1, 0x96, 0x74, 0xB8, 0xD3, 0x61, 0xC8, 0x61, 0xA8, 0x5F, 0x2B, 0x79, 0xD4, 0xA4, 
	0x84, 0x3E, 0x4B, 0xF7, 0xFB, 0xF3, 0x45, 0x6B, 0x55, 0xDD, 0xDE, 0x10, 0x8C, 0x74, 0x2B, 0xD2, 
	0x3F, 0x86, 0x76, 0x21, 0x44, 0xD0, 0x53, 0x05, 0x50, 0x75, 0x14, 0xC0, 0x0D, 0xD5, 0xD5, 0x41, 
	0x2E, 0x6D, 0x52, 0x3B, 0xCD, 0xAA, 0xE5, 0x85, 0x7E, 0x48, 0xD7, 0x50, 0xE3, 0x59, 0xCC, 0xF9, 
	0xA3, 0x81, 0x52, 0x85, 0x7A, 0xB1, 0xD0, 0xA1, 0xA1, 0x32, 0xCF, 0x72, 0x0F, 0x38, 0x7D, 0xEF, 
	0xF5, 0xCE, 0x69, 0xB7, 0x81, 0xE6, 0xD9, 0xFA, 0xC8, 0x61, 0x93, 0xE2, 0xB4, 0x7C, 0xDC, 0x3C, 
	0xDA, 0x8B, 0x21, 0xA9, 0xBB, 0x8C, 0xED, 0xC4, 0x54, 0xEB, 0xE5, 0xDC, 0xD1, 0x15, 0x9E, 0xAD, 
	0x80, 0xA3, 0xC5, 0x0C, 0xB6, 0xB7, 0x5A, 0x4D, 0x1B, 0x98, 0xDC, 0x8F, 0x1A, 0xA2, 0x58, 0xC4, 
	0x77, 0x79, 0x8D, 0xB8, 0xE0, 0x27, 0xA2, 0xBF, 0x9F, 0x44, 0x0E, 0xDE, 0x1D, 0x57, 0x72, 0x12, 
	0x13, 0x55, 0x9C, 0xD8, 0x7E, 0x94, 0x12, 0xA7, 0x14, 0x85, 0x7F, 0x39, 0x62, 0x29, 0x91, 0xC0, 
	0x7A, 0x39, 0x41, 0x14, 0xDF, 0xBB, 0x58, 0xB1, 0x7A, 0x9B, 0xFA, 0xB3, 0xBD, 0xAE, 0x8C, 0x85, 
	0xA6, 0x4E, 0xF7, 0x57, 0xBE, 0x94, 0x16, 0x1F, 0xD9, 0xAA, 0x23, 0x25, 0x1C, 0xBE, 0x76, 0xED, 
	0xB6, 0xA9, 0xBA, 0x6E, 0xEC, 0x37, 0xB9, 0x88, 0x6F, 0x8F, 0x5E, 0x97, 0xD8, 0x25, 0xE2, 0x4D, 
	0xD1, 0xE7, 0xDD, 0xBD, 0xD0, 0x4C, 0xD9, 0x70, 0x79, 0x87, 0x4E, 0xDE, 0xDC, 0xDD, 0x2A, 0xEE, 
	0x9B, 0xBF, 0x6A, 0xBD, 0x52, 0xD2, 0x23, 0xD7, 0xBC, 0xB1, 0xAB, 0x56, 0x9E, 0x49, 0x03, 0x51, 
	0xDF, 0xAB, 0x20, 0xB7, 0x0D, 0xC5, 0x63, 0x23, 0x61, 0xBB, 0x88, 0x48, 0x6F, 0x4F, 0x43, 0x31, 
	0x3B, 0x76, 0x95, 0x5B, 0x6C, 0x95, 0x07, 0x35, 0x3F, 0x94, 0x5C, 0xCC, 0x76, 0x4B, 0x9B, 0x76, 
	0xBC, 0x10, 0x78, 0x40, 0xE1, 0xD0, 0xDB, 0x9B, 0xD3, 0xEE, 0x36, 0x5E, 0xC9, 0x83, 0xD9, 0xCA, 
	0x63, 0xCD, 0x8C, 0xBB, 0xED, 0xD8, 0x76, 0xC5, 0x88, 0xE5, 0xBE, 0x57, 0xCC, 0xD4, 0xFD, 0x3D, 
	0xEE, 0x91, 0xB6, 0x6F, 0x2E, 0x76, 0x0F, 0xEB, 0xAF, 0xBD, 0x8E, 0x98, 0x12, 0x60, 0x5E, 0xB3, 
	0x6C, 0xD0, 0x67, 0xBE, 0x9A, 0x8A, 0xD2, 0x9B, 0xBD, 0x56, 0x16, 0x59, 0x6D, 0x21, 0xBF, 0xEB, 
	0xC8, 0xC3, 0x65, 0xBB, 0xA6, 0x85, 0x0E, 0x1D, 0x6A, 0xD6, 0xD4, 0x9B, 0x70, 0x70, 0x9C, 0xB1, 
	0x6C, 0x92, 0x31, 0x80, 0x56, 0x2C, 0xF5, 0x7B, 0xC1, 0x84, 0x82, 0xBA, 0x27, 0xD8, 0xFD, 0xBF, 
	0x1C, 0x3F, 0xF2, 0xF7, 0x5F, 0x2D, 0x59, 0xBF, 0x4D, 0xF6, 0x28, 0x4E, 0x5E, 0xA5, 0xDA, 0x45, 
	0x19, 0x26, 0xD5, 0x6A, 0x3A, 0xB4, 0x2C, 0xEB, 0x21, 0x36, 0x1B, 0x85, 0xE1, 0x65, 0x1F, 0x83, 
	0x6C, 0xA0, 0xE6, 0x26, 0x68, 0x37, 0xE7, 0x65, 0x13, 0xDC, 0x74, 0xF4, 0x77, 0x91, 0xBD, 0xA6, 
	0xD1, 0xB1, 0x54, 0x16, 0x7B, 0xC0, 0xEA, 0x74, 0xDE, 0x3B, 0xC7, 0x29, 0xDB, 0x6D, 0xF3, 0x0A, 
	0xF3, 0x92, 0x81, 0x80, 0x34, 0xEA, 0x22, 0x32, 0x41, 0x59, 0xAC, 0x1F, 0x5C, 0x40, 0x55, 0xF4, 
	0xA7, 0x5C, 0x4A, 0x7E, 0x8F, 0x5B, 0x5A, 0x10, 0xED, 0x4A, 0x7B, 0x2D, 0x67, 0x50, 0xD2, 0x9D, 
	0xA7, 0xB0, 0xF4, 0xBA, 0x26, 0x36, 0x93, 0x49, 0x09, 0x28, 0xAB, 0x77, 0x10, 0x45, 0x1A, 0x1B, 
	0x37, 0x51, 0x73, 0xE5, 0xF5, 0x1E, 0xD8, 0xBA, 0xCD, 0x3F, 0xE7, 0x93, 0xEB, 0xF0, 0x6B, 0x95, 
	0xEA, 0xC1, 0x70, 0xA1, 0xD7, 0x68, 0x8C, 0x6B, 0x2B, 0x2C, 0x2E, 0x22, 0x7D, 0xC7, 0xE3, 0xA9, 
	0xE7, 0xD7, 0x6B, 0xCF, 0x6A, 0x1D, 0x57, 0x2C, 0x85, 0xEC, 0xD1, 0x8C, 0x17, 0xA9, 0xB2, 0xF9, 
	0xFA, 0x7E, 0xE4, 0x71, 0x29, 0x59, 0x87, 0x3B, 0x20, 0x40, 0xC2, 0x7B, 0xED, 0x77, 0x06, 0x09, 
	0xAF, 0x2B, 0x95, 0x0E, 0xB4, 0x18, 0x07, 0xD3, 0xF1, 0x54, 0xB2, 0x95, 0x98, 0x7C, 0x3E, 0x95, 
	0xA1, 0xA0, 0x60, 0x80, 0xF2, 0x93, 0x81, 0x14, 0x08, 0x4D, 0x0D, 0x18, 0xB3, 0x70, 0x22, 0x72, 
	0x49, 0x86, 0x75, 0x99, 0xF8, 0x38, 0x8B, 0x19, 0x77, 0x3C, 0x22, 0x72, 0x71, 0xC1, 0xE1, 0x0D, 
	0x5B, 0x08, 0x9A, 0x9A, 0x66, 0xEE, 0xD0, 0x22, 0xA1, 0x4C, 0x65, 0xE9, 0x60, 0x74, 0x55, 0xE0, 
	0xEA, 0x59, 0x42, 0xE2, 0x5B, 0x2E, 0x07, 0xD4, 0x43, 0xA6, 0x77, 0x40, 0xAE, 0x8C, 0xF0, 0x9F, 
	0x59, 0x78, 0x74, 0xB4, 0xAE, 0x11, 0x39, 0x48, 0x69, 0x23, 0x36, 0x2D, 0x7A, 0xC6, 0x26, 0x1F, 
	0x93, 0xD9, 0x3C, 0x93, 0x20, 0x49, 0xDB, 0x18, 0xEF, 0x9D, 0x08, 0x3D, 0x98, 0x53, 0x25, 0x83, 
	0x54, 0xD8, 0x83, 0x24, 0x3C, 0xCF, 0xEF, 0x5A, 0x68, 0xD3, 0xBD, 0x51, 0xEF, 0x3B, 0x66, 0xA6, 
	0xEC, 0x8A, 0x6C, 0x8D, 0xC6, 0x5B, 0x09, 0x42, 0x1A, 0x0C, 0xF1, 0x24, 0x8F, 0x26, 0x85, 0xB3, 
	0xC6, 0x1F, 0x4F, 0x63, 0x9F, 0xE2, 0x89, 0xBA, 0x63, 0x75, 0x25, 0x0E, 0xB8, 0x0A, 0x78, 0xD4, 
	0x3F, 0xB4, 0xE6, 0x0E, 0x04, 0x9A, 0xB8, 0xE1, 0xB0, 0x11, 0x7C, 0xB2, 0x2E, 0x8F, 0xAA, 0xDA, 
	0xD0, 0x1A, 0x60, 0x5B, 0x93, 0x53, 0xEE, 0xCD, 0xB4, 0x12, 0x75, 0x7B, 0xF7, 0x18, 0x16, 0xC0, 
	0x67, 0xE3, 0x9B, 0x77, 0x96, 0x0A, 0xA8, 0x1D, 0x70, 0xA7, 0x99, 0x3F, 0x12, 0xBB, 0x76, 0x7C, 
	0x34, 0xBD, 0x1D, 0x25, 0xF0, 0xB7, 0xA8, 0x93, 0x73, 0xAA, 0xBC, 0xE5, 0xF6, 0xBB, 0x56, 0x59, 
	0x09, 0x86, 0x50, 0xA0, 0x7D, 0xDE, 0x0A, 0xCD, 0xC9, 0x0E, 0x2F, 0x24, 0x29, 0x51, 0x35, 0xD3, 
	0x5B, 0x2B, 0xAA, 0x30, 0xCC, 0x3E, 0x65, 0xE3, 0x57, 0x79, 0xCB, 0xEA, 0x29, 0xE1, 0xB8, 0x3E, 
	0x5F, 0x27, 0xC0, 0x9D, 0xC7, 0x2D, 0x2C, 0xD5, 0xBA, 0x46, 0x21, 0x2C, 0x77, 0x70, 0xA7, 0x0E, 
	0x4E, 0x49, 0x60, 0x1E, 0x54, 0x86, 0x6B, 0x70, 0xAB, 0x9F, 0x7A, 0x6A, 0x19, 0x11, 0x32, 0xD1, 
	0x60, 0x3F, 0xA3, 0xB1, 0xC6, 0x48, 0x1F, 0xA8, 0xF2, 0x8C, 0x26, 0x58, 0x35, 0xC8, 0xF3, 0xD9, 
	0xDF, 0x36, 0x42, 0xE6, 0xDB, 0xDE, 0x53, 0x8E, 0x8F, 0x47, 0x6B, 0x8A, 0x97, 0x2C, 0x22, 0x6F, 
	0x84, 0x68, 0x7A, 0x81, 0xDD, 0x38, 0x25, 0x95, 0xD4, 0x14, 0xD5, 0xFB, 0xAC, 0xAC, 0xA4, 0xEA, 
	0x69, 0xEB, 0x5B, 0xDD, 0xDF, 0xF5, 0x1F, 0x78, 0xA0, 0xA5, 0x49, 0xBE, 0x93, 0xAB, 0x43, 0x0D, 
	0x16, 0x38, 0xB0, 0xEB, 0xAE, 0x75, 0xF4, 0xB6, 0x63, 0x0D, 0xDA, 0xAB, 0x5E, 0xC7, 0xAA, 0xAB, 
	0xE6, 0xAF, 0x81, 0x82, 0x13, 0x16, 0x30, 0x2A, 0x3A, 0x03, 0x7F, 0xC7, 0x1D, 0xA3, 0xB0, 0x6F, 
	0xE8, 0x5D, 0xAF, 0x2A, 0xDB, 0x1D, 0xB9, 0xD6, 0x3F, 0xBE, 0xA7, 0x40, 0xE8, 0x7F, 0x5E, 0x45, 
	0x25, 0x83, 0x90, 0x9B, 0x3C, 0x0F, 0x6F, 0x5D, 0x59, 0x9A, 0x94, 0xA2, 0x61, 0xAA, 0x0F, 0x27, 
	0x8E, 0x6B, 0xB4, 0x98, 0x6E, 0xA5, 0xFB, 0xAE, 0xB4, 0x88, 0x86, 0xD8, 0x3C, 0x88, 0x85, 0xAA, 
	0x72, 0xAB, 0x48, 0x47, 0x54, 0x33, 0x1C, 0x96, 0x9F, 0xC8, 0xC5, 0x98, 0xCC, 0xD2, 0x42, 0x97, 
	0x3A, 0x23, 0xE6, 0x0C, 0x51, 0x46, 0xA3, 0x9A, 0xC9, 0xA5, 0xC7, 0xF4, 0x2C, 0x5A, 0x4C, 0x9E, 
	0xCD, 0x5B, 0x37, 0xDC, 0x88, 0x64, 0xC7, 0x3F, 0x5E, 0xD9, 0x5A, 0x37, 0xE9, 0xBA, 0xAB, 0xE4, 
	0xB1, 0x3E, 0x6C, 0x6A, 0xCB, 0x94, 0x19, 0xD2, 0x27, 0x74, 0x9A, 0x46, 0xD0, 0xD0, 0x4A, 0xAA, 
	0xED, 0xBE, 0xEE, 0x23, 0x12, 0x05, 0x8D, 0x4F, 0x88, 0x3F, 0x5F, 0x5D, 0x76, 0x85, 0x20, 0xEE, 
	0x80, 0x71, 0x34, 0x1B, 0x38, 0xB0, 0x0B, 0x65, 0xF4, 0x6C, 0x19, 0xB5, 0x99, 0x57, 0x68, 0x22, 
	0x23, 0x27, 0xDC, 0xD9, 0x6F, 0x0B, 0xDD, 0xB9, 0xC1, 0x4C, 0xEF, 0x34, 0x3D, 0xE6, 0xBF, 0x80, 
	0xC2, 0x94, 0x21, 0xA1, 0x1D, 0x61, 0x9E, 0x11, 0x4C, 0xD4, 0x3A, 0xA6, 0xD2, 0xDC, 0x26, 0x0B, 
	0x62, 0xDD, 0x6D, 0x5A, 0x2A, 0xD8, 0xA5, 0x28, 0x47, 0x6D, 0x0B, 0x0D, 0x43, 0x27, 0x28, 0xED, 
	0x60, 0x6D, 0xF3, 0xEB, 0x1F, 0xCF, 0x81, 0x4D, 0xAF, 0x4A, 0xD6, 0x9E, 0x27, 0xDD, 0x35, 0x4E, 
	0x5B, 0x46, 0xB7, 0x22, 0x0E, 0x88, 0x11, 0xF4, 0x17, 0x2C, 0x69, 0xAF, 0xB9, 0xEE, 0x60, 0x9F, 
	0xB1, 0xDC, 0x82, 0x11, 0x0A, 0xC8, 0x93, 0x81, 0x6E, 0x29, 0xD6, 0x69, 0x42, 0x71, 0xC7, 0x98, 
	0x52, 0xA8, 0x10, 0xDC, 0xFE, 0x9B, 0xCF, 0x86, 0xA4, 0x07, 0xDE, 0x1E, 0xE3, 0x98, 0xB8, 0x90, 
	0xE9, 0xC6, 0x4C, 0x72, 0xEA, 0xA0, 0x40, 0xC0, 0x67, 0xF7, 0xEF, 0x2B, 0x17, 0x12, 0x8C, 0x4E, 
	0x35, 0x79, 0x60, 0xC3, 0x19, 0x0A, 0x06, 0xAC, 0x52, 0x6D, 0x28, 0x75, 0x5A, 0xDD, 0x20, 0x87, 
	0xD0, 0x12, 0xCF, 0xD6, 0xEB, 0x15, 0x47, 0x05, 0x27, 0x55, 0xA9, 0x41, 0xAD, 0xD5, 0x88, 0xA6, 
	0xA6, 0x28, 0xAF, 0x21, 0x77, 0x7B, 0x2B, 0x55, 0xE7, 0x12, 0xAE, 0x69, 0x9E, 0x39, 0xA5, 0x3B, 
	0xCD, 0xA1, 0x9C, 0x36, 0x4A, 0x77, 0xE4, 0xE1, 0xF4, 0xC8, 0x9F, 0x63, 0x4A, 0x5C, 0x12, 0xA3, 
	0xE7, 0x1E, 0xE4, 0x82, 0x9B, 0x12, 0x1B, 0xF4, 0x1B, 0x61, 0x16, 0xA7, 0x91, 0x6A, 0x14, 0xE7, 
	0x0F, 0x79, 0xE3, 0xC8, 0x84, 0xC4, 0xB5, 0xD6, 0xAE, 0xE4, 0x37, 0x80, 0x3F, 0xC3, 0x0B, 0x16, 
	0xE0, 0xD1, 0xCD, 0xD8, 0xFC, 0x68, 0x31, 0x05, 0xE4, 0x2B, 0x99, 0x6D, 0x1B, 0xDF, 0x57, 0xDF, 
	0x30, 0xA2, 0xF4, 0x2C, 0x2B, 0x5C, 0xA9, 0x28, 0xCF, 0x61, 0xB5, 0xE1, 0x18, 0xC0, 0x9D, 0x80, 
	0x3C, 0xD4, 0x0E, 0x58, 0x52, 0xA5, 0x1C, 0x80, 0x63, 0xE4, 0xA7, 0xFB, 0x5A, 0xA0, 0xD8, 0x10, 
	0x9D, 0x2A, 0xE7, 0x23, 0x0E, 0x32, 0x3A, 0xC0, 0xA7, 0xCF, 0x7A, 0x0A, 0x6F, 0x8C, 0x7D, 0x3C, 
	0x16, 0xBA, 0x35, 0x7A, 0x6F, 0x98, 0xEB, 0x73, 0xED, 0x6F, 0x56, 0x16, 0x80, 0x17, 0x81, 0x16, 
	0x82, 0x0E, 0xD3, 0xC8, 0x1D, 0xB9, 0x35, 0x8C, 0xEF, 0xF8, 0x95, 0xB7, 0x43, 0xD0, 0xB3, 0x67, 
	0x5F, 0x1B, 0xC3, 0xFC, 0x5D, 0x71, 0x40, 0x6C, 0xC9, 0x5D, 0xC6, 0x9D, 0x1D, 0x34, 0x8D, 0x86, 
	0x8B, 0x6C, 0xAD, 0x90, 0x59, 0x09, 0xBB, 0x1C, 0x3F, 0x8C, 0x18, 0x13, 0x69, 0xE1, 0xAF, 0xE3, 
	0xA7, 0x7F, 0x41, 0xE0, 0x38, 0xEF, 0xF0, 0xFE, 0xCA, 0x7A, 0x0D, 0xC6, 0x9E, 0x96, 0xA3, 0xAF, 
	0x15, 0x6A, 0x49, 0x1F, 0x0F, 0x89, 0x98, 0xB1, 0xB8, 0x5B, 0xEF, 0x76, 0x2B, 0x85, 0x4C, 0x6C, 
	0x1B, 0x92, 0xD9, 0x8B, 0x51, 0x78, 0x5C, 0x60, 0x60, 0x89, 0xF2, 0x39, 0xCA, 0x48, 0xC5, 0xA4, 
	0x1F, 0x38, 0x66, 0x65, 0x9E, 0x71, 0xB5, 0x8C, 0x2F, 0x1D, 0x15, 0x75, 0xB9, 0x1C, 0xC3, 0x75, 
	0x93, 0x17, 0xD2, 0x7A, 0x2C, 0xC7, 0x41, 0x98, 0xBA, 0x69, 0x69, 0x89, 0x94, 0xD1, 0x84, 0x3C, 
	0x58, 0x03, 0xB5, 0xA3, 0x9B, 0x43, 0x90, 0x8D, 0x17, 0xAB, 0x3D, 0x1B, 0x9C, 0x67, 0xD6, 0x39, 
	0x9B, 0xA2, 0x5D, 0x91, 0x61, 0x53, 0xB2, 0x84, 0xA5, 0xDA, 0x21, 0xE5, 0xF3, 0x70, 0x9F, 0x1B, 
	0x28, 0xF1, 0xDB, 0x5F, 0xAD, 0x28, 0x04, 0x68, 0x8D, 0xEE, 0x17, 0x82, 0x78, 0xD9, 0x92, 0xB4, 
	0x66, 0x0B, 0x5F, 0x0B, 0xB3, 0xEC, 0x5F, 0xA8, 0x99, 0xCE, 0xA9, 0xB5, 0x27, 0xAA, 0x78, 0xA1, 
	0x87, 0x6B, 0x3D, 0x54, 0xBA, 0xC2, 0x4B, 0xA4, 0x6F, 0xBF, 0x30, 0x40, 0x05, 0x67, 0x60, 0xC5, 
	0xB3, 0x0C, 0xDC, 0x47, 0x2E, 0x11, 0x18, 0x75, 0xAC, 0x2D, 0x9C, 0x84, 0x76, 0xCF, 0xAE, 0x1A, 
	0x17, 0x93, 0x48, 0xA6, 0xC8, 0x57, 0x0C, 0x7E, 0x1F, 0x0E, 0x0C, 0x0B, 0x30, 0x7E, 0x35, 0x08, 
	0x0B, 0x65, 0xB6, 0xF6, 0xCE, 0xAE, 0x56, 0x17, 0xA6, 0xD0, 0x7A, 0x41, 0x72, 0x8B, 0x5E, 0x63, 
	0x31, 0xD0, 0x49, 0xB0, 0xFB, 0x90, 0x5C, 0x0E, 0xAE, 0xC4, 0x21, 0xEC, 0x25, 0x1E, 0x4D, 0xC4, 
	0x91, 0x0E, 0x99, 0x33, 0xD4, 0x49, 0xC4, 0x71, 0x07, 0xBE, 0x83, 0x20, 0xC2, 0x23, 0x06, 0x51, 
	0xBD, 0x82, 0x6B, 0x1C, 0xAB, 0xB0, 0xB4, 0x1A, 0xF1, 0xE6, 0xA4, 0x58, 0x04, 0xBC, 0x70, 0x3D, 
	0x0B, 0xB9, 0x44, 0x2B, 0xBB, 0xD8, 0xB0, 0x42, 0xBE, 0x0C, 0x03, 0x8E, 0x49, 0x4B, 0x8A, 0x72, 
	0x71, 0xEC, 0xD6, 0xC1, 0x63, 0x8A, 0xF2, 0x42, 0x57, 0x71, 0xD5, 0xC7, 0x49, 0x7E, 0xA1, 0x4C, 
	0xE8, 0x7D, 0x2B, 0x78, 0x14, 0xF4, 0x97, 0x0A, 0xA8, 0x93, 0x2C, 0x66, 0xDF, 0x6F, 0x45, 0x10, 
	0x7E, 0x97, 0x8A, 0xDD, 0xAE, 0x73, 0x6D, 0xDE, 0xDC, 0x7B, 0xDB, 0x38, 0x74, 0xE2, 0x7B, 0xA8, 
	0x5E, 0x1D, 0xCA, 0xF8, 0x84, 0xC5, 0x7A, 0x10, 0x29, 0x7D, 0x05, 0x9D, 0xC7, 0x55, 0xD9, 0x4A, 
	0xE2, 0xE4, 0x78, 0xF0, 0x6B, 0x3A, 0xC1, 0x43, 0x41, 0x08, 0xB1, 0xC0, 0x53, 0x17, 0xCA, 0xDC, 
	0x19, 0x98, 0x9E, 0xC3, 0xED, 0xD6, 0xBE, 0x68, 0x43, 0xE1, 0x8A, 0x97, 0x40, 0x5D, 0x7E, 0xF1, 
	0x42, 0x4E, 0x63, 0xBD, 0x81, 0x46, 0x1F, 0x3A, 0xE1, 0x42, 0x54, 0xE8, 0xAD, 0xAD, 0x10, 0x28, 
	0x78, 0xFA, 0xD6, 0x4C, 0x67, 0x4D, 0x34, 0xDF, 0xAE, 0xE2, 0xA0, 0xDB, 0xB4, 0x7F, 0xA9, 0xCE, 
	0xB6, 0x5D, 0x1E, 0x50, 0x17, 0x7B, 0xEC, 0x9E, 0xDA, 0x41, 0x85, 0x76, 0x8F, 0xDA, 0xD7, 0xA0, 
	0xAF, 0x49, 0xA0, 0x30, 0x1D, 0xD2, 0x17, 0x33, 0xC0, 0xA2, 0x14, 0x55, 0xBF, 0x22, 0x50, 0x45, 
	0x41, 0x89, 0x3E, 0xF2, 0x72, 0x5F, 0x2E, 0xD8, 0xD0, 0x35, 0x14, 0x59, 0x31, 0x57, 0x5D, 0x14, 
	0x64, 0x7A, 0x2A, 0x6A, 0x63, 0xB3, 0xEA, 0xB8, 0x98, 0x4C, 0x88, 0x33, 0x35, 0x33, 0xC4, 0x90, 
	0x70, 0x7A, 0x51, 0x55, 0xEB, 0xD9, 0x26, 0x57, 0x1C, 0x47, 0x95, 0xED, 0xDE, 0x62, 0x2A, 0x21, 
	0x0A, 0xAF, 0x5E, 0x4B, 0xB8, 0xA0, 0xD0, 0x9D, 0xC9, 0x1E, 0xA8, 0xD4, 0xEF, 0x4B, 0xCF, 0xB0, 
	0x78, 0xB9, 0xCC, 0x4E, 0x3B, 0x6F, 0x80, 0x1E, 0xB5, 0xC7, 0xAB, 0xC8, 0x21, 0xA7, 0x2F, 0x35, 
	0x99, 0x1C, 0x28, 0x4B, 0xCD, 0xDA, 0x33, 0xD6, 0xB8, 0x4D, 0xF2, 0x11, 0x08, 0x53, 0x93, 0x74, 
	0x37, 0xEB, 0x19, 0xF4, 0x0C, 0x31, 0x74, 0xF8, 0x68, 0xE8, 0xBD, 0xC2, 0x8D, 0x96, 0xBD, 0x80, 
	0xD5, 0xC0, 0x65, 0x45, 0x73, 0x3A, 0xC8, 0x44, 0x59, 0x27, 0xD0, 0xC3, 0xB7, 0xF8, 0xA3, 0x6E, 
	0x36, 0xC2, 0x60, 0xE5, 0x35, 0xAA, 0x88, 0xAB, 0x5E, 0x09, 0x29, 0x04, 0xF4, 0xEC, 0xAC, 0xEC, 
	0x21, 0xD5, 0xBD, 0x4B, 0x99, 0x11, 0xEE, 0x4D, 0x58, 0xF5, 0x9E, 0x57, 0x5E, 0x4A, 0xDF, 0xF4, 
	0xA6, 0xEA, 0xDE, 0xCB, 0xC9, 0x0A, 0x9D, 0x92, 0xA1, 0x65, 0x40, 0xF0, 0x73, 0x10, 0x13, 0x47, 
	0x5C, 0xA4, 0xD7, 0xB5, 0x6D, 0x37, 0x4D, 0x46, 0x04, 0x24, 0x78, 0x4D, 0x87, 0xDE, 0xCA, 0x38, 
	0x57, 0x1E, 0xA2, 0xA0, 0x10, 0xC4, 0x2C, 0xDA, 0xD9, 0x66, 0x28, 0x56, 0xED, 0xD9, 0x95, 0x19, 
	0x51, 0x59, 0x41, 0x35, 0x26, 0x1A, 0xD3, 0x5A, 0x49, 0x03, 0x97, 0x84, 0xE8, 0xEE, 0x1B, 0x0D, 
	0xCC, 0x1B, 0xB1, 0xB8, 0x50, 0x39, 0xC6, 0x9B, 0x4C, 0x61, 0xEE, 0x2A, 0xD1, 0xC0, 0x26, 0x96, 
	0x53, 0x3B, 0x60, 0xB5, 0x44, 0xA5, 0x1E, 0x53, 0xC7, 0xF2, 0x14, 0x1D, 0x5D, 0x20, 0xE3, 0x3F, 
	0x40, 0x9B, 0xED, 0xAA, 0x1A, 0xEF, 0xC6, 0x81, 0xDE, 0xD3, 0xAD, 0x99, 0x8C, 0xB2, 0x25, 0xEF, 
	0x54, 0x93, 0x96, 0x7A, 0x52, 0x59, 0xD8, 0xF0, 0xD3, 0x73, 0xB1, 0x87, 0xE3, 0xAA, 0xEF, 0x37, 
	0x66, 0x8F, 0x25, 0x46, 0x11, 0x46, 0x97, 0x21, 0x3E, 0x28, 0x2E, 0x4A, 0x9E, 0x38, 0x59, 0x0D, 
	0xE5, 0xC4, 0x24, 0xEA, 0x23, 0x28, 0x71, 0x95, 0x4B, 0xE3, 0x78, 0x6A, 0xAA, 0x51, 0x23, 0x33, 
	0xC0, 0xC0, 0xF6, 0xC0, 0x18, 0xDF, 0x52, 0xC3, 0xA4, 0xD6, 0x51, 0x13, 0xD2, 0x48, 0x09, 0x71, 
	0x80, 0x21, 0x1E, 0xE7, 0x88, 0x9C, 0x89, 0x81, 0xC0, 0xE1, 0x15, 0xBF, 0x0B, 0x54, 0xDA, 0x58, 
	0x78, 0x14, 0x16, 0x71, 0x1A, 0x24, 0x36, 0x9B, 0xF1, 0x70, 0xB7, 0x0D, 0x1C, 0x68, 0xB9, 0xAC, 
	0xF4, 0x15, 0xA4, 0x81, 0x9D, 0xC3, 0x34, 0xAA, 0x83, 0xDD, 0x30, 0xD6, 0x69, 0x93, 0xFA, 0x64, 
	0x4B, 0x66, 0xF8, 0x2C, 0x43, 0xC7, 0x2D, 0x83, 0xC5, 0x6E, 0x1B, 0x8B, 0x78, 0xC1, 0x84, 0xDD, 
	0xEC, 0xF9, 0xBB, 0xF6, 0xA6, 0x3B, 0xDB, 0xEA, 0x6D, 0x75, 0x5A, 0x39, 0x72, 0x61, 0xB1, 0xEC, 
	0xA8, 0xB8, 0x23, 0xBA, 0xE5, 0x46, 0x49, 0x2C, 0x54, 0x68, 0xE5, 0x64, 0x22, 0xE1, 0xC0, 0x1E, 
	0x9E, 0x60, 0x2D, 0xF4, 0xF1, 0x1A, 0x85, 0xC2, 0x0C, 0x34, 0x1A, 0xA1, 0xF8, 0x9C, 0x9F, 0x6C, 
	0xA2, 0xFB, 0xC6, 0x97, 0x74, 0x5B, 0x3C, 0x03, 0x7A, 0x08, 0x99, 0x68, 0x73, 0xF8, 0x51, 0x15, 
	0x0B, 0xAE, 0xC6, 0x77, 0x16, 0xEE, 0x79, 0x94, 0x8D, 0xC0, 0xC9, 0x4B, 0xE9, 0xA8, 0xC6, 0xF6, 
	0x11, 0x38, 0x31, 0x29, 0x81, 0x8A, 0xF5, 0x4C, 0xC8, 0xDA, 0x92, 0xE0, 0xFB, 0xB3, 0x5E, 0x62, 
	0xB0, 0x87, 0x41, 0x88, 0xB4, 0x23, 0x52, 0x7C, 0xD9, 0xC3, 0xB7, 0x78, 0x69, 0x77, 0x99, 0x90, 
	0x38, 0x70, 0x87, 0x54, 0xDB, 0xC3, 0xEF, 0xFC, 0x79, 0x9C, 0xF1, 0x65, 0x66, 0x34, 0x91, 0x60, 
	0xD4, 0x60, 0x2B, 0xB6, 0xB6, 0x3A, 0x47, 0x66, 0x7C, 0xDF, 0x19, 0xD7, 0xAC, 0x8A, 0xEC, 0xE8, 
	0x43, 0xB6, 0xD4, 0x33, 0x72, 0x7A, 0xEC, 0xF3, 0x50, 0xF5, 0xF8, 0xA9, 0x8A, 0x44, 0x09, 0x23, 
	0x5E, 0xC7, 0x0E, 0xBF, 0x1A, 0x7A, 0xCF, 0x0B, 0x93, 0xDC, 0xEF, 0x7B, 0x22, 0xD0, 0x11, 0x80, 
	0xD2, 0x33, 0x0E, 0x19, 0x52, 0xB2, 0x39, 0xBA, 0xCF, 0xB6, 0xA8, 0xCA, 0x67, 0x25, 0x20, 0x96, 
	0xD2, 0x7A, 0x40, 0xAE, 0xF1, 0xC1, 0xE2, 0xC8, 0x10, 0x70, 0x5B, 0x72, 0x58, 0xE6, 0x8E, 0xB1, 
	0x64, 0xE1, 0x13, 0xBF, 0xBC, 0x08, 0x55, 0xB9, 0x3A, 0x84, 0xF2, 0x38, 0x1B, 0x9A, 0xBB, 0x76, 
	0x69, 0xF7, 0x2B, 0xC8, 0xAC, 0x4A, 0xC9, 0xF4, 0x4D, 0x68, 0x3A, 0x57, 0x13, 0xD0, 0x86, 0x83, 
	0xE0, 0x1F, 0x8D, 0x2D, 0x12, 0x66, 0x6A, 0x15, 0x43, 0x42, 0xC1, 0x7C, 0xF8, 0x1A, 0x1F, 0x22, 
	0xEF, 0x19, 0xDF, 0xB7, 0xB0, 0xE7, 0x59, 0x97, 0x79, 0x8D, 0x5D, 0xEA, 0x34, 0x34, 0x69, 0xCB, 
	0x19, 0xE0, 0x56, 0x79, 0xDA, 0x91, 0xD5, 0xAB, 0x7E, 0xB5, 0xDA, 0x97, 0x85, 0x51, 0xED, 0xE6, 
	0x11, 0x5F, 0xAF, 0x48, 0xA0, 0x0E, 0x8C, 0x83, 0x6D, 0xB6, 0x80, 0x4E, 0xB0, 0x25, 0x22, 0x3B, 
	0x3E, 0x97, 0xD5, 0x46, 0xD4, 0x92, 0x7D, 0x3B, 0xF3, 0xC4, 0xE3, 0xB8, 0x50, 0xBB, 0x53, 0xC2, 
	0xC2, 0xB3, 0x8A, 0xA1, 0x52, 0x84, 0x20, 0x47, 0x95, 0xC9, 0x48, 0xBF, 0xDB, 0x48, 0xE6, 0x3C, 
	0x68, 0x6B, 0xA4, 0x48, 0xDA, 0x20, 0x93, 0x40, 0x8A, 0x48, 0x75, 0x5F, 0x1E, 0x4E, 0xA3, 0x93, 
	0xF6, 0xC8, 0x5D, 0x42, 0x9D, 0xD2, 0xE3, 0x53, 0x1E, 0xA5, 0x37, 0xF4, 0xFE, 0xCF, 0x80, 0xE6, 
	0x45, 0xA1, 0x25, 0x96, 0xF1, 0x5F, 0xCF, 0xF9, 0xA6, 0x32, 0x12, 0x4E, 0xDA, 0x77, 0xDF, 0xE1, 
	0x35, 0x68, 0xF7, 0xD9, 0xB5, 0xE6, 0x4E, 0xB3, 0xB9, 0x4C, 0xBB, 0xDD, 0xA0, 0x79, 0xE3, 0x5F, 
	0x0C, 0x93, 0x90, 0xA1, 0x4A, 0x11, 0x3F, 0x7D, 0x56, 0x6B, 0x1C, 0x98, 0xB2, 0x2C, 0x4C, 0x13, 
	0x79, 0x74, 0x38, 0x65, 0xC3, 0x45, 0x0E, 0x76, 0xDB, 0x9B, 0x49, 0x98, 0x66, 0x82, 0xAB, 0x47, 
	0xBC, 0xA1, 0x2F, 0xF2, 0x30, 0x77, 0x5A, 0x9C, 0x67, 0xF7, 0xDD, 0x9C, 0xCF, 0xEB, 0x9B, 0x4B, 
	0xB2, 0xC0, 0xA9, 0x3A, 0x44, 0xDB, 0x64, 0x50, 0xA1, 0x9D, 0x0B, 0xA6, 0x29, 0xB2, 0xB4, 0x38, 
	0x0B, 0x1A, 0x0B, 0x8D, 0x1A, 0x62, 0xF5, 0xF7, 0x45, 0xDF, 0x95, 0xDE, 0xA5, 0xD1, 0xDE, 0x79, 
	0x4F, 0x36, 0xE0, 0xD4, 0xBD, 0x60, 0xCF, 0xB5, 0xC4, 0x60, 0x2A, 0xCE, 0xD8, 0x6B, 0x4D, 0x79, 
	0x29, 0x71, 0x38, 0x99, 0xB2, 0x2A, 0x70, 0xE7, 0xEF, 0x38, 0x56, 0x5C, 0xAF, 0x72, 0xA2, 0x53, 
	0x5B, 0xBB, 0x6E, 0x1C, 0xDD, 0xC6, 0x6E, 0xEE, 0xAA, 0xE2, 0xC2, 0x25, 0x9E, 0x68, 0x2D, 0x37, 
	0x09, 0x1C, 0x93, 0x95, 0xCE, 0x92, 0x72, 0xA9, 0x3A, 0xE6, 0x3B, 0x38, 0xB6, 0xD9, 0xD4, 0x5C, 
	0xA3, 0x58, 0x8F, 0x2A, 0x9D, 0xBA, 0x87, 0x23, 0x56, 0x50, 0xC5, 0xD9, 0xD1, 0x1F, 0x6C, 0x4C, 
	0x45, 0x8B, 0x0B, 0x3E, 0x5E, 0x0E, 0x0C, 0x27, 0x6C, 0x3F, 0x14, 0xE0, 0x9D, 0xBB, 0xC1, 0xD0, 
	0x9A, 0xEE, 0xA7, 0x64, 0xF5, 0x6B, 0xEC, 0x17, 0x89, 0xB9, 0x2C, 0x9C, 0xCF, 0x68, 0xA0, 0x63, 
	0x22, 0x48, 0x3A, 0xA3, 0x7F, 0x7E, 0xC4, 0x28, 0xA2, 0x43, 0xC6, 0x35, 0x53, 0x40, 0x28, 0xC6, 
	0x4A, 0x9A, 0xD0, 0x7F, 0x24, 0x6D, 0xE1, 0x67, 0xA3, 0x52, 0x9A, 0x59, 0x42, 0xB5, 0xB3, 0xE6, 
	0x82, 0xD4, 0xD8, 0x2A, 0x6C, 0x5F, 0x8A, 0x1F, 0x8B, 0x25, 0x1E, 0x0F, 0x19, 0x18, 0x26, 0x22, 
	0x65, 0x63, 0x36, 0x69, 0x69, 0x18, 0xF4, 0x88, 0xA4, 0x3E, 0xDC, 0x2B, 0xDA, 0x1C, 0xED, 0x2A, 
	0xE6, 0xCC, 0x72, 0x4B, 0x9D, 0xA5, 0xAA, 0x63, 0x80, 0x18, 0xA8, 0xD3, 0x47, 0x80, 0x50, 0x6C, 
	0x66, 0x5A, 0xC6, 0x76, 0x5A, 0x11, 0x3E, 0x9E, 0x3F, 0xAF, 0x93, 0x7B, 0x9D, 0xED, 0x36, 0x0D, 
	0xA4, 0xBA, 0x72, 0x07, 0xA0, 0xD2, 0xDA, 0x11, 0x7A, 0x55, 0x0E, 0x19, 0x45, 0x43, 0x8B, 0x1D, 
	0x47, 0x99, 0x7F, 0x1D, 0x90, 0xA3, 0x1F, 0xB3, 0xB9, 0xF9, 0x33, 0x15, 0x84, 0x5A, 0x7D, 0x72, 
	0x91, 0x4E, 0x38, 0x76, 0x41, 0xEE, 0x47, 0xE7, 0x38, 0x26, 0xA4, 0xB9, 0xD4, 0xA8, 0x47, 0x4F, 
	0xC0, 0x57, 0x1F, 0x2B, 0xE8, 0xA9, 0x60, 0x87, 0x26, 0x57, 0x1A, 0xEA, 0xDE, 0xDC, 0x7C, 0xE3, 
	0x33, 0x23, 0x0C, 0x1E, 0x4A, 0x99, 0x64, 0xB4, 0xE6, 0xD3, 0xE9, 0xDC, 0xB9, 0x83, 0x33, 0x0C, 
	0x34, 0xA4, 0x62, 0xC0, 0x67, 0x69, 0x4A, 0x95, 0x1D, 0x1B, 0xA4, 0x64, 0xF6, 0x99, 0x17, 0xC0, 
	0xA6, 0xF1, 0x1F, 0xAC, 0xDA, 0xE3, 0x39, 0xCB, 0xA1, 0xAE, 0x16, 0xE2, 0xE6, 0x37, 0x7B, 0x0E, 
	0x9A, 0xD2, 0xE6, 0x4A, 0x10, 0xC3, 0x85, 0x3D, 0xE2, 0x9C, 0x24, 0xE8, 0x77, 0x25, 0xA5, 0x3A, 
	0xD2, 0x7D, 0x6C, 0x39, 0x23, 0x68, 0x0D, 0x6D, 0xF2, 0x1F, 0x48, 0x9C, 0x80, 0x93, 0xC1, 0xD0, 
	0xAF, 0x1A, 0x39, 0x4F, 0x39, 0x34, 0x18, 0x81, 0x8B, 0x36, 0x91, 0x7B, 0xEA, 0xAD, 0x10, 0x1A, 
	0x43, 0x71, 0x0D, 0xED, 0x81, 0x61, 0xA5, 0x93, 0x40, 0x69, 0xAC, 0xF4, 0xCA, 0x25, 0xEF, 0xB3, 
	0xB2, 0xAA, 0xC9, 0xD8, 0x58, 0x8E, 0x7C, 0x5F, 0x9A, 0x51, 0x1B, 0x20, 0x4E, 0xDB, 0x63, 0x2D, 
	0x13, 0xA3, 0xCF, 0x8A, 0x70, 0x72, 0x3B, 0xF2, 0x62, 0x1C, 0x3C, 0x37, 0x32, 0xB9, 0x83, 0xBD, 
	0xAB, 0xE3, 0xEE, 0x21, 0xEE, 0x5E, 0x8B, 0x6A, 0x62, 0x5B, 0x98, 0x50, 0x94, 0xF8, 0x46, 0xDA, 
	0x17, 0xE7, 0x95, 0xC2, 0xA6, 0xDB, 0x52, 0x36, 0xEA, 0x97, 0xD7, 0xEB, 0x57, 0xEF, 0x31, 0xD5, 
	0x40, 0x1E, 0xDF, 0x8F, 0xE1, 0x8C, 0x90, 0x1E, 0xC2, 0xD1, 0xF4, 0xB4, 0xEC, 0xC0, 0xAB, 0x81, 
	0xB0, 0x24, 0xF4, 0xD2, 0xF4, 0x6A, 0xD5, 0x9B, 0x43, 0x56, 0x54, 0xE7, 0xE4, 0xC6, 0x2A, 0xA9, 
	0xAA, 0xAB, 0xDB, 0xFA, 0x10, 0xA1, 0x37, 0xA2, 0x6A, 0x34, 0xE3, 0x4E, 0xA4, 0x70, 0x0D, 0x10, 
	0x1C, 0x16, 0xAA, 0x1E, 0x58, 0x50, 0x45, 0x42, 0x2F, 0xDD, 0x65, 0x5A, 0xCD, 0xBA, 0x11, 0x9D, 
	0xED, 0xF6, 0xE1, 0x7C, 0x6A, 0xC0, 0x8A, 0x19, 0x77, 0x06, 0x24, 0x50, 0x40, 0xD5, 0x30, 0x65, 
	0x19, 0xBA, 0x36, 0x4E, 0xF3, 0x79, 0x57, 0x17, 0x4D, 0xC4, 0x9F, 0x95, 0x30, 0xDF, 0xE0, 0xF3, 
	0xAC, 0x6F, 0xE1, 0x5E, 0x4A, 0x73, 0x13, 0x26, 0xE0, 0xD0, 0x3E, 0x58, 0x56, 0x60, 0x42, 0x21, 
	0x0E, 0x10, 0xDE, 0x76, 0x25, 0x29, 0x3B, 0xB8, 0xDB, 0x9A, 0x92, 0x50, 0x25, 0xE2, 0x1B, 0x97, 
	0x1B, 0x7E, 0xCF, 0x44, 0x07, 0xCF, 0xAD, 0x76, 0x41, 0x35, 0x96, 0x35, 0xB2, 0xDA, 0xF0, 0x9F, 
	0x20, 0xF3, 0x32, 0xBD, 0x49, 0x52, 0x90, 0xB1, 0xB8, 0xE8, 0xAE, 0x7B, 0x1F, 0xDF, 0x77, 0x66, 
	0x25, 0xB0, 0x6E, 0x13, 0x23, 0x8E, 0xAB, 0x54, 0xAD, 0xCE, 0xB1, 0xEE, 0x5D, 0xB3, 0x45, 0x08, 
	0xF2, 0x8D, 0x38, 0xC9, 0xFB, 0x62, 0x5A, 0x32, 0x68, 0x67, 0x42, 0x55, 0x95, 0x8C, 0x3F, 0xD7, 
	0x69, 0x8B, 0x63, 0xF5, 0x60, 0xD0, 0xC5, 0xDE, 0x28, 0x46, 0xBD, 0xF9, 0x54, 0xDB, 0x9F, 0x54, 
	0x1E, 0xB5, 0x31, 0x68, 0x18, 0x33, 0xF2, 0x42, 0x28, 0xB0, 0x8F, 0x6B, 0x4A, 0x0D, 0x11, 0x58, 
	0x17, 0x8D, 0x4E, 0x7A, 0x7C, 0x56, 0x15, 0x09, 0x0F, 0x49, 0x08, 0xF1, 0xDE, 0xD4, 0xDD, 0x3F, 
	0x84, 0xA8, 0x20, 0xAA, 0x76, 0x5A, 0x48, 0x9B, 0xC3, 0x8F, 0xB9, 0x84, 0x09, 0x1F, 0xF4, 0xFD, 
	0x22, 0x5A, 0xA8, 0x53, 0x8B, 0x51, 0x1D, 0x79, 0xAA, 0x94, 0x91, 0xDE, 0x77, 0x8D, 0x46, 0x3E, 
	0xEE, 0x6F, 0xEE, 0x0E, 0x30, 0xC4, 0x7A, 0xED, 0xC8, 0xA7, 0xD4, 0xB6, 0xC7, 0x19, 0x71, 0xA8, 
	0xF7, 0x8F, 0xE4, 0x82, 0xB4, 0x8D, 0xC7, 0xB7, 0xCD, 0xDD, 0x6D, 0xE3, 0xA2, 0x99, 0x75, 0xAC, 
	0xC8, 0x25, 0x92, 0x17, 0x84, 0x19, 0x2A, 0x8D, 0x59, 0xC0, 0xD3, 0x65, 0xB8, 0xAB, 0x56, 0x15, 
	0xE6, 0xC1, 0x56, 0x58, 0x47, 0x56, 0x75, 0xEF, 0xF0, 0xF3, 0x7A, 0x91, 0x23, 0x06, 0x78, 0x99, 
	0x0D, 0xE5, 0xC7, 0xCD, 0xDE, 0x4F, 0x6D, 0x9E, 0x49, 0xB0, 0x94, 0x2E, 0x2D, 0x3F, 0xD1, 0xAC, 
	0xD0, 0xAC, 0x27, 0x71, 0xB3, 0x8B, 0xD8, 0x47, 0x3A, 0x9E, 0x89, 0xA5, 0xCF, 0x6E, 0xD4, 0xDE, 
	0x65, 0x13, 0x2C, 0x70, 0xBD, 0x09, 0xA8, 0x14, 0x0D, 0x46, 0xD3, 0xFD, 0x98, 0xAC, 0xB0, 0xB2, 
	0x2C, 0xF5, 0x7B, 0xB1, 0xA7, 0x82, 0x24, 0x68, 0x77, 0xBF, 0x62, 0x3B, 0xBD, 0xE6, 0x6A, 0x1F, 
	0x29, 0xB1, 0x64, 0x85, 0xDE, 0x66, 0xC5, 0x8F, 0xCC, 0x61, 0x57, 0x18, 0x89, 0x58, 0xE9, 0x38, 
	0x18, 0x77, 0x58, 0x3F, 0xD9, 0x2B, 0xC9, 0x16, 0x1F, 0x32, 0x92, 0xA3, 0x2C, 0x29, 0x64, 0xBB, 
	0x69, 0x2C, 0xD5, 0xD2, 0x28, 0x12, 0xF3, 0x9E, 0x57, 0xCE, 0xA1, 0xE9, 0xE2, 0x31, 0x12, 0xEA, 
	0x7D, 0xE0, 0xB8, 0x84, 0x56, 0xD8, 0xE0, 0x8C, 0x52, 0xD5, 0xBE, 0x8A, 0x59, 0x5B, 0x8D, 0xF5, 
	0xBE, 0xAF, 0x0D, 0x68, 0x7E, 0x47, 0xEB, 0x80, 0x14, 0x93, 0x35, 0x47, 0x7C, 0x98, 0xF3, 0x98, 
	0xC4, 0x10, 0x67, 0x39, 0x1B, 0xA3, 0xAE, 0x0B, 0xC4, 0xAB, 0x48, 0xC9, 0xD4, 0x3E, 0xED, 0xC8, 
	0x7D, 0x95, 0x2B, 0xA9, 0x31, 0xB0, 0xBA, 0x43, 0x1B, 0x99, 0x74, 0x39, 0x76, 0xA0, 0xEA, 0x74, 
	0x26, 0xB5, 0x3B, 0x5E, 0x71, 0x06, 0x01, 0x6C, 0x09, 0x91, 0x85, 0xAA, 0x50, 0xF7, 0x22, 0xE0, 
	0x9B, 0x40, 0x71, 0x40, 0x78, 0xA6, 0xCE, 0xB5, 0x3A, 0xDB, 0xB3, 0x16, 0x12, 0xC2, 0xA7, 0xAC, 
	0x5E, 0xD7, 0xBE, 0x46, 0xC1, 0xED, 0x0C, 0x84, 0x11, 0x9B, 0xBF, 0x98, 0x90, 0x7A, 0xDA, 0xEB, 
	0xB9, 0x08, 0x0A, 0x06, 0xDF, 0xE3, 0x1C, 0x79, 0xC5, 0x6A, 0x28, 0x6A, 0xAC, 0x22, 0x3C, 0x39, 
	0xDB, 0x55, 0x90, 0x6E, 0xA4, 0xFA, 0x4F, 0xC7, 0xA4, 0xCF, 0x2A, 0x51, 0x97, 0xF3, 0x9A, 0x27, 
	0x1D, 0x4B, 0xE6, 0x41, 0x1B, 0xB5, 0xCB, 0xFC, 0xEA, 0x3D, 0xE3, 0x40, 0xD8, 0x33, 0x34, 0xC7, 
	0xD3, 0x0A, 0x2C, 0xB2, 0xCA, 0x4C, 0xCA, 0x88, 0x2F, 0x35, 0xB7, 0xE7, 0x91, 0x53, 0xF1, 0xA8, 
	0xB9, 0x94, 0x0E, 0x53, 0xD4, 0x14, 0xA6, 0x65, 0x50, 0x62, 0x0B, 0x98, 0x5A, 0x19, 0x74, 0xE4, 
	0xF2, 0xE8, 0xEE, 0x4D, 0x18, 0x62, 0xF9, 0xC4, 0xB6, 0xE2, 0x8C, 0xAA, 0xB3, 0xE3, 0x2B, 0x57, 
	0x28, 0x49, 0x32, 0x20, 0x1F, 0x34, 0xC7, 0xA0, 0x5E, 0x0F, 0x67, 0x18, 0xEE, 0x85, 0x5D, 0xCC, 
	0xAC, 0x09, 0x1C, 0x78, 0x8C, 0x83, 0xA2, 0x60, 0xF0, 0xFD, 0x6F, 0x37, 0x7C, 0x9E, 0x9D, 0xE5, 
	0xA3, 0xF3, 0x2B, 0x9A, 0x0C, 0x20, 0xAA, 0x73, 0x1C, 0x4F, 0xE4, 0x5F, 0xC2, 0x97, 0x99, 0x95, 
	0x16, 0x50, 0xE3, 0x15, 0x5F, 0x4C, 0xE9, 0xF7, 0x53, 0xA6, 0x2D, 0x63, 0x8B, 0xE9, 0x5D, 0xC1, 
	0x18, 0x1F, 0x7C, 0x2F, 0xCA, 0x49, 0x3F, 0x5B, 0x38, 0x5E, 0x45, 0x6F, 0xED, 0x14, 0x51, 0x0E, 
	0xD5, 0xE7, 0x72, 0xE6, 0xEF, 0xF5, 0x88, 0xF4, 0xBD, 0x1F, 0x72, 0x68, 0x9B, 0xC7, 0xA7, 0x32, 
	0x07, 0x54, 0xD2, 0x64, 0xE8, 0x99, 0xC6, 0xB1, 0x18, 0x66, 0x22, 0xA5, 0xD0, 0x24, 0x17, 0xCB, 
	0x7C, 0xD4, 0xA8, 0x5F, 0xAF, 0x45, 0x60, 0x91, 0xEC, 0x82, 0xEA, 0xB0, 0x9C, 0xB0, 0x4D, 0x21, 
	0xB1, 0x3C, 0x98, 0x23, 0xEA, 0x9E, 0x0D, 0x7A, 0xA6, 0xAB, 0x0E, 0x95, 0xE0, 0x91, 0xD2, 0x58, 
	0xE4, 0x46, 0x7A, 0xDF, 0x5D, 0x71, 0xF2, 0xC0, 0x48, 0x1E, 0x15, 0xE8, 0x9D, 0xAE, 0x6C, 0x69, 
	0x0A, 0x5C, 0x2B, 0x8F, 0x9A, 0x60, 0x1E, 0xA1, 0xA6, 0x6B, 0x73, 0x26, 0xC6, 0xAD, 0xE7, 0xBC, 
	0xE6, 0x4B, 0xBD, 0x59, 0xA8, 0x5D, 0x1F, 0x3A, 0xAB, 0x3E, 0x4F, 0x35, 0xCC, 0x58, 0x91, 0x9B, 
	0x7A, 0x7A, 0xC1, 0x3A, 0xC3, 0x72, 0x8D, 0xC9, 0x61, 0xE5, 0xC4, 0x68, 0x5F, 0x4C, 0x1A, 0xF5, 
	0xCD, 0x1A, 0x2C, 0xBE, 0xA9, 0x4F, 0x0E, 0x8E, 0xDA, 0x2E, 0xEC, 0xC2, 0xAA, 0xB4, 0xC0, 0x1A, 
	0x3D, 0x39, 0x94, 0xBA, 0x8F, 0xE5, 0x59, 0x5B, 0xBF, 0x89, 0x3E, 0xC8, 0x90, 0xC5, 0x8D, 0xDD, 
	0x9D, 0xDC, 0x64, 0x92, 0x71, 0x2A, 0x67, 0x1B, 0x18, 0x37, 0x3B, 0x27, 0xA2, 0x76, 0x50, 0xEA, 
	0x38, 0x54, 0xB5, 0x33, 0x1B, 0x6B, 0xBB, 0x8C, 0x7F, 0x96, 0x0F, 0x17, 0x74, 0x0A, 0xCD, 0xE5, 
	0xFD, 0xEB, 0xDF, 0x70, 0x4A, 0x52, 0x46, 0xD9, 0x5B, 0xCB, 0x4C, 0x42, 0x7F, 0xB9, 0x0C, 0x20, 
	0xC4, 0x91, 0x29, 0xCE, 0xCC, 0x32, 0x92, 0x56, 0xD1, 0x83, 0x47, 0x3D, 0x65, 0x71, 0xED, 0x64, 
	0x4D, 0x74, 0x21, 0x39, 0xA0, 0xBB, 0x19, 0xC5, 0x3A, 0x53, 0x23, 0x33, 0x11, 0x38, 0x13, 0x53, 
	0x3B, 0xAC, 0xBB, 0x4D, 0x2A, 0xC9, 0x09, 0x7A, 0xBA, 0xAC, 0xE7, 0x89, 0xC3, 0x08, 0x43, 0x5E, 
	0x7D, 0xCE, 0x76, 0x3A, 0x1D, 0xD3, 0xAF, 0x8A, 0xF4, 0x3C, 0xB6, 0x69, 0x57, 0x29, 0x0E, 0x0B, 
	0x48, 0x89, 0x50, 0x60, 0xD5, 0x9B, 0x8F, 0x97, 0xC9, 0x90, 0xDD, 0x81, 0x31, 0x2D, 0x95, 0xC6, 
	0x40, 0x51, 0x1F, 0xDB, 0x74, 0xAA, 0x61, 0x82, 0x90, 0xE3, 0xF1, 0x8E, 0x7F, 0x47, 0xEF, 0x86, 
	0x75, 0xF3, 0x91, 0x47, 0xB3, 0x49, 0x3B, 0xEA, 0x4A, 0x9E, 0xF2, 0xFB, 0x62, 0xF5, 0x2B, 0x3F, 
	0xC3, 0x59, 0x48, 0x0A, 0x81, 0xB4, 0xCD, 0xF4, 0x97, 0xE9, 0x88, 0x99, 0xD9, 0xD9, 0x3B, 0xC0, 
	0xD5, 0xDA, 0x1E, 0x58, 0xBA, 0x27, 0x62, 0xA9, 0x14, 0x67, 0xDB, 0x26, 0x36, 0xF2, 0x7E, 0x38, 
	0x22, 0x3D, 0x02, 0xA9, 0x76, 0x0D, 0x14, 0xD7, 0x42, 0xC7, 0x25, 0xCF, 0xE7, 0xB9, 0x96, 0xA9, 
	0x3E, 0x19, 0x68, 0x5D, 0x13, 0xF4, 0xD8, 0xAC, 0xBC, 0x78, 0x40, 0x49, 0xC8, 0x43, 0x9E, 0xDB, 
	0xDB, 0x80, 0x42, 0x39, 0x6B, 0x3B, 0xA9, 0x13, 0x6C, 0x19, 0x4E, 0xC7, 0x4C, 0x36, 0x4F, 0xC3, 
	0x14, 0x9D, 0xF8, 0x4B, 0xF3, 0x40, 0xBC, 0x9A, 0x8B, 0x55, 0x91, 0x31, 0x55, 0x5F, 0x0B, 0x39, 
	0x3D, 0x81, 0xE1, 0x46, 0xD0, 0x69, 0x7F, 0x10, 0xB7, 0x63, 0x93, 0x4E, 0xBD, 0x3A, 0x08, 0x7F, 
	0x68, 0x76, 0x1E, 0x50, 0xEB, 0xB2, 0xBD, 0xEB, 0x5E, 0x9C, 0x54, 0xB8, 0x36, 0x82, 0x7E, 0x16, 
	0x2F, 0xCD, 0xBB, 0xAB, 0x3A, 0x33, 0xCF, 0x3B, 0x5C, 0x49, 0x50, 0x6B, 0x4D, 0x1F, 0xB5, 0x11, 
	0x09, 0x8E, 0x08, 0x16, 0x8F, 0xCD, 0xCC, 0xE2, 0xB1, 0xFB, 0xCE, 0x3E, 0xDA, 0x62, 0x41, 0xEA, 
	0x51, 0xE9, 0x73, 0xAA, 0x40, 0xCC, 0x6C, 0xA7, 0x2E, 0x75, 0xC7, 0x95, 0x06, 0xD6, 0xE0, 0x50, 
	0x59, 0x06, 0xCF, 0x68, 0xA2, 0x8C, 0x59, 0x7F, 0xBE, 0x23, 0x40, 0x25, 0x19, 0x18, 0xE5, 0x39, 
	0xC0, 0x69, 0x97, 0xBA, 0xC1, 0xF6, 0x57, 0x53, 0xA4, 0x9F, 0x3A, 0x66, 0x23, 0xEA, 0x54, 0x04, 
	0x64, 0xCF, 0xAA, 0x59, 0x14, 0x59, 0x30, 0x8F, 0x69, 0xA7, 0xD6, 0x55, 0xA8, 0x77, 0x96, 0xEB, 
	0x8B, 0xC7, 0xBC, 0x9A, 0xC6, 0xE2, 0x1E, 0xDA, 0x0F, 0x6F, 0xA9, 0xDC, 0x1F, 0x56, 0x41, 0xAA, 
	0xEB, 0x2C, 0x64, 0x50, 0xE5, 0x4B, 0x89, 0xAC, 0x29, 0x62, 0x9C, 0xCC, 0x9D, 0xB5, 0xAD, 0x18, 
	0x18, 0xB4, 0x41, 0x4A, 0x75, 0x5C, 0xA0, 0xCD, 0x22, 0xAE, 0x35, 0x2F, 0x74, 0x98, 0x61, 0x9F, 
	0x4C, 0x13, 0xE5, 0xFC, 0x79, 0xCB, 0x18, 0x2D, 0x20, 0x0F, 0x85, 0x06, 0x0B, 0xA3, 0x11, 0x46, 
	0xA9, 0xDC, 0x71, 0x24, 0x20, 0xA6, 0x53, 0x5B, 0x62, 0x2D, 0xA5, 0xD9, 0xF9, 0xC7, 0xBB, 0xE9, 
	0x84, 0xC2, 0x0D, 0x50, 0x0F, 0x0D, 0xBC, 0x3E, 0x2D, 0x71, 0x79, 0x89, 0x4E, 0x9F, 0xEE, 0x14, 
	0x22, 0xD8, 0x87, 0xB3, 0x40, 0xA9, 0xD6, 0x93, 0x09, 0x9D, 0xEC, 0xB0, 0x87, 0x74, 0xC5, 0x6A, 
	0x45, 0x70, 0x56, 0x8A, 0x45, 0x95, 0x1F, 0xB4, 0xC3, 0x6B, 0x35, 0x58, 0xCD, 0x82, 0x13, 0x91, 
	0xF7, 0x7D, 0xA1, 0xE2, 0x6D, 0xBB, 0x64, 0x3F, 0xC4, 0xF6, 0xBA, 0xB8, 0x27, 0xBF, 0x6D, 0xB1, 
	0xE9, 0x58, 0x73, 0x30, 0xC2, 0x98, 0xE6, 0x6E, 0x0C, 0xBC, 0x67, 0xA2, 0x43, 0x9D, 0x76, 0xED, 
	0x69, 0x60, 0xCC, 0xD9, 0x75, 0xC0, 0x7A, 0xF6, 0x36, 0x09, 0x9F, 0x57, 0x03, 0x5F, 0xDD, 0x48, 
	0x76, 0xA2, 0xDB, 0x0B, 0x7A, 0xAD, 0x76, 0xBC, 0xC2, 0x72, 0x9F, 0xE7, 0x5D, 0xF0, 0xA1, 0xEB, 
	0x35, 0x5D, 0xF7, 0x0D, 0x43, 0x2D, 0x11, 0x2B, 0x49, 0xB3, 0x48, 0x25, 0x79, 0x7D, 0xE0, 0x48, 
	0x8C, 0xB1, 0xF2, 0x26, 0x65, 0x18, 0x60, 0x08, 0x5F, 0x51, 0x69, 0xE9, 0x13, 0xEA, 0x73, 0x24, 
	0xCD, 0x49, 0x06, 0x17, 0xF4, 0xEE, 0x8E, 0xF3, 0xE7, 0xF8, 0x0D, 0x10, 0x1A, 0xC4, 0x88, 0xAB, 
	0x83, 0xCD, 0x10, 0xD3, 0xB2, 0x85, 0xC4, 0x49, 0x09, 0x5B, 0x28, 0xB9, 0x71, 0x92, 0x34, 0xDF, 
	0x83, 0xDC, 0xA2, 0x1E, 0xD3, 0x8B, 0xA6, 0x53, 0x6E, 0xBF, 0x43, 0x4B, 0x81, 0x8E, 0x48, 0x48, 
	0x45, 0x54, 0x49, 0xDA, 0xAF, 0x3F, 0x1C, 0x4F, 0x69, 0x92, 0x26, 0xAE, 0xC0, 0x60, 0x94, 0x6B, 
	0xF0, 0x1E, 0x78, 0x4F, 0x47, 0x03, 0x91, 0xE8, 0xF9, 0x1D, 0x35, 0x4F, 0x88, 0x8F, 0x10, 0x97, 
	0x7D, 0xA1, 0xD1, 0x21, 0xD3, 0x0F, 0x3A, 0xC6, 0xF9, 0xF3, 0x97, 0x6C, 0x6A, 0x58, 0xB9, 0x98, 
	0xAC, 0xC4, 0x2E, 0x44, 0xCA, 0xE3, 0xED, 0x55, 0x46, 0xEC, 0x21, 0xD8, 0x32, 0x1D, 0x23, 0x02, 
	0x67, 0x24, 0xA8, 0xB7, 0xDC, 0x40, 0x74, 0x1C, 0xC2, 0x8A, 0x97, 0xC4, 0xF6, 0x26, 0x27, 0x25, 
	0xBA, 0xDD, 0x24, 0xD1, 0x36, 0x4B, 0xA5, 0xBD, 0xB6, 0x74, 0xED, 0x0E, 0x7F, 0x14, 0x47, 0x87, 
	0x0A, 0x41, 0xBD, 0x3D, 0x7F, 0xAB, 0x7D, 0x62, 0x8E, 0x66, 0x39, 0xEE, 0x2A, 0xBF, 0xBF, 0x95, 
	0xF1, 0x5F, 0xB3, 0x2D, 0x45, 0xCE, 0x33, 0x4D, 0x59, 0xA2, 0xC0, 0x16, 0xDB, 0xC9, 0x9B, 0x24, 
	0xD6, 0x86, 0xE2, 0x64, 0xBA, 0xC3, 0x66, 0x9B, 0xAE, 0xA7, 0x61, 0x70, 0xC1, 0xF6, 0xDA, 0x31, 
	0xAE, 0x33, 0x41, 0x95, 0x22, 0x9F, 0x4A, 0xCF, 0xE5, 0xB0, 0x6A, 0x96, 0xBA, 0x36, 0x96, 0x6B, 
	0x3A, 0x5E, 0xD0, 0x3D, 0xA7, 0x6B, 0xAA, 0x8A, 0x33, 0x6D, 0xDE, 0xF2, 0xE8, 0xE1, 0x36, 0xEC, 
	0x1C, 0x61, 0xE7, 0xDD, 0xE3, 0x6F, 0x2F, 0xED, 0xBA, 0xB2, 0xAC, 0x86, 0xA5, 0xB5, 0x41, 0xD5, 
	0xF8, 0x6A, 0x35, 0x16, 0x8C, 0x12, 0x42, 0xA3, 0xC3, 0xE9, 0x89, 0x84, 0xB8, 0x38, 0xDB, 0xCD, 
	0xCB, 0x12, 0xC8, 0xEA, 0xF2, 0x62, 0x79, 0x1B, 0xCE, 0xE1, 0x4A, 0xF5, 0x6C, 0x53, 0xD0, 0xB3, 
	0xB2, 0x27, 0x87, 0x94, 0xD7, 0xAD, 0x7B, 0x4A, 0xC1, 0x52, 0xE2, 0x75, 0x91, 0x2E, 0x7E, 0x52, 
	0x43, 0x34, 0xE3, 0x0E, 0xC4, 0x3E, 0x35, 0x69, 0xE7, 0x79, 0xC4, 0x76, 0xE1, 0x8A, 0x2B, 0xE4, 
	0x9D, 0x34, 0x52, 0x96, 0x22, 0xC0, 0x0D, 0x7A, 0x3B, 0xCA, 0x9F, 0x51, 0xE7, 0x90, 0xF9, 0xE7, 
	0x87, 0xFA, 0x2F, 0xAB, 0x1D, 0x43, 0xC4, 0xE9, 0x59, 0xA5, 0xB8, 0xA1, 0x3C, 0x58, 0x56, 0x59, 
	0x8E, 0x34, 0xDE, 0x55, 0x17, 0x65, 0x0D, 0x26, 0xBB, 0xB8, 0x1F, 0xF1, 0x7A, 0xA3, 0xB2, 0xBD, 
	0x46, 0x8D, 0x54, 0xB9, 0xA5, 0x54, 0x12, 0x54, 0x09, 0xBF, 0x86, 0x86, 0x96, 0x5F, 0xEB, 0x8D, 
	0x21, 0xC7, 0x8B, 0x2E, 0xA0, 0x29, 0x10, 0xDE, 0xB8, 0x54, 0xB3, 0x9E, 0xF0, 0x50, 0x63, 0xC8, 
	0xD6, 0x1F, 0x25, 0x43, 0x6A, 0xAF, 0x45, 0x38, 0xA5, 0x23, 0x75, 0x6F, 0x65, 0xA5, 0xEE, 0xD7, 
	0x73, 0xB7, 0x69, 0xE0, 0xDD, 0x1B, 0x07, 0x2B, 0x0F, 0xE2, 0xC2, 0xA3, 0x66, 0xCF, 0x41, 0xCC, 
	0x50, 0xC1, 0x47, 0xA1, 0x91, 0x4A, 0x07, 0xD4, 0x90, 0x0A, 0xCA, 0xEC, 0x35, 0xD5, 0xB6, 0x69, 
	0x5E, 0xA9, 0x93, 0x86, 0xEB, 0xD8, 0x4E, 0x2C, 0x68, 0xE0, 0x68, 0xBC, 0xDF, 0x32, 0xC5, 0x5A, 
	0x46, 0xD6, 0x35, 0x84, 0x5A, 0x74, 0x66, 0x62, 0xA3, 0xD8, 0xB5, 0xD8, 0xA4, 0x27, 0x03, 0x1F, 
	0x66, 0x68, 0x0E, 0x52, 0x3B, 0x98, 0x96, 0xDB, 0x20, 0x9B, 0xB3, 0xF1, 0xB6, 0xB9, 0x18, 0x9E, 
	0x21, 0x99, 0x5D, 0xD6, 0x3C, 0x2D, 0xD3, 0xA7, 0x93, 0x0D, 0x23, 0x55, 0x9A, 0x2C, 0x09, 0xB2, 
	0xB9, 0xB5, 0xB1, 0xE8, 0x47, 0x15, 0x1A, 0x0C, 0x04, 0x84, 0xAF, 0x86, 0x4C, 0x72, 0x6E, 0xD3, 
	0xC9, 0x5F, 0x22, 0xD0, 0xC0, 0xE1, 0x48, 0x51, 0x93, 0xF5, 0x21, 0xC7, 0x2A, 0x26, 0x5C, 0xAA, 
	0x23, 0x61, 0x55, 0x21, 0xA8, 0x79, 0x65, 0x43, 0xC4, 0x1B, 0x40, 0xF7, 0x41, 0xD1, 0xAF, 0xCA, 
	0xEF, 0x6B, 0xB9, 0xFA, 0xBB, 0x96, 0xDA, 0xD6, 0xA1, 0x2E, 0x66, 0xEC, 0x63, 0xD9, 0x0E, 0x3B, 
	0x0E, 0x4D, 0xA3, 0x1D, 0x57, 0x87, 0x6F, 0xCF, 0xAE, 0xB9, 0x39, 0x3A, 0x41, 0xE1, 0x0D, 0x28, 
	0xD7, 0x23, 0x59, 0x16, 0x07, 0xC2, 0x61, 0x6C, 0x45, 0x17, 0xCF, 0xBC, 0x9F, 0x9A, 0x64, 0x73, 
	0xA4, 0x5D, 0x46, 0x3F, 0x40, 0x92, 0x97, 0xDC, 0x96, 0xF9, 0x43, 0x52, 0x4A, 0x33, 0x0C, 0x5A, 
	0x85, 0xDE, 0x13, 0x29, 0xB6, 0x93, 0xD1, 0x1E, 0xBA, 0x4A, 0x13, 0x69, 0x60, 0x29, 0x42, 0x26, 
	0xAD, 0x6D, 0xAF, 0x4E, 0x81, 0x6E, 0xA9, 0x4C, 0x13, 0x69, 0xF2, 0xB1, 0x62, 0xC4, 0xC6, 0xA3, 
	0x86, 0x2D, 0xBB, 0x9A, 0x17, 0x7C, 0xBD, 0x9C, 0xF9, 0x50, 0xA0, 0x90, 0x49, 0xD8, 0xE2, 0xEA, 
	0xA5, 0x76, 0x5D, 0x36, 0x6F, 0x6B, 0xD4, 0xBD, 0x63, 0x98, 0xEC, 0xFB, 0xBB, 0x4E, 0x9C, 0xEE, 
	0x24, 0x60, 0x62, 0x04, 0x62, 0xB2, 0x0D, 0x85, 0x86, 0xB4, 0x13, 0xEC, 0x23, 0x9C, 0xD9, 0x2F, 
	0x86, 0x6F, 0x94, 0x46, 0x7D, 0x72, 0xB8, 0xB0, 0x62, 0x23, 0x8D, 0x35, 0xAF, 0xD6, 0x71, 0x1A, 
	0x34, 0x0F, 0xAD, 0x4B, 0x44, 0xD1, 0xF2, 0x48, 0x8C, 0x32, 0xA6, 0xB8, 0xCF, 0xD7, 0x40, 0x09, 
	0x2A, 0x59, 0x98, 0xFA, 0x52, 0xE3, 0x58, 0x5F, 0x97, 0xA2, 0x37, 0x87, 0xD6, 0x29, 0x63, 0x9B, 
	0x6A, 0xAD, 0x69, 0x9B, 0x5E, 0x17, 0x3B, 0xD5, 0xF7, 0x5D, 0xC7, 0x41, 0x7E, 0x72, 0x68, 0x7B, 
	0xE9, 0x4C, 0x8D, 0x41, 0x91, 0xC5, 0x0E, 0xC8, 0x47, 0xC8, 0x17, 0x8A, 0xD4, 0x5F, 0x31, 0xD7, 
	0xED, 0xD6, 0x1A, 0x78, 0x84, 0x25, 0x02, 0x43, 0x46, 0xD9, 0xA2, 0x2B, 0x6E, 0xE1, 0x46, 0x41, 
	0xDA, 0x43, 0x7F, 0x1F, 0x4A, 0x81, 0xA7, 0xCE, 0x37, 0x52, 0x50, 0x10, 0x7E, 0x40, 0xCE, 0xF7, 
	0xAF, 0x1B, 0x34, 0x9D, 0xBE, 0x43, 0xBC, 0x35, 0xA1, 0x82, 0x44, 0x69, 0x0D, 0x37, 0xF6, 0xDA, 
	0xBD, 0x5E, 0x62, 0xF4, 0x8A, 0x27, 0x70, 0xEC, 0xE7, 0xEF, 0x0D, 0x18, 0xD4, 0x18, 0xC0, 0xD0, 
	0x32, 0x0B, 0x39, 0x18, 0x35, 0x30, 0x6B, 0x15, 0xE4, 0xF7, 0xB5, 0x4A, 0xD6, 0xEE, 0x54, 0x8C, 
	0xDA, 0xC1, 0x18, 0x84, 0x7D, 0x30, 0x09, 0x8D, 0x8E, 0x66, 0x1F, 0x12, 0x09, 0x97, 0xE1, 0x21, 
	0x9C, 0x5D, 0x71, 0x2D, 0x37, 0x46, 0x5A, 0x2D, 0x95, 0x14, 0xD3, 0x3C, 0xA1, 0x20, 0x38, 0x72, 
	0x50, 0x94, 0x51, 0xB4, 0x98, 0xB3, 0x70, 0xD4, 0xF8, 0x84, 0x7B, 0x9A, 0x5B, 0x3D, 0x6C, 0x46, 
	0xE2, 0xB6, 0x18, 0x71, 0x40, 0x56, 0x47, 0x85, 0xCF, 0x95, 0x91, 0x0B, 0x45, 0x51, 0x3C, 0x64, 
	0xBB, 0x18, 0xC0, 0xC6, 0x65, 0x56, 0x19, 0xAA, 0xA2, 0x18, 0xDD, 0xA8, 0x44, 0xC0, 0x17, 0x8E, 
	0x87, 0xCA, 0x41, 0xD0, 0xE7, 0xC2, 0x58, 0xF0, 0x69, 0x5B, 0x8A, 0xC4, 0xCC, 0xB9, 0x36, 0x07, 
	0x7F, 0x68, 0x16, 0x34, 0x8A, 0x35, 0xD4, 0xCE, 0xAA, 0xF5, 0x14, 0x62, 0x5F, 0x9E, 0xD8, 0x16, 
	0x9F, 0x63, 0xEF, 0x7B, 0x05, 0x64, 0x14, 0x12, 0xB9, 0x4D, 0x6E, 0xD0, 0x6C, 0xED, 0x67, 0xB9, 
	0xA1, 0xD8, 0xAB, 0xD0, 0xFA, 0xF2, 0xFD, 0xB1, 0xD5, 0x1E, 0x79, 0x5A, 0x7A, 0xB6, 0x51, 0x7F, 
	0x1C, 0x35, 0x31, 0xBE, 0x78, 0xBB, 0x76, 0x3B, 0x0D, 0x3E, 0xBE, 0xCE, 0x76, 0x38, 0x79, 0xBE, 
	0xB9, 0xB5, 0xED, 0xB2, 0xAF, 0xC9, 0x2D, 0x91, 0x9D, 0x59, 0xBB, 0x4B, 0x82, 0x82, 0x49, 0x82, 
	0x5C, 0x1C, 0xBF, 0x7B, 0x62, 0xB4, 0xD5, 0x97, 0x0D, 0x33, 0xF3, 0xA5, 0x71, 0x37, 0x94, 0x12, 
	0x1E, 0x45, 0x34, 0x2A, 0xCC, 0x77, 0x67, 0x90, 0x1D, 0xA5, 0x39, 0x3A, 0x8D, 0xF4, 0x1E, 0x73, 
	0x90, 0xDD, 0x79, 0x91, 0x0A, 0xCA, 0x09, 0x16, 0x20, 0x1A, 0x6E, 0x7C, 0x0F, 0x32, 0x35, 0x5E, 
	0xC4, 0xE9, 0xAA, 0xE2, 0xC0, 0x38, 0x36, 0x75, 0x0C, 0x11, 0x2A, 0x87, 0xDA, 0xA4, 0x6C, 0x7E, 
	0x86, 0x6A, 0xE0, 0x60, 0xC1, 0x1D, 0x1F, 0x73, 0x6F, 0xEC, 0x6D, 0xD6, 0x1C, 0xF0, 0x41, 0x48, 
	0x56, 0x04, 0x64, 0xC8, 0xEA, 0xCF, 0x7C, 0xDF, 0xD5, 0x8F, 0xD7, 0xD7, 0xD4, 0x8C, 0x62, 0x8A, 
	0xAD, 0x98, 0xA7, 0x62, 0x39, 0x11, 0xBE, 0x3D, 0xAA, 0xC1, 0x0F, 0x79, 0x88, 0xD3, 0xF2, 0x21, 
	0x11, 0xE9, 0x7E, 0x1A, 0x02, 0x94, 0x76, 0x3D, 0x8E, 0x2A, 0x5D, 0x07, 0x01, 0x3F, 0x7A, 0x56, 
	0x28, 0x57, 0x35, 0x76, 0x16, 0xCE, 0xF2, 0xA4, 0x4B, 0x97, 0x65, 0x6F, 0x89, 0xA2, 0x22, 0xE0, 
	0xE5, 0x3A, 0xC2, 0x3F, 0xC3, 0x76, 0xD8, 0xAB, 0xF4, 0xF3, 0xC3, 0x44, 0x1C, 0xE1, 0xAB, 0x5A, 
	0xAB, 0xA5, 0xE6, 0xCA, 0x3C, 0x0A, 0x0C, 0xBA, 0x49, 0x8F, 0x76, 0x06, 0x60, 0xBB, 0xD0, 0xA0, 
	0x6E, 0x3A, 0x28, 0xF5, 0x42, 0xB2, 0xC8, 0x2B, 0x65, 0x11, 0xE2, 0xFC, 0xFF, 0x2F, 0x38, 0xD3, 
	0xB5, 0x78, 0x15, 0xAE, 0xAB, 0xC9, 0xDC, 0x7A, 0x5C, 0xC4, 0x26, 0xC6, 0x8A, 0x19, 0x94, 0xDF, 
	0xE5, 0x8A, 0x55, 0x6D, 0x70, 0x55, 0xB6, 0x6C, 0xE8, 0x9D, 0xB6, 0xFB, 0xBA, 0x26, 0xDD, 0xED, 
	0x52, 0xCD, 0xD9, 0xEE, 0xA6, 0xCC, 0x9D, 0x5F, 0xE4, 0x6B, 0x2E, 0xAF, 0x91, 0x17, 0x61, 0x2D, 
	0x38, 0xA0, 0xEC, 0xDF, 0xB2, 0xBA, 0x9D, 0xF7, 0x41, 0xBD, 0xDF, 0x4E, 0x6F, 0x8D, 0xD1, 0x6C, 
	0x31, 0xC1, 0x62, 0x6C, 0x75, 0x49, 0xDC, 0xDE, 0xF6, 0x9C, 0x4F, 0xDC, 0x45, 0xAC, 0x8B, 0xAD, 
	0xF2, 0x2F, 0x86, 0xE6, 0x6B, 0xE0, 0xBE, 0x2F, 0x9E, 0xBB, 0x15, 0x25, 0x7C, 0xAA, 0x90, 0xE3, 
	0xC4, 0x6F, 0x99, 0x70, 0xA1, 0xF0, 0xBD, 0x33, 0x30, 0x93, 0x1F, 0xC0, 0x82, 0x71, 0xC4, 0x76, 
	0x55, 0xA0, 0x95, 0x76, 0x29, 0x55, 0xD1, 0x0F, 0x2D, 0xBA, 0xCD, 0x37, 0x65, 0x41, 0x0C, 0xCA, 
	0x19, 0xD2, 0x7E, 0x7D, 0xD1, 0x24, 0x8A, 0x44, 0xE2, 0xA5, 0x1F, 0x1E, 0x62, 0x59, 0x46, 0x42, 
	0x32, 0xB8, 0x70, 0xA8, 0xAD, 0x1F, 0x0B, 0x6C, 0x84, 0x19, 0x91, 0x47, 0xC4, 0x95, 0x9E, 0x5C, 
	0xCB, 0x41, 0xC6, 0x6B, 0xD6, 0x90, 0x38, 0xD3, 0x28, 0x02, 0xAB, 0xE5, 0x31, 0xF3, 0x96, 0xAD, 
	0x1D, 0x1F, 0x54, 0x03, 0xD7, 0xC0, 0xDF, 0x15, 0xED, 0x0C, 0xBD, 0x89, 0x78, 0x7B, 0x16, 0x6E, 
	0x5A, 0xB4, 0x4D, 0x46, 0xAA, 0x9E, 0xE5, 0x87, 0x7D, 0x07, 0x36, 0x6C, 0x31, 0x6E, 0xA3, 0x19, 
	0x33, 0x74, 0x7C, 0x32, 0xC5, 0x66, 0x4C, 0x46, 0x7D, 0xD8, 0xA3, 0x68, 0x67, 0x56, 0x8A, 0xD8, 
	0xB3, 0x8C, 0x8E, 0x78, 0x70, 0x2E, 0x4F, 0x89, 0x4C, 0xF5, 0xE5, 0x4B, 0x03, 0x55, 0xD7, 0x95, 
	0x64, 0x7F, 0xF0, 0x45, 0xA0, 0xA4, 0xA3, 0x57, 0xBA, 0xFC, 0x5E, 0x95, 0xB6, 0x0C, 0x9D, 0x22, 
	0x7E, 0xE7, 0x2F, 0x9F, 0x69, 0x9B, 0x7A, 0x11, 0x79, 0x53, 0xD4, 0x49, 0x50, 0xD5, 0x0A, 0x17, 
	0x1C, 0xF3, 0xBC, 0x79, 0xC3, 0xB2, 0xAA, 0x35, 0xF6, 0xD0, 0xFC, 0x24, 0xA9, 0xF2, 0x58, 0x81, 
	0x26, 0x24, 0x7E, 0xBA, 0x0C, 0xD8, 0xD6, 0xE5, 0xB8, 0x69, 0x25, 0x87, 0xF5, 0xAB, 0x45, 0x56, 
	0x8C, 0xB3, 0xB1, 0x6F, 0xB3, 0x3F, 0x84, 0xA0, 0x36, 0xB0, 0x94, 0x38, 0xB5, 0x24, 0xEF, 0x30, 
	0x86, 0x80, 0xF2, 0xF8, 0xE3, 0x73, 0x49, 0xBD, 0x3F, 0xA6, 0xAE, 0x8A, 0xFA, 0xF9, 0x3B, 0xC2, 
	0x89, 0x7A, 0xA3, 0xF9, 0x2A, 0x76, 0xC9, 0x3B, 0xE8, 0x2F, 0xF4, 0x77, 0x73, 0xF2, 0x6A, 0xE3, 
	0x64, 0x55, 0xC2, 0xD6, 0xC0, 0x47, 0x12, 0x11, 0xEA, 0x9A, 0x5C, 0xE5, 0x8E, 0x8D, 0xD3, 0xB2, 
	0x7D, 0x28, 0x49, 0x4B, 0xD4, 0x3A, 0x71, 0x40, 0x79, 0x9C, 0x11, 0xA2, 0x97, 0x89, 0xC5, 0x6F, 
	0xE6, 0xFD, 0x24, 0x20, 0x80, 0xDE, 0xDE, 0x15, 0x77, 0xA7, 0xE3, 0xB1, 0xEB, 0xB1, 0x93, 0x20, 
	0x88, 0x96, 0x42, 0xBD, 0xDE, 0xB1, 0xDB, 0xDA, 0xC0, 0x9F, 0x72, 0xF2, 0x14, 0x59, 0xBB, 0x26, 
	0x24, 0xDB, 0xFE, 0xE5, 0x4A, 0x5E, 0xC1, 0xB4, 0x16, 0x66, 0xF7, 0x1D, 0xA0, 0x30, 0x34, 0xD1, 
	0x87, 0xB8, 0x0B, 0x18, 0x53, 0xBC, 0xD1, 0xEE, 0x52, 0xAE, 0xCC, 0xC5, 0xDD, 0x8C, 0x4F, 0x3E, 
	0xA0, 0x73, 0x70, 0x79, 0x36, 0x4C, 0x44, 0xCA, 0x94, 0x6A, 0x34, 0x9E, 0x56, 0x5C, 0xF0, 0x89, 
	0xCB, 0x83, 0x0C, 0x44, 0x85, 0xC0, 0x86, 0x2C, 0x57, 0x6D, 0xA5, 0xBB, 0x4D, 0xA4, 0xD8, 0xC2, 
	0xB0, 0x24, 0x48, 0x7F, 0xB3, 0xCA, 0x45, 0xEC, 0x97, 0x3E, 0xF4, 0x39, 0xBB, 0x29, 0x72, 0x82, 
	0x84, 0xDD, 0x9E, 0x93, 0xE8, 0x9A, 0x8C, 0xF6, 0xCD, 0x72, 0x6C, 0xD1, 0xA8, 0xDD, 0x44, 0x71, 
	0x33, 0x62, 0x58, 0xDE, 0x58, 0x7E, 0x08, 0x70, 0x4A, 0x7D, 0xBE, 0xD4, 0xE2, 0xE6, 0xBC, 0xFA, 
	0x6C, 0xDA, 0xFC, 0x8C, 0x23, 0xA2, 0xE6, 0xA7, 0x30, 0x52, 0x71, 0x50, 0x7E, 0xD7, 0xB0, 0xE1, 
	0xBD, 0xCB, 0x4E, 0xCA, 0xBB, 0x9B, 0x49, 0x75, 0x8D, 0xDD, 0xC9, 0xF1, 0xD2, 0x9A, 0x36, 0xDF, 
	0xD9, 0x88, 0x55, 0xF1, 0xE3, 0xE7, 0x10, 0x27, 0xA3, 0xCA, 0xF6, 0xAF, 0x86, 0xCD, 0xD2, 0x6A, 
	0x8B, 0xDE, 0xB6, 0xBD, 0xC6, 0xCD, 0x2A, 0xD9, 0xEA, 0x16, 0x43, 0x34, 0xC9, 0xB0, 0xB4, 0xF7, 
	0xF0, 0xE0, 0xA7, 0x08, 0x25, 0xC9, 0xB6, 0x59, 0x22, 0x84, 0x27, 0xB5, 0x8B, 0x7A, 0xB1, 0x21, 
	0x82, 0x3D, 0x1C, 0x68, 0x76, 0x5D, 0x23, 0x62, 0x8A, 0xB7, 0x56, 0x86, 0x4C, 0x2E, 0x7D, 0xB8, 
	0x64, 0x10, 0xE0, 0x10, 0xF3, 0x6B, 0x30, 0xB8, 0x17, 0x44, 0x03, 0x8D, 0x8D, 0x22, 0xBE, 0xE8, 
	0x3D, 0x71, 0xDF, 0xE3, 0xF3, 0x13, 0x2B, 0x77, 0x49, 0xA3, 0xEB, 0x34, 0xCA, 0x9A, 0x42, 0x71, 
	0x89, 0x2F, 0xF3, 0xB8, 0xA5, 0x34, 0x13, 0xB9, 0xA5, 0xC6, 0x8B, 0x92, 0xB4, 0x88, 0xDE, 0x84, 
	0xC9, 0x39, 0x5F, 0x73, 0x8D, 0x29, 0x95, 0x65, 0x97, 0x9E, 0x0E, 0x99, 0x25, 0x05, 0xF1, 0x3E, 
	0x72, 0x66, 0x9F, 0xFB, 0x86, 0x44, 0x67, 0x81, 0xAC, 0xD5, 0x99, 0x60, 0x54, 0x0C, 0x4A, 0x55, 
	0x29, 0x24, 0xC2, 0xB7, 0xBF, 0x87, 0x2B, 0x28, 0xA2, 0x6F, 0x6E, 0xAA, 0x1F, 0x06, 0x2E, 0xD6, 
	0xD0, 0xEB, 0x89, 0x25, 0x1F, 0x35, 0xA0, 0xEB, 0xA9, 0x4D, 0xEC, 0xE2, 0xDB, 0x85, 0xB0, 0xA9, 
	0xC7, 0xFC, 0x45, 0x85, 0x2B, 0x83, 0xF4, 0x9D, 0x46, 0xE3, 0xDC, 0x6B, 0xC3, 0xBF, 0xBB, 0x15, 
	0xEA, 0xF9, 0x42, 0x99, 0x36, 0x30, 0x9B, 0xBA, 0xAF, 0xF6, 0x52, 0x56, 0xE6, 0x5B, 0x27, 0x7D, 
	0xDA, 0x82, 0xC1, 0x1B, 0x88, 0x18, 0x97, 0x53, 0xD5, 0xF4, 0xF3, 0x2E, 0x5B, 0xD2, 0xE1, 0x39, 
	0xD8, 0xCE, 0x44, 0x42, 0x94, 0xD6, 0x9C, 0x67, 0x8F, 0xC8, 0x3B, 0x39, 0x4D, 0x6E, 0x21, 0xA6, 
	0x3E, 0x68, 0x4F, 0xC1, 0xE2, 0x99, 0x0D, 0xA7, 0x93, 0x78, 0x41, 0x88, 0x39, 0x7E, 0x58, 0x78, 
	0x3C, 0xAE, 0xF1, 0x2A, 0x53, 0x62, 0x3D, 0x30, 0xB8, 0xA8, 0x33, 0x4D, 0xE6, 0x4D, 0x80, 0xBE, 
	0x5B, 0x8B, 0xB2, 0x5D, 0x43, 0x08, 0x8F, 0xD7, 0x34, 0x5B, 0x31, 0x80, 0xCE, 0x76, 0x31, 0xDC, 
	0x59, 0xF3, 0xAD, 0x99, 0x95, 0x8A, 0x97, 0x2E, 0x50, 0x82, 0x9C, 0xA4, 0xDF, 0xD4, 0x9F, 0x25, 
	0x58, 0xBA, 0xB5, 0xCB, 0xE8, 0xE2, 0x16, 0xBF, 0x20, 0x99, 0x25, 0x3D, 0xD7, 0xEC, 0xE7, 0x38, 
	0x24, 0xF3, 0x95, 0x4D, 0xAA, 0x8E, 0x2A, 0x26, 0x0C, 0x58, 0xCB, 0x94, 0x6C, 0x9A, 0x25, 0xE5, 
	0x18, 0xD2, 0xF8, 0x6D, 0x45, 0x31, 0x95, 0x30, 0x67, 0x3E, 0x52, 0x37, 0x2C, 0xB2, 0x6E, 0xE6, 
	0x4F, 0x1E, 0xC0, 0x28, 0x1C, 0x38, 0xC0, 0xC3, 0x59, 0x33, 0xF4, 0xB7, 0xEA, 0xB0, 0x2C, 0x1B, 
	0xDE, 0xC7, 0x1A, 0xB2, 0xDC, 0x83, 0xCE, 0x8D, 0xDC, 0x44, 0xEA, 0x34, 0xB0, 0x2B, 0x08, 0x63, 
	0x0F, 0xB9, 0x54, 0x54, 0x80, 0xDC, 0xC5, 0x6A, 0x41, 0x13, 0x40, 0xEA, 0xF6, 0xA0, 0x39, 0x5A, 
	0x05, 0x6C, 0x76, 0x99, 0x75, 0xE0, 0xB3, 0x30, 0xD7, 0xB2, 0x15, 0x2A, 0x9A, 0x11, 0x6D, 0xBB, 
	0x60, 0x5D, 0x1A, 0x59, 0xAB, 0x60, 0xCB, 0x3F, 0x82, 0x12, 0x9E, 0x78, 0x44, 0x80, 0x38, 0x32, 
	0x1F, 0xC6, 0x89, 0x2F, 0xDC, 0x09, 0x98, 0x24, 0x71, 0xAA, 0xA3, 0x86, 0x36, 0xC5, 0xCB, 0xD5, 
	0xD1, 0x6E, 0xEC, 0xFE, 0x9A, 0x16, 0x03, 0x31, 0x84, 0x44, 0x16, 0xB3, 0xAA, 0x0D, 0x75, 0xDF, 
	0xAD, 0xD8, 0x8D, 0xD0, 0x3F, 0xEE, 0x6C, 0x40, 0x56, 0x52, 0x8F, 0xCF, 0xE0, 0x54, 0x98, 0x58, 
	0xA7, 0x6B, 0x99, 0x4B, 0x53, 0xDE, 0xDC, 0x1A, 0x4F, 0xCC, 0x69, 0x79, 0x38, 0x52, 0xBB, 0x81, 
	0xB8, 0x9E, 0xB1, 0x46, 0x9D, 0x77, 0x3F, 0x2C, 0xDC, 0xC8, 0xA6, 0xF2, 0x4E, 0x06, 0xC6, 0xB2, 
	0xCE, 0xE1, 0xB9, 0x8B, 0x31, 0x4C, 0x46, 0x57, 0x90, 0xE4, 0x5C, 0xB7, 0x1C, 0x1F, 0x28, 0xD2, 
	0x11, 0x22, 0x16, 0x6A, 0x76, 0xB3, 0xBE, 0x52, 0x22, 0x3A, 0x8A, 0x1D, 0x25, 0xDB, 0xC0, 0x2B, 
	0xC8, 0x6D, 0xCE, 0x65, 0x8D, 0x47, 0x8F, 0x55, 0xA2, 0xB7, 0x8F, 0xCA, 0x9F, 0xA4, 0x44, 0x92, 
	0xF4, 0x85, 0xB3, 0x9A, 0x3D, 0x72, 0xEE, 0xD7, 0xBB, 0xE5, 0xE7, 0xB0, 0x6A, 0x6E, 0x2D, 0xAB, 
	0xE0, 0x98, 0x63, 0xAE, 0x14, 0x49, 0x78, 0x1B, 0x86, 0x7F, 0x98, 0x47, 0x4E, 0xA3, 0xF4, 0x20, 
	0x92, 0xD0, 0x7D, 0x4C, 0x8F, 0xF3, 0x4D, 0xBA, 0x0E, 0x08, 0x31, 0x6B, 0x23, 0xA7, 0x3C, 0x24, 
	0xE0, 0x11, 0xB7, 0xA8, 0x67, 0x6E, 0x20, 0x7E, 0xE9, 0x82, 0xEB, 0xFC, 0xCF, 0x79, 0xAB, 0x8F, 
	0x96, 0x44, 0x32, 0x50, 0x51, 0x11, 0x87, 0xC4, 0x0B, 0xDD, 0xDB, 0x60, 0x88, 0x33, 0x72, 0x10, 
	0x64, 0x6B, 0x32, 0xB0, 0x7C, 0x40, 0x08, 0x37, 0x1F, 0x01, 0xE4, 0x29, 0xE2, 0xE2, 0x2A, 0xE7, 
	0x58, 0xF0, 0x99, 0xC5, 0x73, 0x11, 0x03, 0x72, 0x57, 0xCD, 0x39, 0xB9, 0x0E, 0x0E, 0xD2, 0xC8, 
	0x94, 0x72, 0xDA, 0x9C, 0x5C, 0xCF, 0x2B, 0xA3, 0x1D, 0x57, 0xD6, 0x22, 0x95, 0x4E, 0x7F, 0xF7, 
	0xD0, 0x31, 0x45, 0x0C, 0x0D, 0xCC, 0x54, 0x24, 0x4A, 0x23, 0x6E, 0x2F, 0x22, 0xE1, 0xC9, 0x7B, 
	0x3E, 0xCB, 0xE1, 0x5C, 0x39, 0xCE, 0xD1, 0x0E, 0x74, 0xE1, 0xE6, 0xA4, 0xF9, 0x97, 0x60, 0x3D, 
	0xB1, 0x1F, 0xC3, 0xC2, 0x77, 0xC6, 0x81, 0xDB, 0xDB, 0x3C, 0xB6, 0x7E, 0x8D, 0xE5, 0x0D, 0x08, 
	0xDD, 0x54, 0x36, 0x36, 0x6E, 0x6A, 0xCA, 0x50, 0x8A, 0x0F, 0x21, 0xAC, 0x5C, 0x29, 0xAD, 0xF7, 
	0x65, 0x0A, 0x8E, 0xDC, 0x1B, 0xD2, 0x0D, 0x8A, 0xA0, 0x74, 0x1E, 0xC8, 0x2B, 0xB8, 0xBC, 0x32, 
	0xB4, 0xB1, 0xBA, 0xCE, 0x8E, 0x49, 0x46, 0x40, 0x45, 0x2E, 0x8B, 0x94, 0x20, 0xF2, 0xE5, 0x57, 
	0xBD, 0x47, 0xF2, 0x9E, 0x83, 0x7F, 0xBD, 0xDA, 0xE3, 0x50, 0x7D, 0x92, 0xE5, 0xA4, 0x8A, 0x5E, 
	0x84, 0xC7, 0x46, 0xF3, 0x3A, 0x9D, 0xC5, 0x74, 0x3F, 0xBF, 0x1B, 0xCC, 0xDB, 0x8F, 0xBB, 0x24, 
	0x7F, 0x24, 0x3B, 0x6F, 0x83, 0xB1, 0xF2, 0x3D, 0x8B, 0x35, 0xBF, 0x78, 0x0A, 0x4E, 0x68, 0xD8, 
	0xC1, 0x78, 0x7A, 0xDB, 0x40, 0x40, 0x4B, 0x32, 0xAD, 0x52, 0x7B, 0x4A, 0x59, 0xD8, 0x73, 0x0A, 
	0xE5, 0xFC, 0x88, 0x32, 0x03, 0xF4, 0x58, 0xCF, 0x40, 0xA6, 0xAE, 0x74, 0xC9, 0x1F, 0xBD, 0xBA, 
	0x8C, 0x90, 0x09, 0xDE, 0xA1, 0x6F, 0x37, 0x9A, 0x92, 0x4C, 0x7E, 0x12, 0x75, 0x7C, 0x95, 0x7B, 
	0xF3, 0x48, 0xD8, 0xDE, 0x11, 0x6C, 0xE4, 0xBC, 0x29, 0x3B, 0xDD, 0xCB, 0xBB, 0xC3, 0x6C, 0xC0, 
	0xAB, 0x0D, 0x5B, 0xC2, 0x89, 0xF4, 0x53, 0x9B, 0x6E, 0x45, 0xB8, 0x8C, 0x4F, 0x7A, 0x38, 0xAC, 
	0x40, 0x56, 0x48, 0xD5, 0xD3, 0xA0, 0x3F, 0xAA, 0x32, 0x71, 0xF4, 0x12, 0x6B, 0xAC, 0x8E, 0x97, 
	0x90, 0xC6, 0xF9, 0x7F, 0x40, 0x3F, 0xBB, 0xDB, 0x7F, 0xCC, 0xBA, 0x70, 0x0B, 0x76, 0xB5, 0xAA, 
	0xF7, 0xB7, 0x9E, 0xC3, 0xC2, 0xA6, 0x30, 0x43, 0xE0, 0xE9, 0x6D, 0xF6, 0xB9, 0xB9, 0xD0, 0x98, 
	0x57, 0xCC, 0x32, 0x42, 0x37, 0x22, 0x2D, 0xC8, 0xA0, 0x89, 0xDE, 0xAD, 0x0F, 0x95, 0xEC, 0x32, 
	0x23, 0xD0, 0xA8, 0x83, 0x60, 0x2F, 0x07, 0xC9, 0x8A, 0x42, 0x8D, 0xC0, 0x86, 0x4D, 0x3D, 0xE4, 
	0xB7, 0x27, 0x2B, 0xAA, 0x17, 0x0B, 0x8D, 0xAF, 0x65, 0x15, 0x88, 0x82, 0xD2, 0x8C, 0x1E, 0xB9, 
	0x4B, 0x45, 0x17, 0x40, 0x56, 0x63, 0x7F, 0x7A, 0xE6, 0x21, 0xB8, 0xBC, 0xED, 0x5A, 0x3F, 0x86, 
	0x1F, 0xB8, 0x26, 0x8E, 0x8F, 0xE8, 0x60, 0x87, 0xF2, 0x20, 0xF1, 0x7D, 0x24, 0x77, 0xD3, 0xC5, 
	0xA3, 0x8B, 0x82, 0x7F, 0x86, 0xFA, 0xBB, 0x2B, 0x92, 0x2A, 0x25, 0x8D, 0x41, 0x4B, 0xA7, 0x31, 
	0x91, 0xBE, 0x1A, 0x09, 0x98, 0x45, 0x54, 0x24, 0x35, 0x4A, 0x4F, 0x5A, 0xB9, 0x31, 0x34, 0x54, 
	0x1B, 0x3B, 0x68, 0xF0, 0xEC, 0x46, 0x33, 0x7F, 0xB6, 0x26, 0xD4, 0x3D, 0xD2, 0x3C, 0xBF, 0x5A, 
	0xD5, 0x42, 0xF3, 0x79, 0x55, 0x0F, 0xB3, 0x1A, 0x9A, 0x6C, 0x97, 0x43, 0xA7, 0xDC, 0xA6, 0x5D, 
	0x37, 0xF1, 0x40, 0xAC, 0xB0, 0xE5, 0xDD, 0x16, 0x26, 0xBD, 0xE4, 0xE3, 0x59, 0x94, 0x35, 0x4F, 
	0x4D, 0x53, 0xAF, 0x84, 0xE7, 0xD7, 0x35, 0xB1, 0x64, 0x38, 0xC8, 0x87, 0x16, 0x5F, 0x05, 0x7B, 
	0x31, 0x64, 0x3D, 0xF7, 0x2D, 0x46, 0x0D, 0x04, 0x5A, 0xD5, 0x35, 0x1B, 0x64, 0x80, 0x05, 0x2E, 
	0xE9, 0x39, 0xF7, 0x2F, 0xC2, 0xB3, 0xB6, 0x39, 0x48, 0x79, 0xC9, 0xCF, 0x43, 0x0C, 0x89, 0x43, 
	0xD4, 0x37, 0xA7, 0x7A, 0xBC, 0x3C, 0x78, 0x71, 0x83, 0x37, 0x81, 0xA3, 0xF5, 0x91, 0xA6, 0xCD, 
	0x7C, 0x0A, 0x86, 0x9A, 0x7C, 0x3F, 0xC1, 0x78, 0xCD, 0x15, 0x58, 0x12, 0x9F, 0xB1, 0xF5, 0xD8, 
	0xC2, 0x14, 0xA3, 0xF7, 0x2D, 0x13, 0x4E, 0x26, 0x64, 0xA2, 0xA5, 0x97, 0x16, 0xD1, 0x10, 0xC7, 
	0x40, 0x0B, 0xE3, 0x6C, 0xB1, 0x95, 0x3B, 0x31, 0x1C, 0xBF, 0x2E, 0x75, 0xE4, 0xBF, 0x55, 0x4D, 
	0x10, 0xB1, 0x42, 0xAC, 0x1F, 0xBA, 0x22, 0xB1, 0x7E, 0x14, 0x31, 0x45, 0xDB, 0x19, 0x62, 0x9B, 
	0x39, 0x7B, 0x9D, 0x56, 0x52, 0x64, 0x4A, 0xDD, 0xF1, 0x8F, 0xC4, 0x8B, 0xCC, 0x23, 0x12, 0x6B, 
	0x90, 0xF5, 0x5C, 0x0C, 0x8B, 0xAF, 0xCD, 0x8E, 0xDD, 0x5E, 0xB0, 0x5C, 0xC2, 0x65, 0x72, 0x6B, 
	0x15, 0xA7, 0x0B, 0x70, 0x5A, 0xDB, 0xA6, 0xD0, 0xC6, 0x4B, 0xB3, 0x0E, 0x42, 0x3E, 0x21, 0xCF, 
	0xCA, 0x9F, 0xC9, 0xBB, 0xA3, 0xD6, 0xC8, 0xC8, 0x5F, 0x70, 0x9C, 0xB5, 0x48, 0x82, 0x48, 0x34, 
	0x1F, 0xE1, 0x6F, 0x2A, 0xED, 0xC5, 0x60, 0x0D, 0xAA, 0xE7, 0x66, 0xF9, 0x68, 0x25, 0xBF, 0xDF, 
	0xDA, 0x7C, 0x60, 0xC2, 0x91, 0xB4, 0xCA, 0x63, 0x57, 0x50, 0x4A, 0x8D, 0x07, 0xB2, 0x60, 0xB5, 
	0x57, 0x89, 0x0B, 0x0E, 0x77, 0x4F, 0xE0, 0x63, 0x74, 0x73, 0x14, 0xC2, 0x68, 0x4D, 0xB3, 0xB4, 
	0x8E, 0x69, 0xB4, 0x77, 0xBB, 0x54, 0x0A, 0x08, 0xE2, 0xF3, 0xF9, 0x68, 0xCD, 0xCB, 0xA0, 0x88, 
	0x53, 0xEC, 0xF0, 0x1F, 0x66, 0x4B, 0x29, 0x69, 0x79, 0xDF, 0xF9, 0x0D, 0xAC, 0xC6, 0x16, 0x3F, 
	0x55, 0x52, 0x66, 0x54, 0xBE, 0x39, 0x11, 0x42, 0xD0, 0x69, 0xD1, 0xEA, 0xB4, 0x0F, 0x58, 0xE9, 
	0x64, 0x89, 0x34, 0x70, 0x63, 0x0E, 0x63, 0x97, 0xD0, 0x4E, 0x3F, 0x8C, 0xD9, 0x32, 0x4D, 0x3D, 
	0x51, 0x26, 0xDB, 0x43, 0x52, 0x76, 0xDD, 0x63, 0x7B, 0xB0, 0xF1, 0x40, 0xBD, 0x4C, 0x4A, 0x10, 
	0x66, 0xC0, 0xB2, 0xA0, 0x37, 0x69, 0x57, 0x15, 0x38, 0xAF, 0xE1, 0xA2, 0x97, 0x90, 0x65, 0x29, 
	0x43, 0xCC, 0x90, 0x51, 0x51, 0xB7, 0xE1, 0x69, 0xE6, 0xF2, 0x52, 0x95, 0x52, 0xE5, 0x8C, 0xC2, 
	0x14, 0x17, 0x45, 0x5E, 0xCA, 0xCC, 0x16, 0xC4, 0x17, 0x40, 0xD0, 0xA9, 0xC0, 0x9E, 0x9E, 0x49, 
	0x94, 0x5E, 0xAA, 0xED, 0xC6, 0x2C, 0xD9, 0x37, 0xD2, 0x4C, 0xBA, 0xA8, 0xC7, 0xDB, 0xA2, 0xBE, 
	0x88, 0x0D, 0xA7, 0xBF, 0x5A, 0x1C, 0x0F, 0x7E, 0x5E, 0x18, 0xE4, 0x6B, 0x62, 0x7B, 0xB9, 0xA9, 
	0x63, 0xC0, 0x77, 0xCF, 0xDD, 0x68, 0x14, 0x5F, 0xA0, 0xD2, 0x20, 0x45, 0xC6, 0x8B, 0x7D, 0x71, 
	0xB9, 0x23, 0x85, 0x19, 0x09, 0xBC, 0x48, 0xB7, 0xD3, 0x5E, 0xE0, 0xE0, 0xAA, 0xE1, 0xDF, 0x2E, 
	0x57, 0x1C, 0xEE, 0xEF, 0xF5, 0xAD, 0x14, 0x62, 0x4F, 0xC6, 0x12, 0x99, 0x1F, 0xE1, 0x7C, 0x17, 
	0x3E, 0xE0, 0x6B, 0xF2, 0x5D, 0xC3, 0xF9, 0xC6, 0xCE, 0x47, 0x66, 0x64, 0xE3, 0x19, 0x8D, 0x5F, 
	0xE0, 0x76, 0x3C, 0x80, 0x8D, 0xB7, 0xDC, 0x6E, 0x88, 0x64, 0x31, 0x24, 0x98, 0x82, 0x52, 0xA4, 
	0x4D, 0x05, 0xB0, 0x53, 0xCD, 0xA7, 0xED, 0xB3, 0x53, 0x0B, 0xF5, 0x8C, 0xA3, 0xC2, 0xC8, 0xB5, 
	0x19, 0xDF, 0x2A, 0x19, 0x4B, 0xD1, 0xEE, 0x6B, 0xA6, 0xD8, 0x10, 0x87, 0x6B, 0x56, 0x2E, 0xF3, 
	0xB9, 0x16, 0xD2, 0x4A, 0x3A, 0x65, 0x44, 0x5C, 0xF6, 0xF2, 0x2C, 0x28, 0x7C, 0x4E, 0xD8, 0x5F, 
	0x90, 0xA3, 0x82, 0x7D, 0x0B, 0xCA, 0x1E, 0x1B, 0xA5, 0x7B, 0xF9, 0xDF, 0xBB, 0xF5, 0x9F, 0xA2, 
	0x16, 0xAE, 0x19, 0x4B, 0x6F, 0x9F, 0x7E, 0x70, 0x2F, 0x49, 0x33, 0x68, 0x4C, 0x7C, 0x93, 0x4A, 
	0xBC, 0xD0, 0x16, 0xC1, 0xAF, 0x09, 0x89, 0x19, 0x34, 0x8B, 0x68, 0x60, 0xE7, 0x84, 0x93, 0xF0, 
	0x89, 0xA6, 0x8D, 0x29, 0x80, 0x6D, 0x8D, 0x56, 0xCF, 0x68, 0x71, 0xBC, 0xF9, 0xB8, 0x1F, 0x36, 
	0x9E, 0xA6, 0x6B, 0x5D, 0x69, 0x43, 0x03, 0x9A, 0x95, 0x75, 0x78, 0xA2, 0x93, 0x8F, 0x77, 0x1A, 
	0xE4, 0xA2, 0x5D, 0xCA, 0xAA, 0x6E, 0xCD, 0x45, 0x95, 0x9A, 0x15, 0xD2, 0xB2, 0xD4, 0xF9, 0xB7, 
	0xDF, 0x66, 0x1D, 0xD7, 0x82, 0xF5, 0x7B, 0xD6, 0xC0, 0x87, 0x59, 0x83, 0x5B, 0x4D, 0x0B, 0xE7, 
	0xC9, 0x61, 0x79, 0x96, 0x3E, 0xC2, 0x0F, 0x2D, 0xBB, 0x54, 0x23, 0xB4, 0xB1, 0x51, 0x39, 0x0C, 
	0xC9, 0x4A, 0x8E, 0x45, 0x5D, 0x1B, 0x62, 0x9E, 0x55, 0x2C, 0x0E, 0x24, 0x1E, 0x66, 0x79, 0x3C, 
	0x3D, 0xA5, 0xCE, 0x1A, 0xB7, 0x3B, 0x56, 0xE0, 0x47, 0xEA, 0xA9, 0xA5, 0x6C, 0x11, 0x32, 0x51, 
	0x6E, 0x9D, 0x2C, 0xB6, 0xA2, 0x19, 0xA5, 0x9E, 0x94, 0xD1, 0x8E, 0xE9, 0xE2, 0x25, 0x5F, 0x68, 
	0x1F, 0x56, 0x29, 0x1B, 0xD8, 0xED, 0x5B, 0xED, 0xB2, 0xEE, 0x89, 0x2B, 0x70, 0x93, 0xB7, 0x6D, 
	0x5E, 0xC3, 0x23, 0xC5, 0x11, 0xE0, 0x90, 0x45, 0x6F, 0xF3, 0xAF, 0x91, 0xCD, 0x30, 0xB9, 0xC2, 
	0xDB, 0x48, 0x34, 0xCE, 0x7A, 0xB0, 0xF3, 0xAF, 0x54, 0xC6, 0x8C, 0x1C, 0x86, 0xE3, 0xF7, 0xF9, 
	0xE9, 0x22, 0x92, 0x3F, 0x79, 0x24, 0xB1, 0xC4, 0x82, 0x1D, 0x31, 0x07, 0x38, 0xCE, 0xF7, 0x59, 
	0x9A, 0x49, 0x8E, 0xAB, 0x7E, 0xCC, 0xA1, 0x30, 0x0D, 0x02, 0x66, 0x91, 0x97, 0x90, 0x90, 0x6E, 
	0x07, 0xF0, 0xAC, 0x1F, 0x0D, 0xBF, 0x46, 0x2A, 0xF3, 0xBC, 0xC6, 0x93, 0x9D, 0xED, 0xDF, 0xE8, 
	0x2F, 0x4D, 0xC0, 0x5B, 0x18, 0x16, 0x17, 0x53, 0x72, 0x25, 0xC0, 0x09, 0xA1, 0xA5, 0x82, 0xF8, 
	0x4F, 0xD2, 0x50, 0xB8, 0xF0, 0x79, 0xA2, 0x3B, 0xC8, 0x70, 0xF6, 0xBF, 0x9B, 0xD3, 0xA8, 0x28, 
	0xE1, 0x55, 0x3C, 0xC6, 0x92, 0xDC, 0x93, 0xD6, 0xC3, 0xBD, 0x2B, 0x10, 0xE9, 0xC3, 0x3D, 0xA5, 
	0xF8, 0x31, 0x57, 0xC2, 0x91, 0x47, 0xC3, 0x80, 0x82, 0xC4, 0x52, 0x58, 0xF3, 0x69, 0xEA, 0x68, 
	0xF4, 0x45, 0x46, 0x54, 0x5F, 0x14, 0x9C, 0x30, 0xD1, 0x73, 0xEC, 0xB3, 0xD5, 0x13, 0x80, 0x3B, 
	0x0C, 0x63, 0x9D, 0x25, 0x66, 0xD9, 0xF8, 0x5F, 0x4E, 0x68, 0x1E, 0x7C, 0xB0, 0x0A, 0xBA, 0xD1, 
	0x23, 0x1E, 0x23, 0x75, 0x25, 0x12, 0x4D, 0x84, 0x43, 0xD5, 0x87, 0x2A, 0xD2, 0x33, 0xA2, 0x3B, 
	0x09, 0x1A, 0xC5, 0xF3, 0x3B, 0x70, 0xE7, 0xE6, 0x17, 0xF1, 0xB3, 0x96, 0xD9, 0xA5, 0x8D, 0x67, 
	0xAF, 0xF4, 0xF6, 0x18, 0x94, 0xD2, 0x09, 0xE7, 0x33, 0xA9, 0x1E, 0xEB, 0xAD, 0x5D, 0x40, 0xF4, 
	0x36, 0xC9, 0x7C, 0xBD, 0xC5, 0xB6, 0xBF, 0x18, 0x46, 0x2C, 0x3E, 0x40, 0xB5, 0xBD, 0x2B, 0xCF, 
	0xD1, 0xDD, 0xCC, 0x36, 0xB0, 0xD5, 0x8A, 0x3C, 0x6F, 0x98, 0xD4, 0xE8, 0x29, 0x4F, 0x58, 0xA6, 
	0x64, 0x1F, 0x24, 0x40, 0x21, 0xDD, 0xF5, 0x8E, 0x30, 0xAC, 0xDE, 0x79, 0xB4, 0x56, 0xC6, 0xAA, 
	0x32, 0xE0, 0x9A, 0x45, 0x86, 0x1C, 0x1A, 0xE7, 0x9A, 0x5D, 0xC7, 0x22, 0x37, 0x54, 0x65, 0x26, 
	0x2C, 0x98, 0x3B, 0x7C, 0x6B, 0xC5, 0x82, 0xC4, 0x90, 0x4F, 0x94, 0x6C, 0x65, 0xE3, 0x2F, 0x27, 
	0x26, 0x37, 0x35, 0xE7, 0x56, 0x24, 0x5A, 0x74, 0xC0, 0xB2, 0xED, 0xE7, 0x23, 0x33, 0x43, 0x1B, 
	0xBE, 0xF5, 0x0B, 0xC2, 0xF5, 0xB2, 0xAE, 0x14, 0xE0, 0xC5, 0x53, 0xA2, 0x80, 0x92, 0x4A, 0x61, 
	0xC0, 0xF6, 0x6E, 0x30, 0x6D, 0x0D, 0x54, 0xE6, 0xCB, 0x71, 0x21, 0xE9, 0x1E, 0x3E, 0x33, 0x05, 
	0x05, 0xD0, 0xBA, 0xBA, 0x43, 0x6B, 0x42, 0x61, 0x67, 0xE1, 0xD7, 0xED, 0xE7, 0xE8, 0xA4, 0x3D, 
	0xB1, 0x5D, 0xD8, 0x3D, 0x73, 0x66, 0x7A, 0x46, 0x24, 0x5B, 0x20, 0x2C, 0x99, 0x59, 0xDA, 0x26, 
	0x6D, 0xF1, 0x86, 0x32, 0xD8, 0x67, 0x5C, 0x95, 0xD1, 0x90, 0xE6, 0x5C, 0xA4, 0x10, 0x16, 0x47, 
	0x55, 0x91, 0x2F, 0x8B, 0x1A, 0x59, 0x9D, 0x34, 0xE7, 0x66, 0x9B, 0xC8, 0x59, 0xD5, 0x63, 0x70, 
	0x36, 0x11, 0x5D, 0x4F, 0xA0, 0x76, 0x8B, 0x4A, 0xA0, 0x95, 0x30, 0x38, 0xEC, 0xA1, 0xE9, 0x0C, 
	0x9A, 0xE7, 0xCA, 0x0D, 0x29, 0x90, 0x0F, 0x2A, 0xF1, 0x5F, 0x35, 0x48, 0xF6, 0xBD, 0x2E, 0xC5, 
	0x27, 0xDE, 0x4E, 0x89, 0x7C, 0x15, 0xC0, 0xD0, 0xF4, 0xE7, 0x2C, 0x35, 0x28, 0xCE, 0xD2, 0x97, 
	0x42, 0xA1, 0x24, 0xA2, 0xBA, 0x48, 0x5E, 0x7C, 0xB1, 0x36, 0x5A, 0x6E, 0x89, 0x6B, 0x24, 0xBD, 
	0xB3, 0x4E, 0x10, 0x97, 0x81, 0x33, 0x69, 0x5F, 0x8C, 0x73, 0x48, 0x39, 0xBD, 0x6E, 0xDB, 0xFA, 
	0x84, 0x1B, 0x72, 0xD2, 0xF2, 0x2A, 0xAC, 0x36, 0x37, 0xD4, 0x82, 0x4D, 0x13, 0xDB, 0x96, 0xB8, 
	0x17, 0x0F, 0x6F, 0x81, 0xED, 0x55, 0x3D, 0xD8, 0xDC, 0x34, 0xE5, 0x77, 0x72, 0x9A, 0x94, 0xF6, 
	0x61, 0x94, 0x0A, 0x32, 0x29, 0x6F, 0x7A, 0x21, 0x43, 0x55, 0xE3, 0x39, 0xC7, 0xB0, 0x37, 0xCD, 
	0x0A, 0x12, 0x20, 0x7E, 0x3C, 0x70, 0x66, 0x10, 0xEA, 0x20, 0x57, 0x5D, 0x0B, 0x31, 0xCE, 0x22, 
	0x6C, 0x86, 0xE0, 0xAE, 0xD4, 0xFC, 0x9F, 0xDA, 0x4D, 0x9F, 0xCF, 0xC1, 0x2F, 0xCF, 0x21, 0x01, 
	0xF1, 0x42, 0xA2, 0x34, 0xDE, 0x33, 0x7B, 0x68, 0x92, 0x3D, 0xB0, 0xBA, 0x7F, 0x7F, 0xEE, 0xB3, 
	0x0E, 0x4F, 0x1E, 0x6E, 0x9E, 0x1F, 0x59, 0xCF, 0x53, 0xC7, 0x5B, 0xD9, 0xB2, 0xEB, 0xCD, 0xF3, 
	0x24, 0x70, 0x7A, 0x5F, 0xAE, 0x91, 0x84, 0x3C, 0x22, 0x9B, 0x19, 0x8F, 0xF0, 0x5F, 0xA1, 0xD3, 
	0x16, 0x64, 0x94, 0x09, 0x52, 0x9A, 0x70, 0x36, 0x16, 0xDF, 0x81, 0xB7, 0x22, 0x12, 0x32, 0x33, 
	0x22, 0xAE, 0xFC, 0x3A, 0x79, 0x3F, 0xD3, 0x94, 0xA8, 0x68, 0x6E, 0x3F, 0xB4, 0x26, 0x09, 0x69, 
	0x21, 0x41, 0x28, 0x21, 0xDF, 0xED, 0xEC, 0xEC, 0xFB, 0x19, 0x32, 0xBF, 0x4D, 0xE0, 0xA8, 0x07, 
	0x76, 0xF4, 0x81, 0x13, 0x4B, 0x59, 0x4F, 0x4A, 0xDC, 0xAA, 0xA6, 0x51, 0x40, 0xB8, 0xA7, 0x28, 
	0x73, 0x63, 0x89, 0xD6, 0x7A, 0xED, 0x5B, 0xB8, 0x15, 0x62, 0x51, 0xBD, 0x43, 0x95, 0xD8, 0x6F, 
	0x3E, 0x47, 0x22, 0xA1, 0x5C, 0x91, 0x1C, 0x04, 0x28, 0x89, 0x87, 0xA6, 0x26, 0x9D, 0x6E, 0x68, 
	0xF9, 0x59, 0x65, 0x7E, 0x45, 0x21, 0x8D, 0x2D, 0xF2, 0x20, 0x8C, 0xB3, 0x2F, 0xD6, 0xF6, 0x51, 
	0x22, 0xA7, 0x0C, 0xE8, 0xF3, 0x2B, 0xC7, 0x2D, 0x80, 0x49, 0xBD, 0x79, 0x21, 0xBE, 0xB3, 0x7B, 
	0x49, 0x9F, 0x48, 0xAB, 0xBC, 0x72, 0xF0, 0x83, 0x23, 0x54, 0x99, 0xE8, 0x69, 0xEA, 0x8B, 0x40, 
	0x86, 0x41, 0x2A, 0x2F, 0x9B, 0xC1, 0x7F, 0xDF, 0xA3, 0x12, 0xE7, 0x32, 0x23, 0xA2, 0x3C, 0x56, 
	0x83, 0xE8, 0x9C, 0x4F, 0x75, 0x63, 0x3A, 0xCB, 0x7C, 0x60, 0x04, 0xF0, 0x6E, 0x93, 0x7D, 0xA7, 
	0x86, 0x1E, 0x72, 0xE1, 0x10, 0xB5, 0x8D, 0x38, 0xCC, 0x21, 0x91, 0x7E, 0x45, 0x51, 0x25, 0xC7, 
	0x9D, 0xCF, 0xC2, 0x85, 0x31, 0x07, 0x76, 0x05, 0xAC, 0x77, 0x35, 0xBC, 0xDF, 0x20, 0x30, 0xB9, 
	0xC5, 0x67, 0xB7, 0xE6, 0xF7, 0xDE, 0xD3, 0xD8, 0x22, 0xB2, 0x23, 0x6E, 0xB4, 0x58, 0x07, 0x6C, 
	0x12, 0xF1, 0x0B, 0xBD, 0xC6, 0xE7, 0x4D, 0xA9, 0x26, 0xDA, 0x93, 0x68, 0x98, 0x51, 0x69, 0x75, 
	0xA5, 0x4C, 0xAB, 0x4F, 0x6B, 0x7A, 0x8E, 0x5C, 0x1E, 0x38, 0xCE, 0x56, 0xDD, 0xC7, 0xCF, 0x9C, 
	0x14, 0x1A, 0x7E, 0xCD, 0x54, 0x2A, 0x87, 0x4A, 0xB4, 0xF7, 0x68, 0x56, 0x89, 0x93, 0x54, 0x88, 
	0x31, 0xF6, 0xF5, 0x75, 0x84, 0x74, 0x65, 0x0D, 0x23, 0xE8, 0xF9, 0xB0, 0x55, 0x49, 0xE0, 0x71, 
	0x74, 0xE3, 0x63, 0xA5, 0xF5, 0x6C, 0xA2, 0x08, 0x1E, 0x1A, 0xCB, 0x4B, 0xCD, 0xCD, 0x7E, 0x84, 
	0x08, 0xBD, 0x1A, 0xF4, 0x8D, 0x33, 0x5E, 0xF8, 0x32, 0x40, 0xA9, 0x63, 0xB0, 0x0B, 0x10, 0xCA, 
	0xBF, 0x2E, 0x86, 0x98, 0x27, 0xC3, 0x56, 0xD4, 0x9E, 0xA3, 0xF7, 0x3C, 0xB2, 0x6A, 0xDB, 0xB4, 
	0x7E, 0xDB, 0x7C, 0xE1, 0xE9, 0x9E, 0xF4, 0x25, 0xC3, 0x91, 0xF5, 0x8F, 0xE1, 0xAA, 0x7D, 0x7F, 
	0x1A, 0x9A, 0xEB, 0x3D, 0x4F, 0x0D, 0xB4, 0x97, 0x26, 0x03, 0xCF, 0x6A, 0xA4, 0x57, 0xDF, 0x34, 
	0x90, 0x9A, 0x80, 0x60, 0x40, 0x2D, 0x0A, 0x08, 0x48, 0x4B, 0xCB, 0x9A, 0xE5, 0x73, 0xBA, 0xEB, 
	0x4F, 0x25, 0x55, 0x5A, 0x30, 0x5C, 0x73, 0xBD, 0x4D, 0xA5, 0x53, 0x6A, 0x3B, 0x14, 0x53, 0xCB, 
	0xED, 0x53, 0x65, 0xE2, 0x51, 0xDD, 0xD7, 0x3D, 0x95, 0xE8, 0x16, 0x38, 0xE1, 0x1E, 0xD0, 0x65, 
	0xCA, 0x8D, 0x78, 0x2E, 0x8E, 0x8A, 0x74, 0xAD, 0x57, 0x17, 0x2F, 0x18, 0x2A, 0x9F, 0x67, 0x46, 
	0xD1, 0x57, 0x55, 0x4A, 0xEE, 0x4D, 0x13, 0xD5, 0x50, 0xEB, 0x75, 0x6A, 0x39, 0xDF, 0x38, 0xDA, 
	0xC8, 0xB8, 0xE8, 0x1C, 0x74, 0xD2, 0x23, 0x7C, 0x2E, 0xC0, 0x36, 0x86, 0x66, 0x97, 0xAA, 0xF5, 
	0x4A, 0x13, 0x5A, 0x92, 0x52, 0x61, 0xC5, 0x09, 0x96, 0xE0, 0xA6, 0x6B, 0x50, 0xAE, 0x98, 0x49, 
	0xF3, 0x98, 0x3A, 0xC0, 0x0B, 0x16, 0x34, 0x17, 0x5E, 0x4C, 0xE5, 0x30, 0xEB, 0x0C, 0x2D, 0x23, 
	0xC3, 0xF4, 0x7C, 0x23, 0x8B, 0xCA, 0x83, 0x67, 0x75, 0x52, 0x3B, 0xBB, 0xD1, 0xD1, 0x48, 0x28, 
	0xD1, 0x19, 0xBD, 0x46, 0x7F, 0xA3, 0xEE, 0x28, 0x30, 0x36, 0xE3, 0xA3, 0x15, 0x79, 0x5A, 0xBE, 
	0xB4, 0x7B, 0x80, 0x8A, 0x1E, 0xA1, 0x1F, 0x9A, 0x65, 0xCB, 0xAF, 0x4A, 0x8A, 0x27, 0xC9, 0xE5, 
	0x7C, 0x2A, 0xE3, 0xC7, 0x6B, 0x64, 0xE4, 0x19, 0x75, 0x25, 0x97, 0xE3, 0x1E, 0x2E, 0xF5, 0xA2, 
	0xE6, 0x1C, 0x41, 0xB8, 0x75, 0x94, 0xDD, 0x0F, 0x93, 0x07, 0x5C, 0x12, 0x6C, 0x13, 0x48, 0xAD, 
	0x99, 0xD4, 0xE5, 0xE2, 0x57, 0xB8, 0x25, 0x25, 0xBE, 0xB3, 0x57, 0x3C, 0x89, 0xC0, 0x5C, 0x45, 
	0xF7, 0x54, 0x6D, 0xE3, 0x54, 0xC1, 0x8F, 0xB8, 0xF4, 0x90, 0x9C, 0x80, 0x96, 0x88, 0x22, 0x75, 
	0x9F, 0x31, 0xD1, 0x6E, 0x08, 0x9C, 0xF5, 0x69, 0x47, 0x8F, 0x53, 0x24, 0x23, 0x6A, 0x0E, 0x0D, 
	0x2E, 0xAC, 0x9C, 0x84, 0x82, 0xEB, 0x41, 0xA1, 0x08, 0x1D, 0x8E, 0x43, 0x44, 0x06, 0x20, 0xF0, 
	0xA6, 0x3C, 0xC8, 0x7A, 0x6C, 0x8F, 0x4D, 0x94, 0xD2, 0x79, 0xB6, 0x6C, 0xAE, 0xE9, 0x27, 0x16, 
	0x5C, 0xD2, 0x4F, 0x4D, 0x14, 0x4E, 0x6C, 0x77, 0xE1, 0x75, 0x61, 0x44, 0xDC, 0x87, 0x94, 0xB3, 
	0x58, 0x13, 0xB6, 0x72, 0x9A, 0x88, 0x4E, 0x55, 0xED, 0x20, 0x94, 0x2C, 0x34, 0x7D, 0x0F, 0x43, 
	0x1C, 0x5A, 0xDA, 0x54, 0x25, 0xAA, 0x1B, 0xA4, 0x7C, 0x44, 0x07, 0xBB, 0x0C, 0x8A, 0x24, 0xEB, 
	0x1E, 0xD1, 0x84, 0xF8, 0xD5, 0x1A, 0x98, 0xF8, 0xCF, 0x40, 0xE3, 0xBB, 0xD2, 0xF7, 0xAB, 0x4F, 
	0x90, 0xE1, 0xB1, 0xD4, 0x12, 0x58, 0x82, 0x7E, 0x3F, 0x58, 0x68, 0x43, 0x62, 0x3C, 0xC9, 0xCD, 
	0xEC, 0xBE, 0xDA, 0x1D, 0x71, 0x45, 0x4A, 0xAB, 0x36, 0xA5, 0x8A, 0xC3, 0xDA, 0xAC, 0x3E, 0x9A, 
	0xA6, 0x24, 0xE8, 0x81, 0x3E, 0x29, 0x76, 0xF6, 0x58, 0x85, 0x64, 0x86, 0xDF, 0x21, 0x1E, 0x1A, 
	0x87, 0xE6, 0x7F, 0xED, 0x18, 0xAD, 0xC0, 0x60, 0x97, 0x3E, 0x3B, 0x3A, 0xBF, 0x72, 0x6B, 0x7C, 
	0xD2, 0xBF, 0xC3, 0x29, 0x57, 0x75, 0x1D, 0xEB, 0x8A, 0xA0, 0xA8, 0xA7, 0x8F, 0x50, 0xE1, 0x81, 
	0x4B, 0x98, 0xEE, 0x23, 0x52, 0x86, 0xD9, 0xB8, 0x2F, 0xC0, 0xAF, 0x50, 0x2F, 0xA7, 0x53, 0xE7, 
	0x56, 0x80, 0x32, 0xE5, 0x34, 0x2C, 0xE8, 0x0A, 0x4E, 0x85, 0xDB, 0xF9, 0x9A, 0x80, 0x75, 0x61, 
	0x25, 0x14, 0xB7, 0x5A, 0x24, 0x66, 0xD8, 0x42, 0xA3, 0x37, 0x77, 0x79, 0xD8, 0x55, 0x60, 0xBC, 
	0xE3, 0x37, 0x25, 0x4E, 0xA2, 0xB4, 0xF1, 0x85, 0xCD, 0x29, 0x8A, 0x28, 0x54, 0xD9, 0x78, 0xF1, 
	0xC4, 0x9B, 0x46, 0xB6, 0x7F, 0x8A, 0x6D, 0x33, 0x84, 0x68, 0x1E, 0x84, 0xBC, 0xCA, 0x86, 0x8A, 
	0x18, 0x8D, 0x7B, 0x05, 0xD4, 0x14, 0x7D, 0x9B, 0xC6, 0x64, 0x2C, 0x0D, 0x4F, 0x27, 0xF3, 0x45, 
	0x75, 0x7E, 0xC8, 0xA7, 0x92, 0xA4, 0x9B, 0xA1, 0xE1, 0x60, 0xF0, 0x8B, 0xE9, 0x25, 0x03, 0xA5, 
	0xF8, 0x86, 0xEE, 0xFD, 0x1E, 0xA4, 0x62, 0x49, 0xA3, 0x3B, 0x0D, 0xDC, 0x39, 0x8F, 0x8D, 0xEF, 
	0x40, 0x1F, 0x88, 0xB7, 0xB4, 0xF8, 0xE2, 0x6A, 0x7B, 0x0B, 0x5A, 0xC5, 0xA6, 0xC6, 0x91, 0x4E, 
	0x6B, 0xD4, 0x3B, 0x8D, 0xB0, 0x9B, 0xB6, 0x3F, 0x7F, 0xA6, 0x76, 0x2D, 0xC3, 0xED, 0x17, 0xA1, 
	0xA4, 0xD5, 0xA5, 0xDF, 0x66, 0x58, 0x23, 0x16, 0xB2, 0x71, 0x83, 0xEB, 0x53, 0xD3, 0x4C, 0x57, 
	0xD2, 0x82, 0xCC, 0x50, 0x48, 0x67, 0x24, 0xEA, 0x21, 0xB3, 0x91, 0x9A, 0x1B, 0x86, 0xCA, 0xAB, 
	0x0C, 0x15, 0x12, 0x4F, 0x3E, 0x0F, 0x9D, 0x1F, 0xA9, 0x9E, 0x89, 0xDA, 0x77, 0xE0, 0xAD, 0x88, 
	0x5B, 0x60, 0x3E, 0x04, 0x88, 0x30, 0x94, 0xBB, 0xCB, 0x7F, 0x6F, 0x44, 0x35, 0x3E, 0x7E, 0x1A, 
	0x46, 0x48, 0xC0, 0x89, 0x1B, 0xEC, 0x23, 0x98, 0x1B, 0xA1, 0x72, 0xC0, 0xCD, 0x10, 0xA0, 0x5B, 
	0xB0, 0x76, 0xD7, 0xD5, 0x6A, 0x81, 0x84, 0xA6, 0xAD, 0x0C, 0x0B, 0x6D, 0x73, 0x6A, 0x4C, 0xC8, 
	0x0F, 0xE0, 0x95, 0x46, 0xD8, 0x77, 0x9B, 0x95, 0x52, 0xA4, 0x30, 0x15, 0x3B, 0xDE, 0x92, 0x18, 
	0x52, 0xAF, 0xF2, 0x36, 0xCF, 0x94, 0xAE, 0x8E, 0x73, 0x75, 0x4A, 0xBF, 0x4A, 0xED, 0xB2, 0x80, 
	0x7F, 0x7B, 0x36, 0x8F, 0xB3, 0x73, 0xAA, 0xBE, 0x69, 0xBE, 0x8F, 0x8F, 0xC4, 0xAB, 0x23, 0xBE, 
	0x53, 0x2A, 0xB1, 0xBA, 0x19, 0x0A, 0x4C, 0x0E, 0x71, 0xEE, 0xF0, 0x23, 0x41, 0x50, 0x9B, 0x98, 
	0x99, 0x86, 0x4F, 0xC6, 0xDB, 0x65, 0x36, 0x9A, 0x10, 0x20, 0x54, 0x3C, 0x95, 0x11, 0x6F, 0x48, 
	0x5C, 0xD7, 0x43, 0x72, 0x70, 0x22, 0x03, 0x89, 0xBD, 0xB0, 0xB3, 0x9E, 0x34, 0x73, 0x70, 0x59, 
	0xDE, 0x9D, 0x6E, 0x86, 0xBE, 0x40, 0x80, 0x81, 0x94, 0xF3, 0x34, 0x61, 0x0F, 0x42, 0x20, 0x33, 
	0xDC, 0xE8, 0x87, 0x9A, 0x74, 0x8F, 0xC9, 0x4C, 0xF5, 0xE1, 0x35, 0xBB, 0xF4, 0xE4, 0xE2, 0xC0, 
	0x9A, 0x56, 0x08, 0xA3, 0xF5, 0x8A, 0x56, 0x7A, 0x0E, 0x7D, 0x99, 0x9F, 0x9C, 0x1F, 0x12, 0xED, 
	0xED, 0x6D, 0x74, 0xB2, 0xBF, 0xA6, 0x20, 0x2B, 0x7F, 0xC2, 0xDF, 0x44, 0xA5, 0xA3, 0x22, 0x94, 
	0x95, 0x54, 0x71, 0x61, 0x42, 0x47, 0xC0, 0x6F, 0x14, 0x03, 0x19, 0xC5, 0xEE, 0xD9, 0xA9, 0xBC, 
	0x35, 0x7B, 0xDB, 0x96, 0x2E, 0x2B, 0xBB, 0xFB, 0x57, 0xA1, 0x39, 0x17, 0x7F, 0x47, 0xA9, 0x7A, 
	0x63, 0x3F, 0xF1, 0x26, 0x78, 0x1A, 0x5F, 0xED, 0xFB, 0xC8, 0x11, 0x12, 0xCF, 0x58, 0x9F, 0x7E, 
	0x08, 0x58, 0x7B, 0x50, 0xA5, 0x79, 0x05, 0x45, 0x0A, 0xC7, 0x81, 0x91, 0xE3, 0xE1, 0x90, 0xB6, 
	0x35, 0xC3, 0xC4, 0x9E, 0xB6, 0x10, 0x1B, 0x7E, 0xC1, 0x25, 0xA6, 0xD9, 0x50, 0xE0, 0x35, 0xED, 
	0x73, 0x38, 0xE4, 0x4A, 0x5D, 0x69, 0x79, 0x5B, 0xF3, 0xA0, 0xF2, 0x4D, 0x5D, 0x1A, 0x19, 0x77, 
	0xCE, 0xB0, 0xE7, 0xE3, 0x2F, 0xBE, 0x4F, 0x4D, 0x0F, 0x63, 0x33, 0xD8, 0x69, 0x78, 0xD8, 0xAF, 
	0x20, 0x45, 0xB1, 0x23, 0x8C, 0x6A, 0x3F, 0x4B, 0x1D, 0x66, 0xBA, 0x12, 0x96, 0x15, 0x19, 0xA5, 
	0xCB, 0xAF, 0x68, 0x3D, 0x2A, 0x6E, 0xAB, 0x53, 0x20, 0x04, 0xA7, 0x22, 0x69, 0x74, 0xA8, 0xF0, 
	0x62, 0xD1, 0x50, 0xC4, 0xB3, 0x65, 0xB9, 0xFB, 0x13, 0x9A, 0xDE, 0x0A, 0x76, 0x7B, 0xBB, 0xFA, 
	0x4D, 0x8E, 0x1E, 0x38, 0x40, 0xBD, 0x75, 0x4F, 0xE2, 0x65, 0x26, 0xD0, 0xD2, 0xCF, 0xF8, 0xE0, 
	0x36, 0x32, 0x03, 0x7C, 0x5C, 0xC6, 0xD8, 0x24, 0x09, 0xA7, 0x55, 0x91, 0xF9, 0x97, 0x9B, 0xE7, 
	0x15, 0x29, 0xCB, 0xBB, 0x22, 0xEA, 0x2E, 0xCE, 0x11, 0xE4, 0x7A, 0x9D, 0x32, 0x06, 0x90, 0x51, 
	0x38, 0xA8, 0x20, 0xBC, 0x51, 0x9F, 0xD1, 0x1C, 0x08, 0x0C, 0xDE, 0x7A, 0x51, 0x18, 0xAC, 0xB5, 
	0x98, 0x53, 0x46, 0xDA, 0x90, 0xC3, 0xC3, 0x42, 0xB8, 0x30, 0x6F, 0x4A, 0x3A, 0x19, 0xAC, 0xE6, 
	0xC0, 0xA8, 0xBD, 0x5D, 0x6D, 0x70, 0x5C, 0x22, 0x97, 0x3D, 0x66, 0x9C, 0xC0, 0x52, 0x6A, 0x6A, 
	0x0C, 0xDD, 0x17, 0x18, 0x8C, 0x82, 0xA9, 0x9E, 0xEE, 0x9C, 0xCC, 0xF0, 0xE0, 0x99, 0xE6, 0x25, 
	0xB3, 0x86, 0xF7, 0x58, 0xCA, 0x47, 0x83, 0x43, 0x07, 0xB3, 0x7C, 0x53, 0xC9, 0x11, 0x8D, 0xD8, 
	0x2D, 0xCE, 0xB2, 0x1D, 0x4D, 0xF5, 0xAA, 0xDC, 0x3D, 0xBC, 0x31, 0x02, 0x2B, 0x8F, 0x43, 0x22, 
	0xBD, 0xB2, 0xCD, 0x0B, 0xA5, 0xAB, 0xCD, 0x44, 0x25, 0x22, 0xAB, 0x1D, 0x1A, 0x9B, 0x63, 0xA0, 
	0x61, 0x12, 0x93, 0xD2, 0x1A, 0x8A, 0xE2, 0xAF, 0xC4, 0x42, 0x0E, 0x21, 0x56, 0xAA, 0x24, 0xEB, 
	0x2B, 0x9F, 0x18, 0x0F, 0x5E, 0xC9, 0x23, 0xA4, 0x8B, 0x0B, 0x83, 0xC0, 0x71, 0xF0, 0x79, 0x27, 
	0xC4, 0x8E, 0x20, 0x93, 0x50, 0x1E, 0x05, 0x78, 0x7F, 0xA0, 0xDE, 0x54, 0xBC, 0x10, 0x55, 0x5D, 
	0xBA, 0xDA, 0x94, 0x5F, 0x79, 0x51, 0xB5, 0xDB, 0x71, 0x0A, 0x5C, 0x6D, 0xB9, 0x73, 0xD0, 0x8C, 
	0x30, 0x4C, 0x71, 0xE7, 0xA2, 0x13, 0x01, 0x85, 0xEB, 0x99, 0xFA, 0xC3, 0xEB, 0x55, 0x2C, 0xE3, 
	0x34, 0xD3, 0xF9, 0x26, 0xA1, 0x60, 0x5F, 0xF1, 0xAA, 0xC6, 0x85, 0x7A, 0x25, 0x01, 0xE6, 0xC7, 
	0xE5, 0x63, 0xC0, 0xA7, 0xCA, 0x5A, 0x45, 0xD6, 0x4D, 0xBD, 0xA4, 0xFB, 0x90, 0xB4, 0x3C, 0xED, 
	0xAB, 0x35, 0xE0, 0xC7, 0xBE, 0xAF, 0x2C, 0xDB, 0xC1, 0xFA, 0x2C, 0x8B, 0xDA, 0x26, 0x9A, 0x95, 
	0x11, 0xC5, 0x24, 0xD7, 0xC0, 0x72, 0x9F, 0x42, 0x5D, 0xD7, 0xF3, 0xDB, 0x76, 0xF4, 0x8C, 0x99, 
	0x1B, 0x6C, 0xD3, 0x21, 0xBB, 0x84, 0x96, 0x52, 0xE0, 0x61, 0x5A, 0x9F, 0x60, 0xC5, 0x27, 0x75, 
	0x54, 0xB1, 0x71, 0xF7, 0x92, 0x5E, 0x50, 0x45, 0xB3, 0xA1, 0x09, 0x60, 0x9C, 0x62, 0x8F, 0xBD, 
	0xFB, 0x41, 0x33, 0x1D, 0xD3, 0x9E, 0x9C, 0xB5, 0xEB, 0xA6, 0x30, 0xE4, 0x3A, 0x88, 0x1F, 0xB5, 
	0x22, 0x36, 0x92, 0xAA, 0x77, 0xA4, 0xEE, 0x53, 0x7B, 0xCB, 0xC1, 0xFA, 0x42, 0xAE, 0x34, 0x16, 
	0x92, 0x33, 0x48, 0x23, 0x57, 0x4C, 0x89, 0x5A, 0x55, 0x98, 0x80, 0xE9, 0x20, 0x71, 0x9A, 0x73, 
	0x6D, 0x7C, 0x5A, 0xD7, 0xD9, 0x67, 0x8E, 0x7B, 0x7F, 0x37, 0x11, 0x47, 0x8D, 0x4C, 0x9F, 0x18, 
	0xB6, 0x08, 0x4F, 0xBA, 0xB6, 0x6B, 0x27, 0x3D, 0x40, 0x15, 0x28, 0x6E, 0xE8, 0x26, 0x1D, 0x71, 
	0xF1, 0xBA, 0x65, 0xCA, 0x4C, 0x28, 0x95, 0xBA, 0x3E, 0x9F, 0xB2, 0x3E, 0x1C, 0xF3, 0x9C, 0xF0, 
	0xF2, 0x69, 0x6F, 0xD1, 0x94, 0x52, 0x86, 0x3C, 0x7C, 0xDD, 0xE2, 0x8C, 0xC0, 0xA7, 0x7D, 0x68, 
	0x15, 0x20, 0x43, 0x06, 0x6D, 0x1D, 0xE2, 0xC7, 0xC9, 0xF7, 0x61, 0xF8, 0x7B, 0x36, 0x23, 0xBC, 
	0x66, 0x16, 0xA1, 0x8D, 0xB2, 0xE5, 0x4D, 0xDA, 0x89, 0xE3, 0x53, 0x8B, 0xC3, 0xB6, 0xFC, 0xB9, 
	0xBC, 0xF6, 0x83, 0x4B, 0x38, 0xDB, 0xC4, 0x1C, 0xF3, 0x21, 0x95, 0x20, 0x65, 0xD3, 0xBD, 0x52, 
	0xDA, 0xD5, 0xEA, 0x5A, 0x11, 0x98, 0x56, 0x94, 0x73, 0x0E, 0xE9, 0x2B, 0x52, 0x7B, 0x59, 0x8F, 
	0x9C, 0x8A, 0x72, 0xAD, 0x9D, 0xB4, 0xCB, 0xEB, 0x4A, 0xE4, 0xF3, 0x59, 0xDC, 0x66, 0x4A, 0x2B, 
	0xE1, 0x7C, 0x16, 0xDA, 0xBA, 0x6F, 0x10, 0x7F, 0x0E, 0x37, 0x47, 0x31, 0xE6, 0xB7, 0x9D, 0xF2, 
	0x0F, 0x23, 0x68, 0x94, 0xCA, 0x51, 0x18, 0x58, 0xB2, 0x68, 0xC6, 0xB4, 0xF5, 0xCA, 0x1B, 0xB0, 
	0x9F, 0xCE, 0xDC, 0x41, 0xEC, 0xCD, 0x3B, 0x95, 0xB8, 0x70, 0xA1, 0xE6, 0x47, 0x9A, 0x4D, 0xA2, 
	0xE9, 0x2A, 0x9B, 0xA0, 0x23, 0xE0, 0x22, 0x34, 0x1A, 0x7D, 0x6D, 0x91, 0xE6, 0x98, 0xCC, 0x23, 
	0xC6, 0xBC, 0xF0, 0xA4, 0x2E, 0xC0, 0xF9, 0x94, 0x97, 0xA4, 0x4D, 0xC1, 0x23, 0x01, 0x46, 0x2D, 
	0xE8, 0xE4, 0x34, 0xB2, 0x12, 0x52, 0xB5, 0x1E, 0xCB, 0x4B, 0x13, 0x8A, 0x23, 0xC9, 0x98, 0x4B, 
	0xE3, 0x28, 0xDC, 0xA9, 0xE5, 0xEA, 0xF6, 0xE8, 0x68, 0xE1, 0x69, 0x8A, 0x7D, 0x2F, 0xE1, 0xDB, 
	0x60, 0xD0, 0x1A, 0x12, 0x37, 0xDD, 0x44, 0x65, 0xF0, 0xBD, 0xD3, 0x91, 0x28, 0x12, 0xE3, 0xF0, 
	0x18, 0xE0, 0x31, 0x25, 0xE0, 0x53, 0x23, 0xE0, 0x82, 0x46, 0x06, 0x3E, 0x80, 0xF3, 0xE1, 0xCF, 
	0x21, 0x62, 0x40, 0x2C, 0x72, 0x71, 0x58, 0x50, 0x3E, 0xEC, 0xC0, 0xBE, 0xB0, 0x75, 0xBA, 0x97, 
	0xF9, 0x18, 0x22, 0x38, 0x0F, 0x86, 0xDC, 0xA8, 0xF5, 0xD2, 0x2B, 0x37, 0x79, 0xC3, 0x54, 0xE1, 
	0xC7, 0x15, 0x82, 0xC2, 0xB4, 0x61, 0x22, 0xC0, 0x11, 0x0E, 0xB5, 0x95, 0xA0, 0x99, 0x5D, 0x7C, 
	0x29, 0x86, 0x1D, 0x4A, 0x5D, 0xCA, 0x0A, 0xED, 0x8C, 0xAE, 0xA6, 0x12, 0xD0, 0x83, 0xB8, 0xD1, 
	0xA0, 0x53, 0xA1, 0xEA, 0x1B, 0x8D, 0x1D, 0x85, 0x65, 0x2E, 0xA0, 0xCB, 0xFD, 0xB3, 0x83, 0xB6, 
	0x99, 0x67, 0x3B, 0x11, 0x0A, 0xBB, 0xBA, 0x80, 0x89, 0x0C, 0x50, 0x99, 0x38, 0x90, 0x19, 0x02, 
	0x83, 0xB2, 0x44, 0xF0, 0xD4, 0x87, 0x2D, 0x1D, 0xF4, 0x7D, 0x39, 0x6E, 0xF2, 0x73, 0x53, 0x1D, 
	0x11, 0xA3, 0x9E, 0x79, 0x6C, 0x9E, 0xA7, 0xA1, 0x09, 0x05, 0xD6, 0x1E, 0x4E, 0xF3, 0xB3, 0xAF, 
	0x1F, 0xC7, 0xDE, 0x84, 0x66, 0x2E, 0x9E, 0xCB, 0x38, 0x26, 0x15, 0xC4, 0xE1, 0x17, 0x56, 0x46, 
	0xEC, 0x74, 0x49, 0xC1, 0x0A, 0x22, 0xC7, 0x94, 0xA0, 0xDF, 0xE5, 0xE8, 0x21, 0x33, 0x4E, 0xD9, 
	0x86, 0x3A, 0xF2, 0x6E, 0x5B, 0x0F, 0x3F, 0xAA, 0x07, 0x6C, 0xCC, 0x78, 0x3F, 0x53, 0x88, 0x9D, 
	0x50, 0xCC, 0x24, 0x80, 0x77, 0x91, 0x9B, 0x4F, 0xB5, 0xDB, 0xE4, 0xCF, 0xA1, 0x4D, 0x1B, 0x59, 
	0xA3, 0x8E, 0xE9, 0xDF, 0x76, 0x31, 0x23, 0x9A, 0x19, 0x98, 0xDA, 0x4F, 0xAA, 0x8D, 0x43, 0x52, 
	0xC9, 0xF5, 0xEE, 0x84, 0x98, 0xBC, 0xE2, 0x90, 0x4E, 0x3E, 0x47, 0xC4, 0x25, 0xC3, 0x9C, 0xB7, 
	0x15, 0x78, 0xF6, 0x5C, 0x8C, 0x2B, 0xCA, 0x49, 0xB8, 0xF3, 0x9F, 0x70, 0x09, 0x86, 0x3F, 0x5B, 
	0xD0, 0x15, 0x6F, 0xCD, 0x68, 0xF3, 0xE5, 0xDF, 0xFA, 0x59, 0x61, 0x27, 0xF0, 0xD1, 0xCD, 0x54, 
	0xDF, 0xB7, 0x55, 0x87, 0xBB, 0x15, 0x3C, 0x09, 0xEB, 0xCE, 0x56, 0x52, 0x38, 0xAA, 0xAC, 0x7B, 
	0x66, 0x48, 0x4D, 0xD2, 0xF4, 0x2E, 0x42, 0x8F, 0x1B, 0x6F, 0x6C, 0x6F, 0xB7, 0xF7, 0x18, 0x40, 
	0x09, 0xE7, 0x0B, 0x78, 0x37, 0x84, 0xBF, 0x27, 0x5E, 0x7E, 0x2D, 0xA5, 0x66, 0xD4, 0x29, 0x2E, 
	0x28, 0xDC, 0x0D, 0x3A, 0x93, 0xA6, 0x13, 0xB9, 0x94, 0xFA, 0x8E, 0x86, 0x18, 0x6C, 0x29, 0x7A, 
	0xEB, 0xF1, 0x13, 0x79, 0x50, 0xB8, 0x24, 0x87, 0x48, 0x6E, 0x3F, 0x74, 0xCC, 0x7B, 0x96, 0xCA, 
	0x76, 0x2D, 0x08, 0xE4, 0xBB, 0x70, 0xB2, 0x4E, 0x10, 0x5B, 0xBF, 0x8A, 0xDC, 0xE3, 0x4A, 0xB0, 
	0xCA, 0x83, 0x4F, 0x20, 0x8B, 0x62, 0x7A, 0x12, 0x91, 0x0F, 0x84, 0xF5, 0xED, 0x83, 0x71, 0x6A, 
	0x42, 0x64, 0xAA, 0x2A, 0xED, 0xED, 0x24, 0xCF, 0xCC, 0xFD, 0x17, 0xD7, 0x2A, 0x88, 0xF7, 0x66, 
	0x65, 0x6D, 0x96, 0x3F, 0xA1, 0xAD, 0x6D, 0x35, 0xE7, 0xC1, 0xF3, 0xC6, 0x54, 0x69, 0x78, 0xE0, 
	0x3C, 0xE3, 0x40, 0x5F, 0x0F, 0x25, 0x7F, 0xD5, 0xBE, 0x5D, 0x3F, 0x41, 0x07, 0x2A, 0x4F, 0xBF, 
	0x3C, 0x8F, 0x9D, 0xF3, 0x6B, 0x65, 0xE0, 0x57, 0x8B, 0x12, 0x4B, 0xA5, 0xB6, 0x43, 0xDC, 0xE5, 
	0x9E, 0x1E, 0xCA, 0x6C, 0xDF, 0xA1, 0x99, 0x8A, 0x75, 0xE6, 0x23, 0x9E, 0xD8, 0x11, 0xA1, 0xE8, 
	0x65, 0xCD, 0xFA, 0xC2, 0xCA, 0xD1, 0x52, 0x81, 0x5F, 0x75, 0x4A, 0xC4, 0x11, 0x82, 0x4D, 0xD2, 
	0x6C, 0x54, 0x84, 0x4F, 0x8C, 0x66, 0x73, 0xE3, 0x39, 0x3E, 0x4B, 0x4A, 0x1F, 0xEA, 0xD1, 0xAB, 
	0xA6, 0x1A, 0x35, 0x46, 0xF2, 0xC8, 0x6E, 0xAD, 0xEE, 0x8A, 0x85, 0x88, 0x57, 0x5A, 0xAE, 0xF3, 
	0x3D, 0x0B, 0x4D, 0x65, 0x47, 0x11, 0x8A, 0xBC, 0xD8, 0xDF, 0x69, 0xBA, 0x73, 0x47, 0x04, 0x91, 
	0x7C, 0x4C, 0xB3, 0x8B, 0x43, 0x99, 0x6F, 0x83, 0x80, 0xCC, 0x8A, 0x95, 0xCE, 0x58, 0x83, 0x41, 
	0x47, 0xA9, 0x15, 0x50, 0x68, 0xB7, 0xD0, 0x9F, 0xF4, 0x6E, 0xD8, 0xD1, 0x9F, 0xDB, 0xDA, 0x21, 
	0xEC, 0x73, 0xD1, 0xCB, 0x1A, 0x37, 0xE8, 0x78, 0xE8, 0xED, 0xC2, 0xE3, 0xDC, 0x99, 0x96, 0x76, 
	0x89, 0xBE, 0x8C, 0xF7, 0x86, 0x14, 0x81, 0xD8, 0xC6, 0x79, 0x1E, 0x97, 0x97, 0x2A, 0x5F, 0x59, 
	0xD0, 0x83, 0xC7, 0x99, 0x12, 0x02, 0xEA, 0xBC, 0xC1, 0x87, 0x83, 0xB4, 0xF9, 0xD1, 0x27, 0x2B, 
	0x8C, 0xC3, 0x75, 0x90, 0x41, 0x3A, 0x61, 0x9A, 0x22, 0xAA, 0x66, 0x82, 0x7A, 0x11, 0x07, 0x48, 
	0x7F, 0x8A, 0xB9, 0xC2, 0xF0, 0xEC, 0xE2, 0x64, 0x31, 0x3F, 0x12, 0x88, 0xDD, 0x3A, 0xBF, 0xB7, 
	0x99, 0x4E, 0x5E, 0x87, 0x79, 0xED, 0x8A, 0xC6, 0x89, 0xC5, 0xEA, 0x38, 0x82, 0x11, 0x9A, 0xA8, 
	0x12, 0x99, 0xB3, 0x6B, 0xAE, 0x74, 0x89, 0x31, 0x10, 0xC9, 0x8E, 0x3E, 0x5E, 0x7C, 0x92, 0x3B, 
	0x7E, 0xE0, 0xD2, 0xA7, 0x36, 0x73, 0x72, 0x13, 0x2C, 0x70, 0xCA, 0x95, 0x2B, 0x24, 0x6B, 0xEF, 
	0x30, 0xCF, 0xAB, 0xE9, 0x64, 0x92, 0x2B, 0xB5, 0xE0, 0xF4, 0x0F, 0xC9, 0x7B, 0xEF, 0xFA, 0x96, 
	0xD6, 0x38, 0x31, 0xE4, 0x95, 0x8B, 0x1C, 0xE1, 0xE7, 0x76, 0x10, 0xDC, 0xEE, 0xDD, 0x20, 0x77, 
	0x3B, 0x51, 0x76, 0xF4, 0x3E, 0xD8, 0x5D, 0x64, 0xCE, 0x73, 0x71, 0xAE, 0x53, 0x61, 0xD3, 0x7B, 
	0xCF, 0xD5, 0xCE, 0xAF, 0xE6, 0x85, 0xC4, 0x9C, 0x38, 0x86, 0x8F, 0xA9, 0x9A, 0x49, 0xA6, 0x51, 
	0x44, 0x3B, 0xDA, 0x89, 0x9B, 0x67, 0x2A, 0x4C, 0xAF, 0x11, 0xA8, 0x80, 0x37, 0x1D, 0x6B, 0x5E, 
	0x4C, 0x7D, 0xDB, 0x87, 0xAE, 0x32, 0x41, 0x2A, 0x36, 0x88, 0x2D, 0xA6, 0x0E, 0xED, 0xA1, 0x4B, 
	0xF2, 0xC4, 0x95, 0xC9, 0x24, 0xB8, 0x0D, 0x61, 0xF6, 0x9E, 0x86, 0x2B, 0x99, 0xFA, 0x6E, 0x83, 
	0xC2, 0xE1, 0x8A, 0x4D, 0x86, 0xE8, 0xAD, 0x69, 0xBB, 0x54, 0x93, 0xF6, 0x4D, 0x15, 0xCA, 0x13, 
	0xAA, 0x27, 0x21, 0x4D, 0x6C, 0x13, 0xC4, 0x62, 0xCC, 0xF7, 0xA3, 0xE0, 0x34, 0x6B, 0xD3, 0xEF, 
	0x71, 0xBB, 0xCA, 0x33, 0x3A, 0xA3, 0x90, 0xE6, 0x47, 0xAE, 0x78, 0xEC, 0x89, 0x43, 0x8A, 0x0A, 
	0x67, 0x98, 0x0E, 0xD2, 0x70, 0x05, 0xB4, 0xB5, 0xF5, 0x14, 0x91, 0x31, 0x9E, 0x58, 0x3B, 0x70, 
	0x16, 0xCE, 0x9E, 0x98, 0xB4, 0xCB, 0xE3, 0x1F, 0xD2, 0xA0, 0x56, 0x33, 0x21, 0xA9, 0x80, 0x66, 
	0xCA, 0x79, 0xA9, 0x86, 0x1F, 0xBE, 0x81, 0xAF, 0xE2, 0xBC, 0xE5, 0xCE, 0xF2, 0x33, 0x6E, 0x9E, 
	0x3A, 0xF1, 0xD5, 0x4C, 0x15, 0x4D, 0x0A, 0x14, 0x4E, 0x03, 0x99, 0xA4, 0x9A, 0x1F, 0xB6, 0x2E, 
	0x2A, 0x07, 0x53, 0xA4, 0xA6, 0x1E, 0x23, 0x5A, 0xAC, 0xF9, 0xF7, 0xD2, 0x39, 0xE1, 0xC8, 0xD9, 
	0xF7, 0xFC, 0x39, 0x36, 0x8F, 0xB0, 0xBD, 0xD3, 0x1A, 0xC8, 0xB7, 0x7F, 0x9C, 0xBC, 0xC8, 0x18, 
	0x72, 0xA0, 0x43, 0xE0, 0x6A, 0x3C, 0x26, 0x89, 0x21, 0xC3, 0x1D, 0x87, 0x9D, 0x1B, 0xE7, 0x4C, 
	0x28, 0xB5, 0x5F, 0xAC, 0x9F, 0xF4, 0x3B, 0x10, 0x32, 0x0F, 0xD1, 0x3B, 0xF4, 0x6B, 0x86, 0xA8, 
	0x56, 0xAA, 0x81, 0x32, 0xCB, 0xF6, 0x6B, 0xDC, 0x96, 0x2E, 0x74, 0x9D, 0x9F, 0xBB, 0x10, 0xC8, 
	0x39, 0x1F, 0xDA, 0x4A, 0xC1, 0xB1, 0xFA, 0x4B, 0x71, 0xBD, 0x38, 0x88, 0xB0, 0x63, 0x49, 0x45, 
	0x09, 0x8B, 0x21, 0xAD, 0x94, 0xA1, 0x2F, 0xB6, 0x2B, 0x24, 0x3A, 0xE7, 0xC4, 0x75, 0x8F, 0x37, 
	0x39, 0x11, 0x3F, 0xC2, 0xC2, 0xF0, 0x24, 0xB7, 0x3B, 0xEF, 0xD4, 0x92, 0xDD, 0x8A, 0xC0, 0xFC, 
	0x87, 0xBB, 0x0B, 0xE6, 0x78, 0x16, 0x27, 0x48, 0x89, 0xCA, 0x6B, 0xA6, 0xBD, 0x56, 0x74, 0xE7, 
	0xFD, 0x8A, 0xD1, 0x62, 0x73, 0x5B, 0xE8, 0x91, 0x8A, 0xC7, 0xB6, 0x8F, 0xCF, 0x3F, 0x18, 0xB2, 
	0x5F, 0xAA, 0x0D, 0xA2, 0x6A, 0xA9, 0x78, 0x80, 0x2E, 0x3F, 0xE2, 0x4A, 0x71, 0x05, 0x09, 0x3F, 
	0xE5, 0x82, 0xE2, 0x71, 0xDE, 0x19, 0x45, 0x87, 0x28, 0x54, 0xB8, 0x29, 0xF1, 0x66, 0xC5, 0x26, 
	0xCB, 0xDF, 0xE2, 0xE8, 0x91, 0x5C, 0x93, 0x22, 0x0A, 0x9A, 0x98, 0x7C, 0xE1, 0xAD, 0x0E, 0x41, 
	0x19, 0xF4, 0xA9, 0xA4, 0x45, 0xBC, 0x5D, 0x57, 0x62, 0xC1, 0xB2, 0x35, 0xEB, 0x71, 0xC7, 0xA4, 
	0xCE, 0xE0, 0x42, 0x08, 0x27, 0x88, 0x71, 0xA1, 0xD6, 0x23, 0x2F, 0x55, 0x46, 0x08, 0x8C, 0xC6, 
	0x41, 0x15, 0x2A, 0xF2, 0xE5, 0xA8, 0xBF, 0x5F, 0x4C, 0x46, 0x47, 0xD7, 0x83, 0x55, 0x71, 0x7F, 
	0xDE, 0x46, 0x99, 0x98, 0xA5, 0x45, 0x55, 0x60, 0xEE, 0xE1, 0x5F, 0x27, 0xDF, 0x51, 0x37, 0x6C, 
	0xB8, 0xD0, 0x7A, 0xB1, 0x54, 0x78, 0x83, 0xC3, 0x8D, 0x15, 0x16, 0x9A, 0x89, 0x98, 0x80, 0xB6, 
	0x47, 0x92, 0x7C, 0x87, 0x99, 0xF3, 0x0B, 0x65, 0x5E, 0x2F, 0x9B, 0x7B, 0x4F, 0x42, 0xDE, 0x9F, 
	0xA2, 0x5B, 0x6F, 0x55, 0x2D, 0x81, 0x13, 0x8E, 0x78, 0x62, 0xA0, 0x35, 0x23, 0x42, 0x19, 0x18, 
	0xC7, 0x88, 0x37, 0xF5, 0xC3, 0xBA, 0x94, 0x9B, 0xBB, 0x4A, 0x79, 0x38, 0x1C, 0x34, 0xF2, 0x87, 
	0xA4, 0xCA, 0xE6, 0xAF, 0x4C, 0x91, 0x3B, 0x80, 0x13, 0x7D, 0x57, 0x8C, 0x88, 0xE0, 0xCB, 0x37, 
	0x11, 0xB0, 0x10, 0x6A, 0x05, 0x1B, 0x8D, 0x9A, 0x67, 0x72, 0x4B, 0x78, 0x23, 0xF0, 0x41, 0x17, 
	0x1E, 0x56, 0x92, 0xD2, 0x9F, 0x07, 0x39, 0x1F, 0xEB, 0xC3, 0x83, 0x0C, 0x19, 0x8E, 0x8F, 0x60, 
	0x35, 0xD6, 0x2F, 0x91, 0x65, 0x3A, 0xEA, 0xD5, 0x53, 0x0C, 0x4D, 0xB4, 0x56, 0xE4, 0xCE, 0x1D, 
	0x13, 0x34, 0x1B, 0x2C, 0x4A, 0xA0, 0xBD, 0xB4, 0x7B, 0x77, 0x5E, 0x2C, 0x62, 0xEB, 0xC8, 0xC2, 
	0x19, 0xAA, 0xA4, 0x7A, 0x23, 0xA9, 0x12, 0x78, 0x1E, 0x62, 0xB9, 0xA7, 0xCF, 0xED, 0x4F, 0x0C, 
	0x2B, 0x9A, 0xF8, 0x63, 0x9A, 0xE6, 0xCF, 0x63, 0x8E, 0x07, 0x0F, 0xC8, 0x21, 0x25, 0x34, 0x48, 
	0x2C, 0xE9, 0x7D, 0x62, 0x8F, 0xAB, 0xA0, 0x92, 0x19, 0xDF, 0xA9, 0x45, 0xDB, 0x74, 0xA4, 0x43, 
	0xBA, 0xD9, 0xAF, 0x57, 0x04, 0xB4, 0xDE, 0xFC, 0xDA, 0xC9, 0xA2, 0x24, 0x14, 0xD7, 0x14, 0x9D, 
	0xA7, 0x6D, 0x8A, 0xDF, 0x44, 0xDC, 0xD6, 0xD6, 0x33, 0xF6, 0x15, 0xC4, 0xF3, 0x69, 0x4B, 0xC8, 
	0xC8, 0x3C, 0x81, 0x4B, 0x11, 0x8E, 0xCD, 0x41, 0x93, 0x3F, 0x04, 0x78, 0x56, 0x5B, 0xD9, 0x54, 
	0x55, 0xE6, 0xAA, 0xDA, 0xD0, 0x8E, 0x45, 0xD2, 0xFA, 0x26, 0xC8, 0xD8, 0xA3, 0x49, 0xF6, 0x99, 
	0xE6, 0x0E, 0xBB, 0xBD, 0x8C, 0x6F, 0xDF, 0x8B, 0xB6, 0xD1, 0x16, 0x97, 0x0F, 0x52, 0xAD, 0x8D, 
	0xAB, 0x55, 0x7F, 0x6F, 0x20, 0x66, 0xD5, 0xED, 0xC6, 0xBC, 0xC3, 0x41, 0x9E, 0x1F, 0xED, 0x42, 
	0x6D, 0xA4, 0x90, 0x79, 0x5A, 0xCD, 0xC9, 0x24, 0xCC, 0x13, 0x82, 0x79, 0x81, 0x1C, 0xDE, 0x6A, 
	0xC8, 0x7C, 0xB2, 0x0E, 0x21, 0xBF, 0x09, 0x30, 0x6E, 0x61, 0x9A, 0x17, 0xD8, 0x72, 0xCA, 0x34, 
	0x4A, 0x7D, 0xF5, 0x8E, 0x8D, 0xCA, 0x97, 0xF5, 0x2E, 0x6B, 0x1B, 0x50, 0x3B, 0x70, 0x52, 0xAB, 
	0x7F, 0x50, 0xC1, 0x5C, 0x07, 0x70, 0x7F, 0x89, 0x92, 0x95, 0xF4, 0xC3, 0x6F, 0x56, 0x86, 0xA4, 
	0x21, 0xF3, 0xFC, 0x51, 0x5E, 0xEF, 0xC5, 0xE6, 0x98, 0x8A, 0x53, 0xB0, 0xD3, 0xBE, 0x2B, 0x06, 
	0x2C, 0xBB, 0x27, 0x5C, 0x11, 0xC7, 0x89, 0xA1, 0x64, 0xE8, 0x64, 0xF2, 0x7D, 0x6D, 0x8D, 0x9F, 
	0x28, 0x8F, 0x76, 0x59, 0x31, 0x68, 0x3B, 0x75, 0xAA, 0xF3, 0xB0, 0x71, 0x1F, 0xD2, 0x0B, 0xBF, 
	0xF3, 0xCD, 0x21, 0x5B, 0xB1, 0xB8, 0xB0, 0xEE, 0xC3, 0x0E, 0x38, 0xA8, 0x68, 0xD3, 0xB6, 0xE3, 
	0x53, 0xBD, 0x33, 0x97, 0x86, 0xCF, 0x4A, 0x06, 0x9E, 0x56, 0x8C, 0x9C, 0x07, 0x2E, 0xE8, 0x2B, 
	0x91, 0x71, 0xE7, 0xE3, 0x9A, 0x9A, 0xF6, 0xB5, 0x3F, 0x7E, 0xDE, 0x25, 0xB4, 0x48, 0x38, 0x05, 
	0x2A, 0x0E, 0xCB, 0x4C, 0x16, 0x58, 0x97, 0xAA, 0x5D, 0x47, 0x3F, 0x9B, 0xA0, 0xAE, 0x63, 0x0C, 
	0x6F, 0xB2, 0xBC, 0xBF, 0x7A, 0x68, 0xCD, 0xE8, 0xFC, 0x13, 0x91, 0xCA, 0x2C, 0xDC, 0xB9, 0x55, 
	0xF6, 0x0C, 0x01, 0xC4, 0xB2, 0xBA, 0x5B, 0x57, 0x52, 0x7E, 0xEB, 0x29, 0x3B, 0xC9, 0x2B, 0x34, 
	0x9C, 0xAD, 0x98, 0x17, 0x40, 0x95, 0x0C, 0x62, 0xDF, 0x58, 0x7B, 0x8B, 0x7D, 0x76, 0x43, 0xE5, 
	0xA6, 0x3B, 0x36, 0xEA, 0x65, 0x31, 0x03, 0xB0, 0xBA, 0xB7, 0xBD, 0x1A, 0x3D, 0x8F, 0x80, 0x2D, 
	0xCC, 0x78, 0x70, 0x3D, 0x0F, 0x30, 0xC9, 0xBB, 0x76, 0x1C, 0x9C, 0x71, 0xBB, 0x42, 0x47, 0xB8, 
	0xAA, 0x4A, 0xD3, 0xBD, 0x4B, 0x7D, 0x83, 0x4A, 0x67, 0xA9, 0xA8, 0xAF, 0x3F, 0x7E, 0x1B, 0x32, 
	0x69, 0x2B, 0x23, 0xE1, 0x1D, 0xB6, 0xD0, 0x4B, 0xCA, 0x24, 0xF3, 0xD6, 0x1B, 0x06, 0x9E, 0x74, 
	0x47, 0xD2, 0x42, 0x79, 0xB4, 0xF7, 0x3D, 0x45, 0xD3, 0x2C, 0x95, 0x79, 0xE5, 0xAC, 0xF7, 0x68, 
	0x70, 0xEE, 0x79, 0x14, 0xB5, 0x51, 0x14, 0x29, 0xC7, 0x34, 0x67, 0x63, 0xC2, 0x2B, 0x98, 0x83, 
	0x52, 0x97, 0x96, 0xC5, 0x2F, 0x71, 0xCD, 0xBD, 0x3A, 0xE9, 0x6B, 0x39, 0x30, 0xA0, 0xA2, 0x93, 
	0x92, 0x0E, 0x0F, 0xDF, 0x95, 0x7B, 0x09, 0x52, 0xE2, 0x24, 0xAB, 0x0E, 0x4E, 0x73, 0xD6, 0x34, 
	0x4D, 0x40, 0x0A, 0x7A, 0x41, 0x4D, 0x7D, 0x7B, 0x47, 0xE2, 0xC5, 0xFA, 0x21, 0x8F, 0xE7, 0x6D, 
	0x2B, 0x9A, 0x89, 0xF5, 0x50, 0x68, 0x7F, 0x7E, 0x41, 0xBF, 0x83, 0xF1, 0x58, 0x5C, 0x6F, 0x76, 
	0x6C, 0x86, 0x97, 0xCA, 0xBF, 0x70, 0xC6, 0x23, 0x7E, 0xE6, 0x5E, 0x27, 0xCA, 0x26, 0x1E, 0x49, 
	0x32, 0xF0, 0x63, 0x12, 0xB7, 0xC2, 0xC7, 0x26, 0x94, 0x0F, 0x69, 0xAC, 0x8E, 0xC4, 0xD9, 0x38, 
	0x78, 0x38, 0x38, 0x1E, 0x95, 0x41, 0xA3, 0xFA, 0x13, 0xD5, 0xAE, 0x54, 0xB6, 0x79, 0xE3, 0x75, 
	0x57, 0x5F, 0xE8, 0x41, 0xEF, 0xBC, 0x85, 0x7E, 0x6D, 0xD2, 0xF3, 0xF8, 0xF3, 0x31, 0xF2, 0xF0, 
	0xF8, 0x22, 0xB9, 0x30, 0xE3, 0xBB, 0x78, 0x4E, 0x9A, 0xB2, 0x38, 0x67, 0x55, 0x52, 0x61, 0xCD, 
	0xE4, 0x2C, 0x87, 0xD5, 0x27, 0x09, 0xBC, 0xA8, 0xCE, 0x28, 0x7B, 0xD9, 0x9D, 0x7F, 0x22, 0x16, 
	0x09, 0x05, 0xE5, 0xF3, 0xF0, 0x62, 0xF1, 0xF6, 0xB3, 0x63, 0x45, 0x9D, 0x4C, 0xEB, 0x13, 0x32, 
	0xD0, 0xA1, 0x69, 0x8C, 0x8C, 0xED, 0x0D, 0x6B, 0x85, 0xDC, 0x5F, 0xB2, 0xC1, 0x50, 0xEE, 0xC8, 
	0x78, 0xD4, 0x72, 0xBD, 0x1A, 0x2C, 0x5A, 0xB1, 0x59, 0xDD, 0x2C, 0x6F, 0x6B, 0x22, 0xC0, 0x26, 
	0xC4, 0x3A, 0x99, 0x4A, 0xB4, 0x43, 0x23, 0x71, 0xF3, 0x24, 0xB2, 0x26, 0xC7, 0x9E, 0x9D, 0xED, 
	0xB4, 0x7A, 0xC9, 0x28, 0xDB, 0xBC, 0x3D, 0x0B, 0x47, 0x46, 0xF3, 0xA1, 0xB5, 0x2F, 0xE1, 0xE8, 
	0x12, 0x47, 0x33, 0x34, 0x4A, 0x42, 0x67, 0x1D, 0x38, 0xD3, 0xBE, 0x08, 0x4D, 0x09, 0x91, 0x50, 
	0xD5, 0xD1, 0x86, 0xE7, 0x24, 0x1C, 0x83, 0x3E, 0xEC, 0x9B, 0xDA, 0x35, 0x4B, 0xE3, 0x2F, 0xA3, 
	0x81, 0x55, 0x14, 0xCD, 0x18, 0xCF, 0x8D, 0x8D, 0x07, 0x31, 0x68, 0x83, 0xF7, 0xA8, 0xCE, 0x5F, 
	0xB1, 0xD7, 0xEF, 0x4A, 0x96, 0xE9, 0xB2, 0x60, 0x61, 0xE8, 0xC4, 0x77, 0x77, 0xBD, 0xA1, 0x47, 
	0xC1, 0xC9, 0x18, 0xE3, 0xF9, 0x66, 0x9B, 0xC1, 0xB2, 0x44, 0xAC, 0x29, 0xAD, 0x23, 0x95, 0x61, 
	0xA7, 0x8E, 0x60, 0x8A, 0x69, 0x57, 0x7D, 0x49, 0x47, 0x68, 0x8D, 0x10, 0xA4, 0x95, 0xD7, 0x69, 
	0x21, 0x2D, 0xE1, 0x88, 0x2C, 0xBE, 0x2B, 0x75, 0x55, 0x25, 0x62, 0x97, 0x7C, 0x98, 0xAF, 0x6B, 
	0xC9, 0xF1, 0xFB, 0x7E, 0xB3, 0x0C, 0x27, 0x94, 0x09, 0x30, 0x0C, 0xCA, 0x84, 0xD3, 0xC5, 0x7F, 
	0x6E, 0x0D, 0x3F, 0xEB, 0xDD, 0x7E, 0x0E, 0x31, 0x96, 0x10, 0x42, 0xE7, 0x85, 0xCD, 0x3C, 0x4D, 
	0xD6, 0x20, 0xD9, 0xFE, 0xDE, 0x37, 0x4A, 0xB8, 0x9C, 0x76, 0xE3, 0xF6, 0xBF, 0x84, 0xB5, 0xC7, 
	0x49, 0xE5, 0xA7, 0xD0, 0x89, 0x7B, 0x99, 0x41, 0xD7, 0x2F, 0xEF, 0x74, 0x20, 0xF4, 0xB8, 0xB0, 
	0x3E, 0x13, 0x10, 0x5D, 0x5D, 0x93, 0xE7, 0xE3, 0xBD, 0x6E, 0xBF, 0xE7, 0x4E, 0x15, 0x6C, 0x4B, 
	0xD3, 0x76, 0x86, 0x0C, 0xB1, 0x4B, 0x90, 0xAC, 0x27, 0xAF, 0x11, 0xA9, 0xCA, 0xE3, 0x2A, 0xEB, 
	0xEF, 0xFB, 0x73, 0x28, 0xD8, 0x7F, 0x75, 0x0A, 0xB3, 0x56, 0x1E, 0x5F, 0x37, 0x8F, 0x1D, 0xC4, 
	0x15, 0x39, 0x44, 0xB8, 0x35, 0xE2, 0x1D, 0x5D, 0x10, 0xEE, 0xF3, 0x95, 0x39, 0xCC, 0xD7, 0x4F, 
	0xAE, 0xF9, 0xCD, 0x21, 0x34, 0xAB, 0xBD, 0xE1, 0x9A, 0x75, 0x5E, 0x64, 0xBB, 0x95, 0x40, 0xDA, 
	0x6C, 0xEA, 0x29, 0x65, 0xCB, 0xF4, 0xA9, 0xF7, 0xF3, 0x43, 0x13, 0x36, 0x29, 0x96, 0x98, 0xA6, 
	0xDC, 0x48, 0xDB, 0x5F, 0x55, 0x88, 0x0A, 0x05, 0xEA, 0x26, 0xD1, 0x40, 0x49, 0x2D, 0xCD, 0xE4, 
	0x1F, 0x41, 0x48, 0xBE, 0xA8, 0x87, 0x3D, 0xE2, 0xCD, 0xD2, 0xAB, 0x17, 0x96, 0x9B, 0x91, 0xC7, 
	0x7B, 0x06, 0x4D, 0x42, 0x5F, 0xE2, 0xEC, 0xBF, 0x29, 0xA1, 0xC7, 0x78, 0x5E, 0xF6, 0x48, 0xF3, 
	0xF3, 0xEC, 0xD1, 0xD3, 0xE8, 0x43, 0x2A, 0x5F, 0x3C, 0x18, 0xE1, 0xD3, 0xAE, 0xB7, 0x56, 0x3C, 
	0x29, 0x72, 0x9D, 0x7E, 0x9E, 0x35, 0x7F, 0x28, 0x16, 0x6C, 0x51, 0xE6, 0xB0, 0x34, 0x45, 0x0E, 
	0x78, 0xAC, 0xB2, 0xE2, 0xF2, 0x49, 0x35, 0x5D, 0x87, 0x6F, 0xE4, 0x7F, 0xA1, 0x5E, 0xD2, 0x4F, 
	0x44, 0xE0, 0x45, 0xF0, 0x89, 0x53, 0x3E, 0x1B, 0x66, 0xDA, 0x7C, 0xC3, 0x1C, 0x6E, 0x19, 0xC4, 
	0xD9, 0x58, 0xCF, 0x8C, 0x4C, 0x49, 0x81, 0xA6, 0xA7, 0x46, 0xA2, 0x53, 0xE6, 0x80, 0x85, 0x0F, 
	0xBF, 0xA3, 0x87, 0xE8, 0xA9, 0xBE, 0xF5, 0x4F, 0x66, 0x65, 0x34, 0x68, 0x94, 0xF9, 0x4C, 0xB0, 
	0xDA, 0xAB, 0x09, 0x97, 0x97, 0x8E, 0xAA, 0xC6, 0x35, 0x09, 0x05, 0xD5, 0x28, 0x8F, 0x2B, 0x5A, 
	0x55, 0xF4, 0xB9, 0xD9, 0xC7, 0x7E, 0xF3, 0x28, 0xF1, 0x7D, 0x5A, 0x88, 0x5D, 0x91, 0xD0, 0x13, 
	0xEE, 0x91, 0xEB, 0x4D, 0xAE, 0xD0, 0xA3, 0x1A, 0x5F, 0x39, 0xCE, 0xFB, 0xFC, 0xAD, 0xEA, 0xE8, 
	0x40, 0x50, 0xF0, 0x8D, 0xCA, 0x12, 0xE3, 0xD8, 0xBA, 0x98, 0xAE, 0x25, 0xB2, 0x7E, 0x2C, 0xD0, 
	0x56, 0xD7, 0x3F, 0xE6, 0x9B, 0x62, 0xC3, 0xAA, 0x30, 0x56, 0xC6, 0xCA, 0x6C, 0x4A, 0x72, 0x1E, 
	0x63, 0x0B, 0x56, 0x0A, 0xC1, 0x7D, 0xE3, 0x77, 0xDC, 0x50, 0xD8, 0x71, 0x29, 0x82, 0x18, 0xE5, 
	0xAD, 0x87, 0x62, 0x4A, 0x69, 0x0C, 0xDE, 0x71, 0x1E, 0xE9, 0x8B, 0xA9, 0x73, 0x83, 0xBD, 0x32, 
	0x76, 0x8C, 0xD0, 0xB0, 0xF3, 0x68, 0x68, 0xB6, 0x5A, 0x23, 0x74, 0xF5, 0x4F, 0x0E, 0xC2, 0xE8, 
	0x7C, 0x75, 0xD0, 0x59, 0x78, 0x2A, 0x32, 0x0C, 0x66, 0x98, 0x8E, 0x4F, 0x4D, 0xF3, 0x42, 0x1D, 
	0xAE, 0x59, 0x47, 0x1F, 0xAD, 0xDE, 0x59, 0x3D, 0xA3, 0xB1, 0xF4, 0xA1, 0xE4, 0xEA, 0xED, 0x36, 
	0xC6, 0xA8, 0xE6, 0x58, 0x38, 0x9A, 0x44, 0xF0, 0xFB, 0xEC, 0x55, 0xA1, 0x60, 0xC9, 0xB8, 0xAE, 
	0x0C, 0xD7, 0x7E, 0x3F, 0x85, 0x9A, 0xF1, 0x5A, 0x0E, 0x96, 0xBB, 0x70, 0xF3, 0x92, 0x83, 0xDF, 
	0x71, 0x1F, 0xD1, 0xCE, 0x46, 0xD2, 0x1C, 0x6E, 0x59, 0x87, 0x21, 0xEA, 0x2F, 0xA7, 0x74, 0x73, 
	0xF7, 0xB4, 0x26, 0x3A, 0x28, 0xBA, 0x0C, 0x20, 0x5B, 0x86, 0x19, 0xC3, 0x97, 0xE1, 0xF9, 0xFE, 
	0xBF, 0xDA, 0xC9, 0x9F, 0x5D, 0xC2, 0x1C, 0x79, 0xAF, 0x25, 0x38, 0xB6, 0x5C, 0xC5, 0x14, 0xBB, 
	0xD8, 0x5B, 0xC8, 0x94, 0x6A, 0x0B, 0x95, 0x8D, 0x29, 0x24, 0x2E, 0x60, 0x05, 0x63, 0x2D, 0x39, 
	0xC6, 0xF7, 0xC6, 0xDA, 0x76, 0xE0, 0x1D, 0xDD, 0xE1, 0x65, 0xC4, 0xCD, 0xC7, 0xE1, 0x95, 0xB8, 
	0x7E, 0x65, 0x08, 0x00, 0x48, 0xA8, 0x46, 0x48, 0x8B, 0x2C, 0x27, 0x23, 0x9F, 0x1C, 0x50, 0x1A, 
	0x52, 0x8C, 0xBE, 0xE9, 0x9E, 0x38, 0x4B, 0x42, 0x68, 0x0A, 0xD0, 0x44, 0x72, 0x3C, 0x73, 0x43, 
	0x6F, 0x77, 0x2F, 0x88, 0xF4, 0x7D, 0xDE, 0xCD, 0x73, 0x54, 0xF7, 0x51, 0x16, 0x75, 0x1D, 0xDA, 
	0xB6, 0xBB, 0x9A, 0x7A, 0x16, 0x3D, 0x5B, 0xE7, 0x78, 0xD3, 0x66, 0x6A, 0x83, 0x9C, 0x93, 0x0C, 
	0xE3, 0x3F, 0x91, 0x89, 0xC0, 0xB8, 0xD3, 0x5E, 0x47, 0x6B, 0x9C, 0x58, 0x0C, 0x9B, 0x8F, 0xAE, 
	0xF0, 0xAD, 0x17, 0x75, 0x3E, 0x1A, 0x4C, 0x11, 0xC8, 0x9F, 0x43, 0xF0, 0x4E, 0x5F, 0x2F, 0x7C, 
	0xC7, 0x56, 0x76, 0x8A, 0x24, 0x40, 0xCD, 0xF6, 0x40, 0x43, 0xD4, 0x1A, 0x63, 0x2A, 0x28, 0x54, 
	0xBC, 0x8D, 0xD2, 0x2E, 0xA0, 0x5D, 0x92, 0x8F, 0xF5, 0x34, 0x38, 0xD0, 0x39, 0x5E, 0xE9, 0xED, 
	0x92, 0x7A, 0xEE, 0x7A, 0xAF, 0x77, 0x0B, 0x74, 0x16, 0xA9, 0x6F, 0x8E, 0x3B, 0x2B, 0xC0, 0x7F, 
	0x75, 0x97, 0x7B, 0x0B, 0x02, 0x26, 0x07, 0x25, 0x13, 0x59, 0xF4, 0x43, 0xDD, 0x09, 0xE1, 0x5C, 
	0x61, 0x6B, 0x14, 0x69, 0x43, 0x36, 0xEF, 0x7B, 0x4C, 0x8C, 0xF1, 0x32, 0xA8, 0x56, 0xAC, 0x8C, 
	0x13, 0x13, 0x77, 0xDD, 0x37, 0x2A, 0xDD, 0x57, 0xDB, 0x1E, 0x1D, 0x9C, 0x2A, 0x2D, 0x98, 0x88, 
	0x1F, 0xE7, 0xC1, 0xE1, 0xC0, 0xF2, 0xA2, 0x52, 0xF6, 0xCD, 0x0A, 0x7B, 0x27, 0xCA, 0x96, 0xB3, 
	0x39, 0x44, 0x3D, 0xC9, 0x39, 0x8E, 0xD7, 0x59, 0xD5, 0x46, 0x1F, 0xCB, 0xE1, 0x61, 0xE2, 0x21, 
	0x32, 0xCC, 0xD6, 0x92, 0x45, 0xA2, 0x59, 0x2F, 0xEA, 0x59, 0x03, 0x79, 0x20, 0x5C, 0x86, 0xF1, 
	0x3F, 0x7B, 0x10, 0x29, 0x36, 0x1E, 0xED, 0x41, 0x19, 0xC9, 0x66, 0xD6, 0x38, 0x84, 0x1C, 0x66, 
	0xCA, 0xE8, 0x21, 0x6E, 0x10, 0xC3, 0xE4, 0x0B, 0x90, 0x20, 0x4A, 0x56, 0x43, 0x3B, 0x0F, 0x0F, 
	0x0F, 0x18, 0x1A, 0x90, 0x91, 0x12, 0xAC, 0xD7, 0x5D, 0xBE, 0x3D, 0x12, 0x50, 0x36, 0xD5, 0xA2, 
	0xB9, 0x18, 0x2A, 0xCA, 0x88, 0x68, 0x78, 0x83, 0xF9, 0x2F, 0x29, 0x7D, 0x69, 0x30, 0x0C, 0x88, 
	0x5D, 0x75, 0x85, 0xF9, 0xC0, 0x30, 0xE9, 0xD0, 0x0F, 0x17, 0xCD, 0x19, 0xA6, 0x73, 0x55, 0xA7, 
	0x6A, 0x31, 0x9B, 0x42, 0x3F, 0x0C, 0x9E, 0x3B, 0xE0, 0x7D, 0xBC, 0xBF, 0x8B, 0x87, 0xCA, 0xC3, 
	0x66, 0xF9, 0x59, 0x94, 0x64, 0xC3, 0xF8, 0x85, 0x38, 0xD5, 0x5E, 0xBD, 0xCB, 0xCF, 0x0A, 0x3F, 
	0xEC, 0x37, 0xE7, 0x94, 0xED, 0xCB, 0x6B, 0x61, 0xB5, 0x2B, 0x22, 0x1D, 0xBF, 0x28, 0x0F, 0xC2, 
	0x1C, 0x25, 0x67, 0xD6, 0x50, 0xBB, 0x82, 0x1D, 0x97, 0x29, 0xC1, 0x55, 0x69, 0x6C, 0xC9, 0xE0, 
	0x2A, 0x0B, 0x72, 0xE3, 0x81, 0x47, 0x25, 0x16, 0x7B, 0x42, 0x49, 0xE4, 0x70, 0x5C, 0xE5, 0x8A, 
	0x0F, 0x5F, 0xA1, 0x90, 0x6C, 0x76, 0x97, 0x8F, 0x9E, 0x11, 0x12, 0x32, 0x60, 0xE7, 0x17, 0xCB, 
	0x62, 0xB6, 0x83, 0xAB, 0xE7, 0xA4, 0xA9, 0x30, 0xE8, 0xE9, 0x23, 0xBC, 0xE8, 0x26, 0xE4, 0xA4, 
	0x82, 0x3B, 0xB5, 0xC0, 0xDF, 0xD5, 0xC8, 0x9F, 0x49, 0xAD, 0x13, 0x28, 0xB7, 0x7F, 0x7B, 0x28, 
	0xB4, 0x4A, 0x3E, 0x8B, 0x6A, 0x8B, 0x30, 0x42, 0x68, 0x4B, 0x5C, 0x85, 0xDA, 0xD8, 0x0A, 0x89, 
	0x63, 0x30, 0x51, 0xBB, 0xED, 0x53, 0xEE, 0xCB, 0x48, 0x46, 0x72, 0x38, 0xA5, 0xCE, 0x41, 0xA8, 
	0xF0, 0xBC, 0xC3, 0x87, 0x55, 0x40, 0x48, 0xC2, 0xEE, 0x93, 0xC2, 0x65, 0x0C, 0x7E, 0x7E, 0x88, 
	0x3F, 0xD0, 0xF5, 0x35, 0x07, 0xCF, 0x76, 0x62, 0xE8, 0xFA, 0xF1, 0xAC, 0x80, 0x28, 0xCF, 0x13, 
	0x69, 0x30, 0x14, 0xC6, 0x2F, 0x72, 0x09, 0xDF, 0x3A, 0xE9, 0xE9, 0xC4, 0x5A, 0x9D, 0x2A, 0x8F, 
	0x49, 0xC5, 0x24, 0xDE, 0xB6, 0xF8, 0xF8, 0x7F, 0x4E, 0x0D, 0x0F, 0x16, 0xB1, 0x41, 0x42, 0xA0, 
	0x36, 0xB5, 0x1C, 0xEC, 0x96, 0x78, 0xC9, 0xA0, 0x86, 0xAD, 0x53, 0x64, 0xD1, 0x3D, 0x1D, 0x74, 
	0x63, 0xA9, 0x25, 0x1D, 0xB5, 0xBD, 0xAA, 0xEB, 0x0D, 0xB1, 0x4B, 0x5D, 0xF8, 0x6B, 0xD3, 0xAB, 
	0xF2, 0x8F, 0x99, 0xC5, 0x64, 0x14, 0x73, 0xA8, 0xE4, 0x1A, 0x5C, 0x4B, 0xC0, 0xD5, 0xF0, 0xCC, 
	0x1D, 0x24, 0x42, 0x42, 0xF6, 0xB7, 0x13, 0x60, 0x67, 0x52, 0xED, 0xA8, 0x26, 0x6F, 0x5B, 0x13, 
	0x15, 0xC0, 0x5D, 0x5E, 0x89, 0x99, 0x44, 0x91, 0xF7, 0x6B, 0x6C, 0xBA, 0x89, 0x98, 0x9C, 0xE2, 
	0x94, 0xE0, 0xB6, 0x19, 0x85, 0xF3, 0x1D, 0x45, 0x6F, 0x2A, 0x5B, 0x59, 0x17, 0xBA, 0xF3, 0x9B, 
	0x92, 0xA7, 0xEE, 0x21, 0x33, 0xE9, 0xCE, 0xB1, 0x19, 0x04, 0xA7, 0x53, 0xA1, 0x23, 0x79, 0xE6, 
	0xAE, 0xA5, 0x88, 0x8F, 0x92, 0x31, 0x19, 0xC6, 0xC2, 0x97, 0xB1, 0x35, 0xEF, 0x3D, 0x3D, 0xC0, 
	0x20, 0x66, 0xE7, 0xA0, 0xA2, 0x7D, 0x2D, 0x13, 0x1F, 0x49, 0x4A, 0xD3, 0xD0, 0x8F, 0x5C, 0xC3, 
	0xE3, 0x30, 0xB1, 0x0F, 0x6F, 0x7A, 0xD6, 0xF4, 0xA7, 0x07, 0x08, 0x25, 0x13, 0x3A, 0x2C, 0xE3, 
	0xFD, 0x58, 0xB6, 0xDC, 0x4E, 0x2B, 0xC5, 0xA0, 0xC1, 0xA4, 0x4D, 0x7C, 0xE0, 0x9A, 0x64, 0x2E, 
	0x61, 0x38, 0x29, 0x10, 0xAC, 0x95, 0x85, 0x81, 0x0D, 0xC9, 0x61, 0x82, 0xCF, 0xC9, 0x2B, 0x1F, 
	0x3A, 0xA6, 0xB2, 0x18, 0xB5, 0x72, 0x90, 0xF8, 0x47, 0x78, 0x9B, 0xA7, 0xE3, 0x79, 0x30, 0x90, 
	0xF4, 0xA6, 0xA7, 0x81, 0xF8, 0xB8, 0xA8, 0xFA, 0x8D, 0x7E, 0x94, 0xD2, 0xCE, 0x5D, 0xEA, 0x44, 
	0x74, 0xCA, 0x1D, 0xB1, 0xC0, 0x51, 0xBA, 0x9F, 0x84, 0x4C, 0x20, 0x08, 0xF2, 0xE7, 0xBA, 0x48, 
	0x1D, 0x42, 0xE0, 0x82, 0x2A, 0x9A, 0x3F, 0xBC, 0x6A, 0x7F, 0x80, 0xEB, 0xC6, 0xEC, 0xC7, 0xEC, 
	0xF8, 0x21, 0x0B, 0x93, 0x42, 0x45, 0x04, 0xB3, 0x2B, 0x8B, 0x91, 0x96, 0x7D, 0x37, 0x6A, 0x44, 
	0xE3, 0xFD, 0x8B, 0x77, 0x2F, 0x98, 0xA0, 0xE5, 0x8F, 0x5D, 0xD0, 0xF2, 0xA0, 0x1D, 0x3B, 0x9C, 
	0xB6, 0xEA, 0xA5, 0xC4, 0x4A, 0x6A, 0x6D, 0x55, 0x61, 0xCE, 0xA1, 0x97, 0xDC, 0x35, 0x1A, 0x63, 
	0x31, 0xB3, 0x0D, 0x1B, 0x30, 0x7C, 0xA1, 0x5A, 0x87, 0x9A, 0x35, 0x43, 0x62, 0xE2, 0x60, 0x8A, 
	0x4F, 0xB5, 0xD3, 0x96, 0x12, 0x4F, 0x7F, 0x36, 0x1F, 0x9E, 0xD7, 0x96, 0xC6, 0x33, 0xEA, 0x4F, 
	0x56, 0x65, 0xCE, 0x6E, 0x82, 0xA1, 0x73, 0xB7, 0x9A, 0xD0, 0x21, 0x8B, 0x54, 0xF5, 0x8E, 0xAD, 
	0xFA, 0xF4, 0x87, 0xA2, 0xF2, 0x23, 0x20, 0xDF, 0xE9, 0x9D, 0xBA, 0x61, 0x06, 0x10, 0x95, 0x50, 
	0x79, 0xF8, 0x4A, 0xA2, 0x97, 0xE5, 0xA7, 0x88, 0x9B, 0x9D, 0xF8, 0xCF, 0xC4, 0x7C, 0x9B, 0xCC, 
	0xB5, 0x21, 0x6F, 0xD9, 0x8E, 0x69, 0x97, 0xCA, 0xF6, 0x59, 0xA3, 0x14, 0x7A, 0x43, 0x19, 0x97, 
	0x5C, 0x81, 0x8F, 0x5D, 0x0C, 0xB2, 0x44, 0xF2, 0x26, 0x99, 0x36, 0x3A, 0x41, 0x0C, 0xC6, 0x7F, 
	0x0A, 0xAA, 0x59, 0x70, 0x7A, 0x6B, 0x9D, 0x07, 0x26, 0x73, 0xE0, 0x10, 0x56, 0xAC, 0xD6, 0x34, 
	0x5A, 0xF8, 0xE0, 0x61, 0x9A, 0x11, 0xA3, 0x1F, 0x4B, 0x7F, 0xF0, 0x62, 0x78, 0xDF, 0xC4, 0x15, 
	0x2B, 0x45, 0xBE, 0xD6, 0xA0, 0xD5, 0x58, 0x6B, 0xF7, 0xB8, 0xA9, 0xF0, 0xD5, 0xD4, 0xB4, 0xB7, 
	0x91, 0x82, 0x3F, 0xBF, 0x45, 0x54, 0xB1, 0xAF, 0x0C, 0xEF, 0x74, 0x05, 0x3E, 0xBD, 0x87, 0x9F, 
	0x12, 0x6A, 0x3F, 0xC7, 0xF4, 0xEF, 0x3C, 0xBC, 0xA9, 0xC4, 0x13, 0xBD, 0x5D, 0xAB, 0xE5, 0xBF, 
	0xAE, 0x2B, 0x96, 0xF7, 0x11, 0x94, 0x9A, 0x55, 0xC2, 0xC1, 0xAC, 0x41, 0x94, 0xE7, 0x8B, 0x22, 
	0x2F, 0xBF, 0x30, 0x5C, 0xA7, 0x77, 0x37, 0x77, 0xF7, 0x6D, 0x13, 0xAD, 0x7E, 0xC4, 0x25, 0x87, 
	0x1A, 0x0C, 0xD0, 0xAB, 0x33, 0x64, 0xF3, 0x66, 0xB9, 0x9F, 0xA1, 0x71, 0xA3, 0x2E, 0x9F, 0x37, 
	0xC5, 0xF2, 0xDA, 0xD7, 0x16, 0xB3, 0xA7, 0xD3, 0x7C, 0x61, 0x9C, 0x48, 0xEF, 0x37, 0x62, 0x37, 
	0xC7, 0x61, 0xB4, 0xC2, 0x21, 0xC2, 0xDD, 0xF9, 0xBB, 0x5D, 0x31, 0x3D, 0xB1, 0xD0, 0x28, 0x54, 
	0xB8, 0xA6, 0x85, 0xCD, 0x98, 0x93, 0x4C, 0xD6, 0x48, 0x7F, 0x8B, 0x41, 0xA7, 0x80, 0x35, 0x8F, 
	0x87, 0x4E, 0xE0, 0x89, 0x59, 0x5F, 0xB3, 0x18, 0x31, 0xC0, 0x21, 0x92, 0x45, 0xBA, 0xA7, 0xC6, 
	0x87, 0x8E, 0x4D, 0x2C, 0xDC, 0x64, 0x41, 0x5E, 0x27, 0x9D, 0x90, 0xB1, 0xA6, 0xD3, 0x69, 0x4A, 
	0x94, 0x15, 0xED, 0x77, 0x98, 0x4E, 0x5E, 0x58, 0x4D, 0xBC, 0x18, 0xA9, 0xE4, 0x5E, 0x49, 0x8A, 
	0x51, 0x6C, 0x35, 0x0F, 0xBB, 0x0B, 0x17, 0xEF, 0x9C, 0xA0, 0x51, 0xF7, 0x21, 0xD3, 0x4B, 0xBD, 
	0x09, 0xE1, 0x6A, 0x57, 0xBB, 0x3A, 0x17, 0x49, 0xCA, 0x34, 0xA4, 0x0C, 0x67, 0x86, 0x83, 0x77, 
	0xEA, 0x12, 0x2E, 0xE1, 0x29, 0xE7, 0xC8, 0x10, 0xB1, 0x68, 0x51, 0xBC, 0x5F, 0xBD, 0x84, 0x35, 
	0x66, 0x2A, 0x91, 0x49, 0xC6, 0x55, 0x82, 0x34, 0x30, 0xED, 0x67, 0x5F, 0xBA, 0xC2, 0x3E, 0x1B, 
	0xDA, 0x32, 0x19, 0x70, 0x1B, 0x19, 0xA3, 0xB6, 0x51, 0xD8, 0x10, 0xDB, 0xF2, 0x48, 0x32, 0x8D, 
	0x24, 0x16, 0xCD, 0x9F, 0xE8, 0x5D, 0xB8, 0x1C, 0x7F, 0x12, 0x98, 0xC8, 0xF5, 0x10, 0xAB, 0xD4, 
	0x51, 0xA7, 0xAC, 0xAF, 0xE4, 0xFD, 0x8A, 0xF0, 0xC4, 0x0C, 0xC6, 0x9D, 0x8B, 0x97, 0xD1, 0xA6, 
	0x23, 0x10, 0x54, 0xF7, 0x7A, 0x8B, 0x3A, 0xC5, 0x91, 0x72, 0xAD, 0x9C, 0x56, 0xCE, 0xA8, 0xD0, 
	0xF4, 0x6C, 0x92, 0xDE, 0xF6, 0xA9, 0x88, 0x7C, 0x30, 0xCD, 0xE7, 0x65, 0xEE, 0x94, 0x53, 0xEE, 
	0x0B, 0x70, 0x3B, 0x55, 0xDB, 0xBB, 0xD3, 0xF2, 0xBC, 0x28, 0xC4, 0x75, 0x3B, 0x3A, 0x2E, 0xF4, 
	0x5B, 0x42, 0x5D, 0x99, 0xD7, 0xA0, 0x47, 0xC7, 0x51, 0x58, 0x7C, 0xED, 0x32, 0x77, 0xEE, 0xD8, 
	0x1A, 0xAA, 0x7E, 0xD5, 0xD7, 0x38, 0xD8, 0xEE, 0x20, 0x2B, 0x10, 0x31, 0x37, 0xC7, 0xCC, 0x15, 
	0x7E, 0x2E, 0x81, 0xB3, 0x4B, 0xF4, 0xBB, 0x35, 0x81, 0x9D, 0xA0, 0x60, 0x50, 0x2F, 0x75, 0x65, 
	0x41, 0x35, 0x10, 0x02, 0x22, 0xC7, 0x0F, 0xE4, 0x64, 0xA0, 0x82, 0x12, 0x05, 0xA2, 0x6F, 0x80, 
	0x48, 0x18, 0x64, 0x4F, 0x21, 0x5D, 0x4B, 0xB1, 0xE2, 0xBF, 0x51, 0xEB, 0xB0, 0x12, 0xF0, 0x86, 
	0x26, 0x75, 0xC0, 0x96, 0xB9, 0xF0, 0x6B, 0xDD, 0xF2, 0xA6, 0x14, 0x70, 0x7F, 0x73, 0x64, 0x9E, 
	0x0F, 0x03, 0x4B, 0xC8, 0x6F, 0xEA, 0xC7, 0x3E, 0x22, 0xCE, 0x66, 0x4D, 0xB3, 0xF7, 0x0D, 0xCE, 
	0xF7, 0xFE, 0x5E, 0x9A, 0xB6, 0x8B, 0x7C, 0x89, 0xDA, 0x53, 0x8B, 0x2C, 0xAA, 0x58, 0x69, 0x79, 
	0xD9, 0xF3, 0x6F, 0xDF, 0x61, 0x59, 0x60, 0x57, 0x94, 0x14, 0xA4, 0x4F, 0x0C, 0x68, 0x7E, 0xD5, 
	0xAD, 0x53, 0x6D, 0x6F, 0x61, 0x07, 0x31, 0x67, 0xCC, 0xCF, 0xBE, 0x34, 0xBD, 0x0D, 0x9C, 0xE0, 
	0x85, 0xF4, 0xD1, 0x8C, 0x4B, 0xCC, 0xB9, 0x7E, 0x4F, 0x93, 0xD7, 0x23, 0x60, 0x5A, 0xC3, 0xC2, 
	0xC9, 0xFA, 0x98, 0xA6, 0x28, 0x58, 0xD6, 0xCF, 0x2C, 0x59, 0x45, 0xCD, 0x17, 0xB8, 0x9C, 0x7E, 
	0x59, 0x28, 0x7E, 0xF7, 0xB5, 0x20, 0xC9, 0xD5, 0xEF, 0xA8, 0x8C, 0x30, 0xAB, 0x46, 0x98, 0x96, 
	0x8B, 0x9F, 0x41, 0x28, 0x8B, 0x18, 0x2F, 0xC7, 0xDC, 0x33, 0xA9, 0xAE, 0x1A, 0x46, 0x44, 0xA8, 
	0x6D, 0x96, 0x6A, 0xC2, 0x48, 0x74, 0x1C, 0x5D, 0xD1, 0x7D, 0x40, 0x38, 0x08, 0x2C, 0x22, 0x1E, 
	0xC6, 0xD9, 0xC6, 0x25, 0x64, 0x39, 0x4F, 0x44, 0x9D, 0x87, 0x74, 0x9A, 0x78, 0xE6, 0xF9, 0xA5, 
	0x72, 0x74, 0x54, 0xB1, 0xC9, 0xB6, 0x67, 0xD5, 0xFB, 0x62, 0x5C, 0x42, 0x97, 0xAC, 0xE5, 0xEC, 
	0x24, 0x53, 0x6F, 0xF6, 0x90, 0x5A, 0xC0, 0xD3, 0xC3, 0xB4, 0xEE, 0xC5, 0x0F, 0x78, 0x7E, 0x54, 
	0xBD, 0xE8, 0xF9, 0xE4, 0x47, 0x2F, 0xE6, 0xCE, 0x11, 0x94, 0x3D, 0x8E, 0xD0, 0xD9, 0xE6, 0x64, 
	0x9F, 0xC0, 0x6E, 0x7F, 0x10, 0x8A, 0x80, 0xE9, 0x44, 0x0B, 0x68, 0x8F, 0xB9, 0x5F, 0xF8, 0x82, 
	0x65, 0x2E, 0xF4, 0xB1, 0xC4, 0xBE, 0x63, 0x88, 0x4B, 0x89, 0x15, 0xB4, 0x3F, 0x51, 0x7A, 0x94, 
	0x3D, 0xD2, 0xC9, 0xAD, 0x1F, 0x7D, 0xD6, 0xC5, 0xB1, 0xDE, 0x1E, 0xB5, 0xB1, 0x6B, 0x10, 0xA3, 
	0x08, 0x74, 0xDF, 0xC0, 0xA4, 0xCA, 0xC3, 0x30, 0xAC, 0x93, 0x06, 0x90, 0x82, 0x42, 0x6E, 0x7B, 
	0x63, 0x5D, 0x84, 0xCA, 0x1A, 0x55, 0x91, 0x57, 0x65, 0x9C, 0x07, 0x3F, 0x31, 0x12, 0x9C, 0x2C, 
	0xE6, 0x1F, 0x20, 0x05, 0x46, 0x46, 0x8B, 0x8C, 0xDD, 0x1B, 0x15, 0x45, 0x81, 0x53, 0xEB, 0xC6, 
	0x49, 0x19, 0x82, 0x76, 0x7C, 0xC1, 0xD7, 0x68, 0x51, 0xA9, 0x32, 0x65, 0xA3, 0x4E, 0x26, 0x0C, 
	0x26, 0x4F, 0x0C, 0xAF, 0x55, 0xA0, 0x9E, 0x5D, 0x1F, 0x79, 0x44, 0x36, 0x43, 0xBB, 0x99, 0xE8, 
	0xAF, 0xD6, 0x99, 0x83, 0x08, 0x01, 0x33, 0x7A, 0x0E, 0x7C, 0x7F, 0xB9, 0xAB, 0x91, 0x5F, 0x37, 
	0x4D, 0x7C, 0xD9, 0x5C, 0x79, 0xDD, 0x3F, 0x08, 0x4F, 0x49, 0x5D, 0x18, 0xE3, 0x54, 0x5F, 0x35, 
	0x16, 0x74, 0x6B, 0x1A, 0x75, 0xCD, 0xA8, 0xF5, 0xD2, 0x97, 0xC4, 0x1B, 0xF2, 0xE7, 0x84, 0x4F, 
	0xAB, 0xF8, 0xC9, 0xAC, 0xAF, 0x88, 0x0E, 0xBF, 0x1E, 0xEB, 0x36, 0xD6, 0xD0, 0x47, 0xAF, 0xA6, 
	0x9C, 0xD8, 0xA0, 0x9F, 0xDC, 0x83, 0x8C, 0xEC, 0x96, 0x6D, 0xB5, 0x8F, 0x80, 0xD7, 0x2F, 0xB9, 
	0x44, 0x2E, 0xCE, 0xC4, 0xFB, 0xA5, 0x2B, 0x9A, 0xA8, 0x0F, 0x57, 0xCC, 0x6C, 0x6B, 0x61, 0x19, 
	0x0A, 0xDF, 0xB7, 0xCD, 0x5B, 0xD6, 0xB1, 0x4E, 0xD7, 0x93, 0xF0, 0x92, 0x49, 0x7E, 0x59, 0xBF, 
	0x99, 0x83, 0x06, 0xEE, 0xA4, 0xC6, 0x14, 0x53, 0xE6, 0x1D, 0x72, 0x7B, 0x5A, 0x25, 0x98, 0x24, 
	0xC6, 0x95, 0x21, 0x9B, 0x31, 0x42, 0x42, 0xAE, 0xEB, 0x9A, 0xFA, 0xC7, 0x87, 0x74, 0x7A, 0x5B, 
	0xF5, 0x75, 0x2C, 0xE1, 0xF6, 0x21, 0x9A, 0x7E, 0x72, 0xAB, 0xF7, 0xB0, 0x6F, 0x4C, 0x0D, 0x23, 
	0xF5, 0xD3, 0x2E, 0x59, 0xD0, 0x99, 0xD8, 0xA1, 0xA3, 0x21, 0x44, 0x28, 0x94, 0xD6, 0x68, 0x4A, 
	0x59, 0x70, 0x19, 0x7A, 0x8A, 0x3C, 0x2F, 0x6B, 0x6B, 0x74, 0x4C, 0x7C, 0x93, 0x4C, 0xAA, 0x53, 
	0x5D, 0xA5, 0x17, 0x82, 0xEA, 0x48, 0x7B, 0x4D, 0x86, 0xBD, 0x27, 0xE9, 0x14, 0x59, 0x4E, 0x1F, 
	0x42, 0x10, 0x72, 0xE3, 0x15, 0x55, 0x6D, 0x49, 0xB3, 0x18, 0xA9, 0x58, 0xE5, 0x18, 0xEE, 0x98, 
	0x54, 0x21, 0x01, 0xEF, 0x45, 0x34, 0x8D, 0xBB, 0xCE, 0x37, 0xC6, 0xAD, 0x8A, 0x37, 0xD5, 0x37, 
	0xEC, 0xD4, 0xE4, 0x9F, 0x55, 0x2F, 0x78, 0xEF, 0xDE, 0x3A, 0x5A, 0xD1, 0xB7, 0x1C, 0xB7, 0xAD, 
	0xE6, 0x4D, 0xF6, 0xD2, 0xAE, 0xE7, 0xE8, 0xC2, 0x54, 0x22, 0x6C, 0x26, 0xE1, 0x21, 0x1A, 0x9A, 
	0x54, 0x54, 0xDA, 0x61, 0x5F, 0xEF, 0xDB, 0x2C, 0x0B, 0x89, 0x6A, 0xF0, 0x63, 0x5B, 0x41, 0x1E, 
	0xD4, 0x40, 0x03, 0x67, 0x52, 0x64, 0xB7, 0xE9, 0x8F, 0x4C, 0x1A, 0x68, 0x2D, 0x50, 0x78, 0x53, 
	0xDE, 0x38, 0xCB, 0x36, 0x59, 0x76, 0x79, 0x52, 0x13, 0xDD, 0xDA, 0xEE, 0x78, 0x6A, 0x28, 0x2D, 
	0x87, 0x1D, 0xDB, 0x7E, 0x69, 0x33, 0xA5, 0x9A, 0xAD, 0x73, 0xB9, 0xE3, 0x79, 0xA8, 0xD6, 0xF5, 
	0xE2, 0x16, 0x08, 0x61, 0x94, 0x07, 0xA5, 0xB9, 0x75, 0x06, 0x92, 0x46, 0xAE, 0x55, 0x7B, 0xED, 
	0xFD, 0x16, 0x67, 0xE8, 0x5C, 0x5E, 0xBC, 0xEE, 0x8B, 0x63, 0x3B, 0x35, 0x15, 0x72, 0x76, 0x09, 
	0x23, 0x90, 0xB8, 0x97, 0x8A, 0x6B, 0x33, 0x66, 0x52, 0xA9, 0x78, 0xB7, 0xFC, 0xAD, 0xBC, 0x4D, 
	0xDC, 0x4D, 0x42, 0x06, 0xA0, 0x8A, 0x6E, 0xD7, 0x94, 0xEA, 0x5C, 0x49, 0x7D, 0x92, 0x06, 0xB1, 
	0x36, 0x7D, 0x0F, 0x9B, 0xD3, 0x16, 0x2B, 0x2E, 0x7B, 0xBE, 0x34, 0x65, 0x62, 0x92, 0xC3, 0xCE, 
	0x94, 0x08, 0xF3, 0x46, 0x12, 0xC9, 0x8C, 0x17, 0xE4, 0xF2, 0xC2, 0x5A, 0x57, 0x64, 0x87, 0x21, 
	0x31, 0x88, 0x06, 0xA8, 0x47, 0xCF, 0x31, 0x9F, 0x6F, 0x22, 0x5E, 0xA0, 0x16, 0xB1, 0xDA, 0xF2, 
	0x14, 0x7A, 0x1D, 0x68, 0x6D, 0xDF, 0x5D, 0x12, 0x62, 0x53, 0x11, 0xD1, 0x65, 0xD2, 0x8E, 0xF9, 
	0xFB, 0x81, 0x8B, 0x33, 0xBB, 0x35, 0x23, 0x29, 0x3A, 0xA6, 0x9A, 0x17, 0x5D, 0x47, 0xAD, 0xE4, 
	0xF3, 0x10, 0xEF, 0xA0, 0xC2, 0xEF, 0x85, 0x1C, 0x67, 0xF1, 0xC0, 0x9D, 0x8B, 0x61, 0xE4, 0xF2, 
	0x13, 0x1E, 0x80, 0xD6, 0x6F, 0x13, 0x6B, 0xE3, 0xB0, 0x5A, 0x4A, 0x98, 0xD6, 0xF5, 0x64, 0xA2, 
	0x9F, 0xE6, 0xEA, 0x38, 0x3F, 0xAF, 0x1A, 0x37, 0x19, 0xCF, 0x3C, 0xA4, 0xE7, 0xF7, 0xF1, 0x61, 
	0x7E, 0x4B, 0xA6, 0xAD, 0x81, 0xF1, 0xD9, 0xD1, 0x3B, 0x1A, 0xC4, 0x75, 0x25, 0x0A, 0x59, 0xEA, 
	0x0C, 0x7C, 0x24, 0xC0, 0x3C, 0x6D, 0x8A, 0x4A, 0x2E, 0xE3, 0xC5, 0x5C, 0xBC, 0x2D, 0x51, 0x5C, 
	0x2A, 0xD0, 0xA8, 0xF0, 0x6C, 0xE3, 0x8C, 0x9B, 0xE0, 0xEF, 0x68, 0x13, 0x0F, 0x45, 0x94, 0x57, 
	0xB8, 0x36, 0xB0, 0x53, 0x25, 0xE5, 0xCA, 0xDE, 0x1C, 0x36, 0x98, 0x47, 0x71, 0xF2, 0x33, 0xDF, 
	0x7B, 0xAF, 0x0E, 0x39, 0xAD, 0x78, 0x19, 0xC3, 0x7A, 0xDF, 0x3D, 0x35, 0x95, 0x07, 0x59, 0x25, 
	0x18, 0x5C, 0xAD, 0xF8, 0xAF, 0x82, 0x1A, 0x63, 0xD9, 0xC8, 0xDF, 0x5B, 0x8E, 0x06, 0xF0, 0xB4, 
	0x8A, 0xBF, 0x4C, 0x5B, 0x1D, 0xAD, 0x7E, 0xA4, 0x5A, 0x08, 0x56, 0xE7, 0xE6, 0x17, 0x60, 0x77, 
	0x06, 0x7A, 0xF6, 0x50, 0x98, 0x07, 0x20, 0x0B, 0x44, 0xA9, 0x94, 0xB8, 0xCD, 0x5F, 0xAC, 0x3E, 
	0x21, 0x01, 0xBB, 0x78, 0x7F, 0x43, 0x24, 0x3D, 0x8C, 0x6A, 0xC4, 0x8D, 0x41, 0xC9, 0xCB, 0x3B, 
	0x13, 0x0B, 0x68, 0xF3, 0xE8, 0xD4, 0x0E, 0xB6, 0xAE, 0x0E, 0x9E, 0xE3, 0x16, 0xA5, 0x9C, 0xC5, 
	0xAA, 0x6B, 0xC2, 0xEE, 0xEA, 0x4A, 0xCF, 0x71, 0xD2, 0x36, 0x60, 0xA2, 0x1A, 0x2B, 0x1B, 0x07, 
	0x82, 0x81, 0xBB, 0x20, 0xA7, 0xDF, 0x4A, 0x3F, 0x1E, 0xEC, 0xEA, 0x9C, 0x54, 0x23, 0x76, 0x68, 
	0x39, 0xF7, 0x84, 0x7C, 0x8B, 0x6B, 0xC4, 0xD2, 0x8D, 0x80, 0xEE, 0x29, 0x04, 0x90, 0x44, 0x5B, 
	0x4D, 0x6B, 0x92, 0xF9, 0x39, 0x99, 0xC2, 0x1A, 0x44, 0xA0, 0x27, 0xCF, 0xCA, 0x72, 0x6E, 0xED, 
	0x8A, 0xD1, 0x0E, 0x0F, 0xB4, 0xE7, 0x9E, 0xD4, 0xB1, 0x8B, 0x2F, 0x26, 0xC5, 0x0D, 0x8F, 0x76, 
	0xE8, 0x65, 0x7A, 0x44, 0xD7, 0x0B, 0xD0, 0x88, 0x83, 0x4A, 0xEB, 0xEE, 0xD0, 0xCF, 0x0A, 0x08, 
	0xEE, 0xFA, 0x61, 0xE5, 0xFA, 0x87, 0x52, 0xA8, 0xF1, 0x89, 0xA5, 0x2B, 0x59, 0xF2, 0xD6, 0x56, 
	0xA1, 0xEE, 0xE8, 0xCA, 0x4F, 0x8E, 0x3E, 0xA6, 0xD2, 0x22, 0xE0, 0x7A, 0xD9, 0x11, 0x28, 0x0E, 
	0x95, 0x91, 0x67, 0x96, 0xEE, 0x7F, 0x58, 0x4B, 0xA9, 0xAF, 0xE3, 0xDC, 0xC4, 0x7D, 0x2D, 0xB5, 
	0x54, 0xC0, 0x3B, 0xB9, 0x36, 0x53, 0x0D, 0x5E, 0xDE, 0x64, 0x7A, 0x4C, 0x99, 0x68, 0x40, 0x32, 
	0x21, 0xB5, 0xF3, 0xE5, 0x77, 0x9C, 0x82, 0x74, 0xD4, 0x57, 0x53, 0x49, 0x3E, 0x1B, 0x21, 0x45, 
	0x74, 0x82, 0xA6, 0x98, 0x79, 0xDA, 0xD0, 0x54, 0x08, 0x5E, 0x0C, 0x8C, 0xD8, 0xBE, 0x0E, 0x68, 
	0xDF, 0xAA, 0xC4, 0xE7, 0x78, 0x48, 0x11, 0xA7, 0x22, 0xB4, 0x46, 0xB1, 0x34, 0xE7, 0xB5, 0x54, 
	0x49, 0xD5, 0x70, 0x13, 0x29, 0x4A, 0x7C, 0xD8, 0x36, 0x74, 0xD2, 0xBB, 0x92, 0x6B, 0xA7, 0x7D, 
	0xE6, 0x90, 0x74, 0x0A, 0x15, 0x4D, 0xA1, 0x51, 0xC0, 0x47, 0xE3, 0xB9, 0x25, 0x96, 0x42, 0xEF, 
	0xA2, 0x8B, 0x94, 0x2E, 0x7B, 0x3E, 0x6C, 0x44, 0x07, 0xED, 0x1C, 0x76, 0xD4, 0x54, 0xB9, 0xE4, 
	0xE0, 0xA8, 0x88, 0xDC, 0xA4, 0x26, 0x4D, 0x67, 0xC5, 0x4B, 0x6E, 0x28, 0xBA, 0x4B, 0x86, 0x2C, 
	0xEE, 0x56, 0x21, 0x31, 0xC9, 0xD9, 0x65, 0x7B, 0xCB, 0x4E, 0xCD, 0xCE, 0xFA, 0xDC, 0x42, 0xF3, 
	0x20, 0x37, 0x6F, 0x6B, 0x88, 0xA7, 0x84, 0xDD, 0xC7, 0x35, 0xD5, 0x28, 0xE8, 0xA3, 0xC2, 0x98, 
	0x7B, 0xEE, 0xEF, 0xBF, 0xA4, 0xD6, 0x81, 0x50, 0x7D, 0xD1, 0x1F, 0xF2, 0x6F, 0x05, 0x82, 0xCD, 
	0x8C, 0x93, 0x8A, 0xD9, 0x69, 0x5D, 0x20, 0x5D, 0x05, 0x67, 0x24, 0x15, 0xAA, 0xDE, 0x88, 0xBA, 
	0xF4, 0x51, 0xCB, 0xA7, 0xA5, 0x73, 0x58, 0x46, 0xAB, 0x17, 0xBC, 0x94, 0xB4, 0x42, 0x6A, 0x48, 
	0xD7, 0x13, 0x11, 0xAE, 0xF0, 0x43, 0x62, 0x57, 0x67, 0x73, 0x1C, 0xAC, 0x30, 0xC3, 0xCA, 0xDB, 
	0xE4, 0x31, 0x75, 0x14, 0xA4, 0x6A, 0xE0, 0xB9, 0xA3, 0x77, 0xA5, 0x69, 0x9F, 0x95, 0x22, 0x05, 
	0x59, 0xF4, 0x38, 0xB7, 0x24, 0xC4, 0x0B, 0xF1, 0x94, 0xC4, 0x88, 0xF0, 0xB4, 0xA3, 0xF9, 0x0C, 
	0x5F, 0x74, 0x80, 0x69, 0xAC, 0x0C, 0x85, 0xBE, 0x45, 0x84, 0x78, 0x96, 0x18, 0x8D, 0x39, 0x73, 
	0xF7, 0xCD, 0xF2, 0x0D, 0xEC, 0x24, 0x11, 0x4F, 0xB2, 0xE8, 0x1A, 0x1C, 0xB8, 0x41, 0xE3, 0xFD, 
	0x43, 0x17, 0x6B, 0x62, 0xD4, 0x24, 0x10, 0x43, 0x1B, 0xCA, 0xD2, 0x8C, 0x1B, 0x4B, 0xB2, 0xD3, 
	0x5D, 0xE2, 0x5D, 0xD9, 0xB5, 0xC0, 0x11, 0x20, 0xBB, 0x73, 0x4E, 0xB0, 0xF4, 0xEE, 0xCC, 0x72, 
	0xD6, 0xFA, 0xB2, 0xF5, 0x78, 0x0D, 0x9E, 0xF0, 0x6F, 0xE3, 0x45, 0xE3, 0xE4, 0x64, 0x11, 0x1E, 
	0xAB, 0xC6, 0x3F, 0xE9, 0xB9, 0xD9, 0xD2, 0xF9, 0x48, 0xE7, 0xB6, 0x8E, 0x28, 0x94, 0x41, 0xAF, 
	0x5D, 0x25, 0x90, 0x71, 0xED, 0xAC, 0xE2, 0x46, 0x13, 0x62, 0x2C, 0xAB, 0xDA, 0xEC, 0x16, 0x1A, 
	0xED, 0xE5, 0x68, 0x24, 0x85, 0x13, 0xB0, 0x3C, 0x63, 0x08, 0xA2, 0xBF, 0x3D, 0xA0, 0x4C, 0xF3, 
	0x7D, 0x89, 0x5F, 0x55, 0xED, 0x71, 0xCA, 0x69, 0x98, 0xEA, 0xEA, 0x23, 0x7E, 0xA1, 0xEC, 0x5E, 
	0xB4, 0xC7, 0x85, 0x9E, 0xD8, 0x8F, 0x71, 0xF1, 0x18, 0x56, 0x73, 0xAE, 0x51, 0x06, 0x57, 0x35, 
	0x98, 0x3E, 0x2C, 0x76, 0x3E, 0x40, 0xC5, 0x6E, 0x39, 0x2C, 0xB7, 0xAD, 0x89, 0xB4, 0x5C, 0x2E, 
	0x34, 0xF3, 0x39, 0xDB, 0x88, 0x0D, 0x16, 0x23, 0xBC, 0x9D, 0x4D, 0x0C, 0x9F, 0x2F, 0x4A, 0x1D, 
	0xD0, 0x4D, 0x0E, 0xF1, 0xB9, 0xA4, 0xAD, 0x21, 0xB9, 0xD1, 0xCB, 0x3C, 0xBA, 0xE0, 0x58, 0xB3, 
	0x52, 0x1A, 0xE5, 0xAE, 0x88, 0xBE, 0x38, 0x6C, 0xAD, 0x87, 0x45, 0xB4, 0xAE, 0x22, 0x58, 0x35, 
	0xDA, 0xCA, 0xEF, 0x45, 0x77, 0x93, 0xAD, 0x13, 0xAF, 0x9E, 0x24, 0xC4, 0x33, 0x69, 0x51, 0xD9, 
	0x92, 0xB6, 0x2A, 0x03, 0x09, 0x78, 0xAD, 0x53, 0xA7, 0xD1, 0x65, 0xF5, 0xF8, 0x67, 0x31, 0xC0, 
	0x20, 0xD8, 0xBA, 0xE9, 0xC2, 0xA2, 0x6F, 0x9A, 0x48, 0x50, 0xAC, 0xCA, 0xF0, 0x28, 0x2D, 0x52, 
	0x2E, 0x7E, 0x24, 0x33, 0x5C, 0x8A, 0xDF, 0x10, 0x30, 0x4C, 0x8A, 0x54, 0x3E, 0x0A, 0xCE, 0xE8, 
	0x89, 0xB6, 0x2D, 0xF0, 0xF0, 0xD9, 0xF3, 0xEE, 0x44, 0xB1, 0x61, 0xD6, 0x65, 0x51, 0x2F, 0x87, 
	0x08, 0x21, 0x1B, 0xD4, 0xFA, 0xC6, 0x8D, 0x9D, 0x6B, 0xC0, 0x9D, 0x88, 0x63, 0xA6, 0xC9, 0x79, 
	0xD1, 0x83, 0xE3, 0xA6, 0x96, 0xD4, 0xB6, 0xED, 0x1F, 0x9D, 0xE9, 0xE9, 0xEC, 0xDC, 0xFB, 0xC6, 
	0x96, 0x52, 0x37, 0xD1, 0x88, 0x82, 0xC7, 0xE5, 0x27, 0x0E, 0x43, 0xA7, 0x70, 0x68, 0xE2, 0x16, 
	0x5E, 0x71, 0x8D, 0x6D, 0x65, 0xBA, 0x89, 0x57, 0xEE, 0xF0, 0x15, 0x2A, 0x35, 0x26, 0xA5, 0x0C, 
	0x0C, 0xBE, 0x7B, 0x53, 0xBC, 0xAD, 0x35, 0x75, 0xC4, 0x11, 0x2C, 0x1A, 0x91, 0xE5, 0x7B, 0x20, 
	0x29, 0xC8, 0x9A, 0x26, 0x39, 0x38, 0xA8, 0x9B, 0xA1, 0x84, 0x51, 0x20, 0x05, 0x1A, 0xAE, 0x24, 
	0x3D, 0x4C, 0xCC, 0xB7, 0xA2, 0xB2, 0xB0, 0xB3, 0x85, 0x9C, 0xDA, 0x77, 0x38, 0x5D, 0x28, 0xCD, 
	0xD5, 0xE0, 0x6D, 0xD0, 0x22, 0x74, 0xCB, 0x0F, 0x87, 0x49, 0x37, 0x85, 0x47, 0x30, 0xF5, 0xA8, 
	0xA7, 0xAE, 0x21, 0xB9, 0x42, 0x87, 0xA6, 0xC1, 0x1D, 0xB5, 0xC6, 0xA3, 0xCA, 0x84, 0x11, 0x30, 
	0xAE, 0xF6, 0x51, 0xDD, 0x3A, 0x37, 0xF5, 0xA8, 0xD0, 0x34, 0x28, 0x75, 0x11, 0x5C, 0xCC, 0xF7, 
	0x6F, 0xBF, 0x1A, 0x69, 0xD1, 0xB3, 0xDB, 0x98, 0xE9, 0x60, 0x45, 0xD2, 0x10, 0x8A, 0xA7, 0xF2, 
	0xBF, 0x74, 0x72, 0xEB, 0xD7, 0xBA, 0xB4, 0x4F, 0x32, 0x32, 0x6E, 0x45, 0x9A, 0x33, 0xD9, 0x47, 
	0x50, 0x65, 0x63, 0x0A, 0xCC, 0x36, 0x78, 0xE0, 0x27, 0x74, 0x95, 0x8F, 0xB5, 0x57, 0xDC, 0xAE, 
	0x91, 0xA7, 0xFA, 0xE9, 0x88, 0xC3, 0xD0, 0x97, 0x1A, 0x57, 0x49, 0x84, 0x5E, 0xA7, 0x4D, 0x69, 
	0xCC, 0x80, 0x99, 0x1F, 0xC2, 0x94, 0x1E, 0x31, 0x66, 0x1F, 0xE0, 0x8C, 0xD5, 0x24, 0x0A, 0xA1, 
	0x76, 0x0F, 0xE6, 0xFE, 0xDF, 0xB4, 0x9F, 0xE4, 0x91, 0xAE, 0xCA, 0x2F, 0xD0, 0x6B, 0x8A, 0x32, 
	0x07, 0xEB, 0x3A, 0x7E, 0x6D, 0xE9, 0xB5, 0xC5, 0x36, 0x55, 0x4E, 0xC9, 0x8E, 0xC0, 0xD2, 0x0C, 
	0x56, 0x0B, 0x33, 0xAA, 0xB2, 0x5C, 0xC9, 0x73, 0x57, 0x46, 0x03, 0x53, 0xC1, 0x83, 0x94, 0x10, 
	0xAA, 0xC4, 0x8C, 0x5E, 0x9C, 0xE2, 0xB0, 0xB0, 0x83, 0x42, 0xBA, 0xB3, 0x23, 0xA2, 0x62, 0x9E, 
	0xD5, 0x21, 0x9B, 0xBD, 0xF2, 0x22, 0x74, 0x26, 0xC7, 0x3E, 0xCF, 0x8B, 0x0D, 0x94, 0xB5, 0x4A, 
	0x41, 0xE2, 0xE8, 0x1B, 0x65, 0x99, 0xD4, 0xCB, 0x1C, 0xEB, 0x27, 0xC8, 0xFC, 0xB5, 0x3B, 0x2D, 
	0x2D, 0xBA, 0xED, 0x3F, 0xBC, 0xDD, 0x25, 0xB6, 0x0A, 0xA2, 0x26, 0x75, 0x9E, 0xDF, 0xAF, 0xEB, 
	0xC9, 0x6B, 0x7F, 0x54, 0xF3, 0xC1, 0x67, 0xB3, 0x49, 0x99, 0x3A, 0x08, 0xC2, 0x59, 0x45, 0x1A, 
	0x41, 0x84, 0xC2, 0x71, 0x60, 0x20, 0xA1, 0xC2, 0xA3, 0xC4, 0xA2, 0x34, 0xB9, 0x13, 0x95, 0xD8, 
	0x0A, 0x48, 0x65, 0x19, 0xA7, 0x87, 0xEB, 0xDC, 0x21, 0x66, 0xB3, 0x82, 0x46, 0x82, 0xDF, 0xA2, 
	0xA8, 0xFB, 0xB0, 0xFA, 0x40, 0xC7, 0x6C, 0x82, 0x0B, 0xB8, 0xF7, 0xF9, 0xBF, 0x58, 0x0E, 0xA5, 
	0x53, 0xA8, 0x9E, 0x9B, 0x08, 0xA8, 0x83, 0x6C, 0x40, 0x8D, 0x40, 0xAB, 0x58, 0xBF, 0xD0, 0xC4, 
	0x97, 0xBE, 0x24, 0xC3, 0xE0, 0x77, 0x1B, 0x11, 0x30, 0xCD, 0xBD, 0x71, 0x1A, 0x78, 0xEB, 0xC8, 
	0xC1, 0xA7, 0x13, 0x66, 0x9D, 0x83, 0x86, 0x5F, 0x0E, 0x4F, 0x49, 0x4F, 0x12, 0x1B, 0x34, 0x50, 
	0xE1, 0x71, 0x6F, 0x05, 0x18, 0x16, 0xCD, 0x4E, 0xC9, 0x4A, 0x5C, 0x68, 0x71, 0xD1, 0xA7, 0x5E, 
	0x0B, 0x5B, 0x82, 0x56, 0x59, 0xC7, 0xD1, 0x78, 0x7B, 0xF0, 0x4C, 0x5F, 0xAC, 0x20, 0x98, 0xD7, 
	0x30, 0xA7, 0xE6, 0x1C, 0xBA, 0x50, 0x2F, 0xC9, 0x34, 0x5B, 0x3C, 0x13, 0x99, 0x35, 0xE7, 0x65, 
	0x7D, 0x08, 0xB4, 0x72, 0x28, 0xDB, 0xA5, 0x3C, 0x37, 0xC2, 0x87, 0x2F, 0x93, 0xD6, 0x0C, 0xB1, 
	0x88, 0x36, 0xB1, 0xBE, 0xE6, 0x33, 0x11, 0x14, 0x45, 0x6F, 0x98, 0xD1, 0x96, 0xE8, 0xF6, 0x96, 
	0x2E, 0xC3, 0x58, 0x1F, 0x24, 0xA0, 0x9C, 0xF5, 0x8D, 0x28, 0x3F, 0x43, 0x50, 0xF1, 0xC4, 0x19, 
	0xD2, 0xB9, 0xE9, 0x11, 0xBA, 0x5E, 0xD0, 0x4F, 0xBA, 0xDA, 0xAC, 0x6B, 0x6F, 0xE5, 0x57, 0x79, 
	0xB2, 0xEC, 0xD5, 0x0C, 0x99, 0x7B, 0xC9, 0xD0, 0x6D, 0x66, 0x98, 0x83, 0x8F, 0xA0, 0xA4, 0xCB, 
	0xA4, 0xFA, 0x88, 0x3B, 0xA7, 0x07, 0x3C, 0x69, 0xD8, 0x0A, 0x7C, 0xC7, 0x7A, 0x97, 0xF3, 0x6D, 
	0x73, 0xB4, 0xAD, 0x19, 0x09, 0x4B, 0xA5, 0xA0, 0x74, 0xF2, 0xA1, 0x10, 0x2B, 0x7F, 0xD4, 0xA2, 
	0x0D, 0xC5, 0x66, 0xDF, 0x31, 0xC9, 0x79, 0x43, 0x91, 0x4D, 0x1E, 0x40, 0x1C, 0xE2, 0x54, 0x6D, 
	0x62, 0x71, 0x38, 0x80, 0xF1, 0x9D, 0x15, 0x0F, 0xE3, 0x4D, 0x3B, 0x43, 0x2D, 0xCE, 0xF2, 0x0F, 
	0xCE, 0xF6, 0x5C, 0xE3, 0xE7, 0x10, 0x0A, 0x53, 0x7B, 0x30, 0x60, 0x5A, 0xE9, 0x64, 0x21, 0x6D, 
	0x25, 0x6F, 0xAC, 0xD3, 0x31, 0x58, 0x43, 0x8C, 0xC2, 0xCB, 0x53, 0xDB, 0xB8, 0x5E, 0xF0, 0x45, 
	0x87, 0x59, 0x13, 0x66, 0xB7, 0x66, 0xF0, 0xFE, 0xDB, 0x2B, 0x22, 0xE2, 0xB7, 0xF3, 0xA1, 0x19, 
	0x02, 0x17, 0x3F, 0xC9, 0x8E, 0x1A, 0xE7, 0x5F, 0x8D, 0x0A, 0x90, 0xDA, 0x29, 0x56, 0x49, 0x55, 
	0x42, 0xC5, 0x34, 0xCB, 0xA1, 0x35, 0x97, 0x5C, 0x90, 0xAF, 0x17, 0x12, 0x50, 0x40, 0x63, 0xC1, 
	0xEF, 0xC7, 0xFA, 0x87, 0x30, 0xD3, 0x35, 0x6A, 0x8A, 0x79, 0xBE, 0x7B, 0xE0, 0xA4, 0xB6, 0x26, 
	0xBC, 0x44, 0x34, 0xCE, 0xBB, 0x47, 0xBC, 0x4F, 0x3C, 0x5E, 0xC6, 0x3A, 0xCE, 0x53, 0x77, 0xBB, 
	0x91, 0xE7, 0xD8, 0x4B, 0x45, 0x3F, 0x76, 0x93, 0x9D, 0xB7, 0x62, 0x3F, 0xA0, 0x8E, 0x7B, 0x39, 
	0x7B, 0xA0, 0x8E, 0x71, 0x5A, 0xEA, 0x9E, 0x7E, 0x10, 0xBE, 0xD8, 0x09, 0x6F, 0xBB, 0x49, 0xF4, 
	0x27, 0xF2, 0xB7, 0xB8, 0x3B, 0x60, 0xB2, 0x64, 0x55, 0x5B, 0xE2, 0xFC, 0x33, 0xF3, 0x3A, 0xF4, 
	0x8F, 0xEB, 0x92, 0xE2, 0xED, 0x2A, 0xB9, 0x6B, 0xE0, 0x81, 0xA6, 0x6D, 0x8C, 0xB3, 0x9A, 0x49, 
	0x86, 0x76, 0x5B, 0xBF, 0x89, 0xE4, 0x3A, 0x2A, 0xDD, 0xFE, 0xC4, 0xD2, 0x6E, 0x56, 0xDE, 0xA0, 
	0xA8, 0x2C, 0x70, 0xBE, 0x1F, 0x3A, 0x31, 0x46, 0x52, 0x2A, 0x8A, 0xB1, 0xA9, 0xDC, 0xB5, 0x30, 
	0x62, 0xD8, 0x7C, 0x95, 0xE6, 0x0C, 0x9C, 0x16, 0x2B, 0x4B, 0x35, 0x20, 0x78, 0x8A, 0xFA, 0x16, 
	0x3E, 0x52, 0x60, 0xD4, 0x9C, 0x37, 0x56, 0x21, 0x81, 0x74, 0xC6, 0x62, 0x73, 0x6E, 0x38, 0x02, 
	0xE0, 0xC3, 0xA8, 0xA9, 0x3B, 0x64, 0x28, 0xF4, 0xB3, 0xF0, 0x78, 0x8B, 0xA4, 0x1A, 0x59, 0x05, 
	0x5B, 0x83, 0x63, 0x48, 0x5F, 0x7F, 0x0B, 0xB6, 0x5A, 0x15, 0x7C, 0x3C, 0xBF, 0x27, 0x2C, 0xDF, 
	0x0A, 0xB0, 0x6A, 0xB7, 0x70, 0x51, 0x3E, 0x9D, 0x9E, 0xA7, 0x96, 0x12, 0x4C, 0xEA, 0x40, 0x05, 
	0xB6, 0xD4, 0x70, 0x6F, 0x80, 0x2C, 0x71, 0xB3, 0x4C, 0xB9, 0xC0, 0x60, 0x99, 0x3F, 0x0B, 0xBD, 
	0x36, 0x59, 0x23, 0xCC, 0xB7, 0x8A, 0xD5, 0x7A, 0xC9, 0x33, 0x9B, 0xD5, 0x14, 0xA5, 0x40, 0x58, 
	0xB8, 0x69, 0x59, 0xF6, 0x40, 0xAF, 0x47, 0x66, 0x81, 0x3F, 0x7D, 0x26, 0x1E, 0x84, 0xA5, 0x4D, 
	0xAB, 0x57, 0x25, 0x42, 0x62, 0x5D, 0x4E, 0xB7, 0xB8, 0x4C, 0x7A, 0x72, 0x95, 0x55, 0x73, 0x1C, 
	0x5F, 0x60, 0xE8, 0xE5, 0xE9, 0x3E, 0x79, 0xEF, 0xD8, 0x5D, 0x9A, 0x37, 0x96, 0x61, 0x4A, 0xE3, 
	0x5D, 0x4C, 0xA3, 0xA2, 0xEA, 0xA6, 0x5A, 0x7A, 0x85, 0xC5, 0xF9, 0xA8, 0xD0, 0x81, 0x5D, 0x1E, 
	0x5B, 0xEE, 0xD9, 0x68, 0x26, 0x47, 0x8C, 0x4E, 0xBD, 0xE1, 0xDE, 0x7F, 0x87, 0x98, 0x9A, 0xE3, 
	0xB0, 0xF7, 0xCE, 0xD0, 0xF1, 0xBC, 0x22, 0x82, 0x0A, 0x80, 0xD5, 0x84, 0xC5, 0x54, 0xC8, 0x0C, 
	0x08, 0x5A, 0xA7, 0xF6, 0x9C, 0x14, 0x54, 0x21, 0x60, 0xB6, 0xED, 0x39, 0x80, 0x9A, 0xAE, 0x4A, 
	0xD6, 0x25, 0x95, 0xF0, 0x46, 0x85, 0x2B, 0x71, 0xA7, 0x62, 0xB2, 0x63, 0xA9, 0x71, 0x17, 0x3B, 
	0x5F, 0xD6, 0xE0, 0x7B, 0x29, 0x30, 0x16, 0xE5, 0x87, 0xBE, 0x6D, 0xCE, 0x5B, 0x53, 0x05, 0xCD, 
	0xB8, 0x7C, 0x07, 0x79, 0xBC, 0x7E, 0x70, 0xA4, 0x93, 0x40, 0x1D, 0xDC, 0xD8, 0x15, 0xD2, 0xF9, 
	0x18, 0xB2, 0xDE, 0xEB, 0xD1, 0xE2, 0x75, 0xF8, 0x99, 0xDE, 0xCA, 0x2D, 0xE4, 0x3C, 0x72, 0x32, 
	0xB4, 0xDA, 0xDB, 0x2E, 0x8A, 0x8A, 0x55, 0x46, 0x81, 0x12, 0x79, 0xF4, 0xD0, 0xDF, 0x43, 0x37, 
	0x5E, 0x47, 0xEC, 0xB9, 0xC3, 0xDD, 0x7F, 0x5B, 0xAE, 0x16, 0x70, 0x3A, 0x5C, 0x3C, 0x53, 0xAB, 
	0x10, 0x19, 0xDD, 0xEC, 0xEC, 0x3B, 0x90, 0x46, 0xE5, 0xC9, 0x3C, 0xC8, 0x41, 0x2B, 0xB0, 0xB3, 
	0x52, 0xD6, 0x55, 0x79, 0x57, 0x65, 0xAB, 0xD4, 0x9E, 0x4A, 0xB4, 0x63, 0xE3, 0xEA, 0x58, 0x7A, 
	0x70, 0x15, 0xC2, 0x20, 0x40, 0x79, 0x62, 0x57, 0xDB, 0x70, 0x84, 0xDB, 0xEE, 0xB6, 0x35, 0xF4, 
	0x7E, 0xD8, 0x19, 0x22, 0x04, 0x40, 0xE3, 0x1A, 0xB4, 0x8B, 0xCB, 0x40, 0xEC, 0x58, 0x88, 0x86, 
	0x62, 0xA3, 0x1E, 0x38, 0x20, 0xEA, 0x56, 0x05, 0x1F, 0x02, 0x90, 0xE8, 0xE5, 0xCD, 0xF5, 0x6B, 
	0x2A, 0xAB, 0x3E, 0xDC, 0x73, 0xC6, 0x7D, 0x70, 0x26, 0xDC, 0xD1, 0xAD, 0x15, 0x03, 0x79, 0x83, 
	0xF2, 0xC8, 0x4E, 0x2A, 0x3C, 0xAA, 0x5F, 0x8B, 0x14, 0x90, 0x7D, 0x05, 0x3D, 0x4C, 0xBE, 0x0F, 
	0x45, 0xC6, 0xB8, 0x3D, 0x65, 0xCE, 0x15, 0x1D, 0x86, 0x6B, 0xC4, 0xE3, 0xED, 0x23, 0x1C, 0xEA, 
	0xF8, 0x6E, 0xB7, 0x0C, 0x77, 0x50, 0xE4, 0x14, 0xB2, 0x47, 0x31, 0x69, 0x4C, 0x91, 0xB4, 0xC5, 
	0x77, 0xA2, 0x62, 0xDF, 0xDF, 0xC3, 0xBC, 0x17, 0x53, 0x36, 0x9C, 0x5D, 0x6F, 0x3F, 0xAF, 0x22, 
	0xC7, 0x8A, 0xB3, 0x3A, 0xDE, 0xF6, 0xCD, 0x57, 0xD2, 0x2D, 0x90, 0xC7, 0x7B, 0x8C, 0x55, 0x4D, 
	0xE3, 0xBE, 0xE9, 0xF4, 0xF5, 0x85, 0x0F, 0x03, 0x88, 0x6B, 0x35, 0xC3, 0x9F, 0x98, 0x09, 0x0C, 
	0x88, 0x2F, 0x68, 0x6A, 0xA5, 0x5B, 0x32, 0x05, 0xBD, 0x6B, 0x72, 0xF6, 0x67, 0xA4, 0x8C, 0x12, 
	0x8C, 0x9D, 0xFB, 0xC0, 0xEA, 0x85, 0xD9, 0x81, 0xDF, 0x3B, 0x3A, 0x39, 0x9F, 0xDB, 0x32, 0x97, 
	0xEE, 0x65, 0xEC, 0x9F, 0x23, 0xA1, 0xB6, 0x8A, 0x89, 0x3A, 0x7A, 0x2F, 0xC3, 0xD7, 0xB6, 0x47, 
	0xF2, 0xDB, 0x31, 0xD2, 0x37, 0xB7, 0x8B, 0xC7, 0xB1, 0xC5, 0x62, 0xEF, 0xDA, 0x52, 0xB2, 0x6B, 
	0x5E, 0x3B, 0x4B, 0x0D, 0xBF, 0xA3, 0x68, 0x16, 0xC7, 0xCA, 0x52, 0xC6, 0x9E, 0xA3, 0x90, 0xEB, 
	0x62, 0x0E, 0xD3, 0x33, 0x57, 0xB4, 0xC5, 0xFC, 0xF6, 0x62, 0x2E, 0x91, 0xBB, 0xA7, 0x9A, 0xD6, 
	0xDD, 0xD8, 0x64, 0x3F, 0x4C, 0x8C, 0xA7, 0x9A, 0xEB, 0x68, 0x66, 0x92, 0xE7, 0x1A, 0x41, 0xD9, 
	0x99, 0xCD, 0x78, 0xDD, 0x27, 0x79, 0xB1, 0xF5, 0x65, 0x39, 0x1B, 0xEE, 0xF5, 0x41, 0x30, 0x1E, 
	0x24, 0x5C, 0xF6, 0x0E, 0x79, 0x40, 0x54, 0xD8, 0xE5, 0x4C, 0x33, 0x84, 0xEC, 0xB2, 0x60, 0xA2, 
	0x36, 0xCC, 0x3C, 0x6D, 0x6A, 0x99, 0xDB, 0x60, 0x3D, 0xA0, 0x88, 0x43, 0x50, 0xD3, 0x41, 0x2C, 
	0x8A, 0xF6, 0xDD, 0x7A, 0x56, 0x08, 0xA1, 0x6C, 0x58, 0xBE, 0x09, 0xE7, 0x19, 0x92, 0xD1, 0x9D, 
	0x5E, 0xC1, 0x51, 0x8C, 0x48, 0x31, 0x33, 0x90, 0x87, 0xF3, 0xBB, 0xDC, 0xC7, 0xE2, 0xE7, 0xC3, 
	0x26, 0xDB, 0xA1, 0xF0, 0xF1, 0xC2, 0x4C, 0x8A, 0x92, 0x36, 0x11, 0x5D, 0xCD, 0x6F, 0x0D, 0xDB, 
	0xEB, 0x68, 0xC8, 0x4B, 0xDE, 0xDC, 0x17, 0xCF, 0xDF, 0x90, 0xD9, 0x8A, 0x75, 0x3C, 0xC1, 0x6B, 
	0x80, 0x56, 0xC6, 0x2C, 0x97, 0xD4, 0x44, 0x60, 0x8B, 0xEF, 0x84, 0xAF, 0xE9, 0x58, 0xBE, 0x6E, 
	0x64, 0x69, 0xAE, 0xDB, 0xA8, 0xC9, 0x36, 0x25, 0x8E, 0xC2, 0x11, 0x36, 0x9B, 0x4E, 0xCF, 0x70, 
	0x0D, 0x8D, 0xCF, 0xF8, 0xC7, 0x3F, 0x05, 0xBE, 0xE3, 0x72, 0x5A, 0x08, 0x35, 0xF2, 0x37, 0xDB, 
	0xE9, 0xA6, 0xDD, 0xEC, 0x17, 0xA7, 0xBE, 0x42, 0x8C, 0x11, 0x3A, 0x37, 0xB4, 0x11, 0x71, 0xE0, 
	0xB3, 0xEA, 0x15, 0xA3, 0x0D, 0x58, 0x71, 0x66, 0xD8, 0x17, 0x8A, 0xC1, 0xB6, 0xA0, 0xE2, 0xC7, 
	0x53, 0xDC, 0x2C, 0x4C, 0xC2, 0xBF, 0x55, 0xAB, 0x73, 0xD1, 0x61, 0x16, 0x55, 0xED, 0x78, 0xB0, 
	0x24, 0xB1, 0xB7, 0xB5, 0x25, 0x3C, 0xCC, 0xB1, 0x6A, 0x50, 0xF5, 0xA4, 0x93, 0xFA, 0xE6, 0x5D, 
	0x0B, 0x01, 0x30, 0x24, 0xA3, 0xC0, 0xD9, 0xD0, 0x7B, 0x9B, 0x3C, 0x9B, 0x3C, 0x0F, 0xF5, 0x80, 
	0x9A, 0x54, 0xF7, 0xE3, 0xF6, 0x6A, 0xCB, 0xDD, 0x1E, 0xA8, 0x66, 0x94, 0x25, 0x60, 0x94, 0xA1, 
	0x3A, 0xD6, 0xA7, 0xD9, 0xAF, 0x07, 0xB7, 0xBB, 0x8F, 0xE2, 0x87, 0xF8, 0x49, 0xDA, 0xB9, 0xAD, 
	0x23, 0x1D, 0xE6, 0x49, 0x9D, 0xDA, 0x82, 0xEC, 0x2F, 0xAE, 0x6F, 0xDF, 0xD9, 0x9E, 0xC4, 0x7C, 
	0x9F, 0x66, 0x07, 0x28, 0xF1, 0x52, 0xC2, 0x5B, 0x44, 0x3B, 0xD7, 0x93, 0x83, 0x84, 0x9C, 0x80, 
	0x40, 0x86, 0x83, 0x2F, 0x53, 0x42, 0x5A, 0xAD, 0x82, 0xE9, 0xAD, 0x1D, 0x5D, 0x05, 0xA6, 0x78, 
	0xB5, 0x86, 0xB3, 0x0F, 0xD4, 0xFD, 0x2D, 0x4D, 0xCE, 0x37, 0xC7, 0x0E, 0x30, 0x8E, 0x21, 0xE8, 
	0x47, 0x0E, 0x94, 0x44, 0x70, 0xAA, 0x51, 0xAB, 0xB0, 0xF2, 0x9B, 0xFA, 0x84, 0x74, 0xE4, 0xFC, 
	0x97, 0x3C, 0x14, 0xB4, 0xC7, 0xFA, 0x73, 0x1D, 0x20, 0x5E, 0xBC, 0x5A, 0xAA, 0x37, 0x0A, 0xC0, 
	0x19, 0x21, 0xF2, 0x6C, 0x82, 0xC4, 0xA1, 0x48, 0xE4, 0x6D, 0x93, 0xB4, 0x2F, 0x58, 0x80, 0x3C, 
	0xE8, 0x85, 0x57, 0xCB, 0x5E, 0xAC, 0xA7, 0xEE, 0xB5, 0x72, 0x11, 0xB5, 0x80, 0x13, 0x94, 0x95, 
	0x49, 0x50, 0x58, 0xC9, 0x3D, 0xB9, 0x11, 0x8B, 0x15, 0xE4, 0xEE, 0xA1, 0x7B, 0xA5, 0xE4, 0x25, 
	0x37, 0x66, 0x9E, 0x1F, 0x53, 0x0C, 0x35, 0xD6, 0xBC, 0x0F, 0xE6, 0xC1, 0x54, 0x5A, 0x75, 0xAA, 
	0x1D, 0x24, 0x46, 0xE8, 0x6B, 0x4A, 0xA2, 0x7F, 0xA1, 0x3A, 0xCF, 0x65, 0xAF, 0xD1, 0xED, 0x67, 
	0x7A, 0xF9, 0x0E, 0xAC, 0xA8, 0x85, 0xEC, 0xAB, 0x1A, 0xD5, 0x94, 0x32, 0xF0, 0xD5, 0xAB, 0x34, 
	0x67, 0x36, 0x49, 0x88, 0x16, 0x9E, 0xF6, 0xBF, 0xD2, 0xF5, 0x6A, 0xE9, 0x44, 0xD5, 0xD8, 0x8E, 
	0x71, 0x5F, 0x6F, 0x06, 0x63, 0x24, 0x0D, 0xDF, 0x46, 0xA7, 0xF9, 0x26, 0x76, 0xBB, 0xA4, 0x0A, 
	0xC0, 0x22, 0xC1, 0xA8, 0x65, 0x95, 0xF0, 0xC8, 0x77, 0xED, 0x9E, 0x85, 0xAC, 0x4F, 0x4A, 0xDD, 
	0x7B, 0xA6, 0xC2, 0xB0, 0xCC, 0x71, 0x2D, 0xF2, 0x6C, 0x37, 0x2B, 0xE1, 0xF7, 0xE8, 0x48, 0xD1, 
	0x6C, 0x80, 0x15, 0x8E, 0xA7, 0x73, 0xE4, 0xDA, 0x0E, 0xE4, 0x6B, 0xA0, 0xBD, 0x37, 0x53, 0x7E, 
	0x95, 0x0B, 0xB8, 0xB1, 0x46, 0x77, 0x56, 0x07, 0x56, 0x46, 0xEF, 0x42, 0xBE, 0xA2, 0xC4, 0x28, 
	0x23, 0x12, 0x59, 0xE3, 0x62, 0x0A, 0x90, 0x08, 0xA3, 0xB7, 0x97, 0x18, 0x4E, 0x28, 0x6B, 0x3B, 
	0x7B, 0xA4, 0x19, 0x41, 0x4E, 0xDA, 0xFB, 0xEF, 0x98, 0xAF, 0x2F, 0xF4, 0x58, 0xC5, 0xDB, 0x2A, 
	0x7A, 0x82, 0xC9, 0x8B, 0x24, 0xB0, 0x25, 0x10, 0x30, 0x2A, 0xDE, 0xE5, 0x75, 0x4E, 0x74, 0xB0, 
	0x87, 0xC3, 0x55, 0xE2, 0xAC, 0xC2, 0xF7, 0x78, 0x3A, 0x50, 0x6E, 0x68, 0x41, 0xC0, 0x98, 0xDC, 
	0xA5, 0x92, 0x69, 0x95, 0xB8, 0x6B, 0x15, 0x93, 0x18, 0x22, 0xEE, 0x7C, 0x52, 0x49, 0xAE, 0x5B, 
	0xAA, 0xA5, 0xF1, 0x72, 0x32, 0xC7, 0x91, 0x11, 0x0C, 0x0B, 0x5B, 0xF1, 0x5D, 0x7E, 0x72, 0x2A, 
	0x64, 0x07, 0x1C, 0x82, 0x20, 0x84, 0x64, 0x05, 0x64, 0x87, 0x57, 0x67, 0x4B, 0x4D, 0xCD, 0x5E, 
	0x99, 0x8D, 0x64, 0xDF, 0xE3, 0x39, 0x62, 0xF7, 0x89, 0xC6, 0x79, 0x74, 0x82, 0x6E, 0x50, 0x8F, 
	0x48, 0xA1, 0xC5, 0x15, 0x5A, 0x11, 0x6B, 0x70, 0xF3, 0x52, 0x6E, 0x9F, 0xDD, 0x1C, 0xE6, 0xB6, 
	0xA3, 0xCD, 0xE6, 0xAE, 0xF0, 0xAC, 0x8C, 0x59, 0xB5, 0x80, 0x1F, 0xE0, 0xDD, 0x8E, 0x7A, 0x7D, 
	0x61, 0x4E, 0x25, 0x2C, 0xBA, 0x7B, 0xF8, 0xD9, 0x3A, 0x60, 0x9F, 0x59, 0xB9, 0xD7, 0x8A, 0x2E, 
	0xB0, 0xC3, 0xB7, 0x68, 0xB0, 0x79, 0x7B, 0xE6, 0x72, 0x2A, 0x97, 0xAB, 0xA3, 0x5E, 0xA2, 0x17, 
	0x80, 0xD4, 0xDC, 0x33, 0xA7, 0xCA, 0x40, 0xE8, 0x33, 0xC6, 0x35, 0x02, 0xAD, 0x6B, 0x7D, 0x48, 
	0x76, 0xCA, 0xEB, 0xFC, 0xA4, 0x68, 0x1B, 0x54, 0x0C, 0xBD, 0x35, 0x5B, 0x3C, 0xE5, 0xED, 0x42, 
	0x28, 0x2B, 0x7D, 0x98, 0xB2, 0x9A, 0xB7, 0x3F, 0x9A, 0x92, 0x43, 0x5F, 0xBC, 0x18, 0x26, 0x58, 
	0x32, 0x54, 0x8B, 0xA6, 0x61, 0xC1, 0xA9, 0x07, 0x98, 0x67, 0xEB, 0xE0, 0x3A, 0xCC, 0xD4, 0xB3, 
	0x64, 0x35, 0x85, 0x52, 0x8A, 0xEF, 0x7C, 0xF8, 0xF4, 0xC3, 0xE4, 0x86, 0x08, 0xA3, 0x3C, 0x81, 
	0xC9, 0xCC, 0x88, 0xDC, 0xBC, 0x76, 0xDA, 0x1C, 0xDE, 0x22, 0xE2, 0x69, 0x44, 0x2A, 0x44, 0xED, 
	0xF5, 0xE7, 0x5B, 0x6B, 0x1C, 0x78, 0xD7, 0x53, 0x39, 0x70, 0x20, 0xAF, 0xC6, 0x98, 0xCB, 0xA5, 
	0xE3, 0xAE, 0xA8, 0x6D, 0xA6, 0xCE, 0xD3, 0x88, 0x47, 0xF7, 0x11, 0x5A, 0x48, 0x91, 0x94, 0x4E, 
	0x53, 0x43, 0x2E, 0x56, 0x60, 0x59, 0xAE, 0x08, 0x20, 0xBD, 0xC5, 0x97, 0x80, 0xBA, 0x75, 0x65, 
	0xB8, 0x78, 0xAE, 0x57, 0x47, 0xC1, 0x10, 0x12, 0xB8, 0x3D, 0x1F, 0x86, 0x4C, 0x42, 0x78, 0xC0, 
	0x8D, 0x4F, 0x41, 0xBD, 0x96, 0x3A, 0x2F, 0xB2, 0x13, 0xD5, 0xAC, 0x0A, 0xBE, 0x8F, 0x19, 0x38, 
	0x35, 0xAC, 0x49, 0xE7, 0xD7, 0xCA, 0x6A, 0x41, 0x0E, 0xE5, 0xED, 0xF2, 0x7B, 0xDF, 0x24, 0x33, 
	0x58, 0x13, 0xA1, 0xA3, 0x13, 0x49, 0xEA, 0xDE, 0xFE, 0xF0, 0x82, 0x2C, 0x5C, 0x05, 0x08, 0x5A, 
	0xDC, 0xF1, 0xF0, 0xD7, 0xC8, 0xD1, 0x43, 0x58, 0x7F, 0x59, 0x1E, 0xDA, 0x2C, 0xB3, 0x0C, 0x3A, 
	0x23, 0x9F, 0x66, 0x3D, 0x4A, 0x57, 0xF5, 0xA5, 0xA7, 0x35, 0xD1, 0x7B, 0x35, 0x94, 0x16, 0xCC, 
	0xF8, 0xD3, 0x2E, 0xE6, 0xB0, 0x66, 0x48, 0x73, 0x25, 0xA8, 0x3A, 0xE7, 0xD3, 0x87, 0x2A, 0x42, 
	0xE9, 0x2E, 0x5A, 0x13, 0xED, 0xA4, 0xBC, 0xFA, 0x61, 0xD8, 0x45, 0xA5, 0x57, 0x5A, 0x53, 0x66, 
	0x5C, 0xE9, 0x4B, 0x63, 0x45, 0x84, 0xA4, 0x72, 0x94, 0x3A, 0xAC, 0xF4, 0x30, 0x8D, 0xD8, 0x7B, 
	0x79, 0xB8, 0x63, 0xEE, 0xE2, 0xF4, 0x15, 0xA9, 0x1B, 0x3F, 0x1A, 0xB9, 0xFC, 0xDA, 0x63, 0xA6, 
	0x91, 0xF1, 0x91, 0xAA, 0x73, 0xCC, 0xDF, 0xED, 0x39, 0x39, 0xE6, 0x29, 0xE8, 0xB9, 0xE7, 0xD0, 
	0x1D, 0x8A, 0x2C, 0xF4, 0x0E, 0xA3, 0x26, 0x43, 0x7C, 0xA7, 0xB8, 0x0F, 0x90, 0x2F, 0x29, 0xED, 
	0xC7, 0x98, 0x31, 0x7C, 0x42, 0x58, 0xE3, 0x62, 0xE6, 0x15, 0x30, 0xD1, 0x2E, 0x4D, 0x77, 0x0E, 
	0xC2, 0xD8, 0x5A, 0x8A, 0x7E, 0x9D, 0xA3, 0x11, 0xDA, 0x72, 0x5B, 0x12, 0x9C, 0xEE, 0x1C, 0x6C, 
	0xD0, 0x8C, 0x3B, 0xDC, 0xE5, 0xC5, 0x21, 0xE7, 0x6D, 0x0E, 0xA2, 0xD3, 0xE6, 0x45, 0x21, 0xA7, 
	0x47, 0xCF, 0x71, 0x4A, 0x93, 0x3D, 0x9D, 0x20, 0x38, 0xE5, 0x27, 0xAA, 0xD5, 0x5B, 0xDD, 0x0B, 
	0x3A, 0x8D, 0xA9, 0x2A, 0xB8, 0x3F, 0x33, 0xA0, 0xEB, 0x98, 0x6D, 0x19, 0x74, 0xEC, 0xD7, 0x12, 
	0xCB, 0xCA, 0xE1, 0x2B, 0xBA, 0x6C, 0x8D, 0x58, 0x20, 0x8A, 0x14, 0x0F, 0x0F, 0x07, 0xC0, 0x62, 
	0x27, 0x72, 0x68, 0xD0, 0x56, 0x6E, 0x5D, 0x42, 0x70, 0x1D, 0x73, 0xD8, 0x4E, 0x5D, 0x04, 0x32, 
	0x73, 0x09, 0x0C, 0x4E, 0x91, 0xA1, 0x4D, 0x64, 0xD1, 0xC3, 0x25, 0x8F, 0x50, 0x3D, 0x59, 0xF8, 
	0x62, 0x0E, 0x3B, 0xCB, 0x4C, 0x99, 0x2E, 0x4F, 0x88, 0x10, 0xA9, 0xBA, 0xEC, 0xFD, 0x70, 0x12, 
	0xC8, 0xD8, 0x32, 0x53, 0xCC, 0xE3, 0x1E, 0xB3, 0x54, 0x03, 0x25, 0xE7, 0xBD, 0xB8, 0x99, 0x2F, 
	0x59, 0x29, 0xD7, 0x45, 0x73, 0x85, 0x90, 0x2C, 0x78, 0xDF, 0xE7, 0x89, 0x2D, 0xD0, 0x4A, 0x3C, 
	0x2D, 0xA1, 0x68, 0xEF, 0x68, 0xB2, 0xA1, 0x8D, 0x26, 0xBF, 0xE7, 0x27, 0xA7, 0xC1, 0xE5, 0xE7, 
	0x48, 0xA8, 0xE5, 0x8A, 0xD7, 0x78, 0xEF, 0xE5, 0x36, 0x28, 0xCA, 0x5D, 0xD9, 0x7A, 0x30, 0x2D, 
	0x7B, 0xCC, 0xCD, 0x48, 0x54, 0x27, 0x01, 0xD4, 0x8B, 0x9A, 0x17, 0x5E, 0x98, 0x2F, 0x19, 0x0B, 
	0xCC, 0x89, 0xD8, 0x63, 0x97, 0x3D, 0x1F, 0x69, 0x35, 0x60, 0x0F, 0x96, 0x24, 0xE5, 0x2D, 0x1A, 
	0x5E, 0xC0, 0x5E, 0x91, 0xDF, 0xC9, 0xB1, 0x78, 0x6A, 0x14, 0x2F, 0x40, 0x2A, 0x48, 0x61, 0x31, 
	0x84, 0xA2, 0x2D, 0xBA, 0xFC, 0x3A, 0x3E, 0x68, 0xBF, 0x2D, 0x1E, 0xF3, 0x28, 0xD4, 0x9A, 0xFA, 
	0x23, 0xF0, 0xEA, 0x8D, 0x6F, 0xBA, 0x98, 0xE2, 0x58, 0xB7, 0xC0, 0x92, 0x27, 0xF5, 0x69, 0xB4, 
	0x73, 0xF8, 0x29, 0xE9, 0x85, 0x40, 0xE6, 0x59, 0xBD, 0x18, 0x70, 0x71, 0x3F, 0x62, 0x59, 0xA1, 
	0x92, 0xE7, 0x4F, 0x0D, 0x78, 0xA8, 0x07, 0x81, 0x79, 0x3F, 0x24, 0x66, 0x77, 0xB1, 0x29, 0xC6, 
	0x53, 0x95, 0x06, 0x7A, 0xB7, 0xC7, 0x35, 0x62, 0xB4, 0xC2, 0x6A, 0x38, 0x03, 0x30, 0x9E, 0x98, 
	0x61, 0x22, 0x23, 0x45, 0xBC, 0xBF, 0xA3, 0x7C, 0xB8, 0x3F, 0x9F, 0x31, 0x45, 0x58, 0x14, 0x61, 
	0x86, 0x7A, 0xE7, 0x42, 0x6E, 0xBF, 0x6C, 0xA1, 0xD4, 0xE8, 0x39, 0xCB, 0x20, 0x77, 0x1E, 0x31, 
	0xB4, 0x29, 0x14, 0xB0, 0x1A, 0xAA, 0x99, 0xA7, 0x9D, 0x67, 0x72, 0x83, 0xCA, 0x69, 0x08, 0x37, 
	0x2F, 0xAF, 0xED, 0x47, 0x8C, 0xA9, 0x70, 0xD7, 0xF6, 0x3E, 0xF3, 0x1C, 0x58, 0xF4, 0xCA, 0x93, 
	0x8A, 0x8C, 0x97, 0x20, 0x71, 0xBA, 0x6D, 0xBD, 0x52, 0x71, 0xA9, 0x66, 0x79, 0xD5, 0x41, 0xC5, 
	0xF7, 0x6A, 0x04, 0xE9, 0x34, 0x7B, 0x77, 0xA2, 0x9D, 0x67, 0xCF, 0x16, 0xBF, 0xF4, 0x2A, 0x95, 
	0x5A, 0xF1, 0x23, 0x76, 0x11, 0xA5, 0x0A, 0x3C, 0x9D, 0x29, 0x4E, 0x05, 0xD5, 0x45, 0x5A, 0x67, 
	0x48, 0xA2, 0xF4, 0x0C, 0x7D, 0xC7, 0x2C, 0x55, 0xE9, 0x41, 0xAA, 0x27, 0x7E, 0x3C, 0xF6, 0xFD, 
	0x5E, 0x0F, 0xDF, 0x2C, 0x2B, 0xC3, 0xB9, 0x64, 0x1B, 0x3E, 0x49, 0xDC, 0xB6, 0xA6, 0x79, 0x24, 
	0x20, 0xA0, 0x9C, 0x61, 0xF1, 0xA4, 0x82, 0x1F, 0xBB, 0x82, 0x6C, 0xED, 0xDC, 0x21, 0xA0, 0x36, 
	0x63, 0x73, 0x40, 0xAC, 0x4F, 0xE7, 0x4E, 0x32, 0xCD, 0x98, 0x6D, 0xCC, 0xDD, 0xA7, 0x0A, 0xC8, 
	0x3A, 0x90, 0x98, 0x47, 0x1B, 0x96, 0xF7, 0xDD, 0x90, 0x10, 0xC7, 0x74, 0x4B, 0x6E, 0xBC, 0x79, 
	0x09, 0xDD, 0x3E, 0x03, 0x0A, 0x73, 0xD0, 0x83, 0xA4, 0xF8, 0x73, 0xD7, 0x6C, 0x5E, 0xDA, 0x23, 
	0xD1, 0xAD, 0x83, 0x3A, 0x95, 0xDA, 0x73, 0x50, 0x71, 0xB1, 0x8B, 0xCC, 0x6E, 0xA2, 0x63, 0xCC, 
	0x65, 0x24, 0xD6, 0x41, 0x34, 0x4B, 0xE7, 0xE6, 0x0B, 0x4F, 0xED, 0x64, 0x81, 0x78, 0x55, 0x68, 
	0x14, 0x2A, 0xCB, 0x0C, 0x54, 0x12, 0x1B, 0xE7, 0x42, 0x60, 0x31, 0x8A, 0x0B, 0x9B, 0x09, 0x10, 
	0x4A, 0xE2, 0x2B, 0xC8, 0xB7, 0xD8, 0x8B, 0xC2, 0x0C, 0x7B, 0x87, 0xF5, 0x8E, 0x28, 0x0F, 0xE6, 
	0x86, 0x5F, 0xEA, 0xBF, 0x5A, 0x65, 0xA7, 0x0D, 0x56, 0xF5, 0x45, 0x70, 0x0D, 0xD2, 0x8D, 0xCA, 
	0x4B, 0x0E, 0xD3, 0x79, 0xA9, 0x1D, 0xF6, 0x4C, 0x72, 0x75, 0x9A, 0x9A, 0xFB, 0x24, 0x25, 0xA4, 
	0x7D, 0x93, 0x2B, 0xBA, 0xC1, 0x9B, 0x31, 0x97, 0xE3, 0x7E, 0x21, 0x85, 0x8B, 0x52, 0x42, 0x63, 
	0x6D, 0x5D, 0xC7, 0x34, 0x52, 0x80, 0x1E, 0x54, 0xBA, 0x2F, 0x85, 0x6F, 0x8C, 0x9C, 0x1F, 0x56, 
	0xEE, 0x31, 0xA4, 0xAF, 0xEC, 0xED, 0x23, 0x83, 0xA3, 0xD1, 0x21, 0x29, 0xC4, 0x83, 0xD8, 0xFB, 
	0x96, 0xBA, 0x9A, 0x43, 0x18, 0x20, 0x06, 0xAB, 0xF7, 0x9E, 0x93, 0xEE, 0x12, 0x6D, 0xCC, 0x8A, 
	0x8E, 0x7C, 0x93, 0x79, 0x5D, 0x2D, 0x54, 0x64, 0xF6, 0x17, 0x66, 0xEB, 0x37, 0x79, 0x74, 0x86, 
	0x28, 0x0D, 0xCB, 0x41, 0x83, 0x83, 0x56, 0xD5, 0xE3, 0xD0, 0xE1, 0xE6, 0x6F, 0xE4, 0x9D, 0x8A, 
	0x90, 0xF1, 0xED, 0x53, 0xA8, 0xA6, 0x2E, 0x95, 0x07, 0x31, 0x2D, 0xBE, 0x4B, 0xD1, 0x90, 0xB6, 
	0x45, 0x3D, 0xEC, 0xF7, 0x60, 0xB9, 0x0D, 0x16, 0xD7, 0xD9, 0x8D, 0x57, 0xCE, 0xDC, 0x35, 0x76, 
	0xE3, 0x13, 0x97, 0xA8, 0xAC, 0x3D, 0x42, 0x51, 0x68, 0x58, 0x66, 0xCE, 0xC6, 0xAD, 0x19, 0x0F, 
	0xA3, 0x46, 0x59, 0x92, 0x74, 0x6F, 0x7D, 0x78, 0xF8, 0xD0, 0x86, 0x8F, 0x91, 0xAB, 0xA9, 0x3E, 
	0x30, 0x30, 0x78, 0x53, 0x50, 0x43, 0xB8, 0x85, 0x98, 0x95, 0x0E, 0x8B, 0x8E, 0x9F, 0x59, 0xCE, 
	0xCE, 0x22, 0x4C, 0x79, 0xD5, 0xBF, 0x8D, 0xD4, 0xF0, 0xD0, 0xB1, 0x36, 0x17, 0x3E, 0x91, 0x76, 
	0xA3, 0xE7, 0x49, 0x52, 0xB1, 0xB1, 0x20, 0xE0, 0x9C, 0x17, 0xDC, 0xBE, 0xA5, 0xDD, 0x1D, 0x13, 
	0xB7, 0xC8, 0x09, 0x57, 0xBA, 0x5D, 0x61, 0xD1, 0x22, 0x03, 0xD2, 0x21, 0xF0, 0x13, 0xD6, 0xA1, 
	0x35, 0xBB, 0x97, 0xFA, 0x2A, 0xED, 0x48, 0x0C, 0x1A, 0xEC, 0xBE, 0x61, 0x39, 0x20, 0x6D, 0xA3, 
	0x3D, 0x5C, 0x86, 0x2F, 0x77, 0x76, 0x9B, 0xD9, 0x80, 0x94, 0xB6, 0x77, 0x06, 0xF3, 0xE0, 0xF1, 
	0x67, 0x48, 0x05, 0xE8, 0xFC, 0x15, 0x7E, 0x34, 0x75, 0x76, 0x36, 0xB9, 0x9F, 0x9A, 0xF1, 0x32, 
	0x99, 0xE8, 0xE6, 0x33, 0x8A, 0xD0, 0x4B, 0x1C, 0xBE, 0xC1, 0xDD, 0xB5, 0x1D, 0x9B, 0x57, 0x70, 
	0x6E, 0x19, 0xF1, 0x1B, 0xD8, 0x77, 0x99, 0x76, 0xB0, 0xCD, 0xD8, 0x7D, 0x58, 0x19, 0x8F, 0x0C, 
	0xF0, 0x95, 0x09, 0xDB, 0xA3, 0xB6, 0xC4, 0x8C, 0x4E, 0xC1, 0xD0, 0x91, 0x4F, 0xF1, 0x6B, 0xE1, 
	0x3F, 0xC6, 0xDD, 0x8B, 0x88, 0x3A, 0xA4, 0xAF, 0x76, 0x43, 0x24, 0x64, 0x0C, 0xD5, 0xAC, 0x6C, 
	0x08, 0x6E, 0xAA, 0x2A, 0x80, 0xEB, 0xF2, 0xEB, 0x15, 0xE1, 0xF9, 0x14, 0xD4, 0x99, 0xA1, 0xE2, 
	0x4C, 0x17, 0xE5, 0xCA, 0xD6, 0xE9, 0x3D, 0x86, 0x12, 0x1A, 0x6B, 0xAE, 0x82, 0xC5, 0xF8, 0x52, 
	0x15, 0xB8, 0x9F, 0x0C, 0x2F, 0xCD, 0x13, 0xBF, 0xAD, 0x7E, 0xA9, 0x70, 0x2D, 0x8E, 0xFA, 0xCB, 
	0xC7, 0xA4, 0x5A, 0x8E, 0xD6, 0xA9, 0x37, 0x6B, 0x77, 0xAA, 0x0B, 0xBC, 0xB6, 0x35, 0xA9, 0x6C, 
	0x2E, 0xA6, 0x76, 0xE0, 0xC8, 0x48, 0xAE, 0x72, 0x79, 0xD1, 0x27, 0x4B, 0xBB, 0x8F, 0xDB, 0xB5, 
	0x95, 0x31, 0x2E, 0xDB, 0xC6, 0x17, 0xEF, 0x94, 0x59, 0x53, 0x13, 0x52, 0xC3, 0xF5, 0x61, 0x4C, 
	0xF4, 0x7A, 0xB7, 0x70, 0x8E, 0x9F, 0xF3, 0xFB, 0x71, 0x54, 0x76, 0x7F, 0x53, 0xAA, 0x0D, 0x8A, 
	0x2F, 0x71, 0x6E, 0x0F, 0xEC, 0x55, 0x49, 0xE7, 0xF1, 0x77, 0xA6, 0x66, 0xF7, 0x92, 0xF4, 0x47, 
	0xCE, 0x63, 0xD8, 0x8E, 0xF6, 0xDD, 0x53, 0x4E, 0x1E, 0x5A, 0xBB, 0x30, 0xB1, 0xA7, 0xA4, 0x17, 
	0xAD, 0x49, 0xF3, 0xA2, 0xEE, 0x1E, 0x4A, 0x4D, 0x3B, 0x71, 0xC7, 0x3A, 0xBF, 0xE4, 0xED, 0x62, 
	0xAF, 0xB8, 0x3D, 0x76, 0xA0, 0x6F, 0x91, 0x13, 0xCC, 0x68, 0xE2, 0xB6, 0xF1, 0xB1, 0x55, 0xAE, 
	0x07, 0x69, 0x9F, 0x78, 0x64, 0x9C, 0x94, 0x3E, 0xC6, 0xCC, 0x64, 0x55, 0xAF, 0x7F, 0x08, 0x7C, 
	0x3C, 0xD1, 0x10, 0xAE, 0x48, 0x50, 0x0E, 0xA5, 0x81, 0xD9, 0xCB, 0xD0, 0x3A, 0x83, 0x10, 0xAE, 
	0x86, 0xC6, 0x1E, 0xB2, 0x27, 0xA8, 0x1F, 0x0A, 0xDD, 0xF5, 0x3A, 0x96, 0x89, 0x59, 0x6B, 0x56, 
	0xB0, 0x1E, 0x73, 0x0E, 0xC3, 0x15, 0x61, 0x63, 0xB1, 0x4D, 0x2C, 0x75, 0xC5, 0x79, 0x3D, 0x26, 
	0x60, 0x3A, 0xEC, 0xD2, 0x2D, 0x88, 0x40, 0xD1, 0x79, 0x76, 0xF4, 0x2E, 0x2B, 0x02, 0xBB, 0x4B, 
	0x18, 0xD7, 0x98, 0x84, 0x49, 0xAD, 0xB4, 0x38, 0xAB, 0x34, 0xAC, 0xEC, 0x34, 0x4C, 0xA8, 0xD3, 
	0x65, 0xA2, 0xBE, 0x76, 0x95, 0x12, 0xC0, 0x8C, 0x0D, 0xCD, 0x59, 0x59, 0xA6, 0x8E, 0x13, 0x87, 
	0xF7, 0xA0, 0x5D, 0x7A, 0xEB, 0xD4, 0x7B, 0xDE, 0x5E, 0x21, 0xE8, 0xBE, 0x0A, 0x62, 0x97, 0x63, 
	0xE9, 0xFE, 0xE6, 0x9D, 0xBF, 0x8A, 0xE7, 0xCE, 0xD8, 0xAC, 0xC6, 0xE3, 0x41, 0x95, 0xB4, 0x2B, 
	0xA3, 0xC1, 0xA6, 0x92, 0x2C, 0x8D, 0x92, 0x0B, 0x38, 0xA8, 0x67, 0xAF, 0x1B, 0x99, 0x9F, 0x2E, 
	0x25, 0x3F, 0xB3, 0x8B, 0x1D, 0xD9, 0x47, 0x17, 0xC2, 0x8F, 0xC0, 0xBD, 0x40, 0x49, 0x89, 0xD5, 
	0x11, 0xC8, 0x45, 0xA9, 0x78, 0x91, 0x55, 0xEC, 0x90, 0x7E, 0x6C, 0xE7, 0x5C, 0x62, 0xC2, 0x5F, 
	0xBE, 0x6F, 0x76, 0xCA, 0x3F, 0x82, 0xC6, 0xA1, 0x66, 0x25, 0x95, 0x25, 0x32, 0x49, 0xC9, 0x3A, 
	0xA8, 0x4E, 0xD2, 0xFE, 0x90, 0x0A, 0x68, 0xC8, 0x32, 0x33, 0x51, 0xC6, 0xE0, 0xA1, 0x7F, 0xE2, 
	0x36, 0x84, 0x44, 0x3C, 0xE1, 0x68, 0xE7, 0x77, 0xD4, 0x1E, 0x88, 0x94, 0xCE, 0xD0, 0x27, 0x8B, 
	0xD1, 0xBF, 0x10, 0xF5, 0x48, 0x98, 0xFA, 0x7F, 0x9B, 0x82, 0x4D, 0xF1, 0xF8, 0xCE, 0x9D, 0x8A, 
	0x79, 0xA6, 0x2C, 0xE5, 0x1D, 0xEC, 0x82, 0x5A, 0x06, 0x19, 0xBA, 0xE6, 0xEC, 0x9A, 0x8B, 0x0F, 
	0x5C, 0xBD, 0x54, 0x6B, 0x94, 0x9A, 0x8D, 0xAC, 0x15, 0x1B, 0x6B, 0x67, 0x0A, 0xE3, 0x64, 0xC0, 
	0x5D, 0xDF, 0x22, 0x45, 0xC8, 0x45, 0xAF, 0xE4, 0x67, 0xE5, 0x4B, 0x31, 0x7E, 0xDF, 0x85, 0x89, 
	0xD8, 0xF0, 0x1F, 0x4C, 0xB0, 0xC3, 0x0C, 0xD6, 0x5C, 0xBE, 0xC0, 0x54, 0x9A, 0x88, 0x70, 0xDE, 
	0x36, 0x5F, 0xF0, 0xF5, 0x5C, 0xC7, 0x38, 0x78, 0x25, 0x4A, 0x10, 0xC1, 0xBA, 0x83, 0xDB, 0xBD, 
	0x7F, 0xED, 0xAE, 0xF2, 0xED, 0x6D, 0xB6, 0x54, 0xEA, 0x46, 0x2A, 0x34, 0x76, 0xAB, 0xD9, 0xF7, 
	0x0B, 0x41, 0x80, 0xE7, 0x16, 0xA6, 0xFB, 0x43, 0x13, 0x07, 0xEF, 0x62, 0xDB, 0xC5, 0xE6, 0x23, 
	0x1D, 0x6F, 0x4A, 0xF1, 0xB9, 0x5F, 0x6B, 0x0C, 0x05, 0x5B, 0x79, 0xDB, 0x7E, 0xF1, 0x24, 0xD7, 
	0x84, 0xBC, 0x6C, 0x65, 0x80, 0x7B, 0x8D, 0x16, 0xA6, 0xED, 0xD1, 0xD3, 0x74, 0x89, 0x49, 0xDC, 
	0x48, 0x29, 0x0D, 0x38, 0xAE, 0xFA, 0x45, 0xD3, 0x65, 0xF3, 0x75, 0x63, 0xAA, 0x84, 0x12, 0x39, 
	0x06, 0x0C, 0x3A, 0xDF, 0x6D, 0x5C, 0xB2, 0xB3, 0x1A, 0xDB, 0x44, 0x66, 0x07, 0x35, 0x0E, 0x1A, 
	0x14, 0xC6, 0x08, 0xD5, 0xAD, 0x3A, 0xB7, 0x60, 0x75, 0xE9, 0xAE, 0x1C, 0x42, 0xF3, 0xF8, 0x7A, 
	0x8A, 0x6E, 0x7A, 0x3E, 0x99, 0xF2, 0xBD, 0x9F, 0x17, 0xBD, 0xD7, 0x97, 0x65, 0xB3, 0xB7, 0x94, 
	0x6B, 0x2E, 0x14, 0x55, 0x8D, 0x71, 0xDB, 0xF0, 0x6C, 0x28, 0xB0, 0x9E, 0x98, 0x8F, 0x8B, 0xBD, 
	0xBD, 0x31, 0x84, 0x77, 0x29, 0x7A, 0x45, 0x19, 0x15, 0x79, 0x23, 0x21, 0x78, 0x7D, 0x2C, 0xD9, 
	0xBE, 0x15, 0x1C, 0x5A, 0x76, 0xA2, 0x09, 0xB9, 0xF3, 0x91, 0x08, 0xD9, 0x34, 0xEF, 0xDE, 0x20, 
	0xE1, 0x9A, 0xAF, 0xF2, 0x36, 0xA8, 0x63, 0x2D, 0x3A, 0x04, 0x73, 0x1F, 0x64, 0x86, 0xAA, 0x67, 
	0x34, 0x48, 0xD8, 0xED, 0xA7, 0x54, 0xE2, 0xBE, 0x94, 0x21, 0xE2, 0x1F, 0xA7, 0x77, 0x6F, 0x41, 
	0x0C, 0x09, 0x24, 0x59, 0x0D, 0xC0, 0x8E, 0xAC, 0x47, 0x4C, 0x32, 0xD0, 0x67, 0x5B, 0xED, 0x4A, 
	0x91, 0xBA, 0x08, 0x50, 0x7D, 0x7A, 0xBF, 0x9F, 0x54, 0xCE, 0xB2, 0xB3, 0xE9, 0xD0, 0x2C, 0xBB, 
	0xBB, 0xE3, 0x10, 0x8D, 0x3A, 0x92, 0xA7, 0x40, 0x93, 0x64, 0x7E, 0xF0, 0xD4, 0x0A, 0x1B, 0x68, 
	0x57, 0x4B, 0x13, 0x1B, 0x92, 0xB0, 0x28, 0xDB, 0xEE, 0xBC, 0x82, 0x7B, 0xDE, 0x5C, 0x50, 0xE9, 
	0x4D, 0x8F, 0x58, 0xCC, 0x5D, 0x6A, 0xF5, 0x44, 0x49, 0x4C, 0x7F, 0x5B, 0x48, 0x12, 0xA1, 0x97, 
	0x96, 0xDF, 0x8D, 0x24, 0xA0, 0x11, 0x06, 0xCF, 0xD2, 0xDD, 0x6C, 0x77, 0xB1, 0xE2, 0xA8, 0xE3, 
	0x9E, 0x84, 0x06, 0x8C, 0x40, 0x22, 0x38, 0xD2, 0x1A, 0x20, 0x3D, 0x32, 0x75, 0xA1, 0x82, 0x44, 
	0x17, 0x76, 0xC7, 0x81, 0x8B, 0x2A, 0xCC, 0x8F, 0x0F, 0x54, 0x63, 0xF3, 0xAE, 0xD5, 0x4D, 0x85, 
	0x52, 0x32, 0xD2, 0x9C, 0xD4, 0x22, 0x75, 0x0E, 0x51, 0xF1, 0xA6, 0xF1, 0x4A, 0x5F, 0xF4, 0xB6, 
	0x45, 0x10, 0x1A, 0x9A, 0x55, 0x2A, 0x55, 0xD2, 0x4E, 0x47, 0x55, 0x99, 0x3E, 0x1A, 0xB2, 0x80, 
	0xA3, 0x21, 0x97, 0xEE, 0x4B, 0x41, 0x3D, 0x85, 0x1D, 0xEE, 0x8A, 0x61, 0xAA, 0x75, 0xCE, 0xF9, 
	0x32, 0x9E, 0xAA, 0x39, 0x28, 0xB9, 0xC5, 0x60, 0xE8, 0xD2, 0x11, 0x3F, 0xF3, 0x22, 0xE4, 0x44, 
	0x7F, 0xCA, 0xEE, 0xF0, 0xCA, 0x10, 0x6A, 0xD7, 0x19, 0x47, 0xA0, 0x7A, 0xE2, 0x92, 0x2C, 0xE7, 
	0x91, 0x4A, 0x90, 0x37, 0x64, 0x27, 0xB6, 0x84, 0xFA, 0x30, 0x2D, 0x13, 0xAC, 0xCE, 0x3E, 0xF6, 
	0x7B, 0xD4, 0x63, 0x32, 0xCB, 0x6D, 0x5D, 0x52, 0x93, 0x26, 0xA0, 0x8E, 0x49, 0xE9, 0x8C, 0x33, 
	0xC8, 0x17, 0xCC, 0xDC, 0x92, 0x18, 0x3F, 0x78, 0x2D, 0x7C, 0x5F, 0x7E, 0x4C, 0xB9, 0x5E, 0xC1, 
	0xB9, 0xD4, 0x60, 0x93, 0xEF, 0xE6, 0xC3, 0xF9, 0xAE, 0xBA, 0x1E, 0x32, 0x48, 0x5C, 0xE0, 0x2A, 
	0xF2, 0x21, 0x52, 0xB4, 0x4D, 0xCC, 0xC0, 0x44, 0xBD, 0x22, 0x1E, 0x43, 0xCC, 0xEA, 0x7F, 0x60, 
	0x2C, 0x62, 0x44, 0x4B, 0xE3, 0x8E, 0xBD, 0xB9, 0xF5, 0x60, 0x6E, 0x49, 0x93, 0x25, 0x97, 0xF1, 
	0xC6, 0x8B, 0xE1, 0x99, 0x67, 0x32, 0x0F, 0x89, 0xC6, 0x45, 0xCF, 0x68, 0x87, 0xE5, 0x2F, 0x58, 
	0x52, 0x32, 0x58, 0xC1, 0x9C, 0xE4, 0xDD, 0x35, 0xC8, 0x4D, 0x0E, 0xE8, 0xFC, 0x18, 0x6A, 0x9E, 
	0x87, 0x8C, 0x41, 0x8A, 0xD9, 0x87, 0x69, 0xED, 0xE1, 0x43, 0xD1, 0x2C, 0xC7, 0xCE, 0x5D, 0x17, 
	0x5C, 0xE5, 0xCD, 0xC2, 0x19, 0x19, 0x0E, 0xBE, 0x31, 0xD1, 0x39, 0x9B, 0x76, 0x83, 0x86, 0xDE, 
	0x4B, 0x5A, 0xF8, 0xFE, 0xD2, 0xAC, 0x77, 0xBA, 0x5B, 0x68, 0x5F, 0x1E, 0x2C, 0x3C, 0x6A, 0xAD, 
	0x2F, 0x4A, 0xAA, 0x47, 0x80, 0xBD, 0xAA, 0xB8, 0xAB, 0x6C, 0x15, 0x06, 0x18, 0x61, 0x77, 0x44, 
	0xA6, 0x34, 0xAB, 0x92, 0x88, 0x10, 0x3D, 0x08, 0x22, 0x25, 0x88, 0x25, 0x57, 0x5C, 0x2D, 0x18, 
	0x2F, 0x16, 0xF1, 0x97, 0x4F, 0x09, 0x6C, 0x05, 0x93, 0x5D, 0xBB, 0x28, 0x32, 0x1E, 0x3D, 0x0F, 
	0x0C, 0x4D, 0xBD, 0x3A, 0x71, 0x93, 0x42, 0xA9, 0xE0, 0xD8, 0x6F, 0x57, 0x2E, 0xD4, 0xC3, 0xFA, 
	0x9F, 0x16, 0x92, 0x4B, 0xEA, 0xA3, 0x8F, 0x64, 0xE4, 0x23, 0x3A, 0x3B, 0x30, 0x9E, 0x41, 0x5B, 
	0x64, 0x0D, 0x87, 0x26, 0x2D, 0xB6, 0x52, 0x5D, 0xD4, 0xEF, 0xEC, 0x2E, 0xA4, 0xF2, 0xCC, 0xDC, 
	0x41, 0x10, 0x4D, 0x3D, 0x21, 0xBE, 0x93, 0x6E, 0x36, 0x1B, 0x65, 0xD8, 0xA9, 0x73, 0x40, 0x0F, 
	0x55, 0xAE, 0x54, 0xD1, 0x78, 0x80, 0xB1, 0x89, 0xF1, 0xE7, 0xE9, 0x48, 0xF3, 0x6E, 0x44, 0xF0, 
	0x89, 0xE4, 0xD8, 0x98, 0xAA, 0x3F, 0x72, 0x73, 0xB5, 0xD4, 0x1F, 0xD8, 0x5C, 0x89, 0x76, 0xC3, 
	0x38, 0xA2, 0x38, 0x1F, 0x31, 0x66, 0x1F, 0x5F, 0xC9, 0x3F, 0x27, 0x9D, 0x74, 0x7D, 0x8F, 0x5D, 
	0x97, 0x81, 0xC8, 0xBD, 0x91, 0x4C, 0x94, 0x92, 0x65, 0xCC, 0xFA, 0x68, 0x28, 0x7B, 0x7D, 0xF2, 
	0xE5, 0x53, 0x48, 0x07, 0x72, 0x81, 0x9B, 0xEC, 0xA2, 0x71, 0x4D, 0x89, 0x8B, 0x0B, 0x7E, 0xD4, 
	0x48, 0xBA, 0xAF, 0x6C, 0xEC, 0xC5, 0xC4, 0xB1, 0xC3, 0x98, 0xB5, 0xC5, 0x29, 0x5D, 0x5A, 0xD2, 
	0x16, 0x11, 0x7F, 0xDF, 0x80, 0x64, 0xAE, 0xF5, 0x55, 0x1B, 0xE3, 0x8B, 0xE5, 0x5D, 0x53, 0x0D, 
	0xE2, 0x9A, 0xEA, 0x97, 0x25, 0x04, 0x2A, 0x75, 0x19, 0xB3, 0xCB, 0xBC, 0x85, 0xC8, 0x79, 0x65, 
	0xE9, 0x6E, 0xC6, 0x5F, 0x9D, 0x30, 0x40, 0x0F, 0x66, 0xC8, 0x85, 0x67, 0x55, 0x54, 0x9B, 0x57, 
	0xAC, 0xFC, 0xDD, 0x85, 0x8D, 0xE7, 0x6C, 0x60, 0x3A, 0xCF, 0xAC, 0x3E, 0xA2, 0xE1, 0xA5, 0x67, 
	0x74, 0xCE, 0xE0, 0x58, 0x6C, 0x7E, 0x96, 0x87, 0x2B, 0x2B, 0x6C, 0x43, 0xBC, 0x68, 0x6C, 0xDA, 
	0x53, 0xF3, 0xB9, 0xBD, 0xD5, 0xE5, 0x7B, 0xA2, 0xB5, 0x91, 0xA7, 0x7D, 0x18, 0x55, 0x20, 0x65, 
	0x35, 0xCB, 0x7C, 0xF4, 0x98, 0x8D, 0x6C, 0x85, 0x64, 0xD4, 0xFB, 0x80, 0x4C, 0x76, 0x30, 0x9C, 
	0x2F, 0x8E, 0xA0, 0x23, 0xB9, 0xE4, 0xC5, 0x4E, 0xBC, 0x92, 0x09, 0x08, 0x73, 0x5B, 0x86, 0xC3, 
	0x68, 0xF0, 0x31, 0xC1, 0xEA, 0x16, 0xCE, 0xF3, 0xA7, 0x8A, 0x60, 0xBA, 0x37, 0x0A, 0xAE, 0x56, 
	0x58, 0xD2, 0xA9, 0xBA, 0x3D, 0x63, 0x22, 0x1D, 0x32, 0x88, 0xDD, 0xB0, 0xAB, 0xA7, 0xEB, 0x9F, 
	0xE9, 0xD4, 0x77, 0x7D, 0x77, 0x3E, 0x60, 0x81, 0x1B, 0xE7, 0xAF, 0xF8, 0xE1, 0x1D, 0x44, 0x74, 
	0x8D, 0xE0, 0xBF, 0xF8, 0x57, 0x65, 0xC0, 0xB3, 0x8E, 0x41, 0x4F, 0x80, 0xAA, 0x86, 0xC1, 0xD0, 
	0x5D, 0x0A, 0xB5, 0x29, 0x5A, 0xDA, 0xF6, 0xAB, 0x92, 0xCB, 0xE9, 0x73, 0xE6, 0x2D, 0x82, 0x59, 
	0x2E, 0xD1, 0xC1, 0x8B, 0x49, 0x70, 0x52, 0x67, 0xF2, 0x6F, 0x49, 0xDC, 0xA2, 0xBB, 0xE0, 0x1C, 
	0xD1, 0x3C, 0x58, 0x0A, 0xE3, 0x50, 0xE7, 0xAA, 0x92, 0xE6, 0x0B, 0x90, 0x11, 0x48, 0x80, 0x0F, 
	0x36, 0xD6, 0x78, 0x5A, 0x7E, 0x9B, 0xCE, 0x67, 0x48, 0xD4, 0xA5, 0x77, 0xD1, 0xA7, 0x8D, 0xD8, 
	0x52, 0x11, 0x79, 0xBE, 0xA3, 0x50, 0x05, 0x82, 0x40, 0x16, 0xBD, 0x44, 0x26, 0x1D, 0xAF, 0x6A, 
	0x63, 0x29, 0x7F, 0xA5, 0x8A, 0x80, 0xB0, 0x90, 0xEE, 0x6A, 0x2E, 0x28, 0xBE, 0x21, 0x6B, 0x68, 
	0x37, 0x44, 0x4C, 0x34, 0x1D, 0x46, 0x57, 0x1E, 0x5D, 0x26, 0xE4, 0x7D, 0x44, 0xB7, 0xF9, 0x1D, 
	0x05, 0xE0, 0x86, 0xF1, 0x1F, 0x3C, 0xCA, 0xA2, 0x21, 0xD8, 0x90, 0x34, 0x0C, 0x7A, 0x9A, 0xBC, 
	0xBE, 0x99, 0xCA, 0x86, 0x27, 0x22, 0x7A, 0xF4, 0x78, 0xF1, 0x26, 0x99, 0x93, 0xCF, 0xA0, 0x79, 
	0x1F, 0x69, 0xE8, 0x1C, 0x04, 0x7B, 0x6D, 0x18, 0x88, 0x38, 0x5C, 0x0F, 0x6A, 0xBD, 0x90, 0xAC, 
	0xBC, 0xCA, 0xEB, 0x2A, 0xA2, 0x4E, 0x68, 0x84, 0x8F, 0x77, 0xDA, 0x57, 0x73, 0x8D, 0x4D, 0xC3, 
	0x54, 0xEE, 0x33, 0x12, 0x52, 0x79, 0x31, 0x30, 0xB2, 0x4F, 0x1E, 0x7C, 0xDB, 0x5A, 0x2C, 0xC6, 
	0xAC, 0xAC, 0x89, 0xC3, 0xC2, 0xB6, 0x79, 0xE1, 0x82, 0x8F, 0xA3, 0x7E, 0x6A, 0xA6, 0x1E, 0xF5, 
	0xF0, 0xD6, 0x87, 0x4E, 0x3A, 0xDF, 0x2F, 0x03, 0xAE, 0x1C, 0x2E, 0x98, 0x74, 0x38, 0xB3, 0x7E, 
	0xAA, 0x18, 0x59, 0x6F, 0xB1, 0xE1, 0x6F, 0x10, 0xA5, 0x40, 0xC1, 0x54, 0x1D, 0x5E, 0x84, 0xDB, 
	0xF4, 0x6D, 0x2F, 0x64, 0x07, 0x07, 0xC8, 0x60, 0x49, 0x8F, 0xDF, 0xB8, 0x6B, 0xE3, 0xEF, 0xE1, 
	0x90, 0xD5, 0x1A, 0x64, 0xE0, 0xD8, 0x76, 0xAE, 0x32, 0x76, 0x89, 0x49, 0x5C, 0x7F, 0x7B, 0xEE, 
	0xFE, 0x16, 0x41, 0x4E, 0x31, 0xA0, 0x12, 0xD2, 0xD8, 0xC4, 0x73, 0x6A, 0x27, 0x76, 0xE3, 0xE9, 
	0xC2, 0xE3, 0x40, 0x3D, 0xDF, 0x2C, 0x23, 0x53, 0xBC, 0x55, 0x19, 0x21, 0x28, 0x56, 0x48, 0x8C, 
	0x56, 0x2D, 0xC3, 0x3E, 0x62, 0x18, 0x21, 0xDE, 0x7C, 0xB1, 0xEF, 0xA2, 0x3C, 0x7A, 0x28, 0x4C, 
	0x61, 0x28, 0x48, 0xC2, 0x74, 0xD8, 0x7D, 0x44, 0xC6, 0xCE, 0x83, 0xE6, 0xA5, 0xBE, 0xA2, 0xCA, 
	0xE2, 0x40, 0xA8, 0x9D, 0x6D, 0x31, 0xBC, 0xAA, 0xDF, 0x7B, 0x70, 0x81, 0x5B, 0x13, 0x8D, 0x8C, 
	0x3A, 0x8B, 0xA4, 0x2D, 0x61, 0x9E, 0xD8, 0x8B, 0x5D, 0x10, 0xB7, 0xF2, 0x1C, 0x16, 0xA0, 0x8F, 
	0x49, 0xA9, 0xC0, 0x47, 0x3C, 0x55, 0x0B, 0x18, 0x71, 0x2B, 0xD1, 0x8C, 0x67, 0xD0, 0x86, 0xE8, 
	0xAA, 0x24, 0x8D, 0xC2, 0xC8, 0x98, 0x1A, 0x01, 0x24, 0x2A, 0xB0, 0xD7, 0xEC, 0x4D, 0xDA, 0x83, 
	0xB8, 0x11, 0xBB, 0x38, 0xE9, 0x7A, 0x74, 0xEC, 0x45, 0xE3, 0x0A, 0x6E, 0x65, 0xF3, 0xB4, 0x7E, 
	0xC6, 0xD8, 0x47, 0x4E, 0xC9, 0x6F, 0x5D, 0x4B, 0x86, 0x50, 0x31, 0x76, 0xC8, 0xBE, 0x42, 0x15, 
	0x28, 0xCF, 0x5A, 0xBE, 0xCF, 0xFB, 0xEE, 0xBA, 0xEA, 0xE9, 0xAA, 0x48, 0x82, 0x36, 0x41, 0x14, 
	0x55, 0xC7, 0xC9, 0xBC, 0xD0, 0x5C, 0x4E, 0xCB, 0x8C, 0xA4, 0xDB, 0xFD, 0x79, 0x76, 0x17, 0x7F, 
	0x25, 0xA1, 0x0B, 0x88, 0x47, 0xE3, 0xC9, 0xBB, 0xD9, 0x5E, 0x72, 0x4C, 0x1E, 0xB4, 0xBD, 0x52, 
	0xB3, 0x16, 0x2B, 0x4D, 0x4E, 0x18, 0xE5, 0xC5, 0xD4, 0x6F, 0x5A, 0xD7, 0xCB, 0xEE, 0x2B, 0xCC, 
	0xD9, 0x1A, 0x42, 0x76, 0xDF, 0xC0, 0xBB, 0x13, 0x09, 0x6F, 0xEA, 0x26, 0xA4, 0x5B, 0x1C, 0x90, 
	0xED, 0xBE, 0x55, 0x8B, 0xEA, 0xF0, 0xAF, 0x22, 0xBA, 0xDB, 0x2D, 0xC4, 0xE6, 0x3B, 0x8E, 0xCC, 
	0x39, 0xB5, 0x74, 0xAC, 0x6D, 0x82, 0xE3, 0x8E, 0x27, 0x79, 0x94, 0x99, 0xD1, 0x5B, 0xAC, 0x1F, 
	0xB5, 0xF7, 0x12, 0x45, 0x82, 0xB1, 0x5E, 0x97, 0x4F, 0x41, 0xA7, 0xCC, 0x0B, 0xC8, 0xEE, 0x11, 
	0xAD, 0x4E, 0xCA, 0xA6, 0xBC, 0xCA, 0xD7, 0xDA, 0x7C, 0xBE, 0xC2, 0xE2, 0x6E, 0x87, 0x46, 0xC8, 
	0x74, 0xF1, 0x13, 0x90, 0x0D, 0xAF, 0x3D, 0xC1, 0x22, 0xDF, 0x46, 0x2D, 0x7C, 0xDB, 0x3B, 0xD2, 
	0x90, 0x71, 0x8B, 0x19, 0xDF, 0xB1, 0x7E, 0x69, 0x08, 0x8C, 0xB8, 0x6F, 0x61, 0x4E, 0x03, 0x6E, 
	0x17, 0xDD, 0xF3, 0xD9, 0x9A, 0xD4, 0xE8, 0xF3, 0x80, 0x2D, 0x1A, 0x76, 0xE3, 0x0B, 0xB5, 0x68, 
	0x93, 0xE4, 0xBB, 0x0A, 0x1F, 0xCC, 0x33, 0x67, 0x66, 0x4C, 0xAA, 0xE3, 0xD8, 0x8A, 0x79, 0x8F, 
	0x53, 0x0A, 0x4F, 0xB1, 0x80, 0x7B, 0x7A, 0x3B, 0x61, 0x64, 0x5C, 0x8E, 0xEC, 0x64, 0x53, 0x94, 
	0x4F, 0x71, 0x55, 0xB6, 0xC0, 0x67, 0xA9, 0xD8, 0xE9, 0x57, 0xAE, 0x55, 0x19, 0x9C, 0xA6, 0x76, 
	0x7A, 0x9B, 0x92, 0x23, 0x2A, 0x8C, 0x63, 0x76, 0x6F, 0xF9, 0x1A, 0x8C, 0x72, 0xA3, 0x29, 0x21, 
	0xD1, 0xD8, 0x46, 0xCC, 0x55, 0x12, 0x22, 0x7C, 0x7F, 0x12, 0xBD, 0xF0, 0x8E, 0x93, 0xEB, 0x3C, 
	0x8A, 0xF2, 0x17, 0x48, 0x38, 0x8C, 0x7C, 0x59, 0xDE, 0x6F, 0x2D, 0xDF, 0x72, 0x15, 0xBF, 0x82, 
	0x10, 0xE2, 0x50, 0x24, 0x76, 0x15, 0x21, 0xDF, 0xC2, 0xF2, 0xCD, 0x5D, 0xC4, 0xD7, 0x24, 0xAB, 
	0x33, 0x67, 0x06, 0xB1, 0x67, 0x75, 0x12, 0x48, 0xAE, 0x23, 0x7F, 0x45, 0x12, 0x5C, 0x3C, 0xEC, 
	0x62, 0x83, 0x28, 0xCA, 0x1B, 0x2B, 0x9D, 0x67, 0xEB, 0x86, 0x95, 0x5A, 0x91, 0x74, 0x63, 0x8E, 
	0xA5, 0x55, 0x97, 0x37, 0x94, 0xC6, 0xC5, 0x8C, 0x6F, 0x94, 0xD9, 0xA0, 0xAA, 0xD8, 0xE7, 0x8E, 
	0xE5, 0x89, 0x6E, 0x4B, 0x1A, 0xA4, 0x0B, 0x15, 0xED, 0x40, 0xD3, 0x17, 0xC7, 0xF0, 0x60, 0x43, 
	0xE3, 0x1E, 0xDC, 0xC7, 0xE5, 0x9B, 0xB4, 0x1C, 0x51, 0x5C, 0xDB, 0x41, 0xB4, 0x55, 0x99, 0x19, 
	0x76, 0xD3, 0xA9, 0x43, 0xA8, 0x62, 0x16, 0xD6, 0x6B, 0xA1, 0x38, 0xDC, 0x8D, 0x69, 0x0C, 0xF0, 
	0x99, 0x26, 0xD2, 0xCD, 0x88, 0x78, 0x5F, 0xB2, 0x4F, 0x03, 0x21, 0x9D, 0xDB, 0x25, 0x8A, 0x30, 
	0x7D, 0x6C, 0x41, 0xA9, 0x24, 0x9D, 0xF9, 0x72, 0x77, 0x57, 0x2D, 0x80, 0xF5, 0x77, 0xD3, 0xBC, 
	0xE9, 0xEB, 0x60, 0xDF, 0xD7, 0x8C, 0xA1, 0xF9, 0xE0, 0x21, 0x1B, 0xA2, 0xE1, 0x26, 0x5D, 0x38, 
	0x13, 0x39, 0x86, 0xD6, 0xE1, 0x5F, 0x5E, 0x35, 0x0E, 0xE2, 0x35, 0xDE, 0x85, 0x36, 0x97, 0x4D, 
	0xD2, 0xEF, 0x35, 0xEF, 0x69, 0x6F, 0xCB, 0x49, 0x47, 0x45, 0x2D, 0x63, 0xB8, 0xBB, 0x1C, 0x5A, 
	0xE8, 0x4E, 0xBC, 0x53, 0x90, 0xE8, 0x3D, 0x6E, 0xAC, 0x0F, 0x8B, 0x49, 0x9E, 0x5C, 0x8C, 0x39, 
	0xE6, 0xB9, 0x0B, 0x31, 0xD3, 0x60, 0x98, 0xA8, 0x63, 0x2E, 0x9C, 0x3F, 0x7F, 0xE2, 0x26, 0x8E, 
	0x7E, 0x98, 0x11, 0xD6, 0xF5, 0x55, 0xE6, 0x31, 0x8C, 0x58, 0x90, 0x30, 0x0F, 0x18, 0x50, 0xCF, 
	0x6F, 0xC6, 0x77, 0x15, 0x15, 0x02, 0x20, 0x18, 0xAA, 0x7F, 0xA9, 0xD2, 0x7C, 0x1D, 0x4F, 0x90, 
	0xCC, 0x4A, 0x71, 0xA7, 0xF5, 0xF9, 0x5B, 0x2C, 0x86, 0x89, 0x5D, 0x64, 0x97, 0x31, 0xED, 0x4D, 
	0x31, 0xBB, 0xFC, 0x57, 0x18, 0x9C, 0xE5, 0x47, 0x63, 0xEB, 0x6A, 0x24, 0x0A, 0x4D, 0xE8, 0xE0, 
	0x9E, 0x61, 0xE7, 0x18, 0xA9, 0xED, 0xA9, 0x0E, 0x1E, 0x5A, 0xEF, 0x0F, 0x41, 0xD3, 0xE7, 0x76, 
	0xC6, 0x3F, 0x10, 0xEE, 0x0C, 0x02, 0xD3, 0x9C, 0x56, 0x46, 0xC9, 0x61, 0xC3, 0x1E, 0x99, 0xC2, 
	0x45, 0x0E, 0x52, 0xB9, 0x5A, 0xB8, 0x85, 0x22, 0x72, 0x93, 0x5D, 0x6B, 0x36, 0xE5, 0x10, 0x04, 
	0x67, 0xD1, 0xEF, 0x5F, 0x2E, 0x6D, 0x55, 0x66, 0xF2, 0x4A, 0xCF, 0x11, 0x69, 0x7A, 0x6D, 0x55, 
	0xC1, 0x77, 0x70, 0xA5, 0x55, 0x70, 0xEE, 0x97, 0x65, 0xF4, 0x6D, 0x41, 0xB3, 0xB9, 0x95, 0x77, 
	0xEC, 0x4D, 0xD8, 0x13, 0x0C, 0xBA, 0x12, 0xA9, 0x7C, 0xB4, 0x4D, 0xE7, 0xDE, 0x20, 0xCB, 0x6C, 
	0xD8, 0xCA, 0xE6, 0x13, 0x2D, 0xA3, 0x6C, 0x55, 0x5E, 0x63, 0xDB, 0x70, 0x4A, 0x1F, 0x38, 0x07, 
	0xD5, 0x45, 0xEF, 0xED, 0x4A, 0x56, 0x28, 0x44, 0xA3, 0x7C, 0xDF, 0x28, 0x24, 0x0C, 0xA7, 0xA4, 
	0xD9, 0x4B, 0x52, 0x65, 0x9F, 0x85, 0xBB, 0x1C, 0x85, 0xA8, 0x78, 0x2C, 0x7D, 0x7B, 0x11, 0xB2, 
	0x63, 0x7C, 0x45, 0x29, 0x93, 0x19, 0x32, 0xBB, 0xF2, 0x72, 0x4A, 0xF0, 0x76, 0xF8, 0x4F, 0x72, 
	0xBE, 0x2E, 0x2C, 0x87, 0x86, 0xAE, 0x36, 0x52, 0xAB, 0xB0, 0xBC, 0xF0, 0x31, 0xBA, 0x8A, 0x62, 
	0x47, 0xC1, 0xB3, 0x31, 0xF5, 0x6F, 0x29, 0x7E, 0x7F, 0x74, 0x06, 0x15, 0x20, 0x22, 0x4B, 0x0B, 
	0x36, 0xB5, 0xD6, 0x8E, 0xDF, 0x61, 0x6B, 0x53, 0x41, 0x62, 0x35, 0x8C, 0x34, 0x5E, 0x8B, 0x92, 
	0x14, 0xDF, 0x25, 0xA9, 0x8D, 0x4E, 0x5D, 0xAF, 0x14, 0x7B, 0x7F, 0x67, 0xB1, 0x33, 0xCE, 0x63, 
	0x8A, 0x53, 0x9E, 0xC0, 0xE1, 0x4B, 0x7E, 0x24, 0x54, 0xB2, 0x45, 0x11, 0xA5, 0x5B, 0x68, 0xA9, 
	0xDB, 0xB9, 0x48, 0xAD, 0x84, 0x3D, 0x9A, 0x47, 0x0E, 0x83, 0x22, 0x19, 0xCF, 0x67, 0x61, 0x39, 
	0xB2, 0x46, 0xB9, 0xD2, 0xDA, 0xAC, 0xE5, 0x95, 0xB2, 0xA5, 0x35, 0xBF, 0xDA, 0x33, 0xC6, 0xD6, 
	0x80, 0x16, 0xC5, 0x80, 0x4D, 0x3B, 0x16, 0xE3, 0x94, 0x8D, 0x22, 0xA3, 0x60, 0x86, 0xD1, 0x26, 
	0x56, 0xE7, 0x50, 0xA7, 0x4B, 0x58, 0x80, 0x45, 0xBA, 0x37, 0x3A, 0x4F, 0x26, 0xDE, 0xD5, 0xFE, 
	0x68, 0xD7, 0x51, 0x9C, 0x77, 0xD7, 0x5B, 0x31, 0x57, 0x91, 0xA8, 0xD6, 0x45, 0xE7, 0x86, 0x68, 
	0xB3, 0xC1, 0x4D, 0x7C, 0xC9, 0xA4, 0x9A, 0x99, 0x8E, 0x68, 0x7B, 0x94, 0x1C, 0x1F, 0x06, 0xD4, 
	0xA7, 0x0B, 0x33, 0xE9, 0xBC, 0x39, 0x5D, 0x55, 0xC6, 0xAD, 0xD1, 0xB0, 0x9F, 0x71, 0x22, 0x2A, 
	0xBC, 0x32, 0xA0, 0xC5, 0x3F, 0x5F, 0xD8, 0xC2, 0xD6, 0x5E, 0xF5, 0xC5, 0x6C, 0xEA, 0x4D, 0xE9, 
	0x17, 0x7B, 0xE5, 0x95, 0xF5, 0xE2, 0x98, 0x6E, 0xEE, 0xEF, 0x99, 0x81, 0xC5, 0x6E, 0xC5, 0x52, 
	0x15, 0xA0, 0x39, 0x49, 0x7C, 0xF1, 0x6F, 0xAD, 0xFA, 0x2D, 0xA3, 0x52, 0xF0, 0xFE, 0xED, 0x82, 
	0x0B, 0x48, 0xAE, 0xE7, 0x44, 0x0C, 0xBD, 0x55, 0x88, 0x7B, 0xCD, 0xE5, 0x36, 0xC0, 0x12, 0x75, 
	0xE2, 0xB6, 0xB3, 0x19, 0xB5, 0x51, 0xB8, 0x28, 0x0B, 0xE0, 0x5D, 0xEF, 0xCC, 0x79, 0xB1, 0x96, 
	0xA0, 0x6E, 0xBC, 0xA9, 0xB4, 0x5F, 0x28, 0x9D, 0xE6, 0x7B, 0x53, 0xBD, 0x6F, 0xF0, 0xD1, 0x29, 
	0x27, 0xD4, 0xC5, 0x78, 0x38, 0xD1, 0xC1, 0x9E, 0xAE, 0xD4, 0xC6, 0xC0, 0x19, 0x0C, 0xB6, 0x14, 
	0x94, 0xEB, 0x31, 0xBF, 0xBA, 0x15, 0x4F, 0xC3, 0x21, 0x11, 0xBF, 0x43, 0x41, 0xE9, 0x76, 0x80, 
	0x64, 0xAD, 0xF2, 0x16, 0x53, 0x8E, 0xC3, 0x6F, 0x47, 0x1F, 0x95, 0xF5, 0x2A, 0xF1, 0x9A, 0x85, 
	0x58, 0xE5, 0xED, 0x85, 0xC9, 0xDD, 0x55, 0xEF, 0xC8, 0x85, 0xCB, 0xCA, 0x9D, 0x3A, 0xA8, 0x9B, 
	0xCF, 0xCB, 0xB9, 0xBD, 0xB3, 0xF8, 0x8B, 0xA3, 0xCC, 0xF7, 0x6A, 0x3A, 0x76, 0x0D, 0x2E, 0x60, 
	0xD9, 0x80, 0xF2, 0x68, 0x92, 0x19, 0x86, 0x26, 0x44, 0x0C, 0xDE, 0x2A, 0x87, 0xCC, 0xAD, 0x3D, 
	0x51, 0xC7, 0x6F, 0xB1, 0x11, 0x1F, 0x22, 0x24, 0xEA, 0xB1, 0x98, 0x5D, 0xBC, 0x83, 0xE2, 0xD5, 
	0xE9, 0xCA, 0x1C, 0x39, 0xDB, 0x80, 0xD6, 0x17, 0x90, 0xEB, 0x81, 0x4A, 0x4B, 0x4C, 0xF3, 0xEE, 
	0x73, 0x5F, 0x52, 0x62, 0x3F, 0x8E, 0x29, 0x8B, 0x0D, 0x82, 0x92, 0x86, 0xC1, 0x3E, 0x79, 0xD0, 
	0xD1, 0xFB, 0xFE, 0x29, 0xAA, 0x71, 0x79, 0x46, 0x5B, 0x7F, 0xDD, 0x88, 0x43, 0xBF, 0x94, 0x1B, 
	0x4F, 0x33, 0x92, 0x87, 0x5F, 0x6A, 0x7B, 0x54, 0x06, 0xCE, 0x9F, 0x2D, 0x78, 0x8A, 0x21, 0x1D, 
	0x93, 0x51, 0x53, 0x71, 0x20, 0xC0, 0x17, 0x12, 0xDC, 0x1F, 0x4B, 0x68, 0xEC, 0xDB, 0xD1, 0xD2, 
	0xD7, 0x0A, 0x4C, 0x24, 0x95, 0x51, 0x80, 0xA1, 0x89, 0xF5, 0xE5, 0xF6, 0x0F, 0x59, 0x5A, 0x39, 
	0xE4, 0xF9, 0xA2, 0xD8, 0x77, 0xE9, 0xAA, 0x94, 0x2D, 0x11, 0xDB, 0xD2, 0x1D, 0xAE, 0x7F, 0x13, 
	0x79, 0x8B, 0x77, 0x83, 0x56, 0x64, 0xF3, 0x82, 0xDB, 0x59, 0x7D, 0xEC, 0xAA, 0x21, 0x30, 0x70, 
	0x22, 0x45, 0x4C, 0x49, 0x22, 0xCB, 0xB8, 0xA9, 0xC0, 0xD2, 0xB2, 0xDC, 0x87, 0x09, 0xBE, 0x81, 
	0x6D, 0x9B, 0xEE, 0x44, 0x0F, 0x5F, 0x0D, 0xA0, 0xF7, 0x54, 0x68, 0x5B, 0xCC, 0xBA, 0x0C, 0xDC, 
	0x35, 0x7D, 0xB5, 0xF1, 0xC2, 0xE7, 0x25, 0xEF, 0xF6, 0xD2, 0xA5, 0xF5, 0x47, 0x03, 0x42, 0x97, 
	0x74, 0x09, 0x87, 0x2D, 0x6F, 0x80, 0x46, 0xA7, 0x78, 0x5D, 0x88, 0xC0, 0x21, 0xAE, 0x9E, 0x70, 
	0xB7, 0xF9, 0x28, 0x59, 0x14, 0x2E, 0x1C, 0xED, 0xB8, 0x82, 0x96, 0xD1, 0x77, 0x6B, 0xF0, 0xAC, 
	0x10, 0x96, 0xF7, 0x73, 0x5B, 0x80, 0xA0, 0xDD, 0x92, 0xF6, 0xB3, 0xFB, 0x46, 0x12, 0x2F, 0xAD, 
	0x18, 0x19, 0xA5, 0x4C, 0xF5, 0x36, 0x5E, 0xD4, 0x97, 0x61, 0x4E, 0x67, 0x71, 0x8A, 0x45, 0xAC, 
	0x52, 0x47, 0xD3, 0x7A, 0xBB, 0xB1, 0x86, 0x63, 0x34, 0xA7, 0x92, 0x31, 0x26, 0x57, 0x59, 0x26, 
	0x25, 0x39, 0x6A, 0xC4, 0x95, 0xED, 0x0C, 0x9D, 0xCD, 0xF4, 0x76, 0xF3, 0xB9, 0x37, 0xEF, 0x8C, 
	0x0F, 0xE1, 0xAD, 0xF2, 0xC7, 0xDE, 0xB6, 0x1D, 0xE6, 0xFB, 0xCD, 0xB3, 0xDD, 0xA6, 0x1F, 0xED, 
	0x97, 0xCC, 0x5F, 0x37, 0x0F, 0x11, 0x78, 0x21, 0x4B, 0xCE, 0x95, 0x15, 0xD9, 0xB9, 0x52, 0xC2, 
	0xAB, 0x7E, 0xD8, 0xE7, 0xBD, 0x6B, 0x63, 0xA5, 0x08, 0x79, 0xE0, 0x44, 0x9D, 0x8D, 0xD9, 0x33, 
	0x9A, 0x4E, 0x54, 0x31, 0xC5, 0xAB, 0xB5, 0xD5, 0x9D, 0x91, 0x32, 0x79, 0xBE, 0xF9, 0xE4, 0xD3, 
	0x4F, 0xEB, 0xC3, 0x94, 0x19, 0x2B, 0x29, 0x8A, 0x4B, 0xC8, 0x50, 0xBE, 0xC9, 0x3D, 0x74, 0x87, 
	0x35, 0x2C, 0x24, 0x97, 0x5A, 0x64, 0xF2, 0x31, 0xE6, 0xCC, 0xA6, 0x5E, 0x46, 0x66, 0xBC, 0xD2, 
	0xA8, 0x53, 0x94, 0x7F, 0x6E, 0x95, 0x0E, 0x06, 0x4C, 0x8B, 0x56, 0x80, 0xDB, 0x55, 0x23, 0x96, 
	0xDD, 0xF6, 0x7D, 0xAB, 0x63, 0x6D, 0xF7, 0x3D, 0x26, 0x2B, 0x3F, 0x0E, 0x83, 0xE6, 0x58, 0xBA, 
	0x2D, 0x98, 0x81, 0x82, 0x8A, 0x9A, 0x6A, 0x15, 0x44, 0x67, 0x40, 0x03, 0x8B, 0x10, 0x7B, 0xB9, 
	0xE5, 0x42, 0xE2, 0xDA, 0xBF, 0x7E, 0xDA, 0xE3, 0xC5, 0x63, 0x35, 0x3A, 0xC7, 0xFB, 0x77, 0x4F, 
	0xD6, 0xEB, 0x8D, 0xB6, 0x5D, 0xAE, 0x22, 0x7B, 0x0D, 0x13, 0x2E, 0x0C, 0xAE, 0x2B, 0x9A, 0x0F, 
	0x28, 0x88, 0xF2, 0xE3, 0x77, 0xC9, 0x29, 0xDD, 0xF8, 0x28, 0x92, 0xD4, 0x84, 0x9F, 0x5F, 0x06, 
	0x78, 0x57, 0xA3, 0x85, 0xE9, 0xDF, 0x60, 0xDE, 0x1F, 0x47, 0x37, 0xB2, 0x4F, 0xDD, 0xEF, 0x6F, 
	0x35, 0x83, 0x0F, 0xC5, 0xA7, 0x2D, 0xAF, 0xB4, 0x9C, 0x2F, 0x6B, 0x1F, 0x31, 0x5A, 0xB5, 0x30, 
	0x68, 0xF6, 0xB7, 0x94, 0x85, 0xAA, 0xC6, 0x9E, 0x9B, 0xC9, 0x4F, 0x64, 0x76, 0x16, 0x4C, 0x89, 
	0x38, 0xCB, 0x77, 0xE6, 0xAB, 0xD8, 0xEC, 0x93, 0x2A, 0x46, 0x9F, 0x8C, 0x9D, 0x45, 0x95, 0xD3, 
	0xAC, 0x0E, 0x71, 0xD2, 0x85, 0x2E, 0x67, 0xC8, 0x6A, 0x67, 0x47, 0xB4, 0x8C, 0x09, 0xF2, 0xE8, 
	0x17, 0x1A, 0x65, 0xCF, 0xF2, 0xBE, 0x88, 0x81, 0xBC, 0x4B, 0x0A, 0xE5, 0xA8, 0xE4, 0x77, 0xDC, 
	0xEC, 0xAC, 0x98, 0x8C, 0x74, 0xF0, 0xB5, 0x66, 0xEB, 0xEF, 0xF1, 0xA4, 0xF6, 0x99, 0xA7, 0xBA, 
	0x45, 0x17, 0x0C, 0x64, 0x2A, 0x29, 0xA0, 0x5C, 0x37, 0xF5, 0x5C, 0x58, 0x55, 0x6D, 0x26, 0xE5, 
	0x8D, 0x21, 0xA7, 0x3C, 0x0D, 0x2E, 0x79, 0x17, 0x5C, 0x40, 0xF2, 0x59, 0x64, 0x2E, 0x5E, 0x10, 
	0xEC, 0x84, 0x65, 0xC9, 0x14, 0x0B, 0xD0, 0xB1, 0xFA, 0x55, 0x31, 0x21, 0xD5, 0x83, 0xEE, 0x6E, 
	0x7E, 0x9E, 0x38, 0x9F, 0x2E, 0x7F, 0x0C, 0x57, 0x77, 0x3C, 0xEE, 0x52, 0x8F, 0xB1, 0xA4, 0xAB, 
	0x0D, 0x1D, 0x5E, 0x75, 0x91, 0xCA, 0x1D, 0xDF, 0x3C, 0x1F, 0x1E, 0xE2, 0x9D, 0x4E, 0x8E, 0x82, 
	0x77, 0x7D, 0x8E, 0xE2, 0xCF, 0x29, 0xF3, 0x82, 0xAE, 0xC8, 0x69, 0x52, 0x6E, 0x9E, 0x56, 0x31, 
	0xE1, 0xC1, 0xDB, 0x21, 0xCC, 0x6B, 0xB4, 0x2F, 0x9D, 0x5F, 0x93, 0xA0, 0x14, 0x83, 0x1A, 0x35, 
	0xB9, 0x0F, 0x0B, 0x55, 0x2C, 0xBF, 0x70, 0x87, 0x23, 0xDC, 0xAD, 0x75, 0x18, 0xE5, 0xBC, 0xF3, 
	0xC6, 0x3F, 0x92, 0xB3, 0x16, 0x53, 0x82, 0x65, 0xAE, 0x09, 0xE4, 0x78, 0xDE, 0x7C, 0xF8, 0x50, 
	0x50, 0x94, 0xD7, 0xA2, 0x91, 0xB1, 0xCF, 0x56, 0x83, 0x83, 0x1C, 0x05, 0xB5, 0x29, 0x89, 0x2A, 
	0x60, 0x67, 0x36, 0x8E, 0xAD, 0xA2, 0xA9, 0x55, 0x78, 0x10, 0x67, 0xD7, 0xEA, 0xE3, 0x38, 0x41, 
	0xC3, 0x90, 0x20, 0xA2, 0x7E, 0xAF, 0x12, 0x6F, 0x4F, 0xA7, 0xDD, 0xA8, 0xD1, 0x4F, 0xDF, 0xB0, 
	0x3D, 0x30, 0x47, 0x42, 0x42, 0xD1, 0xBC, 0x75, 0xB5, 0x85, 0x39, 0x9A, 0x27, 0x1A, 0xF5, 0x7C, 
	0x71, 0x55, 0xCB, 0xA6, 0x96, 0x1A, 0x60, 0x55, 0x88, 0x67, 0x24, 0x3A, 0xDC, 0xF4, 0x4E, 0x46, 
	0x5E, 0x7E, 0x4C, 0x97, 0x82, 0x14, 0xB0, 0x16, 0xC9, 0x7A, 0x61, 0xBF, 0xAB, 0xF1, 0x27, 0x03, 
	0x36, 0x59, 0xE1, 0x1B, 0x9F, 0xB6, 0x8E, 0x27, 0xEB, 0xC9, 0xE2, 0xF3, 0xA9, 0x49, 0x99, 0x6E, 
	0x9A, 0x50, 0x96, 0xBB, 0x53, 0xDF, 0x0B, 0x38, 0xCD, 0xFB, 0xE6, 0x9F, 0xCB, 0xD2, 0xB0, 0xC4, 
	0xB7, 0x23, 0x31, 0xAD, 0xA1, 0xF7, 0xA1, 0xCE, 0xEB, 0xEC, 0x1C, 0x42, 0xEF, 0xDD, 0x40, 0x66, 
	0x5B, 0x91, 0x7F, 0x14, 0xAA, 0x82, 0x6A, 0xC6, 0x78, 0x3A, 0xA1, 0xC2, 0xFC, 0xA1, 0x3B, 0x6A, 
	0x2D, 0x1B, 0x6A, 0x91, 0xA5, 0xC8, 0x1F, 0x1B, 0x79, 0xF0, 0x8B, 0xE6, 0xE0, 0xE6, 0xD8, 0x4D, 
	0xAA, 0x5E, 0x2C, 0x42, 0xD3, 0x93, 0x26, 0x5F, 0x15, 0x49, 0x6B, 0x1E, 0xD1, 0xC4, 0xA6, 0x6C, 
	0x7B, 0xD9, 0x45, 0x0A, 0xEE, 0x9B, 0xE2, 0x8C, 0x5A, 0x12, 0xF3, 0xED, 0x90, 0x1D, 0x96, 0xDD, 
	0x58, 0xAA, 0xB3, 0x53, 0x23, 0x48, 0xC2, 0x6C, 0xAD, 0x6B, 0xE7, 0xCD, 0x26, 0x3E, 0x51, 0xF0, 
	0x43, 0xEF, 0x38, 0xA6, 0x0C, 0x59, 0x56, 0x64, 0xD1, 0x72, 0x20, 0x93, 0x57, 0xAA, 0x17, 0xCB, 
	0xAC, 0xA4, 0x21, 0x70, 0x0D, 0x67, 0x62, 0x13, 0xF4, 0xC8, 0xBE, 0x4D, 0xB4, 0x92, 0xF6, 0x22, 
	0x9A, 0x07, 0xAF, 0x66, 0x61, 0x99, 0x29, 0xBF, 0xF7, 0x52, 0x70, 0x83, 0xB5, 0x6F, 0x2B, 0x83, 
	0xC0, 0x5D, 0x49, 0x39, 0x37, 0x3C, 0x5B, 0x51, 0x51, 0xA1, 0x66, 0x4B, 0xB8, 0xBF, 0xC8, 0x9C, 
	0x89, 0x9A, 0x34, 0x57, 0xC2, 0x65, 0x70, 0x85, 0x6C, 0xE6, 0x77, 0x8C, 0x5C, 0x9C, 0x43, 0x2B, 
	0x4C, 0xEC, 0x15, 0x69, 0x7E, 0x89, 0x8C, 0xE7, 0xA9, 0x4E, 0x48, 0xCD, 0x67, 0x5C, 0x49, 0x0E, 
	0x78, 0x70, 0xD8, 0x0B, 0x1D, 0x3B, 0xBD, 0x52, 0x7B, 0x98, 0x7F, 0xD5, 0x15, 0x1B, 0x17, 0xAB, 
	0xA8, 0x9F, 0x23, 0x29, 0xCF, 0xAC, 0x34, 0x66, 0xA1, 0x0D, 0xB5, 0x33, 0x10, 0x79, 0x73, 0xC6, 
	0xAE, 0x36, 0xE3, 0x22, 0x6D, 0x4C, 0x11, 0x80, 0x2D, 0xA4, 0xD8, 0xD5, 0xC5, 0x42, 0xD5, 0xDF, 
	0xD5, 0x95, 0x23, 0xC6, 0x65, 0x7C, 0xE4, 0x22, 0x91, 0x34, 0xF4, 0xEA, 0x51, 0xC2, 0xA7, 0xF4, 
	0xF0, 0x9A, 0x70, 0xA2, 0xF0, 0x34, 0xA5, 0x68, 0x14, 0x71, 0xB3, 0x3E, 0x9C, 0xE4, 0x28, 0x37, 
	0x7B, 0x10, 0x8E, 0x07, 0x61, 0x67, 0xC3, 0x1E, 0x70, 0x2A, 0x28, 0xDB, 0xCA, 0x64, 0xA7, 0x81, 
	0xC3, 0x66, 0x64, 0xE7, 0x0F, 0x0B, 0x56, 0xE2, 0x80, 0x63, 0x28, 0x02, 0xDE, 0x8C, 0xDB, 0x14, 
	0xF0, 0x54, 0xEA, 0xB6, 0x59, 0x58, 0x41, 0x42, 0xD4, 0x59, 0x4C, 0x3C, 0x63, 0xF0, 0xAF, 0x1A, 
	0x54, 0x5D, 0xAB, 0x89, 0x2C, 0x95, 0x46, 0xCF, 0x63, 0xD4, 0x2F, 0x70, 0x0D, 0x13, 0x76, 0x6F, 
	0x45, 0xA2, 0x8D, 0x22, 0xC0, 0xC5, 0x36, 0x42, 0x11, 0x22, 0x54, 0x5B, 0x22, 0xBD, 0x4B, 0x30, 
	0x6E, 0x5B, 0x1D, 0x4E, 0x0D, 0x14, 0xEF, 0xB9, 0x55, 0x50, 0x9F, 0x23, 0x94, 0x0B, 0xB9, 0x48, 
	0xF5, 0x72, 0xA4, 0xBD, 0x80, 0xAB, 0xD8, 0x8E, 0xFA, 0x18, 0x24, 0xED, 0x2E, 0x86, 0x75, 0x1A, 
	0x88, 0x35, 0x5B, 0x6A, 0x7E, 0x3F, 0x72, 0xDE, 0x97, 0x43, 0x63, 0xD1, 0x5D, 0x61, 0xDC, 0x36, 
	0x70, 0xF7, 0x6D, 0x5E, 0x60, 0x94, 0xEB, 0x59, 0x42, 0x90, 0x79, 0x09, 0xBF, 0x92, 0x9F, 0xCF, 
	0xC9, 0xC4, 0x17, 0x41, 0x80, 0x5C, 0x19, 0x72, 0x17, 0x2C, 0x24, 0xB4, 0x32, 0xB0, 0x7D, 0x9D, 
	0x98, 0xBB, 0xDD, 0x14, 0x7B, 0x8F, 0x81, 0x99, 0x17, 0x3A, 0xF2, 0xCA, 0x84, 0xA5, 0x97, 0x38, 
	0xE6, 0xFA, 0xBC, 0x8E, 0x40, 0x43, 0xA4, 0x59, 0x5E, 0x9F, 0x7F, 0x34, 0x25, 0x15, 0x88, 0xC8, 
	0x10, 0x18, 0x05, 0x1E, 0x15, 0x2D, 0x0F, 0x2B, 0x55, 0x91, 0x41, 0xC6, 0xF3, 0x2F, 0x8B, 0xD7, 
	0x70, 0xC5, 0xC4, 0x49, 0xEE, 0x57, 0x5A, 0x2F, 0xAB, 0x39, 0xF0, 0xE6, 0x7B, 0x1F, 0x80, 0xB1, 
	0x0F, 0x81, 0xB6, 0x3F, 0x7D, 0x90, 0x7C, 0x96, 0x9D, 0x3A, 0xB6, 0xDF, 0xEC, 0xEE, 0x32, 0x27, 
	0x56, 0x29, 0x80, 0xA9, 0x2B, 0x60, 0xC1, 0x76, 0xE5, 0x81, 0x07, 0xC8, 0x84, 0xEA, 0x3C, 0x1F, 
	0x7D, 0x83, 0xC2, 0x48, 0x4A, 0x5D, 0x18, 0x35, 0x1D, 0xB7, 0xD5, 0x28, 0x5A, 0x66, 0x6D, 0x44, 
	0x72, 0x19, 0x35, 0x4F, 0x65, 0xE0, 0xEB, 0x69, 0x93, 0x25, 0xE8, 0x36, 0xC5, 0x40, 0xD0, 0x9B, 
	0x10, 0x8F, 0xD4, 0x6D, 0x26, 0xBD, 0x94, 0x2D, 0xAA, 0xD4, 0xD9, 0xEC, 0x63, 0x81, 0xC5, 0x29, 
	0x27, 0x98, 0xFB, 0x10, 0x79, 0xC8, 0x3C, 0x05, 0xD9, 0xC9, 0x0C, 0x80, 0x09, 0x30, 0x11, 0x77, 
	0xD7, 0x4F, 0x86, 0x28, 0xDC, 0x7D, 0x13, 0x55, 0xD8, 0x34, 0xEC, 0xF1, 0x3A, 0xB1, 0x19, 0x7B, 
	0x80, 0xCE, 0xE9, 0xE7, 0x5F, 0x8D, 0x76, 0x21, 0xA7, 0x30, 0x5D, 0x9F, 0x07, 0x8D, 0xE7, 0xE4, 
	0xDA, 0x3A, 0x58, 0x36, 0x8A, 0xB9, 0x16, 0x70, 0xD0, 0x7D, 0x46, 0x1F, 0x44, 0x08, 0x85, 0xDA, 
	0x3E, 0xC4, 0xE9, 0x5F, 0x0E, 0x31, 0xDA, 0x4F, 0x74, 0x06, 0x11, 0x96, 0xBE, 0xA3, 0xD7, 0xBC, 
	0x93, 0xEE, 0xB3, 0xA4, 0x4C, 0x51, 0x7E, 0xF1, 0x6F, 0x7A, 0xC4, 0xAD, 0x31, 0xEE, 0xD8, 0x8B, 
	0xAA, 0xA9, 0xDB, 0x10, 0xC9, 0x45, 0x20, 0xDA, 0x6A, 0x13, 0x12, 0xC8, 0x6D, 0x2D, 0xB2, 0xAD, 
	0x3A, 0x2C, 0xD8, 0xBF, 0x68, 0x88, 0xB6, 0x27, 0x1A, 0xEE, 0x71, 0x22, 0x97, 0x9B, 0x0E, 0x8A, 
	0xE1, 0x9A, 0x87, 0xE1, 0x1A, 0xC1, 0x38, 0x11, 0x4C, 0x22, 0x3D, 0xDD, 0x51, 0x7F, 0xC6, 0x39, 
	0x9B, 0x8C, 0x22, 0x1E, 0x57, 0x3B, 0x71, 0xF4, 0x14, 0xBA, 0x09, 0x3D, 0x79, 0x8A, 0x93, 0xCF, 
	0x96, 0xC4, 0x93, 0x33, 0x54, 0x67, 0x8D, 0xB8, 0xAB, 0x0E, 0x58, 0xC1, 0xD9, 0x85, 0xB5, 0x8B, 
	0x59, 0xC3, 0x8D, 0xA2, 0xC9, 0xC1, 0xD7, 0x5A, 0x0D, 0xA6, 0x46, 0x22, 0xCC, 0xE4, 0x60, 0xEA, 
	0x17, 0x6B, 0x91, 0x6A, 0x55, 0x41, 0x10, 0x93, 0x9A, 0xA0, 0x1E, 0xA6, 0xB7, 0x92, 0x97, 0xB7, 
	0x86, 0x9D, 0x34, 0x71, 0x7E, 0x0A, 0x6E, 0xC4, 0x8F, 0x9B, 0xCE, 0x22, 0xD0, 0x5A, 0x9E, 0x58, 
	0x53, 0xCE, 0x0F, 0x5A, 0xE3, 0xFA, 0xF0, 0x32, 0xE0, 0xCF, 0x13, 0x13, 0xA3, 0x9B, 0xDF, 0x93, 
	0xF8, 0xD4, 0xFA, 0x0C, 0x62, 0x74, 0x3A, 0xB0, 0xB1, 0x77, 0x39, 0xCA, 0xE1, 0x10, 0x18, 0x32, 
	0x0E, 0x3B, 0x50, 0x23, 0x1A, 0xC4, 0xDD, 0xB2, 0x0D, 0x77, 0xAE, 0xC1, 0x9F, 0x1A, 0x77, 0xA3, 
	0x3F, 0x35, 0xC1, 0x0B, 0x94, 0x0B, 0x7F, 0x49, 0x3E, 0x26, 0xDE, 0x33, 0x72, 0xB3, 0xD6, 0x8A, 
	0x88, 0xF7, 0xC0, 0x17, 0x11, 0x68, 0xE5, 0x3F, 0x0E, 0x98, 0x73, 0xC2, 0xAB, 0xF6, 0xB2, 0x5B, 
	0x62, 0x95, 0x55, 0x76, 0x5C, 0x38, 0x1E, 0x69, 0x9C, 0xA6, 0x3F, 0x5C, 0x3D, 0x9E, 0x5F, 0x14, 
	0xB7, 0x6E, 0x80, 0xCA, 0x2C, 0x1F, 0x88, 0x97, 0xBB, 0x35, 0x94, 0x76, 0x13, 0xC6, 0x36, 0xC6, 
	0x45, 0xD3, 0x4B, 0xA5, 0x17, 0x0D, 0x2F, 0xD6, 0xE9, 0xF7, 0x79, 0xDC, 0x11, 0x8D, 0x8F, 0x60, 
	0x50, 0xE3, 0xB9, 0x4B, 0xCB, 0xAF, 0xA7, 0x6E, 0x81, 0x35, 0x5D, 0x6B, 0x33, 0x9A, 0x1E, 0xEC, 
	0x4C, 0xD9, 0x37, 0x26, 0x4B, 0x1A, 0x50, 0x1F, 0xD5, 0x27, 0xB6, 0x79, 0xD0, 0xD9, 0xBF, 0xC0, 
	0x84, 0xDE, 0x69, 0xA9, 0xBA, 0x6F, 0x80, 0x1D, 0x69, 0xAF, 0xDE, 0x95, 0x9F, 0x07, 0xE2, 0x8B, 
	0x8F, 0x97, 0x8A, 0xC2, 0xC7, 0x72, 0x81, 0x73, 0xD9, 0x34, 0x29, 0x28, 0xBD, 0x52, 0x9D, 0x54, 
	0x45, 0xC1, 0x77, 0x7D, 0xAD, 0x37, 0xC6, 0xCB, 0x3D, 0xBD, 0x2B, 0x16, 0x12, 0x0F, 0x8F, 0x07, 
	0xD7, 0xF5, 0xB6, 0xA8, 0x64, 0xAB, 0x27, 0xE7, 0xF8, 0x41, 0xAB, 0x4D, 0x22, 0x4D, 0x56, 0xEE, 
	0x38, 0x11, 0xB2, 0x7E, 0x9F, 0x66, 0xA0, 0x7A, 0x44, 0x7E, 0x1C, 0x66, 0x66, 0x6E, 0x68, 0xA7, 
	0xA6, 0xF6, 0xF5, 0x3E, 0x24, 0xF3, 0xFE, 0x72, 0xE0, 0x66, 0x38, 0x6F, 0x5E, 0xC2, 0x69, 0x58, 
	0x82, 0x41, 0xEB, 0xB7, 0xAE, 0xE8, 0x89, 0xD9, 0x99, 0x13, 0x8C, 0x51, 0x9F, 0x4F, 0x21, 0x8C, 
	0xEE, 0xA9, 0x80, 0x22, 0x3B, 0x0B, 0x4C, 0x87, 0x05, 0xC4, 0x86, 0x84, 0x1A, 0x25, 0xB6, 0xE6, 
	0x30, 0xD5, 0xC4, 0x7E, 0x1F, 0x39, 0x5B, 0x7C, 0xE3, 0x98, 0x53, 0xC4, 0xF4, 0x60, 0xD8, 0x8F, 
	0x82, 0x0F, 0x64, 0x5A, 0x0B, 0x0A, 0xA9, 0xB0, 0x52, 0xA8, 0x50, 0xA7, 0x10, 0x5F, 0xB1, 0xE3, 
	0xAD, 0x7D, 0xB4, 0x6E, 0x54, 0x4C, 0x77, 0xA5, 0x8F, 0x4D, 0xF1, 0x31, 0xB1, 0xD4, 0x35, 0x3B, 
	0xB1, 0x3E, 0xAD, 0x2C, 0x05, 0xB5, 0x2D, 0x14, 0x78, 0x3A, 0x29, 0x55, 0x28, 0x01, 0x0A, 0x4D, 
	0x45, 0xAE, 0x45, 0x66, 0xE7, 0xA5, 0x95, 0x71, 0x8A, 0x6B, 0x1D, 0x01, 0x5F, 0x83, 0x09, 0x05, 
	0x96, 0x55, 0x44, 0x11, 0xD0, 0x6D, 0x24, 0xA1, 0xE0, 0xAD, 0x9C, 0x46, 0x7B, 0x09, 0xDD, 0xF3, 
	0xD6, 0x2D, 0xB7, 0x9F, 0xA3, 0x4B, 0xCA, 0xB2, 0x8B, 0x39, 0x29, 0x2F, 0x9E, 0xB2, 0xBA, 0x1E, 
	0xE0, 0x7F, 0xE9, 0xE0, 0x5F, 0xD6, 0x75, 0x33, 0x7A, 0x53, 0x11, 0x6A, 0x4A, 0x03, 0xCF, 0x67, 
	0xDD, 0x82, 0x73, 0x80, 0x5D, 0xC8, 0xB6, 0x1A, 0xD1, 0xF7, 0x89, 0xD8, 0x4A, 0x34, 0x15, 0x65, 
	0xEF, 0xDF, 0x6D, 0xB0, 0x7F, 0x6C, 0x57, 0x37, 0xEA, 0x7C, 0xD0, 0x2D, 0xE4, 0x16, 0xCD, 0xF6, 
	0xA2, 0x6D, 0x89, 0xCA, 0x29, 0x4D, 0x35, 0x03, 0x70, 0x0C, 0x6E, 0x73, 0x3F, 0x62, 0x3E, 0xB4, 
	0xC6, 0xB4, 0x57, 0xE2, 0x69, 0xF1, 0x7A, 0x0E, 0x88, 0x77, 0x29, 0xF1, 0xF1, 0xCB, 0x44, 0xD0, 
	0xDF, 0xAA, 0x1F, 0x81, 0x2F, 0x6B, 0xA3, 0xAF, 0xFB, 0xC0, 0x28, 0xA5, 0xAB, 0x2D, 0xC0, 0x92, 
	0x0E, 0x36, 0x35, 0x28, 0x55, 0xDE, 0xDA, 0xC4, 0x4C, 0xA8, 0x2C, 0xBF, 0x13, 0x5B, 0xD4, 0xE7, 
	0x2E, 0xEC, 0x25, 0xED, 0xD6, 0x5B, 0xC7, 0x24, 0xB8, 0x80, 0xA5, 0x83, 0xD3, 0xE9, 0xB0, 0x40, 
	0x0E, 0xA9, 0x82, 0x60, 0xC3, 0x29, 0xF2, 0x4B, 0xB5, 0x82, 0xDC, 0xAB, 0x1B, 0x79, 0xD1, 0xE1, 
	0x9B, 0x21, 0x72, 0xB0, 0xA3, 0xB6, 0xCE, 0x15, 0xA1, 0xB1, 0x08, 0x3A, 0x2E, 0x9D, 0x58, 0xCC, 
	0xCF, 0x6D, 0x8B, 0xC5, 0x52, 0x28, 0xAF, 0x3A, 0x2E, 0x60, 0x46, 0x11, 0x0F, 0x5A, 0xC4, 0x42, 
	0x08, 0xE3, 0xF2, 0x9C, 0x44, 0xC7, 0x46, 0x0E, 0x4F, 0xCA, 0x1E, 0x66, 0x48, 0xC5, 0x89, 0x35, 
	0xED, 0xBB, 0x9A, 0xDE, 0xAA, 0xED, 0x53, 0x0B, 0x8A, 0xC7, 0x34, 0xA4, 0x2B, 0xB8, 0xB5, 0x40, 
	0xE0, 0x49, 0x48, 0xC3, 0x85, 0x5D, 0x1C, 0x6B, 0x04, 0x4E, 0xAF, 0xDC, 0xE0, 0x6D, 0x75, 0x07, 
	0xC2, 0xFB, 0xCF, 0x78, 0xBE, 0x0C, 0x6B, 0xED, 0x7A, 0x39, 0x5C, 0x70, 0xA9, 0xE8, 0xFE, 0xEA, 
	0x61, 0xF7, 0x1B, 0xAA, 0x6A, 0xA7, 0xBA, 0x58, 0x98, 0xB8, 0x92, 0xB8, 0xDF, 0x0F, 0xB7, 0xB2, 
	0x45, 0x97, 0x3F, 0x8B, 0xA8, 0x75, 0x35, 0xF1, 0x23, 0x2D, 0x7B, 0xA6, 0x21, 0xAA, 0x79, 0x1D, 
	0x29, 0x0A, 0xC9, 0x0D, 0x12, 0x87, 0xEA, 0xA1, 0xB4, 0x96, 0x4D, 0x5F, 0x57, 0xB5, 0x66, 0x78, 
	0xEE, 0xFE, 0xDB, 0x8E, 0x99, 0xCE, 0x1A, 0xDB, 0x6B, 0x43, 0x24, 0xD1, 0x1E, 0x66, 0x54, 0x65, 
	0xBF, 0x58, 0xEF, 0xC1, 0xCF, 0x62, 0xDE, 0xFA, 0x8B, 0x76, 0x67, 0x7F, 0x7A, 0x23, 0xC7, 0x59, 
	0x2A, 0x99, 0x89, 0x0B, 0xE8, 0x43, 0xEC, 0x49, 0xE0, 0x10, 0xBC, 0xD4, 0x6C, 0xEF, 0x3B, 0x33, 
	0x3D, 0xD1, 0xD1, 0x2C, 0x16, 0xF4, 0x3D, 0xD9, 0xF1, 0xF7, 0x5B, 0x12, 0xA0, 0x5E, 0xCF, 0x15, 
	0xC1, 0xF5, 0x1A, 0xE0, 0x42, 0x5B, 0x27, 0x69, 0xCC, 0x25, 0xBD, 0xB7, 0x0A, 0xB4, 0x24, 0xA4, 
	0x5C, 0x94, 0xA1, 0xC0, 0x80, 0xD5, 0xE2, 0x8D, 0x82, 0xBB, 0x6D, 0x4D, 0x64, 0x1C, 0xA9, 0x34, 
	0x67, 0x8D, 0x26, 0x61, 0x28, 0x5D, 0x5A, 0x83, 0x07, 0x2C, 0x6A, 0xDA, 0x0A, 0xA7, 0x83, 0xBB, 
	0x80, 0x99, 0x8A, 0x6A, 0xCB, 0xE1, 0x5D, 0xF4, 0x6C, 0x74, 0xDE, 0xBC, 0x68, 0x8C, 0x08, 0x13, 
	0x43, 0xEB, 0x59, 0xE8, 0x8E, 0xF7, 0xB3, 0x77, 0xF9, 0xE8, 0xF1, 0xF8, 0xA8, 0x49, 0x37, 0x2B, 
	0xB4, 0xF0, 0x99, 0x3B, 0xEE, 0x95, 0x64, 0x08, 0x73, 0xCA, 0xE7, 0x32, 0x76, 0x76, 0xD5, 0xD8, 
	0x47, 0xB2, 0x2C, 0x47, 0x67, 0x6F, 0xAA, 0xE8, 0xF6, 0x0A, 0x67, 0xEE, 0x60, 0x7E, 0x7C, 0x72, 
	0xC3, 0xBB, 0xB9, 0x91, 0x0C, 0xE1, 0x43, 0x37, 0x3A, 0x82, 0x87, 0xAE, 0xA4, 0x1B, 0xA0, 0x67, 
	0xE1, 0x7E, 0x07, 0x75, 0xE4, 0x85, 0x40, 0x60, 0xBA, 0x3D, 0xD5, 0x15, 0xAC, 0xE4, 0xF7, 0xDF, 
	0x0D, 0x12, 0xC9, 0x24, 0x3C, 0x75, 0x86, 0xED, 0xD8, 0x64, 0xB2, 0xAB, 0x10, 0x36, 0x44, 0x65, 
	0x6A, 0xDB, 0x3E, 0xCB, 0x63, 0x7C, 0xB4, 0x20, 0xCB, 0x5A, 0x31, 0xBC, 0x6D, 0x89, 0xB7, 0x85, 
	0x77, 0x27, 0x9C, 0xD3, 0xFC, 0x52, 0x4D, 0x59, 0x20, 0x25, 0x4F, 0xBA, 0xF6, 0x3C, 0xF0, 0x5C, 
	0xA5, 0x99, 0xF9, 0xE9, 0x46, 0x3E, 0xCE, 0x23, 0x59, 0x2B, 0x34, 0xD9, 0x65, 0x07, 0x36, 0x3C, 
	0xCA, 0x26, 0xCE, 0xF1, 0xD8, 0xFC, 0xFD, 0x61, 0x88, 0xAA, 0x26, 0xD4, 0xE9, 0xE3, 0x6F, 0x70, 
	0x27, 0x55, 0x73, 0x9C, 0x31, 0x1E, 0xB6, 0x3E, 0x25, 0x85, 0xA7, 0x7B, 0xA0, 0x74, 0x55, 0xA7, 
	0x6B, 0x41, 0x05, 0xF0, 0x80, 0xB2, 0x75, 0xA6, 0x41, 0xC8, 0xD1, 0x3D, 0x77, 0xA8, 0xAF, 0xBD, 
	0x10, 0xD0, 0xA7, 0x20, 0xE6, 0x0E, 0xF4, 0x12, 0x9C, 0x5A, 0x2E, 0xDD, 0x67, 0x7D, 0x53, 0x3B, 
	0x3D, 0xBF, 0xA5, 0xB6, 0xC7, 0x1F, 0xE3, 0xC3, 0xFC, 0x76, 0xF4, 0x53, 0x6E, 0x77, 0x45, 0x0F, 
	0x28, 0xDC, 0x84, 0xCA, 0x7B, 0x62, 0x8A, 0xE8, 0xF4, 0x7D, 0x4B, 0xC1, 0xF7, 0x5F, 0xDC, 0x26, 
	0xEF, 0xF8, 0x27, 0x3C, 0xBC, 0x5F, 0x17, 0xE2, 0x49, 0x79, 0x1C, 0xDA, 0xBB, 0xBD, 0x0E, 0xE9, 
	0x0C, 0x43, 0xD5, 0x72, 0xDA, 0x31, 0xBC, 0x15, 0xD7, 0xDA, 0x76, 0x0B, 0xE2, 0xBB, 0x23, 0x4E, 
	0xE2, 0x34, 0xB5, 0xE5, 0x99, 0x3C, 0xF3, 0x39, 0x22, 0xDC, 0x95, 0x0F, 0x6B, 0x78, 0x48, 0xCB, 
	0xB8, 0xD1, 0x7D, 0xF6, 0x6B, 0xD6, 0x6D, 0x5E, 0xCD, 0x7C, 0x05, 0xCF, 0xE2, 0xE1, 0x82, 0x92, 
	0x0B, 0xB2, 0xB2, 0x5F, 0x95, 0xEC, 0x24, 0x65, 0x5C, 0xA3, 0xB4, 0x1C, 0xC6, 0x35, 0xAF, 0xCB, 
	0x1A, 0x65, 0x05, 0xB7, 0x74, 0x7C, 0xA8, 0x94, 0xDD, 0x56, 0x38, 0xAF, 0xB3, 0x98, 0xEC, 0x78, 
	0xE7, 0x0C, 0x1D, 0x7F, 0x47, 0x4F, 0x54, 0x2F, 0x5B, 0xC0, 0xB9, 0xA4, 0x41, 0xE2, 0x72, 0xD0, 
	0x8C, 0xE8, 0x0B, 0x46, 0x93, 0x9D, 0x23, 0x30, 0xC2, 0x6C, 0x41, 0x5D, 0x55, 0x2F, 0xBA, 0x46, 
	0xE1, 0x73, 0x06, 0x8E, 0x43, 0xA2, 0xED, 0xE5, 0x3D, 0x4A, 0xB5, 0x9B, 0x4D, 0x40, 0xEB, 0xA3, 
	0x3A, 0x4B, 0xEC, 0x75, 0x8B, 0x55, 0xBA, 0x81, 0xEC, 0xD1, 0x32, 0xD6, 0xEB, 0x7F, 0xA4, 0x1F, 
	0xDE, 0x74, 0x4C, 0x0C, 0x54, 0xCC, 0xA2, 0xBC, 0xA1, 0x4F, 0xBB, 0x2D, 0xA7, 0x51, 0x32, 0xA9, 
	0xDA, 0x81, 0x3B, 0x52, 0x34, 0x3B, 0xEB, 0x91, 0x67, 0x9D, 0xF2, 0x8A, 0xBF, 0xDE, 0xC1, 0xDD, 
	0x84, 0x7F, 0xC9, 0xA7, 0x81, 0x35, 0x79, 0xA7, 0xF9, 0xE3, 0xB9, 0xC0, 0x48, 0xB0, 0x7C, 0x47, 
	0xE1, 0x80, 0x1A, 0x59, 0x91, 0x7E, 0x86, 0x3A, 0xD6, 0xF5, 0x85, 0xEB, 0x51, 0x46, 0x93, 0x3E, 
	0xEC, 0x27, 0x41, 0x74, 0xD1, 0xB2, 0x0D, 0x63, 0x57, 0x34, 0x74, 0x27, 0x15, 0x9E, 0x89, 0x74, 
	0x6D, 0x50, 0xB9, 0x3F, 0xD7, 0xC7, 0xB1, 0x21, 0xAE, 0xF8, 0x99, 0xFA, 0x29, 0x1C, 0x17, 0x9B, 
	0x2E, 0xD0, 0x57, 0xCA, 0x9D, 0xC1, 0x2D, 0x78, 0x5E, 0x67, 0xB9, 0x5B, 0x4E, 0xCA, 0x84, 0x16, 
	0x26, 0x03, 0x45, 0xDD, 0x70, 0x50, 0x0F, 0x9B, 0xEE, 0xDE, 0xE5, 0xDB, 0x0D, 0x58, 0x97, 0x50, 
	0xAC, 0x3F, 0x83, 0x4D, 0x41, 0x5E, 0x30, 0x32, 0x69, 0xB1, 0x35, 0xA3, 0x4B, 0x71, 0xE8, 0xBD, 
	0x7B, 0xA9, 0xB3, 0x9B, 0xBB, 0xD2, 0xA1, 0xFA, 0x4A, 0xCE, 0x15, 0xEC, 0xE2, 0x88, 0xD9, 0x47, 
	0xBA, 0xDF, 0x5A, 0xC9, 0x5C, 0x0F, 0xCF, 0xA3, 0x85, 0x56, 0x5C, 0xA9, 0x80, 0x54, 0xBD, 0xD9, 
	0x72, 0x69, 0xE4, 0xE5, 0x7E, 0x98, 0xD4, 0x2E, 0xF2, 0x28, 0x88, 0x10, 0xC4, 0x9F, 0x0F, 0x44, 
	0x38, 0x6B, 0x1A, 0x7F, 0x9C, 0xCF, 0x49, 0xA1, 0x51, 0x89, 0xB7, 0x47, 0x97, 0xB9, 0x5C, 0x9A, 
	0xB9, 0x62, 0xB6, 0x95, 0x74, 0x71, 0x87, 0xDA, 0x23, 0x06, 0xC6, 0x22, 0xF4, 0x41, 0xA6, 0xEF, 
	0xA3, 0x89, 0x18, 0xD8, 0xF7, 0x49, 0xF1, 0xE2, 0x25, 0x9F, 0xA4, 0x90, 0x6B, 0x7F, 0x74, 0xF3, 
	0xBC, 0xBA, 0xDB, 0xBF, 0xA2, 0xB0, 0xED, 0xAE, 0x4B, 0xD0, 0x2C, 0x6D, 0xD3, 0x73, 0xB8, 0x9F, 
	0x2C, 0xDA, 0x78, 0x9F, 0x75, 0x77, 0xE6, 0xC6, 0xE7, 0xF2, 0x6B, 0x05, 0xD9, 0xFD, 0x49, 0xA9, 
	0x72, 0xAE, 0xEF, 0xC6, 0x2C, 0x35, 0xAD, 0xDF, 0xCC, 0xE7, 0xCB, 0x9E, 0xE3, 0xE0, 0x9C, 0x6F, 
	0xA3, 0x3A, 0x4D, 0xC2, 0x48, 0x17, 0x6F, 0x82, 0x56, 0xCD, 0x2F, 0x4C, 0x25, 0x1B, 0x4F, 0x42, 
	0x84, 0x81, 0x81, 0x50, 0x48, 0x65, 0xD9, 0x9A, 0x9F, 0x9D, 0xDD, 0x7D, 0xD8, 0xB4, 0x12, 0x48, 
	0x98, 0x47, 0x9A, 0xA0, 0xC2, 0x49, 0x50, 0x1B, 0xA2, 0xA5, 0x0A, 0x6E, 0x73, 0x43, 0x9C, 0x0A, 
	0x51, 0x6E, 0xF4, 0x52, 0x77, 0x34, 0xE1, 0xB1, 0x64, 0x5A, 0x6F, 0x2A, 0x8E, 0x98, 0x44, 0xE1, 
	0x37, 0xCE, 0x4D, 0xBA, 0x7D, 0xB5, 0xAE, 0x50, 0xD1, 0xD7, 0xF3, 0xB9, 0x46, 0x64, 0x8F, 0x11, 
	0xCA, 0xC8, 0xB7, 0xF0, 0x57, 0x10, 0xA6, 0xCE, 0x59, 0x8C, 0x6E, 0x16, 0x0D, 0xC2, 0xCF, 0xC2, 
	0x37, 0xB6, 0x1D, 0x01, 0x13, 0xA4, 0x21, 0xA2, 0x7B, 0xD8, 0xE3, 0xA8, 0x28, 0x06, 0xE4, 0x3F, 
	0xA1, 0xDF, 0xF4, 0xC7, 0x93, 0xF2, 0x77, 0x6D, 0x66, 0xAF, 0xB1, 0xE9, 0x7A, 0x0D, 0xB1, 0x1F, 
	0x18, 0xC8, 0xBF, 0x89, 0x66, 0xD9, 0x94, 0x84, 0xCE, 0x36, 0x99, 0x1D, 0xCE, 0x29, 0xE4, 0x36, 
	0x1A, 0x1A, 0xD6, 0x8E, 0x26, 0x73, 0xDE, 0xBE, 0x34, 0x44, 0xF6, 0xB0, 0x24, 0x94, 0x63, 0xF3, 
	0x0E, 0xEB, 0xDD, 0xC0, 0x6D, 0x9B, 0x74, 0xF3, 0xCB, 0x58, 0xD2, 0x30, 0x43, 0x4A, 0x26, 0x5B, 
	0x22, 0xCE, 0x85, 0x55, 0x16, 0x94, 0x1B, 0xBA, 0xE7, 0xCE, 0xFB, 0x9C, 0x84, 0x51, 0x97, 0x3B, 
	0xB6, 0x19, 0xEB, 0x62, 0x47, 0xB5, 0x89, 0xEA, 0xF1, 0xD5, 0x38, 0x3F, 0x76, 0x92, 0x9B, 0xFA, 
	0x5C, 0x80, 0xD5, 0x79, 0x9C, 0xF3, 0x8C, 0x47, 0x7A, 0xD6, 0x49, 0x37, 0x44, 0x7E, 0x98, 0x6C, 
	0xAE, 0x20, 0x6E, 0x5C, 0x48, 0x8C, 0x06, 0x10, 0x7E, 0x46, 0x30, 0x0C, 0xA4, 0x98, 0xB9, 0x15, 
	0xF4, 0x97, 0xC0, 0x93, 0x28, 0xA6, 0x24, 0xCC, 0x7A, 0x09, 0x43, 0x59, 0x32, 0x12, 0xF4, 0xF7, 
	0xF9, 0x0F, 0xA2, 0xFB, 0xE4, 0xFD, 0x7D, 0xD1, 0x66, 0x41, 0x41, 0x7B, 0x3E, 0x79, 0x58, 0x54, 
	0x09, 0x82, 0x0B, 0x8A, 0x2F, 0x5D, 0x28, 0xC4, 0x13, 0xE1, 0x70, 0x21, 0x35, 0x63, 0xCB, 0x12, 
	0x51, 0xCF, 0xD6, 0xD4, 0xB5, 0x74, 0xE7, 0x7C, 0x19, 0x66, 0xB8, 0xD7, 0xB0, 0xEA, 0xAD, 0x61, 
	0xF8, 0xE6, 0x5B, 0x9D, 0x69, 0x41, 0x53, 0x4A, 0x1B, 0x32, 0xF2, 0xE2, 0x77, 0x6F, 0x7C, 0x91, 
	0x2F, 0x8F, 0x22, 0xA7, 0x81, 0xD8, 0xCA, 0xFB, 0xD1, 0x71, 0xD9, 0xA2, 0xB3, 0x25, 0x55, 0x82, 
	0x2A, 0x38, 0x47, 0x3A, 0xA8, 0x0A, 0xBD, 0x3F, 0x27, 0x89, 0x2C, 0x4E, 0x28, 0xA1, 0xDB, 0x53, 
	0x88, 0x53, 0x88, 0xA6, 0x37, 0xB2, 0xDE, 0x3A, 0x67, 0xF7, 0xCF, 0xA4, 0x26, 0xC6, 0x6E, 0xDF, 
	0x63, 0x1A, 0x5A, 0x1F, 0x02, 0xDD, 0xFD, 0x52, 0x5E, 0xAF, 0x14, 0x58, 0xB8, 0x14, 0x2E, 0xB7, 
	0x33, 0x28, 0x13, 0x24, 0xD8, 0x10, 0x64, 0xAA, 0x69, 0xD2, 0x9A, 0xF1, 0xF5, 0x45, 0x54, 0x66, 
	0x35, 0x1F, 0xF3, 0x58, 0x87, 0xB2, 0xEA, 0xF5, 0x9E, 0x64, 0xA8, 0x42, 0xC3, 0x30, 0x1B, 0x2C, 
	0x6E, 0x3A, 0x8B, 0xD0, 0xC7, 0x59, 0x07, 0xC1, 0xEC, 0xBD, 0x39, 0xEE, 0x5E, 0x3C, 0xEC, 0xBB, 
	0xD6, 0xF1, 0x7D, 0x2A, 0x92, 0xB4, 0xE4, 0x80, 0x56, 0x5F, 0xE6, 0x7C, 0x0A, 0x0D, 0xA6, 0xAE, 
	0x62, 0xA9, 0xC5, 0xA7, 0x4E, 0xAD, 0xB9, 0xAD, 0xD2, 0x7B, 0x7F, 0x4D, 0x93, 0x1F, 0x84, 0x54, 
	0x2A, 0x41, 0x09, 0x32, 0x9E, 0xC3, 0xA9, 0xE3, 0xB5, 0x80, 0xA2, 0xD1, 0x59, 0x50, 0x5F, 0x21, 
	0x9E, 0xB4, 0x68, 0xD2, 0xF5, 0xBB, 0xFB, 0x4A, 0x8D, 0xDA, 0x47, 0xDB, 0x2F, 0xB2, 0xBF, 0x73, 
	0xA6, 0xC1, 0xC9, 0x5F, 0x4E, 0x3F, 0x54, 0x08, 0x7F, 0x92, 0x8A, 0x64, 0xBB, 0x19, 0x10, 0x1D, 
	0x94, 0x8C, 0xF8, 0xED, 0x86, 0x8D, 0xA7, 0x44, 0x45, 0xC3, 0x2B, 0xE8, 0xAC, 0x7B, 0xA9, 0x21, 
	0x7F, 0x34, 0xC0, 0xC1, 0x63, 0x0C, 0x77, 0x71, 0x41, 0x7B, 0x44, 0x7D, 0x7A, 0xF6, 0x0F, 0x18, 
	0x3D, 0x6F, 0x0F, 0xAA, 0xC5, 0xD8, 0xF8, 0x2C, 0xB5, 0x24, 0xBC, 0xF3, 0xE4, 0x4F, 0xC1, 0x28, 
	0x89, 0x54, 0xE8, 0xD9, 0xC9, 0x94, 0x18, 0x86, 0xF9, 0x30, 0x54, 0xC7, 0xDE, 0x45, 0xE7, 0x47, 
	0x3C, 0xAC, 0xF1, 0x41, 0xC4, 0xCE, 0x9E, 0x34, 0x63, 0xC2, 0x9A, 0xB4, 0xC4, 0x9C, 0xF0, 0x23, 
	0x3F, 0xEB, 0x24, 0x56, 0x9F, 0xCF, 0x78, 0x7D, 0x88, 0x7D, 0x3A, 0x33, 0x6E, 0x8F, 0xE0, 0x94, 
	0xDB, 0x9C, 0x0A, 0xD7, 0xBB, 0x2D, 0x9A, 0x74, 0x5D, 0xB3, 0x13, 0x3C, 0x60, 0x6C, 0x7F, 0x65, 
	0xBE, 0xE8, 0x14, 0x3E, 0x2D, 0x43, 0x65, 0x39, 0x4B, 0x75, 0x43, 0xDD, 0xDA, 0x3B, 0x61, 0xC8, 
	0x28, 0x82, 0x6E, 0x4B, 0xE2, 0x2E, 0x79, 0xBD, 0x65, 0xE5, 0x71, 0xE1, 0xFA, 0x4B, 0x1E, 0x25, 
	0xD4, 0x1C, 0x63, 0xD1, 0xD1, 0xF0, 0x20, 0x6D, 0x5E, 0x17, 0xAD, 0x5D, 0xE6, 0xEF, 0x5A, 0x7E, 
	0x9F, 0xD4, 0x54, 0x61, 0xD1, 0x97, 0x1B, 0xB0, 0xDC, 0x6A, 0xE7, 0x51, 0xEF, 0x32, 0xDD, 0x53, 
	0x07, 0x52, 0xB9, 0xAD, 0x25, 0x64, 0x1E, 0xA6, 0x7D, 0x5E, 0xB7, 0x5B, 0xA1, 0x1B, 0x05, 0xF0, 
	0xA9, 0xF2, 0xAD, 0x60, 0x26, 0xC0, 0xB3, 0xBA, 0xE4, 0x37, 0xA9, 0x55, 0xDC, 0xB6, 0x60, 0x90, 
	0x55, 0x9A, 0x89, 0x9A, 0xCD, 0xBC, 0x71, 0x35, 0x0C, 0x5C, 0x68, 0xDE, 0x2A, 0x79, 0x31, 0x58, 
	0x22, 0x51, 0x6B, 0xB2, 0xA0, 0x96, 0x0C, 0xED, 0x38, 0x5E, 0xB2, 0x2F, 0x73, 0xF9, 0x74, 0x74, 
	0x8D, 0xDC, 0x2E, 0xB9, 0xC3, 0x8F, 0x78, 0x18, 0x18, 0x32, 0xB0, 0x57, 0xAE, 0x87, 0xE8, 0x84, 
	0xA5, 0x6D, 0x69, 0x33, 0x3D, 0x62, 0x29, 0x60, 0x22, 0x10, 0xE8, 0x4E, 0x8C, 0xAF, 0x70, 0x3B, 
	0x22, 0x1B, 0xD8, 0x87, 0x08, 0x02, 0x02, 0x28, 0x58, 0xF2, 0x89, 0x42, 0xC0, 0x20, 0xC3, 0x1E, 
	0x76, 0xB8, 0x61, 0xD4, 0x22, 0x1B, 0x93, 0xB8, 0xBC, 0x67, 0x39, 0x67, 0x36, 0xEA, 0x1D, 0xE5, 
	0x27, 0x51, 0xE1, 0x99, 0xBC, 0xC8, 0x49, 0x16, 0x2E, 0xCE, 0xA2, 0x8A, 0xF4, 0xAA, 0xB3, 0x93, 
	0x82, 0xCB, 0xEA, 0x0D, 0x76, 0x32, 0x42, 0x7E, 0xB7, 0x88, 0x48, 0x92, 0x94, 0x7B, 0x86, 0x6F, 
	0x44, 0x93, 0x54, 0xE8, 0x55, 0x1A, 0xD2, 0x42, 0x98, 0xF6, 0xBC, 0x5E, 0x10, 0x27, 0x03, 0x2A, 
	0x4A, 0x37, 0x9D, 0x4F, 0xC6, 0x9A, 0x78, 0x0A, 0x6C, 0xA7, 0xC0, 0x20, 0x07, 0x7F, 0x51, 0x54, 
	0xEA, 0xF9, 0x29, 0xC7, 0x3B, 0xA8, 0xC8, 0xD1, 0x53, 0x9A, 0x6E, 0x28, 0xE3, 0x24, 0x6F, 0xE3, 
	0x1A, 0x87, 0xEE, 0x98, 0xA0, 0xD8, 0xEC, 0x62, 0xDD, 0x15, 0x38, 0x86, 0x0D, 0xCC, 0x66, 0x0D, 
	0x33, 0x96, 0x3E, 0xB7, 0x1F, 0xC7, 0x83, 0xCB, 0x9C, 0xFA, 0x41, 0x9F, 0xA9, 0x8D, 0x31, 0x8D, 
	0xAF, 0x74, 0x3D, 0x0D, 0xB0, 0x07, 0xC0, 0x64, 0xB5, 0xEC, 0x2D, 0xBF, 0x46, 0xB2, 0x1F, 0xB4, 
	0xC2, 0xA0, 0x73, 0x87, 0xC8, 0x51, 0xCC, 0xF2, 0x84, 0x66, 0x88, 0xD4, 0x84, 0x0C, 0xB8, 0xBA, 
	0xB3, 0x90, 0xBB, 0x28, 0xEA, 0x9E, 0x90, 0xB7, 0x4A, 0x99, 0xDD, 0xF2, 0x83, 0x07, 0x34, 0x5E, 
	0xEE, 0x3A, 0x79, 0x4C, 0x44, 0x78, 0xF6, 0xCC, 0xA3, 0x26, 0xAA, 0x11, 0xCA, 0xA8, 0x29, 0xB6, 
	0x4B, 0x93, 0xA7, 0x96, 0x64, 0xC0, 0x3C, 0xCB, 0x85, 0x6C, 0xAF, 0x81, 0xB5, 0x15, 0xDE, 0xBA, 
	0xCE, 0x8E, 0xF6, 0x67, 0xA2, 0x3D, 0x9F, 0xA2, 0x53, 0x85, 0xE4, 0xCE, 0x31, 0x0C, 0xAF, 0xBC, 
	0x47, 0x41, 0x10, 0x66, 0x39, 0x21, 0x13, 0xD6, 0x18, 0xAC, 0xC7, 0x28, 0x0C, 0xBB, 0xBD, 0x50, 
	0xF6, 0xE7, 0x7B, 0x75, 0x39, 0xE4, 0xD7, 0x97, 0x80, 0xF5, 0x5A, 0xF4, 0x43, 0x5A, 0x40, 0xA0, 
	0x2D, 0x4E, 0xE4, 0xEA, 0xD1, 0xD7, 0xE7, 0xDE, 0x3F, 0xD3, 0x40, 0xCE, 0xC0, 0x8E, 0xB3, 0x69, 
	0xCE, 0x8E, 0x60, 0x76, 0x68, 0x83, 0x0E, 0x7D, 0xCA, 0xDE, 0xF9, 0xB9, 0xDD, 0x4F, 0xE6, 0x2F, 
	0x1E, 0x87, 0x28, 0xA6, 0xB1, 0x9E, 0xDC, 0x97, 0xE9, 0x50, 0x06, 0xD7, 0x4A, 0x5C, 0x31, 0x1F, 
	0x4A, 0xBF, 0x13, 0x98, 0xD0, 0x7B, 0x1C, 0x14, 0x7B, 0xA4, 0xCE, 0x6B, 0x1C, 0x0D, 0x55, 0xBA, 
	0xF0, 0xC9, 0x87, 0x88, 0x87, 0xAB, 0x89, 0x8D, 0xC5, 0x79, 0x10, 0xCA, 0x34, 0xAD, 0xF6, 0x5D, 
	0x0F, 0xDE, 0xBD, 0x6D, 0x3A, 0xBC, 0x4D, 0xB6, 0x85, 0xC4, 0xB0, 0xBF, 0x1A, 0x62, 0x7C, 0xAD, 
	0x25, 0xD3, 0xC0, 0xA6, 0x2B, 0xBF, 0xDA, 0x28, 0x0B, 0xD1, 0x29, 0x7D, 0x3E, 0x8D, 0x48, 0xAE, 
	0x61, 0x54, 0x96, 0xA2, 0x81, 0xE8, 0x4F, 0xAB, 0x71, 0xBC, 0x5D, 0xB6, 0x25, 0x97, 0xC4, 0x0B, 
	0xBB, 0xA9, 0x75, 0x6E, 0x89, 0x39, 0x3C, 0x65, 0x9B, 0xF5, 0xF9, 0x13, 0x52, 0x82, 0xAC, 0xA2, 
	0x3A, 0x6A, 0xB0, 0x5B, 0xB6, 0x0D, 0x2B, 0xE9, 0x83, 0x1D, 0x73, 0x97, 0xB8, 0x84, 0x05, 0x87, 
	0xA3, 0x1E, 0x22, 0x90, 0xD6, 0xCD, 0x76, 0x4A, 0x16, 0x5C, 0x34, 0xC9, 0x8B, 0xA1, 0x3B, 0x5B, 
	0x2F, 0x9B, 0x09, 0xD7, 0x28, 0x9C, 0x73, 0x4E, 0x96, 0x62, 0x9A, 0xE2, 0x87, 0x6E, 0x63, 0xE1, 
	0x3C, 0x1E, 0x37, 0x19, 0x5B, 0xDF, 0xB1, 0x72, 0xA4, 0x9F, 0x56, 0x83, 0x11, 0x7F, 0x4C, 0xD9, 
	0x8F, 0x66, 0x66, 0xD9, 0x1B, 0xD7, 0xFA, 0x56, 0x4C, 0x30, 0x42, 0x6E, 0x49, 0x40, 0x89, 0x76, 
	0x8A, 0xAD, 0x12, 0x38, 0x8B, 0x64, 0x8A, 0x55, 0x38, 0x52, 0xC3, 0x24, 0x3D, 0x50, 0xB7, 0xF0, 
	0x41, 0x35, 0xA2, 0x3C, 0x1B, 0x63, 0x1D, 0x50, 0xC7, 0x29, 0xC6, 0x5A, 0xF2, 0x68, 0x83, 0x63, 
	0x66, 0xCB, 0xD5, 0x8A, 0x0E, 0xA7, 0x0F, 0x2D, 0x4C, 0x22, 0xE0, 0xD7, 0xA8, 0xB4, 0xC6, 0x2C, 
	0xC4, 0x9A, 0x76, 0x20, 0xDD, 0x69, 0x7F, 0x78, 0xF2, 0xE4, 0x88, 0xEF, 0xB5, 0xC3, 0xBB, 0xA1, 
	0x33, 0x85, 0xBA, 0xD1, 0x91, 0xB9, 0x91, 0x0D, 0x1E, 0xAB, 0xF0, 0x3E, 0xE9, 0xE3, 0x18, 0xC5, 
	0x80, 0x20, 0x64, 0x09, 0x4C, 0x8B, 0x4F, 0xA3, 0x57, 0x24, 0x95, 0xF4, 0xB8, 0xDC, 0x10, 0xE0, 
	0xF1, 0xEB, 0xCC, 0x3E, 0x0E, 0x03, 0xE7, 0xAD, 0x83, 0xB7, 0x13, 0x0B, 0xED, 0x9C, 0x9D, 0x10, 
	0x30, 0x52, 0xF7, 0xB4, 0x5C, 0x26, 0x03, 0x8C, 0x13, 0x8D, 0x2E, 0x51, 0x6D, 0xAD, 0xA6, 0xC1, 
	0x6E, 0x15, 0xEB, 0x25, 0x93, 0x88, 0x68, 0xA9, 0xF5, 0xF4, 0x4A, 0x69, 0xB3, 0x1F, 0xDE, 0xC2, 
	0x78, 0xDA, 0xA5, 0x2D, 0x27, 0xE3, 0x93, 0xB0, 0xF8, 0xF7, 0x3D, 0x3E, 0x6B, 0xBE, 0x45, 0x72, 
	0xF0, 0x23, 0x18, 0x29, 0x6C, 0xD0, 0x94, 0x6B, 0xAA, 0x2A, 0x88, 0xB0, 0x59, 0x33, 0xBF, 0xA4, 
	0x7C, 0x62, 0xA2, 0xB9, 0x15, 0x32, 0x48, 0x46, 0x97, 0x1B, 0x9F, 0x40, 0x6D, 0x28, 0xDB, 0x1C, 
	0x97, 0x35, 0xEE, 0x5D, 0xEE, 0xFC, 0x80, 0x0D, 0x6C, 0x19, 0xC0, 0x8A, 0x26, 0x35, 0x79, 0x29, 
	0x1F, 0x84, 0x3F, 0xF7, 0x8A, 0xCE, 0xEB, 0x5F, 0x15, 0xB7, 0x51, 0x18, 0x52, 0x70, 0x0D, 0x74, 
	0x12, 0x82, 0x41, 0xD5, 0xB6, 0x9A, 0x92, 0x74, 0xBA, 0x9C, 0xB9, 0xD8, 0x96, 0x08, 0xB0, 0x8A, 
	0xDF, 0x14, 0x83, 0xD3, 0x33, 0x24, 0x9A, 0xB8, 0x32, 0xC1, 0xE4, 0xDD, 0x31, 0xC1, 0x90, 0x4C, 
	0x9D, 0x58, 0x80, 0x42, 0x64, 0xC6, 0xB2, 0x63, 0xB0, 0x92, 0x18, 0xD4, 0x4E, 0xF3, 0x8D, 0xCE, 
	0xF3, 0xA8, 0x92, 0x6B, 0xC8, 0x19, 0xE4, 0x0C, 0x5E, 0x15, 0x13, 0xE2, 0x28, 0xC8, 0xBB, 0xEC, 
	0x5C, 0xD6, 0x44, 0x4C, 0xDC, 0x45, 0x1C, 0x4A, 0x20, 0xD0, 0x6B, 0x13, 0x07, 0x0D, 0x68, 0xCB, 
	0x2E, 0x1C, 0x47, 0x27, 0x55, 0x0B, 0xC3, 0x95, 0xCB, 0x86, 0x5F, 0xDE, 0x96, 0xB7, 0x42, 0x98, 
	0xD2, 0x6A, 0xD1, 0x1E, 0x2F, 0x26, 0x72, 0x7B, 0x6F, 0x5F, 0x36, 0x37, 0xB8, 0xAD, 0x48, 0x1B, 
	0xEC, 0x44, 0x82, 0xC1, 0xE2, 0xFC, 0x9C, 0x95, 0x3C, 0x0D, 0x36, 0xAA, 0x0B, 0x3A, 0x2E, 0x4A, 
	0x6A, 0x45, 0x93, 0xF4, 0x81, 0x3E, 0xCE, 0xFA, 0xC0, 0x1E, 0xD9, 0x68, 0x83, 0xD2, 0x61, 0x12, 
	0x7E, 0xD9, 0x10, 0x42, 0xAE, 0x74, 0x1B, 0xEF, 0x16, 0x9B, 0xF7, 0x85, 0x23, 0x96, 0x0F, 0xB8, 
	0x1A, 0xC7, 0xB5, 0x9A, 0x1F, 0xB9, 0xB0, 0xA2, 0xCB, 0xF9, 0xC0, 0xE5, 0x9B, 0x12, 0x63, 0xD1, 
	0x9E, 0xD8, 0x7B, 0xE9, 0x36, 0x68, 0x75, 0x77, 0x62, 0x47, 0xE5, 0xD0, 0xB6, 0x9E, 0xB8, 0x87, 
	0x6C, 0x68, 0x4B, 0xDA, 0x89, 0x7F, 0xE3, 0x12, 0x07, 0x10, 0xF2, 0x68, 0x60, 0x5D, 0x7E, 0x5F, 
	0xB0, 0x21, 0x61, 0x52, 0xDF, 0x79, 0x4C, 0x8E, 0xF0, 0xFE, 0x3A, 0x5E, 0xBD, 0x94, 0x8C, 0xE9, 
	0xBC, 0x7D, 0x5E, 0x09, 0x61, 0xC6, 0xC7, 0x9A, 0x7D, 0x62, 0xB9, 0xBA, 0x6D, 0x5D, 0x2B, 0x5A, 
	0xE0, 0x8E, 0x4A, 0x46, 0x8E, 0xA7, 0x91, 0x90, 0x2F, 0xD4, 0xDF, 0x41, 0x66, 0x54, 0x39, 0x14, 
	0xE6, 0x7A, 0xD4, 0x86, 0x85, 0x7E, 0xF8, 0x7F, 0xE2, 0x0A, 0x07, 0x1B, 0x6A, 0x29, 0x4D, 0x52, 
	0xEF, 0x28, 0x7C, 0xE7, 0x1B, 0x9D, 0xAD, 0x85, 0x16, 0xEA, 0xEF, 0xB4, 0xEE, 0x47, 0xD5, 0xD9, 
	0xA7, 0xD0, 0x93, 0x20, 0xD1, 0xF8, 0xA8, 0xA5, 0xA7, 0x11, 0xBE, 0xFC, 0x51, 0x5F, 0x45, 0x81, 
	0x52, 0xD0, 0x5C, 0xA8, 0x72, 0x8A, 0x70, 0x47, 0x5E, 0x67, 0x45, 0x5D, 0xCB, 0x47, 0x03, 0xE1, 
	0x20, 0x14, 0x3F, 0xD5, 0x82, 0x2E, 0x3D, 0xCF, 0xC9, 0xA3, 0xCF, 0x27, 0x04, 0x32, 0xBC, 0x0A, 
	0x06, 0xAD, 0xF8, 0x3B, 0xD6, 0x18, 0x0A, 0x70, 0x71, 0x5E, 0xA3, 0x29, 0x9B, 0xC4, 0x95, 0xB9, 
	0x36, 0xBC, 0x91, 0x1E, 0xB2, 0x82, 0xAF, 0x91, 0xF8, 0xF1, 0xE8, 0x88, 0xC7, 0x5E, 0xE9, 0xA6, 
	0xD3, 0xC8, 0x89, 0x7B, 0xAE, 0x69, 0x1E, 0x79, 0x4E, 0x07, 0xC0, 0x31, 0x24, 0xC2, 0xEA, 0x89, 
	0x7F, 0x70, 0x0B, 0x68, 0xEF, 0xF5, 0x58, 0x24, 0x96, 0x31, 0xA8, 0x7C, 0xEE, 0x13, 0x51, 0x09, 
	0x1F, 0x24, 0xEE, 0xC5, 0x6F, 0x4D, 0xA3, 0x8E, 0x9F, 0x94, 0x49, 0xDE, 0x4B, 0xC3, 0xC9, 0x4F, 
	0x3A, 0xAF, 0x21, 0xB5, 0xC7, 0x16, 0xCD, 0xA1, 0xA7, 0x91, 0xB0, 0x98, 0x06, 0x0A, 0xDB, 0x93, 
	0xEF, 0xEA, 0x3D, 0x90, 0xB4, 0x10, 0x1B, 0x99, 0xBD, 0x50, 0x9B, 0x13, 0x15, 0xC6, 0x58, 0xD0, 
	0x47, 0x33, 0x29, 0x31, 0xE6, 0xD4, 0x65, 0xDF, 0xCB, 0x62, 0x6A, 0xB6, 0x96, 0xA7, 0xF7, 0x77, 
	0x06, 0x39, 0x14, 0xB5, 0x64, 0x6B, 0x4F, 0x71, 0xA7, 0x74, 0x41, 0xA0, 0xCF, 0x6D, 0x1B, 0xB3, 
	0x23, 0x8D, 0x74, 0x45, 0x4C, 0xD2, 0x7D, 0x97, 0x58, 0xDC, 0x3C, 0x0A, 0x7C, 0xB4, 0x5F, 0x9E, 
	0xA5, 0x4B, 0x46, 0x55, 0x64, 0xC4, 0x7E, 0x90, 0x09, 0x54, 0x75, 0xEF, 0xDC, 0xB4, 0x15, 0x51, 
	0xF4, 0x8B, 0x2B, 0xA5, 0xEC, 0x3D, 0x14, 0x25, 0x41, 0x6D, 0x5A, 0xE8, 0xBD, 0x94, 0x34, 0xD6, 
	0xE4, 0x49, 0x6D, 0xBA, 0xE1, 0x09, 0x44, 0x4B, 0x1D, 0x51, 0x7F, 0x8F, 0xBB, 0x4E, 0x93, 0xC2, 
	0xB6, 0xC7, 0x5C, 0x6C, 0x0F, 0x8A, 0x85, 0xC0, 0x38, 0x5F, 0x07, 0x23, 0x5E, 0x23, 0x0D, 0xA6, 
	0x6C, 0x69, 0x1B, 0x97, 0x28, 0x73, 0xBD, 0xBA, 0xE3, 0xC5, 0x84, 0x51, 0x2B, 0x56, 0x75, 0xF1, 
	0xCC, 0x1F, 0x03, 0xCD, 0xFA, 0x19, 0x8D, 0x6D, 0x6E, 0x1E, 0x48, 0xA2, 0xB9, 0xCB, 0xEA, 0x65, 
	0x87, 0x09, 0xA6, 0xE1, 0x99, 0x21, 0x58, 0xB9, 0x08, 0x11, 0x7A, 0x57, 0xF3, 0x92, 0xDA, 0xA1, 
	0x64, 0x40, 0x0C, 0x74, 0x48, 0x66, 0x62, 0xDF, 0xE9, 0x11, 0x2B, 0xB4, 0x39, 0x86, 0x34, 0x0C, 
	0x3A, 0x5B, 0x88, 0xC7, 0xD4, 0x6A, 0xEE, 0x0A, 0xAB, 0xAB, 0x70, 0x10, 0x32, 0x23, 0x60, 0x37, 
	0x49, 0x11, 0x3A, 0x32, 0x94, 0xD0, 0x89, 0xB9, 0x42, 0x97, 0x8F, 0xEB, 0x6C, 0xD1, 0xA8, 0x8F, 
	0x2D, 0xC3, 0xEB, 0xD0, 0xA0, 0x56, 0xCC, 0xEF, 0xE7, 0x11, 0x26, 0x24, 0xF5, 0xD8, 0x0F, 0xF4, 
	0xFC, 0x68, 0x4C, 0x26, 0xBE, 0x1A, 0xEE, 0x4C, 0xA5, 0x54, 0x40, 0x1C, 0x10, 0xAD, 0x82, 0x8F, 
	0x98, 0xA9, 0xFB, 0xBD, 0xDB, 0x6D, 0x9E, 0xC8, 0x3C, 0xA2, 0x70, 0x96, 0xAD, 0xF0, 0x35, 0x07, 
	0x92, 0x1D, 0xCB, 0xBD, 0xC9, 0x75, 0x1C, 0x98, 0x1E, 0xA5, 0xF2, 0x5F, 0x18, 0xAC, 0x5D, 0x7D, 
	0x81, 0x62, 0xCB, 0x9E, 0xA0, 0xB5, 0x77, 0x8A, 0xD7, 0x19, 0xE2, 0xAC, 0xBD, 0x4D, 0xA4, 0x21, 
	0xDB, 0x23, 0x57, 0xAA, 0xC8, 0xC3, 0xB1, 0xAA, 0x23, 0x36, 0x4E, 0x13, 0x82, 0xE0, 0x3B, 0x8F, 
	0x7D, 0x5E, 0x57, 0xC7, 0x28, 0xC9, 0xCC, 0xFB, 0xBF, 0xD1, 0x38, 0xDC, 0xD0, 0x35, 0xA8, 0xDA, 
	0x56, 0x5C, 0x4B, 0xEE, 0x1D, 0x5D, 0xEA, 0x20, 0xE7, 0x8A, 0xCE, 0xEE, 0x9E, 0xE3, 0x80, 0xC7, 
	0xCE, 0x1A, 0x71, 0xE5, 0xC2, 0xD7, 0x8F, 0xB0, 0x6B, 0x84, 0xB8, 0x1D, 0xA7, 0x86, 0xD9, 0xAD, 
	0xF0, 0xD6, 0xF6, 0xD6, 0x22, 0x2B, 0x6F, 0x5A, 0x71, 0x37, 0xE2, 0xEC, 0xB2, 0xDA, 0x0D, 0xE2, 
	0x69, 0xF8, 0xF2, 0xE0, 0x10, 0x6E, 0x05, 0x02, 0x13, 0xC0, 0xE7, 0x62, 0x4C, 0xB0, 0x41, 0xAD, 
	0x90, 0x87, 0x9F, 0xD7, 0x7F, 0x8E, 0x3B, 0xA9, 0x33, 0xDD, 0xF0, 0x4C, 0x4B, 0x70, 0x0B, 0x80, 
	0xCB, 0xA9, 0x7F, 0xD5, 0xA5, 0xCB, 0xDE, 0x16, 0x96, 0x45, 0x0A, 0x17, 0xBA, 0xAE, 0x41, 0xDE, 
	0x8C, 0x7B, 0x66, 0xD2, 0xF9, 0x83, 0xA6, 0x20, 0x52, 0x44, 0x24, 0x79, 0x21, 0xD4, 0x30, 0xE7, 
	0x51, 0x97, 0xAF, 0x55, 0x6F, 0x9C, 0x49, 0xB8, 0x8A, 0xA0, 0x4A, 0xEA, 0x5B, 0xE3, 0xB4, 0xFA, 
	0xF0, 0xC4, 0x5A, 0xE3, 0x89, 0x73, 0x93, 0x6C, 0xBC, 0x0A, 0x9E, 0x67, 0xF5, 0xD9, 0x78, 0x49, 
	0xB7, 0x70, 0x0F, 0x06, 0x69, 0x28, 0xB2, 0xC2, 0x0B, 0x98, 0xBF, 0xDA, 0x72, 0x67, 0xD9, 0x83, 
	0x7E, 0x77, 0x64, 0x72, 0x32, 0x6B, 0x3A, 0x34, 0xE9, 0xDF, 0x8B, 0x15, 0xDC, 0xAC, 0x5E, 0x73, 
	0xAC, 0xBB, 0xF1, 0x0A, 0xBC, 0x2E, 0x25, 0x92, 0xE1, 0xF9, 0x7E, 0x15, 0x9B, 0xAE, 0x6A, 0xB1, 
	0x92, 0xB7, 0x6E, 0x25, 0x35, 0xF2, 0x3B, 0xCC, 0x1A, 0x94, 0xBD, 0xDD, 0x0A, 0x1B, 0xB2, 0x2C, 
	0x53, 0x2E, 0xB5, 0x91, 0xC1, 0xF2, 0xE0, 0x7E, 0xA7, 0x7B, 0x59, 0x14, 0xA1, 0xCF, 0x61, 0xAC, 
	0x37, 0xAD, 0x37, 0xE0, 0xFC, 0x35, 0x89, 0x6C, 0xEE, 0x0B, 0x29, 0x71, 0x9A, 0x86, 0xCF, 0xD2, 
	0x8E, 0x6D, 0x99, 0x4F, 0xDF, 0x67, 0xA2, 0x76, 0x76, 0xE7, 0x38, 0xA3, 0x68, 0x67, 0x37, 0x4B, 
	0x11, 0x90, 0x64, 0x06, 0x11, 0x96, 0xB6, 0xE9, 0x1A, 0xDD, 0x92, 0xBE, 0x34, 0xBA, 0x56, 0xB4, 
	0xD3, 0x36, 0xAC, 0x1B, 0xC2, 0xCC, 0x9E, 0x5A, 0x1D, 0x29, 0xB5, 0xE4, 0xE3, 0x94, 0xCC, 0x34, 
	0x7C, 0x99, 0x91, 0xEE, 0x30, 0x6A, 0x8C, 0x0E, 0x84, 0x28, 0x96, 0xF4, 0x5C, 0x34, 0x48, 0xD9, 
	0x62, 0x37, 0x09, 0x11, 0x37, 0x1F, 0x4E, 0xB7, 0x12, 0x12, 0x97, 0x2C, 0x53, 0xEF, 0x78, 0xBA, 
	0x86, 0x08, 0x38, 0x84, 0x21, 0x47, 0x4D, 0x3E, 0x29, 0x9A, 0xE1, 0x9D, 0xD6, 0xC7, 0x3B, 0x17, 
	0xEE, 0x49, 0x8A, 0xB1, 0x2B, 0xBB, 0xB7, 0x0B, 0x61, 0x89, 0x61, 0x0E, 0x15, 0xC0, 0xCD, 0x36, 
	0xBE, 0x1E, 0xBA, 0xD2, 0xF3, 0x68, 0xA0, 0xCE, 0x63, 0x45, 0xE3, 0x6F, 0xA3, 0xEF, 0xF6, 0xF1, 
	0x29, 0x23, 0x1A, 0xA9, 0xA4, 0xAE, 0x33, 0x54, 0xE7, 0x8A, 0x73, 0x7B, 0xA4, 0xBC, 0xF7, 0x83, 
	0x8E, 0x2E, 0x71, 0x35, 0xD5, 0x77, 0x9B, 0xCC, 0x4B, 0x06, 0x11, 0x74, 0xD0, 0xB4, 0xD8, 0xD2, 
	0xF9, 0xB1, 0x71, 0x0E, 0xEE, 0x6A, 0x79, 0xA1, 0x19, 0xEF, 0x39, 0xA7, 0xB1, 0x1E, 0x6F, 0x6B, 
	0xD7, 0x96, 0x85, 0x4B, 0x29, 0xB8, 0xB5, 0x12, 0x99, 0xD6, 0xAB, 0x1F, 0x9D, 0x8A, 0x93, 0xDC, 
	0x59, 0xBB, 0x38, 0x08, 0x85, 0xE3, 0xC8, 0xA7, 0xE8, 0xE3, 0xDE, 0x1E, 0x0C, 0x98, 0x27, 0x7F, 
	0x4D, 0xB1, 0x17, 0x01, 0x51, 0x11, 0xC5, 0x2B, 0xCE, 0xC9, 0xE5, 0xEA, 0x7C, 0x85, 0x3F, 0x09, 
	0x95, 0x41, 0xEE, 0x3F, 0xE3, 0xC9, 0xAD, 0xDC, 0x3B, 0x4C, 0x9F, 0x7B, 0xAC, 0xA4, 0x58, 0x1A, 
	0x24, 0xF1, 0x23, 0x8A, 0x0C, 0xAC, 0x33, 0x7A, 0xF3, 0xE0, 0xE6, 0xD4, 0xDF, 0x40, 0x56, 0xF8, 
	0xF1, 0x1E, 0x30, 0x70, 0xCD, 0x22, 0x25, 0x90, 0x53, 0x45, 0x8E, 0xDE, 0xBD, 0xFB, 0xC6, 0x4A, 
	0x55, 0xCD, 0x91, 0x71, 0x0E, 0x85, 0x88, 0x48, 0xBE, 0x34, 0xAC, 0x07, 0x8D, 0xC0, 0xD1, 0x4E, 
	0x17, 0x3A, 0x44, 0xD3, 0x26, 0x7A, 0x95, 0xD8, 0x57, 0xDB, 0xA7, 0xA0, 0x7F, 0x13, 0x88, 0xE7, 
	0x7D, 0xB4, 0x47, 0x65, 0x54, 0xEE, 0xF5, 0x75, 0x95, 0xCE, 0x3C, 0xDF, 0x76, 0xC1, 0xFA, 0x31, 
	0x72, 0xAB, 0x79, 0xCF, 0xDB, 0x22, 0xC7, 0x8B, 0xE6, 0x4A, 0xB8, 0x53, 0x68, 0xB9, 0x3E, 0xB3, 
	0xCA, 0x30, 0xE8, 0x84, 0x06, 0xD4, 0xF4, 0xBC, 0x7F, 0xE7, 0x4D, 0x46, 0x7D, 0x6C, 0x92, 0xAD, 
	0x2A, 0x6F, 0xF4, 0x1A, 0x38, 0x96, 0x08, 0x3D, 0x77, 0x8F, 0xA6, 0xCD, 0x1E, 0x76, 0xB2, 0x23, 
	0x35, 0xAD, 0x43, 0x10, 0x52, 0xB1, 0x75, 0xA5, 0x2C, 0xA3, 0xA4, 0x28, 0xE4, 0x72, 0xB7, 0xB1, 
	0xDC, 0x98, 0xE2, 0x8B, 0x90, 0x3B, 0xC7, 0x6C, 0x08, 0xEF, 0x1C, 0x4A, 0x49, 0x3F, 0x58, 0x55, 
	0x48, 0xDE, 0xB8, 0xAE, 0xBC, 0x7A, 0xBB, 0x88, 0xE9, 0x43, 0xEC, 0xCC, 0x18, 0x05, 0xF0, 0xD0, 
	0x0E, 0x2B, 0x38, 0x76, 0x61, 0xAC, 0x3B, 0x33, 0x38, 0xB0, 0x9B, 0x3A, 0xE3, 0x8D, 0xE0, 0x68, 
	0x3A, 0x57, 0xC9, 0x49, 0xC8, 0xA7, 0x91, 0x6C, 0xCF, 0xDF, 0xC5, 0xD4, 0x6B, 0xEF, 0x51, 0x6E, 
	0xA5, 0x58, 0xD6, 0x71, 0x53, 0x48, 0xA5, 0x99, 0x6D, 0x08, 0xB8, 0x4C, 0x12, 0x61, 0x7B, 0x16, 
	0xDE, 0xB1, 0xDF, 0xF8, 0x4C, 0x4B, 0x0C, 0x30, 0x7F, 0xD5, 0x8E, 0x23, 0x93, 0x8E, 0x06, 0xB9, 
	0x79, 0x37, 0x9A, 0x36, 0x36, 0xC8, 0xFA, 0x61, 0x98, 0x30, 0xE6, 0x86, 0xED, 0x65, 0xAE, 0xF0, 
	0xDD, 0x95, 0x37, 0x44, 0x07, 0xEF, 0xB7, 0x83, 0x4E, 0x71, 0xA3, 0xCB, 0x76, 0x9F, 0xE0, 0xBB, 
	0xCC, 0xF6, 0x42, 0xDB, 0x0E, 0x95, 0x6D, 0x05, 0x67, 0x7A, 0x77, 0x33, 0xEA, 0x96, 0x7D, 0x64, 
	0x48, 0xAF, 0xED, 0xE1, 0x24, 0xC4, 0x84, 0xC1, 0x2F, 0xF6, 0x62, 0x4F, 0xE6, 0x8F, 0x20, 0x1A, 
	0xAB, 0xD3, 0x53, 0xD5, 0xDF, 0x8F, 0x9C, 0xDA, 0x34, 0x4A, 0x92, 0xDE, 0xA0, 0x9D, 0x3D, 0x82, 
	0xF9, 0xCD, 0x33, 0xCA, 0xBD, 0x67, 0xC6, 0x36, 0xB5, 0xD9, 0xD9, 0x5E, 0x27, 0x31, 0x3D, 0x66, 
	0xC8, 0x10, 0x5E, 0xC1, 0x16, 0x06, 0x96, 0x0E, 0xC9, 0xF8, 0x6F, 0x73, 0xA3, 0xA9, 0xAF, 0x47, 
	0x81, 0x9B, 0xE1, 0x67, 0x47, 0xE4, 0x55, 0xBD, 0x50, 0x67, 0x38, 0xE1, 0x68, 0xF9, 0x4D, 0xEA, 
	0x79, 0xD4, 0xE6, 0x95, 0x09, 0xEE, 0xE0, 0x68, 0xF4, 0xF0, 0xFD, 0x0F, 0xDB, 0x6B, 0x14, 0x4C, 
	0xF5, 0xEE, 0xFB, 0x2F, 0x3A, 0x18, 0x36, 0x3E, 0xC6, 0x1A, 0x6B, 0x48, 0x15, 0xE0, 0x98, 0xCC, 
	0xA4, 0x92, 0x38, 0x73, 0x55, 0xD3, 0x4A, 0x91, 0xE7, 0x9F, 0x49, 0x04, 0x58, 0x10, 0xE7, 0x2C, 
	0x38, 0x8F, 0x42, 0xF3, 0x4F, 0x1F, 0x18, 0x31, 0xD1, 0x53, 0x6A, 0xF7, 0xD0, 0x71, 0xF1, 0xDE, 
	0xFA, 0x8D, 0x89, 0xEF, 0xC5, 0xA8, 0x15, 0x10, 0x8C, 0x76, 0x1E, 0x19, 0x38, 0x5C, 0x51, 0x09, 
	0xAA, 0x68, 0x61, 0x08, 0x40, 0xBE, 0xE5, 0xF2, 0xB2, 0x95, 0xF4, 0xE5, 0x58, 0x8A, 0x9D, 0xC3, 
	0xCA, 0x24, 0x10, 0xCA, 0x3E, 0xE0, 0xEA, 0x16, 0x7E, 0xF5, 0x45, 0x46, 0xC7, 0xA1, 0x97, 0xFA, 
	0x89, 0x47, 0xF7, 0xAF, 0x2D, 0x51, 0x0A, 0x96, 0x3F, 0x68, 0xC8, 0x21, 0x7F, 0xD1, 0x2E, 0xEC, 
	0x0D, 0xAA, 0xD4, 0x29, 0xBE, 0xAB, 0xED, 0x90, 0xF9, 0xB7, 0x5D, 0xC7, 0x94, 0xA3, 0x93, 0xDF, 
	0x7E, 0x1E, 0x97, 0xA7, 0x20, 0x98, 0x44, 0x16, 0x0E, 0x58, 0x83, 0x07, 0x6F, 0x5C, 0x91, 0xA1, 
	0x46, 0xB0, 0xD4, 0x3F, 0x9C, 0x86, 0x99, 0x5A, 0xE0, 0x39, 0x03, 0x31, 0x2B, 0xBD, 0x7E, 0x4C, 
	0x05, 0xCF, 0xA7, 0xEF, 0x6D, 0xF9, 0xC7, 0x0E, 0x5C, 0xF3, 0xAD, 0x50, 0x58, 0xB7, 0x54, 0xC8, 
	0xC9, 0x9E, 0xEB, 0xBA, 0x33, 0x91, 0xCB, 0xFC, 0xCD, 0x11, 0xA6, 0x51, 0x61, 0xD8, 0xEE, 0x9D, 
	0x37, 0x75, 0x6F, 0xCC, 0x87, 0x5A, 0x2E, 0xE0, 0x1D, 0xD9, 0xA9, 0xEA, 0x93, 0x1F, 0x2D, 0x3B, 
	0x81, 0xE0, 0xE7, 0x8C, 0xED, 0x87, 0xD6, 0xDA, 0xE2, 0xD9, 0xC1, 0x3B, 0x2B, 0x59, 0xEF, 0xFB, 
	0xCF, 0xF9, 0x3D, 0xC7, 0x15, 0x14, 0x74, 0xF0, 0xB7, 0xB5, 0xD1, 0x2B, 0x9B, 0x28, 0x66, 0x7D, 
	0x0D, 0x13, 0x6D, 0xD2, 0xA2, 0x7B, 0x71, 0x10, 0x08, 0x48, 0x82, 0x4E, 0x9B, 0x31, 0xF6, 0x69, 
	0x3A, 0x67, 0x1D, 0xB6, 0xC5, 0x2C, 0x13, 0x34, 0x6F, 0x24, 0x69, 0x74, 0x3B, 0x0C, 0x9E, 0xE6, 
	0x92, 0xB5, 0x2B, 0x1E, 0x10, 0x31, 0xAC, 0x7E, 0xBF, 0x15, 0x2C, 0x3A, 0x03, 0xC0, 0xDF, 0x8E, 
	0x84, 0xD2, 0x32, 0xB5, 0x9E, 0x0C, 0xC3, 0x76, 0x28, 0xD0, 0x9B, 0xAD, 0x34, 0x89, 0xE7, 0xA0, 
	0xF9, 0x69, 0x80, 0x20, 0x40, 0xE3, 0x29, 0xD4, 0x45, 0xD1, 0xD2, 0xF3, 0xBE, 0x38, 0xD2, 0xF3, 
	0x6E, 0x5A, 0x5C, 0x2D, 0xA0, 0xB6, 0xDA, 0x4A, 0x50, 0x92, 0x69, 0xE1, 0x87, 0xEA, 0xB3, 0x82, 
	0xDA, 0xB7, 0xEC, 0xD9, 0x64, 0x68, 0xA9, 0xA4, 0x57, 0x68, 0x76, 0xB0, 0x66, 0xEA, 0x95, 0xE8, 
	0x4A, 0x16, 0x84, 0xB7, 0x22, 0xBE, 0xE4, 0x0D, 0x1C, 0x1C, 0xC5, 0x7E, 0x5C, 0xF5, 0xD1, 0x48, 
	0x63, 0x54, 0xB8, 0xA6, 0xB7, 0xF7, 0xAA, 0x1B, 0x79, 0x88, 0x0A, 0xED, 0xB1, 0x19, 0x18, 0x80, 
	0x21, 0x30, 0x73, 0x5A, 0x64, 0x42, 0xEA, 0xD8, 0x62, 0x3A, 0xA2, 0x18, 0x05, 0x09, 0x86, 0x5A, 
	0x6D, 0xE5, 0x2C, 0x19, 0xBD, 0x79, 0xCC, 0x3E, 0xDB, 0x0F, 0x4B, 0x88, 0x84, 0x35, 0xDB, 0x9B, 
	0xA5, 0xDE, 0xD1, 0x4D, 0x0F, 0xBD, 0x73, 0xAB, 0x8B, 0xBA, 0xBD, 0x9A, 0xF3, 0xF3, 0x92, 0x08, 
	0x77, 0x34, 0x44, 0x14, 0x25, 0x3A, 0x4A, 0xD7, 0x55, 0xB4, 0x14, 0x7D, 0xE6, 0x74, 0xCE, 0xCA, 
	0x3A, 0x5A, 0x2C, 0x08, 0xC1, 0x77, 0x3E, 0x39, 0xBF, 0x87, 0xBB, 0x4A, 0xCB, 0x25, 0xE3, 0x4D, 
	0xB6, 0xE0, 0x2F, 0xB4, 0xA5, 0x34, 0xA1, 0x9E, 0x3F, 0x7C, 0xDF, 0x3B, 0x1A, 0x6E, 0x30, 0x81, 
	0xC5, 0xE3, 0x0B, 0x5F, 0x75, 0xF2, 0x97, 0xF3, 0xD9, 0x78, 0x40, 0x91, 0x5B, 0x74, 0x23, 0xEB, 
	0xFE, 0xC7, 0xBC, 0x83, 0x34, 0xBA, 0xD4, 0xDB, 0xC3, 0x46, 0x5A, 0x44, 0x65, 0x6A, 0x9F, 0xF7, 
	0x14, 0xBD, 0xB8, 0x74, 0x1C, 0x7E, 0x26, 0x2D, 0x34, 0x72, 0xB8, 0x52, 0x7A, 0x6E, 0x0F, 0x9B, 
	0xC0, 0xA7, 0xD6, 0x24, 0xDB, 0xE4, 0x3E, 0xB8, 0xAA, 0xEB, 0xE8, 0x9D, 0x59, 0x15, 0x46, 0x29, 
	0x47, 0x4C, 0x98, 0x8D, 0xD8, 0xD0, 0xF6, 0xE9, 0xF3, 0x80, 0x9B, 0x7F, 0x55, 0x07, 0xF1, 0xB1, 
	0x2F, 0x58, 0x40, 0x8B, 0xF8, 0x24, 0x8A, 0x3A, 0x5F, 0x7B, 0xDD, 0x6E, 0x92, 0xA7, 0x9F, 0xCD, 
	0x7F, 0xD1, 0xDF, 0x5E, 0x18, 0x21, 0x89, 0xF8, 0xD9, 0x86, 0x33, 0x78, 0x20, 0xB5, 0xA3, 0x45, 
	0x03, 0xB8, 0x99, 0x24, 0xDD, 0x6E, 0x0F, 0xF3, 0xFC, 0xEE, 0x8F, 0x30, 0xE9, 0xF5, 0x91, 0x7A, 
	0x45, 0xBB, 0xA1, 0xBF, 0x47, 0x41, 0xC0, 0x0F, 0x47, 0x8B, 0xA8, 0xE1, 0x43, 0x9E, 0x20, 0x46, 
	0xB4, 0xBB, 0x75, 0x5D, 0x30, 0x5C, 0x42, 0x90, 0x3D, 0x47, 0x11, 0x9D, 0x6B, 0x4B, 0x60, 0x7A, 
	0xE0, 0x7C, 0xDD, 0xF8, 0x0F, 0x7C, 0xE3, 0x71, 0x5C, 0xA6, 0x30, 0x98, 0x47, 0x4B, 0xE2, 0x7F, 
	0x71, 0x3D, 0x45, 0x21, 0x8B, 0x16, 0x2B, 0x42, 0x7B, 0x98, 0x7F, 0xD5, 0x25, 0x7A, 0xCF, 0xED, 
	0x59, 0x6C, 0x8E, 0x7E, 0x30, 0xB6, 0xA6, 0x5C, 0xC2, 0xE6, 0xBA, 0xD3, 0xE7, 0xD3, 0xF5, 0x5E, 
	0xE4, 0x3B, 0x70, 0x86, 0xE6, 0x26, 0x32, 0x1C, 0xCF, 0xF8, 0xD5, 0x27, 0x57, 0xEB, 0x0C, 0xAF, 
	0x29, 0x19, 0x7A, 0x17, 0xA6, 0x58, 0x1A, 0xBB, 0xEA, 0x6A, 0x40, 0xF7, 0x13, 0xD4, 0x9A, 0x2A, 
	0x8C, 0xA1, 0x46, 0xF4, 0x4E, 0xA8, 0x27, 0xEC, 0xFB, 0x8F, 0xED, 0x19, 0x8B, 0x8E, 0x75, 0x7D, 
	0x94, 0xF6, 0x70, 0xC0, 0xA2, 0x3A, 0xBA, 0x69, 0xD1, 0x48, 0x92, 0xD9, 0xAD, 0x98, 0x88, 0xEE, 
	0x7E, 0x8B, 0xDF, 0x35, 0xCE, 0x6E, 0x2F, 0x6F, 0x49, 0x6F, 0x9F, 0x8C, 0x5D, 0xBE, 0x20, 0xB1, 
	0x92, 0x9F, 0xF3, 0xE4, 0x56, 0xCA, 0x89, 0xC4, 0x3C, 0xA8, 0x7D, 0x73, 0xF9, 0xB8, 0xE6, 0x9B, 
	0x60, 0xF8, 0x75, 0x18, 0xE5, 0x92, 0xEE, 0xFA, 0xC4, 0xDB, 0x99, 0xBC, 0x7F, 0x88, 0x4B, 0x9A, 
	0xA6, 0x97, 0xB0, 0x17, 0x23, 0x1D, 0xB6, 0x38, 0x64, 0xD2, 0x97, 0x13, 0x57, 0x71, 0x47, 0xAC, 
	0xA2, 0x16, 0xDB, 0xED, 0x1D, 0xCF, 0x7C, 0xBC, 0x1E, 0x06, 0x64, 0x1A, 0xD8, 0x65, 0xBC, 0x3A, 
	0x0F, 0x74, 0x10, 0x2A, 0xAD, 0xA2, 0x22, 0xB8, 0x6A, 0xF7, 0x76, 0x46, 0x3C, 0x91, 0x91, 0xA6, 
	0x55, 0xD7, 0x33, 0x44, 0xE5, 0x8E, 0x2E, 0xB3, 0x9E, 0x2E, 0x97, 0x55, 0x96, 0x53, 0xA4, 0x4A, 
	0xA0, 0xE5, 0x69, 0x61, 0xB5, 0x6B, 0xC2, 0x4C, 0xDB, 0x67, 0x84, 0xEF, 0x50, 0x66, 0x2B, 0xA3, 
	0x27, 0x86, 0x1A, 0xDF, 0x4F, 0x75, 0xD9, 0xAC, 0x55, 0x8E, 0x98, 0x72, 0xDB, 0xE9, 0x92, 0x66, 
	0xED, 0x93, 0xF8, 0x2F, 0x1C, 0x01, 0x40, 0x6F, 0x2B, 0x4F, 0x31, 0x42, 0x51, 0xBB, 0xCC, 0xAD, 
	0x6E, 0x47, 0x58, 0xE8, 0x2C, 0xEA, 0xD1, 0x21, 0xD2, 0x8E, 0xB1, 0xBB, 0x1F, 0x45, 0x69, 0xE6, 
	0x31, 0x1D, 0x05, 0x34, 0xDE, 0x8A, 0x84, 0xA8, 0x3A, 0x1E, 0xB1, 0x9F, 0x50, 0xF1, 0xAC, 0x72, 
	0x37, 0x43, 0x93, 0xB7, 0x9C, 0xD9, 0xA7, 0x5B, 0x82, 0x70, 0x26, 0xBE, 0xCC, 0x0E, 0x97, 0xF9, 
	0x28, 0x4A, 0x88, 0x94, 0x50, 0x99, 0xDE, 0x2C, 0xA4, 0x27, 0x48, 0xB8, 0x5C, 0xF0, 0x59, 0x79, 
	0x2A, 0xBD, 0x5C, 0xE8, 0xF8, 0x9D, 0x6D, 0x7E, 0x47, 0x9A, 0x12, 0x64, 0xAC, 0x53, 0xE5, 0x8A, 
	0x55, 0xD7, 0x93, 0x8E, 0xAC, 0x6F, 0x21, 0xD7, 0xCF, 0xC2, 0xF9, 0xA0, 0xB8, 0x2E, 0xBB, 0x23, 
	0x91, 0x0F, 0x0A, 0x7A, 0xAB, 0x1F, 0x92, 0x70, 0xB7, 0x7E, 0x78, 0xC1, 0x9E, 0xD2, 0x88, 0x3A, 
	0xE6, 0x9D, 0xF3, 0xB7, 0x8F, 0xA8, 0x63, 0x9D, 0x96, 0x6B, 0xC9, 0x85, 0xDD, 0x83, 0x5C, 0x6A, 
	0x7F, 0x63, 0x0C, 0x9C, 0x55, 0xCB, 0x0E, 0xC9, 0x31, 0x77, 0x59, 0x47, 0x91, 0xCA, 0x09, 0x85, 
	0xBB, 0x58, 0x89, 0xE1, 0x99, 0x8D, 0x3F, 0xE9, 0x9D, 0x8D, 0xA2, 0xF7, 0x6A, 0x78, 0xE4, 0x4C, 
	0x83, 0x28, 0x8B, 0xD6, 0xA8, 0xBF, 0xFA, 0x21, 0x7E, 0x14, 0x82, 0x9C, 0xC0, 0xF6, 0x64, 0xC1, 
	0x42, 0xDD, 0x0A, 0x41, 0x9B, 0xD6, 0xAB, 0x2E, 0x1C, 0x9E, 0x50, 0xD9, 0x0B, 0x18, 0x99, 0x56, 
	0xEC, 0xAE, 0xC9, 0xEA, 0x96, 0x6E, 0x2B, 0x75, 0x58, 0xB7, 0xC7, 0xC5, 0x7C, 0x9E, 0x0A, 0xE8, 
	0x8B, 0x30, 0xEC, 0x44, 0x9F, 0xD6, 0x11, 0x60, 0x07, 0x34, 0x7B, 0x4C, 0x9D, 0xE9, 0x20, 0x03, 
	0xB5, 0x61, 0xC3, 0xE6, 0x30, 0xDC, 0xA0, 0xF2, 0xE7, 0x0F, 0xBB, 0xFB, 0x3C, 0x90, 0xBE, 0xE0, 
	0x6B, 0x19, 0xE0, 0x86, 0xC5, 0x62, 0x26, 0x82, 0xDF, 0xCD, 0xD6, 0xA6, 0x53, 0x0A, 0x53, 0x87, 
	0x7E, 0xA7, 0x81, 0x2A, 0x99, 0xBC, 0xD9, 0x5E, 0x1A, 0x78, 0x0F, 0xCA, 0x96, 0x32, 0xC5, 0x37, 
	0x48, 0x8D, 0x4F, 0x13, 0x56, 0xBE, 0x31, 0x3D, 0xEF, 0xF9, 0xDE, 0x9B, 0x48, 0x09, 0xBE, 0xE6, 
	0x7E, 0x08, 0xC9, 0x4C, 0x57, 0x1A, 0xBC, 0x38, 0x72, 0xB5, 0x20, 0x15, 0x61, 0x4C, 0xBF, 0x46, 
	0x48, 0x94, 0x72, 0x30, 0xC5, 0xE9, 0xBA, 0xFC, 0x27, 0x58, 0xF6, 0x27, 0xD6, 0x16, 0x39, 0xDE, 
	0x9E, 0xE4, 0x8B, 0x34, 0xD4, 0x99, 0xA4, 0xD8, 0x3E, 0x56, 0x52, 0xD7, 0x9B, 0x59, 0xAF, 0x42, 
	0x24, 0x2A, 0x8F, 0x63, 0xB9, 0x44, 0xC6, 0x0F, 0xD8, 0x95, 0x90, 0x74, 0xA1, 0xC6, 0xEC, 0x18, 
	0x73, 0xD7, 0x56, 0x17, 0xD2, 0x70, 0x37, 0x70, 0x3C, 0x04, 0xF2, 0x94, 0x4D, 0x3F, 0x07, 0x19, 
	0x3E, 0x53, 0xD2, 0x86, 0xEC, 0xB4, 0xCE, 0x5E, 0x74, 0x4D, 0xCB, 0x24, 0x40, 0x6A, 0x82, 0xB9, 
	0x4E, 0x6D, 0xC0, 0x6E, 0x30, 0x4A, 0x8D, 0xDF, 0x0D, 0x62, 0x4F, 0xCE, 0xBD, 0x80, 0x90, 0x90, 
	0xAD, 0x2C, 0x49, 0xA8, 0x56, 0xB9, 0x95, 0xC2, 0xB1, 0x3F, 0xE0, 0xE8, 0x95, 0xB4, 0x0E, 0x0B, 
	0xEA, 0x3D, 0x60, 0xEB, 0xD5, 0x79, 0x3F, 0xD6, 0xC2, 0x43, 0x5D, 0x9B, 0x5B, 0x15, 0x91, 0x27, 
	0x28, 0xB1, 0xDD, 0x4A, 0xF1, 0x6C, 0x53, 0xD6, 0x1E, 0x18, 0xD8, 0xEC, 0x93, 0xE4, 0xEA, 0xE5, 
	0x0D, 0xC3, 0x95, 0xB0, 0xF5, 0xB1, 0x2B, 0xD2, 0x4F, 0x45, 0x30, 0x26, 0xAC, 0x87, 0xBC, 0x24, 
	0x0C, 0x2B, 0x6E, 0xEC, 0x28, 0x33, 0xA6, 0xF9, 0xD1, 0xAC, 0xB4, 0x8A, 0x65, 0xCB, 0x11, 0xEB, 
	0xAE, 0xD6, 0xAA, 0xF7, 0xEB, 0x4C, 0x9D, 0x1E, 0x18, 0x42, 0xA7, 0xEA, 0x89, 0xE3, 0x1E, 0x8D, 
	0x60, 0xA8, 0xC5, 0xAD, 0x30, 0x39, 0xA4, 0x50, 0xA9, 0xBB, 0x44, 0x5E, 0x5B, 0xBE, 0xA7, 0xB5, 
	0xC6, 0x0F, 0xCF, 0x69, 0x25, 0x11, 0x68, 0xA1, 0x57, 0x0F, 0x9F, 0xBE, 0xB1, 0xCF, 0x1C, 0x5A, 
	0xCD, 0x6C, 0x88, 0xAC, 0xA7, 0x18, 0xB4, 0xB7, 0x30, 0x20, 0x46, 0x5F, 0xE8, 0x9E, 0x6F, 0x63, 
	0xD5, 0x17, 0x41, 0xC9, 0x46, 0x6C, 0xA9, 0x50, 0xC5, 0x76, 0xD4, 0xAE, 0x46, 0x60, 0x96, 0x24, 
	0xB8, 0x9C, 0x52, 0x79, 0x4B, 0xD8, 0xBD, 0xF0, 0x6D, 0xAE, 0x7D, 0xBE, 0xBB, 0xBE, 0x74, 0x0A, 
	0x0F, 0xA5, 0xEF, 0x69, 0x11, 0x42, 0xE6, 0xAC, 0xEE, 0x5E, 0xDD, 0x19, 0x67, 0x43, 0xE3, 0x4B, 
	0x25, 0x80, 0x92, 0xDC, 0xED, 0x52, 0xE5, 0x7F, 0x32, 0x52, 0x6F, 0x05, 0x81, 0x1C, 0x2C, 0x68, 
	0x3E, 0xA0, 0xD2, 0x91, 0x7C, 0x08, 0x25, 0x1D, 0xDC, 0xA5, 0x56, 0x89, 0x86, 0xA1, 0xB7, 0x08, 
	0xA0, 0x71, 0xB6, 0xED, 0x9D, 0x89, 0xEF, 0x98, 0xEE, 0xF2, 0xA9, 0xDF, 0x48, 0x1F, 0x7E, 0x2E, 
	0xD3, 0xC6, 0xC2, 0x12, 0x9A, 0x9E, 0xB1, 0xCE, 0x71, 0x43, 0x94, 0x0D, 0x15, 0x3A, 0x1B, 0x4A, 
	0x95, 0xAA, 0x14, 0x07, 0x74, 0x53, 0xDF, 0x52, 0xC4, 0x83, 0x81, 0x75, 0x06, 0xC1, 0xBF, 0xA4, 
	0x15, 0xDB, 0x7F, 0xD1, 0xBF, 0x98, 0x5A, 0xAE, 0xF2, 0x36, 0x0E, 0xAF, 0xC3, 0x52, 0x8A, 0xE7, 
	0xF1, 0x97, 0xC3, 0xC8, 0xDF, 0xE8, 0x40, 0x75, 0x77, 0xF3, 0x57, 0x12, 0x04, 0x9C, 0x94, 0xF7, 
	0xA7, 0xDB, 0xAA, 0x3D, 0x3E, 0xE8, 0x49, 0x7B, 0x92, 0x66, 0xEC, 0x1C, 0x62, 0x9D, 0xF6, 0x6E, 
	0x51, 0x85, 0xF6, 0x2A, 0x4B, 0x1B, 0xC8, 0xB3, 0x69, 0x61, 0x49, 0x4D, 0xAC, 0xB3, 0x23, 0x22, 
	0x0E, 0x91, 0xD5, 0xC3, 0xB1, 0x3F, 0x0A, 0xAB, 0x0D, 0xE5, 0x7A, 0xD9, 0xF1, 0x89, 0xAE, 0x1D, 
	0xF3, 0xF2, 0xB6, 0x48, 0x61, 0x35, 0xEB, 0x69, 0xA3, 0xC0, 0x8B, 0x1C, 0x91, 0x91, 0xD9, 0xCF, 
	0x6C, 0xF8, 0x89, 0x4F, 0xC7, 0x8E, 0xA4, 0x9A, 0xB0, 0xD9, 0xA7, 0x26, 0x8A, 0xCE, 0x69, 0x14, 
	0xDD, 0x4A, 0xD5, 0xAE, 0xEB, 0x1C, 0x52, 0xB1, 0xEE, 0x37, 0x19, 0x93, 0x6D, 0x58, 0xBA, 0x82, 
	0x76, 0x0D, 0x0C, 0xEB, 0x7A, 0x81, 0x80, 0x46, 0xA0, 0x44, 0x7B, 0x32, 0x80, 0xE5, 0x40, 0x3A, 
	0x9F, 0xF2, 0x4D, 0x21, 0xDB, 0x21, 0x0E, 0x98, 0xA8, 0xC3, 0xE1, 0x4F, 0x11, 0xA3, 0x1C, 0x77, 
	0xA1, 0xB2, 0xB7, 0x2B, 0xAA, 0x47, 0x64, 0x88, 0x93, 0x42, 0xDA, 0xA3, 0x49, 0xAF, 0xB2, 0x41, 
	0x73, 0x88, 0xAD, 0xA8, 0x63, 0x33, 0x98, 0xD7, 0xD7, 0xA7, 0xBF, 0xE3, 0x89, 0xB5, 0x9E, 0xCE, 
	0x0D, 0x03, 0xAF, 0x8D, 0xAE, 0x80, 0x89, 0x12, 0xD4, 0xFC, 0x9C, 0x5B, 0x6D, 0x9D, 0xBE, 0x8C, 
	0x46, 0x86, 0xB8, 0x9B, 0xA8, 0xCC, 0xEB, 0xEE, 0x35, 0xF4, 0x73, 0x72, 0xF9, 0x3A, 0x75, 0x58, 
	0x53, 0x09, 0x21, 0x21, 0xC4, 0x6E, 0x89, 0x39, 0x83, 0xAA, 0x58, 0x7E, 0xBC, 0xA8, 0xB9, 0x63, 
	0x9A, 0x85, 0xF1, 0x96, 0x2E, 0xE0, 0x55, 0x2A, 0x06, 0xF4, 0x94, 0x43, 0xCD, 0x5B, 0x33, 0xA7, 
	0xF1, 0xD2, 0xF8, 0x2E, 0x81, 0xC1, 0x70, 0x38, 0x3C, 0x7D, 0xAF, 0x8A, 0x29, 0x48, 0x5E, 0xBA, 
	0xB9, 0x1D, 0xCC, 0x77, 0x76, 0x07, 0x77, 0x99, 0x61, 0xE1, 0xBA, 0xE1, 0x83, 0xE4, 0xBD, 0x3D, 
	0xEB, 0x85, 0x2A, 0x1F, 0x80, 0xCE, 0x9F, 0x0A, 0x53, 0xB6, 0x37, 0x2D, 0xAA, 0x91, 0xD3, 0x77, 
	0x77, 0xDA, 0xB3, 0x6D, 0x4E, 0x2A, 0x91, 0x29, 0xDE, 0xF5, 0x61, 0x3B, 0xA4, 0x3B, 0x70, 0x2C, 
	0x05, 0x3A, 0x73, 0xD9, 0x9D, 0x66, 0xEB, 0x68, 0xCB, 0xA5, 0x42, 0x6D, 0x9A, 0x10, 0xA7, 0x15, 
	0x5C, 0x86, 0xCF, 0xE8, 0x94, 0xE7, 0x2C, 0x67, 0xE6, 0x7F, 0xD1, 0x6D, 0x24, 0x13, 0x19, 0x71, 
	0x7F, 0x33, 0x9D, 0x7D, 0xBD, 0xCE, 0xA7, 0xD7, 0x55, 0x86, 0x2C, 0x93, 0x4F, 0xCA, 0xDC, 0xEB, 
	0xA5, 0xC1, 0x66, 0xAA, 0x53, 0x65, 0x1B, 0xCF, 0x6D, 0xC2, 0x72, 0xDA, 0xDB, 0xDA, 0xDA, 0xDD, 
	0x72, 0x8F, 0x4D, 0x56, 0x18, 0xE7, 0x66, 0xB6, 0x29, 0xBA, 0x32, 0x38, 0x4A, 0x80, 0xC1, 0x35, 
	0x17, 0x46, 0x73, 0xB6, 0xBC, 0x3F, 0xC5, 0xA4, 0xFB, 0x3D, 0x53, 0x52, 0xF2, 0x77, 0x4B, 0xDF, 
	0x7B, 0x9A, 0xF3, 0x21, 0xD9, 0x39, 0x2D, 0x1E, 0x3D, 0xA8, 0x6C, 0x30, 0x48, 0x4A, 0x2B, 0xBB, 
	0x3F, 0xD4, 0x10, 0x57, 0x36, 0x8E, 0xFA, 0xC9, 0xF6, 0x31, 0x98, 0xBE, 0xBF, 0x4A, 0x5F, 0xDA, 
	0xEE, 0x9B, 0x1E, 0xA7, 0x98, 0x7F, 0x81, 0xE0, 0x48, 0xAF, 0xE9, 0x99, 0x28, 0xCE, 0x42, 0x56, 
	0x37, 0x42, 0xF5, 0x2C, 0x3D, 0x22, 0xD3, 0x12, 0x44, 0x10, 0x43, 0x6C, 0x9B, 0x4C, 0x81, 0xDC, 
	0xD3, 0xD0, 0x0F, 0x4D, 0xC9, 0x53, 0x3B, 0xB2, 0x73, 0x46, 0xA1, 0xDA, 0xDA, 0x65, 0x91, 0x6C, 
	0xD5, 0x57, 0x25, 0xE7, 0x87, 0x24, 0xEA, 0xF8, 0x87, 0x59, 0x37, 0xE2, 0x31, 0xF0, 0x82, 0xC3, 
	0xC5, 0x9D, 0x07, 0x7B, 0x4A, 0x9A, 0x9D, 0x0D, 0xB2, 0xD4, 0x73, 0xB1, 0x9B, 0xA7, 0x32, 0x3E, 
	0x99, 0xDD, 0x33, 0xDD, 0xDA, 0x58, 0x3E, 0xE0, 0xED, 0x85, 0x3D, 0x0C, 0x20, 0x57, 0x80, 0x3D, 
	0x14, 0x54, 0x31, 0x07, 0xE1, 0xF4, 0x5F, 0x10, 0xAA, 0xE6, 0x15, 0x14, 0xAD, 0xF2, 0x77, 0xD8, 
	0xA2, 0xCF, 0xB6, 0x70, 0x40, 0x05, 0x1B, 0xEA, 0x77, 0x12, 0x0A, 0xE2, 0x71, 0xF2, 0x33, 0xA3, 
	0xAC, 0x6A, 0xA0, 0xEA, 0xCA, 0x66, 0x7D, 0xC5, 0x98, 0x09, 0x25, 0x3F, 0xA0, 0x1F, 0x2F, 0x1A, 
	0xA2, 0x14, 0x3F, 0x3D, 0xCE, 0x0A, 0x55, 0x05, 0x9A, 0x8A, 0x45, 0xEE, 0x22, 0xDF, 0x80, 0x4C, 
	0x31, 0x3A, 0x52, 0x90, 0x20, 0x76, 0x8C, 0x09, 0x4A, 0xAF, 0x53, 0xBE, 0x13, 0x67, 0x9C, 0x90, 
	0x2C, 0x81, 0x40, 0x4F, 0xE3, 0xAD, 0x29, 0xB8, 0xB4, 0x88, 0x6B, 0xD0, 0x63, 0xC1, 0xDE, 0x24, 
	0xD8, 0x4C, 0x22, 0x8F, 0x44, 0x5C, 0x6A, 0x50, 0x64, 0x92, 0x07, 0x68, 0xB3, 0xCC, 0x61, 0x9D, 
	0x39, 0x33, 0xF4, 0xEA, 0xF2, 0xE1, 0x1F, 0x99, 0x8D, 0xA0, 0xEB, 0x84, 0x99, 0xB3, 0x30, 0xDF, 
	0xAB, 0x0D, 0xC9, 0xD9, 0xC4, 0xB1, 0x66, 0x08, 0x11, 0x3F, 0x9A, 0x5A, 0x93, 0xA5, 0x74, 0x77, 
	0x8D, 0x1C, 0xB6, 0x98, 0x8C, 0x12, 0x30, 0xD8, 0xB7, 0x7E, 0x2A, 0x32, 0x52, 0x62, 0x93, 0x3C, 
	0x1F, 0x02, 0x18, 0x8E, 0x56, 0x9F, 0x30, 0x41, 0x33, 0x62, 0x6F, 0xDF, 0xC6, 0xE4, 0x53, 0x0C, 
	0x97, 0x40, 0x9C, 0x2F, 0x75, 0x26, 0xD7, 0x89, 0x60, 0xBE, 0x54, 0x73, 0x3C, 0x05, 0xBD, 0x6B, 
	0x7A, 0xC0, 0x8F, 0x3B, 0xC3, 0xE7, 0xE2, 0xF2, 0x52, 0xA8, 0xA9, 0xBE, 0x88, 0x0C, 0xBC, 0x15, 
	0x6C, 0xAF, 0xB4, 0xBF, 0xA8, 0x9B, 0xEB, 0x64, 0x62, 0x2A, 0x8B, 0x18, 0x21, 0x51, 0xBF, 0x94, 
	0xA1, 0xE1, 0xAF, 0x89, 0x2A, 0xBD, 0x12, 0xBF, 0x8C, 0xCC, 0x69, 0xD3, 0x4A, 0x09, 0x17, 0x0A, 
	0xB7, 0x95, 0xE8, 0xBE, 0x31, 0x75, 0x99, 0xF8, 0x4A, 0x67, 0xEF, 0x2D, 0x0B, 0x90, 0x0B, 0x9B, 
	0x25, 0xF4, 0xE4, 0x8F, 0x90, 0xF3, 0x96, 0x3C, 0xBF, 0x8F, 0xA1, 0x6B, 0x90, 0x71, 0xE8, 0x4D, 
	0xE3, 0x0A, 0x23, 0xC3, 0x47, 0x46, 0x81, 0xBC, 0x2E, 0x45, 0x75, 0x0B, 0x1A, 0x93, 0x66, 0x43, 
	0x2A, 0xB2, 0x81, 0x91, 0x5D, 0xCE, 0xCE, 0x88, 0x7A, 0xAB, 0x52, 0xED, 0x31, 0x50, 0x56, 0xD3, 
	0xF5, 0x2C, 0x21, 0xD6, 0x54, 0x19, 0xAC, 0xC8, 0xE3, 0x90, 0xED, 0x64, 0x9E, 0xAF, 0x2A, 0xE3, 
	0x9A, 0xBD, 0xB7, 0x38, 0xF5, 0x37, 0x79, 0xB6, 0xCB, 0xFD, 0x41, 0x43, 0xE5, 0x4B, 0xC2, 0x9B, 
	0x97, 0x31, 0x89, 0x38, 0xD7, 0x86, 0x98, 0x10, 0xE7, 0x19, 0x2B, 0x1A, 0x15, 0xB0, 0xEC, 0xDE, 
	0xEE, 0xCA, 0xAE, 0x52, 0x1B, 0x62, 0xBC, 0xA4, 0x8D, 0x5C, 0x20, 0x66, 0xE1, 0x6E, 0x24, 0x2C, 
	0x21, 0x53, 0xF6, 0x57, 0xA3, 0xAD, 0x16, 0x33, 0x6E, 0xA8, 0xD1, 0x73, 0x17, 0x13, 0xD0, 0x25, 
	0x59, 0x90, 0x69, 0x10, 0x71, 0x60, 0x2B, 0xD4, 0x35, 0x99, 0x9E, 0xBC, 0x50, 0x66, 0xA7, 0xF9, 
	0x99, 0xDD, 0xEE, 0xFC, 0x89, 0x45, 0x55, 0xC0, 0x32, 0x3F, 0x7C, 0xD8, 0x68, 0xAC, 0x60, 0x79, 
	0xAE, 0xDE, 0xD8, 0xDC, 0x0D, 0x85, 0xA7, 0xC5, 0xCF, 0xB1, 0x48, 0xDD, 0x78, 0x6F, 0x15, 0x3B, 
	0x96, 0x1B, 0xBD, 0x53, 0x78, 0x72, 0x1C, 0x03, 0x8E, 0xBA, 0xAC, 0x2C, 0xEC, 0x0B, 0x59, 0x89, 
	0x6B, 0x80, 0xD2, 0x7B, 0xD8, 0xDD, 0xA2, 0x8A, 0x39, 0x7F, 0x81, 0xC3, 0xE1, 0x41, 0x6B, 0xE2, 
	0x84, 0x49, 0xC5, 0xA3, 0xB4, 0xF5, 0x6B, 0xF1, 0xC6, 0x19, 0xB9, 0x5F, 0xD7, 0x0D, 0x24, 0xAA, 
	0xAA, 0x4E, 0x23, 0xD4, 0x46, 0xD0, 0xD1, 0x1E, 0xC7, 0x12, 0xAA, 0x95, 0x46, 0x09, 0x3B, 0xBA, 
	0x43, 0xC7, 0x3B, 0x95, 0x8B, 0x1A, 0xAF, 0x7C, 0x7D, 0x3F, 0x0D, 0xC9, 0x5F, 0x3F, 0x66, 0x12, 
	0x3C, 0x18, 0x5F, 0x52, 0x93, 0x7C, 0x6B, 0x28, 0xAB, 0x4C, 0x17, 0xC2, 0x6B, 0x9D, 0x6C, 0x51, 
	0x73, 0x0F, 0x20, 0x21, 0x73, 0x93, 0xE9, 0x2F, 0x28, 0x3D, 0xBC, 0x2D, 0xCC, 0xBA, 0x46, 0x91, 
	0x98, 0xCC, 0x30, 0x67, 0x71, 0x5B, 0x05, 0x36, 0x94, 0x45, 0xCF, 0x2F, 0x49, 0x52, 0x41, 0xE3, 
	0x6F, 0x68, 0x8F, 0x6F, 0x22, 0xC2, 0x57, 0x62, 0xD0, 0x2C, 0x04, 0x3E, 0xD1, 0x14, 0x31, 0xF2, 
	0xD7, 0x63, 0xE7, 0xF9, 0x8D, 0x8A, 0x91, 0x98, 0xE8, 0x12, 0x07, 0xB1, 0x14, 0xF0, 0x7E, 0xAA, 
	0x16, 0x54, 0x70, 0xF5, 0x55, 0x8A, 0x96, 0x5C, 0x42, 0x04, 0xCA, 0x53, 0x1F, 0x4E, 0x2A, 0xB9, 
	0xB8, 0xBA, 0x16, 0x23, 0xB6, 0xAA, 0x83, 0x57, 0xB3, 0xB3, 0xA3, 0xCC, 0xFA, 0xF6, 0x3A, 0x72, 
	0xF5, 0x57, 0x94, 0x8C, 0xF5, 0x49, 0xCE, 0x0B, 0xC3, 0xEE, 0x2A, 0xBB, 0x85, 0x30, 0x73, 0x2C, 
	0xA7, 0xDE, 0xD7, 0x55, 0x1A, 0xD6, 0x9F, 0x4B, 0xAD, 0x63, 0x88, 0x07, 0x84, 0x31, 0xE9, 0xF2, 
	0x72, 0xD0, 0xBE, 0x33, 0x3E, 0xCB, 0x8E, 0x1C, 0x79, 0x19, 0xBD, 0x60, 0x12, 0xC3, 0xD5, 0x4C, 
	0xC0, 0xD5, 0x79, 0x2E, 0xC1, 0xD6, 0x22, 0x11, 0x37, 0x37, 0x84, 0x38, 0x4E, 0x14, 0xA3, 0x96, 
	0x4F, 0x6D, 0x88, 0x35, 0x5E, 0xAD, 0xA6, 0x25, 0x0B, 0x94, 0x7A, 0x26, 0xE6, 0xE2, 0x70, 0xE8, 
	0xC1, 0xAA, 0x08, 0xA7, 0x2C, 0xC3, 0x97, 0x1F, 0x4F, 0x66, 0x4E, 0x8F, 0x16, 0x94, 0xAD, 0x9A, 
	0x2E, 0xA9, 0x87, 0x39, 0xC6, 0xD6, 0x78, 0x66, 0xC5, 0xB4, 0xE4, 0x68, 0x7A, 0xAB, 0xBF, 0xBF, 
	0xFB, 0x74, 0x7B, 0x1F, 0xAF, 0x77, 0x18, 0x8E, 0xA7, 0x2E, 0x72, 0x89, 0xB5, 0x4D, 0xBB, 0x0A, 
	0x39, 0x30, 0x27, 0x1D, 0x18, 0xC0, 0xAF, 0x08, 0xB6, 0x9E, 0x9A, 0xB1, 0x36, 0xE9, 0xCA, 0x28, 
	0x87, 0x45, 0xC5, 0xF6, 0x25, 0x1E, 0x04, 0x71, 0x94, 0xB8, 0x84, 0xD5, 0x5B, 0x26, 0x07, 0x92, 
	0x63, 0x8F, 0xC7, 0x1A, 0xF4, 0x92, 0x78, 0xC7, 0x94, 0x98, 0x10, 0xE5, 0xB9, 0xF6, 0xE0, 0x48, 
	0x1E, 0x49, 0xBC, 0x1C, 0x2A, 0x90, 0x3B, 0x7F, 0x19, 0x5F, 0xD7, 0x81, 0x2C, 0xB7, 0x16, 0xE7, 
	0x2C, 0x79, 0xAF, 0x8D, 0x66, 0xB7, 0x5B, 0x6B, 0x94, 0xED, 0x98, 0x43, 0xD7, 0x9D, 0xC6, 0x1F, 
	0x0C, 0xAF, 0x1C, 0x85, 0xD7, 0x36, 0xE6, 0x49, 0xC5, 0x75, 0xD4, 0xC4, 0x92, 0x32, 0xCB, 0x6A, 
	0xAE, 0xA5, 0x11, 0x42, 0x55, 0x68, 0x40, 0x4E, 0xBE, 0xF9, 0x85, 0x15, 0x93, 0x35, 0xA8, 0x66, 
	0x5E, 0xB5, 0x6C, 0xB2, 0x51, 0xC5, 0xCD, 0x0E, 0x07, 0x3C, 0xA9, 0x41, 0x19, 0x14, 0xA7, 0x1F, 
	0xDA, 0xC2, 0xE7, 0x45, 0x0C, 0x39, 0x84, 0xA7, 0xBB, 0x1B, 0xEF, 0x21, 0x0A, 0x9A, 0x27, 0xA4, 
	0xBC, 0x92, 0x45, 0x41, 0xC3, 0xCD, 0xE0, 0xE5, 0xC0, 0x2F, 0x7D, 0xBF, 0x74, 0x97, 0x6C, 0xF0, 
	0x3E, 0x91, 0x4C, 0xC2, 0xD9, 0x61, 0xEC, 0x7B, 0xC6, 0x9D, 0x1D, 0x51, 0x72, 0x58, 0x23, 0x3A, 
	0x7C, 0x81, 0x16, 0x1C, 0xB8, 0x2E, 0x99, 0xC0, 0x91, 0x97, 0x5D, 0x75, 0x78, 0x6D, 0x38, 0xAC, 
	0xD2, 0xE6, 0x17, 0x6E, 0x4E, 0x7B, 0xA7, 0x7E, 0xD9, 0xFC, 0xDA, 0x13, 0x45, 0x47, 0x11, 0x2C, 
	0x98, 0xD7, 0x37, 0x7B, 0xC6, 0x53, 0xDB, 0x4C, 0xB8, 0xF8, 0x35, 0xBD, 0x35, 0xC2, 0xA9, 0xC2, 
	0x8E, 0x8B, 0x0A, 0x1A, 0x0F, 0xCF, 0x42, 0x48, 0x8E, 0xAD, 0x28, 0xC2, 0x23, 0xE5, 0xB7, 0x63, 
	0xB8, 0xED, 0xDD, 0xE7, 0xAA, 0x44, 0xEA, 0xE0, 0x3E, 0xC3, 0xD1, 0x5F, 0xBC, 0x6F, 0xBB, 0x72, 
	0xD1, 0x5E, 0xDB, 0xE5, 0xF2, 0x39, 0x9F, 0x33, 0x27, 0x2A, 0xBC, 0x69, 0xAB, 0x53, 0x47, 0x76, 
	0x2B, 0x1F, 0x3E, 0x20, 0x40, 0x7F, 0x7A, 0xC5, 0x94, 0x83, 0x10, 0x32, 0x7A, 0x9D, 0xE0, 0xC2, 
	0xCE, 0x3A, 0x3F, 0x3E, 0xEF, 0xD2, 0x48, 0x4C, 0x84, 0xED, 0x75, 0xF8, 0xE7, 0xF7, 0x66, 0xE2, 
	0xD3, 0xCD, 0x6D, 0x37, 0xA4, 0x29, 0x8C, 0x09, 0x0C, 0xA6, 0x85, 0x93, 0xE0, 0x39, 0xDA, 0x8D, 
	0x45, 0x05, 0x9C, 0xD5, 0x46, 0x87, 0xDC, 0x89, 0x47, 0x90, 0xC6, 0xF6, 0xD3, 0xFA, 0x0D, 0xD9, 
	0x5E, 0x68, 0x52, 0x7F, 0x1A, 0xB5, 0xB2, 0x5B, 0x89, 0xD5, 0xCE, 0x0C, 0x8C, 0x7F, 0xEE, 0x6C, 
	0x9A, 0xB5, 0x7B, 0xAC, 0x1F, 0xB1, 0xAF, 0x89, 0x97, 0x9F, 0x55, 0x05, 0xA0, 0xF4, 0x9F, 0x6B, 
	0xF7, 0x6B, 0xD4, 0xA5, 0xE6, 0x6D, 0xC0, 0x59, 0x98, 0x9C, 0x65, 0x55, 0x56, 0x63, 0xB3, 0xB8, 
	0xF4, 0x52, 0x16, 0x07, 0xED, 0x43, 0x47, 0xC2, 0x67, 0xB0, 0x7D, 0x15, 0xBE, 0x18, 0xF1, 0x48, 
	0xA9, 0x46, 0xC1, 0x86, 0xA9, 0xCC, 0x1B, 0x53, 0x72, 0x97, 0xA4, 0xA1, 0x26, 0x48, 0x34, 0xA5, 
	0x17, 0xB9, 0xB1, 0x6E, 0x78, 0x80, 0xA8, 0x83, 0x33, 0x6F, 0x96, 0x65, 0xB0, 0xEE, 0x65, 0xF3, 
	0xFA, 0x87, 0xC9, 0x57, 0x0F, 0x1C, 0x52, 0x78, 0xEC, 0x79, 0xD9, 0x50, 0x10, 0x21, 0xCF, 0x37, 
	0x50, 0x22, 0x70, 0xAE, 0x63, 0x76, 0x43, 0xB5, 0x34, 0x82, 0xE5, 0x82, 0x24, 0xC7, 0x6D, 0xE5, 
	0x2A, 0xAF, 0x82, 0x86, 0xE0, 0x14, 0x9F, 0xAA, 0x9A, 0xDA, 0x46, 0xF2, 0x64, 0x63, 0x78, 0x09, 
	0xBF, 0x7E, 0x6A, 0xED, 0x9D, 0x9C, 0xDA, 0x46, 0x3B, 0x9E, 0x94, 0x33, 0xD8, 0x6A, 0x27, 0x31, 
	0x08, 0x6A, 0x64, 0xD9, 0x3C, 0xD0, 0x8D, 0x99, 0x99, 0x8D, 0xE1, 0xA4, 0x7F, 0x14, 0x57, 0xA5, 
	0x31, 0xE3, 0x88, 0x94, 0x40, 0xE8, 0xB8, 0xA7, 0xD2, 0x87, 0xA3, 0x8D, 0xEF, 0xF8, 0x0E, 0xAF, 
	0x38, 0x4C, 0xD7, 0x6A, 0x2A, 0x45, 0xE9, 0xC0, 0xC7, 0x47, 0xCA, 0x80, 0xF9, 0xB1, 0x26, 0x65, 
	0xD9, 0x94, 0xA1, 0x47, 0x80, 0xF8, 0x75, 0x4B, 0x28, 0xE5, 0x1D, 0xEB, 0x85, 0x58, 0xDC, 0x2F, 
	0xD5, 0xF3, 0x47, 0x67, 0x0F, 0xA0, 0x32, 0x58, 0x9E, 0xC0, 0xE9, 0x15, 0x95, 0x52, 0xD3, 0x5C, 
	0xE0, 0x9A, 0x86, 0xED, 0xD2, 0xD8, 0x18, 0x4D, 0x04, 0xA2, 0xBD, 0x14, 0xCD, 0xD1, 0x0D, 0xF0, 
	0xDE, 0x1D, 0xB9, 0x83, 0x5A, 0xCB, 0xFB, 0x7C, 0x4D, 0xD8, 0x0F, 0x18, 0x35, 0x88, 0xF8, 0x56, 
	0xEA, 0x35, 0xD3, 0xDB, 0xB7, 0x1F, 0x0A, 0x9E, 0xDC, 0x8F, 0x6C, 0xBF, 0x6D, 0x49, 0x16, 0x6C, 
	0xB6, 0x63, 0x7E, 0x8D, 0xAF, 0x27, 0x82, 0xDE, 0x97, 0x6F, 0xD9, 0xB7, 0xD9, 0x88, 0x6D, 0xED, 
	0x5F, 0x8B, 0x3A, 0x82, 0xDF, 0xE2, 0x3C, 0xF6, 0xE1, 0x75, 0xC2, 0x52, 0xD4, 0x23, 0x23, 0x89, 
	0x9C, 0x95, 0x87, 0xB4, 0xDA, 0x82, 0x57, 0x39, 0xE9, 0x56, 0x16, 0x3A, 0xB4, 0xDE, 0x71, 0xAB, 
	0x23, 0xEF, 0x1F, 0xB3, 0x3E, 0xD7, 0xD3, 0xD9, 0xD0, 0x40, 0x65, 0x2B, 0xE6, 0x42, 0xAA, 0x28, 
	0x58, 0x78, 0xC2, 0x6F, 0xC7, 0x5B, 0x5F, 0xD3, 0x83, 0x6C, 0x32, 0x4C, 0x31, 0xC9, 0xAD, 0xB2, 
	0xE1, 0xBA, 0xD9, 0x91, 0xB6, 0x45, 0x8B, 0x7A, 0x23, 0xCB, 0xCB, 0x22, 0x91, 0x1F, 0x94, 0xC3, 
	0x72, 0xD5, 0x1C, 0x62, 0x94, 0xA0, 0x07, 0xE1, 0x0F, 0xA8, 0xA6, 0xD3, 0xBF, 0x14, 0x41, 0xF4, 
	0xFD, 0x28, 0xCA, 0x61, 0x8D, 0xC0, 0x7A, 0xE7, 0xE7, 0x37, 0x59, 0x34, 0xDF, 0xB5, 0x33, 0xCE, 
	0xFA, 0x91, 0x36, 0x9E, 0x80, 0xD6, 0xFC, 0x69, 0xEA, 0x1D, 0xC9, 0x0B, 0x10, 0xCC, 0xB2, 0x51, 
	0x60, 0x83, 0x33, 0xC4, 0x1B, 0xA0, 0x0C, 0x06, 0xDF, 0x51, 0x60, 0xC1, 0x26, 0x89, 0x23, 0x76, 
	0xCB, 0x71, 0xC3, 0x6F, 0xE7, 0x14, 0x81, 0xF1, 0x5C, 0x95, 0xED, 0x59, 0xF1, 0xF3, 0xDD, 0x37, 
	0xAA, 0x4F, 0x13, 0xBB, 0xBF, 0xB6, 0x23, 0x61, 0x8E, 0x2D, 0x16, 0x6E, 0xA2, 0xB3, 0x89, 0x9F, 
	0x5D, 0x62, 0x64, 0x51, 0x6F, 0xBB, 0x33, 0x28, 0xE9, 0x49, 0x32, 0x80, 0x71, 0xB3, 0x1B, 0xEE, 
	0x37, 0xD4, 0x7C, 0x79, 0x3B, 0x44, 0x06, 0x66, 0xE6, 0xD5, 0x98, 0x21, 0x08, 0xB2, 0xE9, 0x0A, 
	0xB2, 0x5D, 0x7F, 0x2C, 0xBC, 0x15, 0xE7, 0x47, 0x2D, 0x24, 0x9D, 0xA2, 0x9B, 0xF3, 0x19, 0xB8, 
	0xCE, 0xA8, 0x55, 0x69, 0x4D, 0x2D, 0x69, 0x49, 0xB3, 0x64, 0xE2, 0xF2, 0xFD, 0xC0, 0x3C, 0x19, 
	0xAA, 0x4C, 0x7B, 0x18, 0xBD, 0x98, 0x38, 0x4D, 0x14, 0x4F, 0x42, 0xF7, 0xC6, 0x1E, 0xE4, 0x6F, 
	0x2C, 0x26, 0x6F, 0x5A, 0xE7, 0xD0, 0x73, 0xE9, 0x5A, 0xE3, 0xF9, 0x72, 0x66, 0x62, 0xB5, 0x35, 
	0xA7, 0x2F, 0x9C, 0x7A, 0x7D, 0x7E, 0xC3, 0x34, 0x55, 0xE6, 0xED, 0x3C, 0x5B, 0xF4, 0x3D, 0x9D, 
	0x7C, 0xD8, 0x99, 0x55, 0x3B, 0x19, 0x88, 0x22, 0xC3, 0x93, 0xA2, 0x49, 0x45, 0xCE, 0x37, 0x53, 
	0xB9, 0x0D, 0x1D, 0x0A, 0x1E, 0x70, 0xD7, 0x81, 0x5C, 0x1F, 0x6E, 0x26, 0xF6, 0x21, 0xCD, 0xD8, 
	0xAD, 0x55, 0x61, 0xA6, 0x79, 0x78, 0xAF, 0x5C, 0xC8, 0x87, 0x9F, 0x85, 0xC9, 0xC8, 0xC0, 0x62, 
	0x9F, 0xE5, 0x13, 0xB6, 0x09, 0xA7, 0x18, 0xA0, 0x28, 0x10, 0x7C, 0xF0, 0x75, 0x63, 0x28, 0x4A, 
	0x4C, 0x19, 0x5C, 0xF2, 0x19, 0xE1, 0x32, 0xE4, 0xB7, 0xF2, 0x9B, 0x78, 0x52, 0x78, 0xEB, 0xEB, 
	0xBF, 0xE5, 0x6C, 0xCE, 0xA6, 0xE7, 0x72, 0xD5, 0x60, 0xF6, 0xB6, 0x24, 0x93, 0x5E, 0xDE, 0xFB, 
	0x98, 0xC4, 0x0C, 0x25, 0x93, 0xED, 0xB5, 0xEB, 0x89, 0x23, 0x17, 0xAC, 0x55, 0xAA, 0xB7, 0x66, 
	0x1C, 0x1F, 0x1B, 0xCA, 0xB3, 0x72, 0x5C, 0x14, 0x58, 0x26, 0x88, 0x57, 0x88, 0x12, 0x37, 0xB1, 
	0x65, 0x04, 0xA5, 0x5F, 0xC9, 0x9A, 0x6D, 0x3C, 0xDD, 0x4C, 0x91, 0x1B, 0x70, 0xAD, 0x71, 0xED, 
	0x70, 0xB3, 0xF4, 0x91, 0xF5, 0x15, 0xA9, 0x13, 0x1E, 0xC6, 0x7A, 0x9C, 0x83, 0x0C, 0xAC, 0x12, 
	0x3B, 0x6D, 0x99, 0x15, 0x90, 0x70, 0xD8, 0x7A, 0x29, 0xAE, 0x71, 0xC3, 0x8B, 0x58, 0xD3, 0x96, 
	0x13, 0xD0, 0xB5, 0x1E, 0x71, 0x18, 0xA3, 0x57, 0x4D, 0x47, 0xBE, 0x46, 0xDA, 0x65, 0x4A, 0x56, 
	0x57, 0xBF, 0xFB, 0xFB, 0xFC, 0x96, 0xF3, 0x18, 0x41, 0xB9, 0xE9, 0x3A, 0x81, 0xF6, 0x2B, 0x04, 
	0x04, 0xB5, 0xEF, 0xD6, 0x4A, 0x67, 0xE7, 0x41, 0x33, 0xE0, 0xAE, 0xD0, 0x38, 0xB4, 0x5E, 0xB7, 
	0x88, 0xB5, 0xE5, 0x2C, 0x35, 0x9D, 0x1C, 0x36, 0xD7, 0xC1, 0x3E, 0x10, 0x82, 0x84, 0xD9, 0xC7, 
	0xF8, 0xA4, 0x3B, 0x69, 0xAC, 0x72, 0x86, 0xD2, 0xC6, 0x19, 0x51, 0x2A, 0x27, 0x3B, 0xA9, 0x29, 
	0x48, 0x0E, 0x51, 0xCF, 0xA0, 0xC8, 0xF7, 0xEE, 0x47, 0x1C, 0x69, 0x59, 0xD1, 0x61, 0x09, 0x2E, 
	0x43, 0xC2, 0xF2, 0xCD, 0x2D, 0x17, 0xE3, 0x12, 0x9C, 0x2E, 0xBD, 0x6C, 0x99, 0x98, 0x74, 0x45, 
	0xC3, 0x8B, 0x2D, 0x9D, 0xBA, 0xBD, 0xC8, 0xF6, 0x61, 0x3C, 0x82, 0x59, 0xDB, 0x7D, 0xF7, 0x5A, 
	0xD8, 0x84, 0x83, 0x30, 0x42, 0xCD, 0xF9, 0x81, 0x15, 0x98, 0xEB, 0xF9, 0x96, 0x0B, 0x3D, 0x90, 
	0xD1, 0x0B, 0x2F, 0x64, 0x3A, 0xAF, 0x1E, 0xD8, 0xC7, 0x95, 0x6B, 0x97, 0x41, 0x56, 0x8C, 0x17, 
	0x66, 0x23, 0x22, 0x0F, 0xBE, 0xA7, 0xF4, 0xA4, 0xF7, 0xE9, 0xB1, 0x92, 0x38, 0x43, 0x16, 0x56, 
	0xDD, 0x55, 0x23, 0x46, 0xE3, 0x78, 0xD8, 0xFD, 0xC8, 0xA1, 0xE2, 0xF1, 0xAE, 0xF6, 0xEF, 0x1A, 
	0x32, 0x05, 0xEF, 0x41, 0x93, 0x19, 0x8A, 0xAC, 0xF6, 0x8D, 0xC2, 0x2B, 0xCE, 0x9F, 0x59, 0x9A, 
	0x1B, 0x4F, 0x91, 0xAE, 0xCD, 0x4A, 0x79, 0x6D, 0x44, 0xDC, 0xB3, 0x83, 0x14, 0xE3, 0xBA, 0xBE, 
	0x35, 0x8B, 0x1E, 0xB5, 0xC7, 0x31, 0xCF, 0xA8, 0x4D, 0x06, 0xD3, 0xF6, 0xF1, 0xE0, 0xD7, 0x3A, 
	0x32, 0xEA, 0x19, 0x51, 0x0C, 0xED, 0xBD, 0x19, 0xC6, 0xE8, 0x6E, 0xA9, 0x7B, 0x48, 0xE6, 0x5A, 
	0xF1, 0x3B, 0x78, 0xEA, 0x93, 0x82, 0x4D, 0x52, 0xC9, 0xE8, 0x8B, 0x94, 0x2C, 0x63, 0xC7, 0xB7, 
	0xA8, 0x2A, 0xF5, 0x37, 0xDF, 0xE9, 0xCE, 0x9B, 0xA1, 0x49, 0x91, 0x24, 0x1F, 0x9A, 0xF5, 0xCF, 
	0xD2, 0x66, 0xF5, 0x78, 0x51, 0x38, 0xCA, 0x48, 0x1A, 0xCA, 0x44, 0xC7, 0x4A, 0x11, 0xCB, 0x8C, 
	0x90, 0xDD, 0xB6, 0x86, 0xD8, 0xF9, 0x52, 0x76, 0x9D, 0x93, 0xA0, 0xD1, 0x65, 0x24, 0xA9, 0xF0, 
	0xAB, 0x9A, 0x69, 0x31, 0x8C, 0xEC, 0xB9, 0xCE, 0x61, 0x5C, 0x65, 0xB7, 0x40, 0x42, 0xEF, 0xD7, 
	0xAB, 0x2C, 0x6C, 0xDC, 0x88, 0x97, 0x39, 0xE3, 0x56, 0x73, 0xDF, 0x0D, 0xBA, 0x77, 0x4D, 0x54, 
	0x11, 0x5D, 0x69, 0x52, 0x05, 0xD3, 0xB2, 0x21, 0x73, 0x33, 0x44, 0xBA, 0x2B, 0xE9, 0xA7, 0x91, 
	0x5E, 0x05, 0x4E, 0x1B, 0x9F, 0xB0, 0xF3, 0xF7, 0xE6, 0x99, 0x9D, 0x3B, 0xEC, 0xCF, 0x73, 0x49, 
	0x40, 0x42, 0x9A, 0x57, 0x7C, 0xAF, 0xD9, 0x14, 0xE4, 0xFB, 0x1A, 0x80, 0x47, 0x92, 0xB0, 0x75, 
	0xB3, 0x83, 0x69, 0x48, 0x2D, 0xBB, 0x61, 0x6A, 0x3C, 0xA5, 0xEE, 0x42, 0xC7, 0xEA, 0x2F, 0xE2, 
	0x29, 0xCF, 0x87, 0xF1, 0x0E, 0xA7, 0xBC, 0x59, 0xE8, 0x7C, 0xDC, 0xFB, 0x10, 0x2C, 0x5D, 0x04, 
	0x6C, 0xBC, 0xA7, 0xCD, 0x32, 0xC5, 0xA5, 0xD5, 0xCE, 0x71, 0xE9, 0x2D, 0x49, 0x12, 0xDB, 0x2C, 
	0x3C, 0xB3, 0x85, 0x43, 0xB7, 0x9A, 0x45, 0x6C, 0x51, 0x62, 0xB5, 0x64, 0xF4, 0x49, 0x53, 0x81, 
	0xE5, 0xDF, 0xE9, 0x63, 0xDC, 0x60, 0x6B, 0x9A, 0xC9, 0xA3, 0x8C, 0x56, 0x91, 0x0E, 0x7E, 0xA3, 
	0xC5, 0x91, 0xE6, 0x84, 0xF4, 0xC1, 0xBF, 0x99, 0x8F, 0x84, 0x82, 0x37, 0xD5, 0xE2, 0xA1, 0x14, 
	0x2A, 0x08, 0xEA, 0xE5, 0xB5, 0x81, 0xBB, 0xDC, 0x0E, 0x13, 0x9F, 0x6E, 0xF2, 0x30, 0x46, 0xDB, 
	0x9D, 0x0C, 0xE9, 0x56, 0x33, 0xEF, 0xF2, 0xDC, 0xD1, 0xAC, 0x15, 0x3C, 0x8B, 0xA7, 0xB5, 0x7F, 
	0xDE, 0x6F, 0x73, 0xA1, 0x30, 0xCC, 0x13, 0x84, 0xED, 0x98, 0x09, 0x59, 0xE6, 0x53, 0xD4, 0x22, 
	0x3A, 0xCC, 0xBE, 0x8F, 0x0C, 0x9A, 0x06, 0x0A, 0xD9, 0xB0, 0x1F, 0x8D, 0x21, 0xAE, 0x7C, 0x72, 
	0x68, 0x42, 0xF3, 0x24, 0xF5, 0x80, 0x30, 0x50, 0xB2, 0x0A, 0x4F, 0x5A, 0x13, 0xD1, 0x55, 0x56, 
	0xD0, 0xB5, 0x55, 0x60, 0x42, 0x9D, 0x77, 0xB9, 0x40, 0x6C, 0x44, 0x87, 0xB5, 0xAE, 0x36, 0x56, 
	0xB7, 0xCC, 0x0F, 0x17, 0x0C, 0x1E, 0x60, 0xB1, 0x20, 0x3D, 0x2A, 0xDD, 0x31, 0xB5, 0x2A, 0x60, 
	0x3D, 0x6C, 0x9C, 0x40, 0xCB, 0x6B, 0x48, 0x52, 0xEF, 0xD3, 0x1E, 0xC0, 0xBB, 0xC4, 0x8C, 0x63, 
	0x82, 0x5A, 0xF4, 0xB1, 0x59, 0xEC, 0x5E, 0xF2, 0x93, 0x39, 0x08, 0xB8, 0x2D, 0x64, 0x3A, 0xD1, 
	0xE9, 0xD0, 0x80, 0xD0, 0xCF, 0xE7, 0xD4, 0xF5, 0xDD, 0xC9, 0x0E, 0x32, 0xA4, 0xB2, 0x9D, 0x8A, 
	0x16, 0x32, 0x24, 0x38, 0x0A, 0xAA, 0x22, 0x28, 0x2F, 0xD2, 0x54, 0xF4, 0x29, 0xCF, 0xD8, 0x1C, 
	0x05, 0xA3, 0xAC, 0x30, 0x79, 0xA1, 0xDB, 0x9A, 0x5A, 0x4A, 0x69, 0x06, 0x2A, 0xB1, 0xE4, 0x96, 
	0x5D, 0xB4, 0xB5, 0x60, 0x79, 0x99, 0x2D, 0x1A, 0xB5, 0x2D, 0x4F, 0xE4, 0x58, 0x8F, 0xB6, 0x42, 
	0x55, 0xDA, 0xD6, 0x8A, 0x44, 0x9A, 0x94, 0xEC, 0x84, 0x56, 0x85, 0xA9, 0x1D, 0x96, 0x54, 0x0B, 
	0x01, 0x44, 0xC5, 0x0D, 0x25, 0x77, 0x5F, 0x68, 0x9C, 0x26, 0x42, 0x2D, 0x25, 0x9D, 0xED, 0x4B, 
	0x51, 0x53, 0x87, 0x78, 0xAC, 0x6B, 0x8A, 0x80, 0x16, 0xE5, 0x8B, 0xEB, 0x6A, 0xAB, 0x2F, 0x3C, 
	0x49, 0x4A, 0x68, 0x65, 0xAE, 0xA4, 0x0D, 0x76, 0xE4, 0xD2, 0x49, 0xA3, 0x2B, 0x99, 0x0D, 0xD4, 
	0x1C, 0xE9, 0x46, 0xD0, 0x7F, 0x1B, 0xBA, 0x91, 0x74, 0x2D, 0x76, 0xD7, 0x3E, 0xC3, 0x2F, 0x4A, 
	0x28, 0x32, 0x7A, 0xF5, 0xE9, 0xEF, 0xD4, 0x81, 0x57, 0x4D, 0x57, 0x86, 0x11, 0x99, 0xE2, 0x8D, 
	0x62, 0xAF, 0x59, 0xBE, 0x8C, 0x4B, 0x96, 0x35, 0xAC, 0x23, 0x58, 0xBB, 0xD8, 0x51, 0x6A, 0x1A, 
	0x2C, 0x76, 0xD5, 0x8B, 0xBE, 0xC0, 0xDA, 0x69, 0x45, 0xAA, 0x70, 0x48, 0xB1, 0x51, 0xD8, 0x91, 
	0xA1, 0x91, 0x1C, 0x9E, 0xDF, 0x2B, 0xDB, 0x42, 0x7F, 0xE2, 0x15, 0x35, 0xB7, 0x25, 0x76, 0x4B, 
	0x9B, 0xA0, 0x3F, 0x1A, 0x52, 0x04, 0x9B, 0xE8, 0xC0, 0x21, 0x5A, 0x9B, 0x2F, 0xCA, 0xAF, 0xF7, 
	0xED, 0x96, 0xB0, 0x2F, 0xAE, 0x59, 0xCC, 0x57, 0x44, 0xAA, 0x5A, 0x23, 0x7A, 0xAF, 0x48, 0x55, 
	0x61, 0x32, 0x44, 0x03, 0xE1, 0x2C, 0x10, 0x94, 0x78, 0xB7, 0xDF, 0x98, 0x98, 0xDE, 0x7C, 0xA4, 
	0xF8, 0xC6, 0x43, 0x4B, 0x59, 0x19, 0x02, 0xD2, 0xF8, 0xA7, 0xEB, 0xAB, 0xDB, 0xFC, 0x28, 0x74, 
	0x0A, 0xB2, 0x85, 0xD9, 0xEF, 0x2B, 0x71, 0xB7, 0xC7, 0xC2, 0xA3, 0x7C, 0x57, 0xB6, 0xC4, 0x35, 
	0x33, 0x3C, 0xB7, 0x4F, 0x52, 0x26, 0x75, 0x0E, 0x51, 0xF6, 0x72, 0x42, 0xC2, 0x86, 0xC8, 0xB2, 
	0xC2, 0xD7, 0x70, 0x8E, 0xF2, 0x85, 0x8A, 0x65, 0xAD, 0x70, 0x30, 0xDB, 0xE0, 0x27, 0x85, 0xF7, 
	0xA2, 0x1F, 0x15, 0xA6, 0x4A, 0xBE, 0xA6, 0xD2, 0xA9, 0xF8, 0x5A, 0x9E, 0x51, 0x4B, 0x6D, 0xC9, 
	0x7C, 0x2F, 0x57, 0x47, 0xB7, 0x4B, 0x70, 0x71, 0xD8, 0x09, 0xEE, 0xB0, 0xDE, 0x62, 0x23, 0x3B, 
	0xE8, 0x82, 0x1C, 0x42, 0x0A, 0xBC, 0x5F, 0xF7, 0xF1, 0xE5, 0x14, 0xC5, 0xAB, 0xE1, 0x9D, 0x61, 
	0xAB, 0x61, 0x8D, 0x74, 0x2A, 0x09, 0xAD, 0x8A, 0x9C, 0xC2, 0x67, 0xF7, 0x2C, 0x45, 0x4D, 0xE0, 
	0x89, 0x98, 0x7E, 0x2A, 0x89, 0x7D, 0xD3, 0x16, 0xCD, 0x11, 0xDF, 0x17, 0x3F, 0x64, 0x44, 0xBB, 
	0x95, 0x24, 0x3A, 0xCD, 0x47, 0xD7, 0x4A, 0x18, 0xE1, 0x17, 0xAB, 0x48, 0x9B, 0x3E, 0x3A, 0xB4, 
	0x64, 0x9C, 0xE1, 0xB7, 0xF6, 0xCD, 0xC0, 0x5A, 0xA1, 0xBD, 0x2A, 0xEE, 0x9E, 0x76, 0xC5, 0x1E, 
	0x01, 0x28, 0x6D, 0x6A, 0x42, 0x6B, 0x77, 0x50, 0x66, 0x3A, 0x14, 0x33, 0x71, 0x1F, 0x77, 0x3E, 
	0x2E, 0xC7, 0xD5, 0x99, 0x93, 0x1A, 0x1F, 0xE5, 0x58, 0x65, 0xDB, 0x65, 0x6B, 0x36, 0xEB, 0x50, 
	0x71, 0x40, 0x2C, 0x7F, 0x80, 0xD9, 0x1A, 0x2D, 0x5B, 0xA3, 0x9D, 0xCB, 0xE6, 0x5D, 0x0E, 0xB5, 
	0x46, 0x6A, 0xBE, 0xBB, 0xCB, 0x4E, 0x6D, 0xB4, 0x7F, 0x67, 0x2A, 0x68, 0x8C, 0x5A, 0xEB, 0x17, 
	0x14, 0x26, 0x4D, 0xAD, 0x89, 0xDE, 0x42, 0x79, 0xBB, 0xC3, 0x52, 0x55, 0x68, 0xDB, 0x53, 0x52, 
	0x92, 0xC1, 0x09, 0x58, 0x3C, 0xD6, 0x8A, 0x5D, 0x69, 0x30, 0xE3, 0x86, 0x09, 0x15, 0x56, 0xD7, 
	0xB5, 0xB4, 0xA9, 0xD1, 0x09, 0xAF, 0x87, 0xBF, 0x29, 0x05, 0x0A, 0x56, 0x8B, 0x38, 0x0D, 0xD3, 
	0xCD, 0x34, 0xCB, 0xF4, 0xA6, 0xCF, 0xB1, 0x4E, 0x09, 0x33, 0x07, 0x54, 0xF0, 0x39, 0x2B, 0xF1, 
	0xCA, 0xC1, 0xE9, 0x13, 0xB9, 0x22, 0xE0, 0x5C, 0xC7, 0xE0, 0xA6, 0xAE, 0x1C, 0x55, 0x77, 0x05, 
	0x33, 0x06, 0x5A, 0x54, 0xE5, 0xAC, 0x97, 0xBA, 0xE5, 0xF9, 0x41, 0xDE, 0xBE, 0xED, 0xCE, 0x75, 
	0x72, 0x2F, 0xAE, 0xC1, 0xC5, 0x60, 0xC2, 0x5B, 0xA2, 0xDE, 0xCD, 0x78, 0xE1, 0xD6, 0x39, 0x2F, 
	0xBC, 0xAF, 0xB4, 0x86, 0x28, 0x72, 0x4F, 0xAE, 0x50, 0x09, 0x2E, 0x69, 0xC8, 0x29, 0x0F, 0x14, 
	0x73, 0xDC, 0x8A, 0xAE, 0x37, 0x48, 0xE0, 0xA9, 0x43, 0x89, 0x28, 0x10, 0x0E, 0xBB, 0x3F, 0x99, 
	0x14, 0x93, 0xCB, 0xDD, 0x8B, 0xC9, 0x5A, 0xF0, 0x22, 0xDE, 0x7F, 0x77, 0xC7, 0x28, 0x26, 0x7A, 
	0x4C, 0xC9, 0xCE, 0xCE, 0x58, 0x40, 0x7B, 0xEE, 0xD3, 0x7B, 0x34, 0x2E, 0xBE, 0xBC, 0xF7, 0x52, 
	0x5C, 0x3B, 0x86, 0x08, 0x6F, 0xC6, 0x92, 0x1E, 0xD4, 0x3A, 0x91, 0xD3, 0x85, 0xCA, 0xB4, 0x19, 
	0x01, 0xE7, 0xE1, 0x68, 0x9B, 0x24, 0x21, 0xAB, 0x46, 0x3E, 0x60, 0xC1, 0x6C, 0xE1, 0x4D, 0xF7, 
	0x9D, 0x14, 0xAA, 0xD7, 0x78, 0x1B, 0x4A, 0x70, 0xC6, 0x8F, 0xDD, 0xA8, 0xE1, 0x93, 0xBB, 0xF7, 
	0x5F, 0x49, 0xF0, 0xF7, 0xB1, 0x58, 0xCD, 0x25, 0x17, 0x7E, 0x10, 0x14, 0x7A, 0xE7, 0x60, 0x48, 
	0x57, 0x98, 0xEE, 0x95, 0x3A, 0xD9, 0x45, 0x25, 0xBB, 0x9A, 0xA7, 0x4A, 0x0D, 0x53, 0xAF, 0x2E, 
	0xB6, 0xDC, 0x41, 0x5F, 0x4A, 0xC9, 0xFB, 0x46, 0x80, 0xED, 0x71, 0x9E, 0xB6, 0x0A, 0xCF, 0x7F, 
	0xD1, 0x71, 0xE2, 0xA6, 0x96, 0xD9, 0x88, 0x1A, 0x46, 0x09, 0x1A, 0x5D, 0x3C, 0x97, 0x6E, 0x5B, 
	0x3C, 0xBD, 0xB2, 0xBA, 0x5F, 0x10, 0x6B, 0xD8, 0x64, 0x3F, 0xA5, 0x3B, 0xE1, 0xE6, 0xCC, 0xBB, 
	0xF0, 0x24, 0x10, 0xC6, 0x92, 0x4D, 0x9E, 0xF4, 0x90, 0x8F, 0x59, 0xE2, 0xDD, 0x64, 0x29, 0x11, 
	0x85, 0x15, 0x51, 0x68, 0xF3, 0x16, 0x61, 0x90, 0x32, 0x23, 0xCB, 0xEC, 0x1A, 0xD3, 0xA9, 0xE7, 
	0x44, 0x41, 0xCC, 0x22, 0x4E, 0xE9, 0x8A, 0x48, 0x5F, 0xEA, 0x61, 0x19, 0x80, 0x2C, 0x86, 0x95, 
	0x12, 0xDF, 0xFA, 0x21, 0x5D, 0x5B, 0x7A, 0xB5, 0x1E, 0x5F, 0xD8, 0x2A, 0x55, 0xAA, 0x4A, 0xB5, 
	0xE5, 0x88, 0x80, 0xD4, 0x2D, 0x1C, 0x7F, 0x40, 0x43, 0xEA, 0x1C, 0x68, 0xE6, 0x13, 0xA0, 0xFA, 
	0xC9, 0x77, 0x6E, 0xB6, 0xF0, 0x13, 0xB8, 0x78, 0xE9, 0xCA, 0xA9, 0x7E, 0x0E, 0xAB, 0xE9, 0xA4, 
	0xCC, 0x96, 0x54, 0x9B, 0x8A, 0xA2, 0x5C, 0xE4, 0x62, 0x63, 0x51, 0xAF, 0xF3, 0x9D, 0xED, 0x2C, 
	0x67, 0xDE, 0x5C, 0x89, 0x42, 0xAD, 0xA1, 0xB4, 0x32, 0x2A, 0xEE, 0xE7, 0xA1, 0xC4, 0x49, 0xD7, 
	0x78, 0x26, 0x63, 0x4E, 0x1D, 0xDD, 0x33, 0x1C, 0x74, 0x1F, 0xC6, 0xFD, 0xB0, 0xF5, 0x51, 0xA5, 
	0x51, 0x70, 0x4A, 0x14, 0xEF, 0x7D, 0xF2, 0x35, 0xEA, 0x67, 0x79, 0x98, 0xB2, 0x50, 0x5E, 0x76, 
	0x09, 0xE6, 0xC7, 0x14, 0x9E, 0xC7, 0x8A, 0x6A, 0x0F, 0xEF, 0x35, 0xA4, 0x48, 0xCA, 0xF5, 0xF9, 
	0x76, 0x5F, 0xBE, 0x1D, 0xF3, 0x0F, 0x05, 0x56, 0x0E, 0x4E, 0xC1, 0x1A, 0x12, 0x2F, 0xB5, 0x41, 
	0x52, 0xBB, 0x65, 0x4D, 0x18, 0xB5, 0x65, 0x38, 0x34, 0xDE, 0xF6, 0x59, 0x17, 0x4C, 0xA5, 0x4C, 
	0x78, 0xEF, 0x2E, 0xA8, 0x55, 0x88, 0x74, 0x80, 0xE1, 0xE5, 0x61, 0x19, 0xA0, 0xE5, 0x41, 0xBD, 
	0xDB, 0x65, 0x14, 0xBB, 0x89, 0xB2, 0x1F, 0xA3, 0xB7, 0xCD, 0xA1, 0xE1, 0xA4, 0x33, 0x74, 0x8D, 
	0xB9, 0x87, 0xBD, 0x3B, 0x21, 0xBD, 0x58, 0xAA, 0x9F, 0x17, 0x98, 0xB2, 0x89, 0x70, 0x29, 0x67, 
	0xBF, 0xA7, 0x93, 0x74, 0x3B, 0x31, 0x6C, 0xB2, 0x0D, 0xA5, 0x81, 0x90, 0x96, 0xAD, 0xDD, 0x94, 
	0x2F, 0x65, 0xC0, 0x54, 0xBB, 0xF2, 0x26, 0xB0, 0xF2, 0xD1, 0xDB, 0x46, 0xEC, 0x51, 0x34, 0x58, 
	0xCE, 0x73, 0x8F, 0xA1, 0x95, 0x3A, 0x90, 0x17, 0x2F, 0x79, 0xD5, 0xD3, 0xC6, 0x9A, 0xC6, 0xD8, 
	0x6D, 0x05, 0x4C, 0xE0, 0xAE, 0xE2, 0xB5, 0x3C, 0x53, 0x26, 0x4A, 0x57, 0x53, 0x83, 0x7D, 0x7F, 
	0x80, 0x9F, 0x9A, 0xDD, 0x32, 0x54, 0x1F, 0x3E, 0xF0, 0x4F, 0xD1, 0x70, 0x2B, 0x3A, 0x7F, 0xB8, 
	0xBB, 0xB6, 0x69, 0x34, 0x85, 0xE3, 0x62, 0x92, 0xCA, 0x22, 0x0D, 0xDA, 0x3A, 0xB0, 0x86, 0x92, 
	0xE1, 0x2F, 0x28, 0x07, 0xAB, 0xA3, 0x0C, 0x82, 0xBE, 0x25, 0x86, 0x67, 0xDD, 0x73, 0xC0, 0x54, 
	0x16, 0xF1, 0xF2, 0xAE, 0x2A, 0xD0, 0xCC, 0xF9, 0x23, 0xBE, 0x28, 0x10, 0x47, 0xEF, 0x3F, 0x15, 
	0xBE, 0xF6, 0x9D, 0x37, 0x10, 0xB6, 0xB2, 0xF8, 0x9C, 0x1B, 0xE5, 0x1A, 0x3C, 0x91, 0xAB, 0x7D, 
	0x0D, 0x46, 0xC4, 0x1D, 0x6E, 0x1A, 0x1B, 0x5E, 0x97, 0x44, 0x79, 0x53, 0x74, 0xE7, 0xE6, 0x4C, 
	0x8B, 0x18, 0x34, 0xC8, 0x4A, 0xC6, 0xF0, 0x78, 0x37, 0x4C, 0xDE, 0x12, 0xA6, 0x96, 0xC0, 0xE7, 
	0xD9, 0x28, 0xA3, 0x80, 0x8E, 0x8F, 0xC6, 0x85, 0x5B, 0xAC, 0xED, 0x6D, 0xBB, 0xC3, 0x53, 0x3B, 
	0x51, 0x79, 0x32, 0x86, 0x88, 0x7C, 0xF3, 0x93, 0xEE, 0xED, 0x3E, 0x30, 0xC4, 0xDF, 0xF3, 0x14, 
	0x69, 0x0F, 0x30, 0x39, 0xB9, 0xB4, 0xBF, 0xE2, 0x11, 0x3B, 0x3C, 0x56, 0x53, 0x32, 0x8D, 0xC4, 
	0xCB, 0x43, 0x98, 0x5D, 0x32, 0x06, 0x5F, 0xB5, 0xD7, 0x2C, 0x92, 0xAB, 0x5E, 0x6E, 0x98, 0x20, 
	0x53, 0x97, 0xEE, 0xE2, 0x74, 0x7E, 0x52, 0xCC, 0x09, 0x1B, 0x08, 0x6A, 0x87, 0x70, 0x3D, 0x88, 
	0x61, 0x6F, 0x7C, 0x82, 0xBB, 0x29, 0x37, 0x22, 0x8F, 0x2F, 0x9A, 0xF0, 0x4D, 0xBB, 0x77, 0x21, 
	0xC1, 0x6B, 0x5E, 0x5A, 0x35, 0x70, 0x36, 0x60, 0x45, 0x86, 0xDB, 0x4A, 0xD7, 0x4B, 0x3E, 0xE7, 
	0x22, 0x2F, 0xB3, 0x8A, 0xD6, 0x25, 0xDA, 0xC1, 0x7D, 0x42, 0xCC, 0xBF, 0xA0, 0xDA, 0xA9, 0xDA, 
	0xA8, 0x1A, 0xC9, 0xD0, 0xCA, 0x9B, 0x8B, 0x72, 0x7B, 0xC4, 0x3E, 0xAF, 0xF6, 0xFC, 0xF5, 0x28, 
	0xA6, 0xA2, 0x28, 0x3B, 0x52, 0xBE, 0x3E, 0x57, 0x86, 0xA8, 0x9A, 0x14, 0x9B, 0x58, 0xBE, 0xE9, 
	0x7A, 0x4A, 0x8B, 0xB6, 0x1C, 0x80, 0xDB, 0xA6, 0xF6, 0x2A, 0x6F, 0xE1, 0xAD, 0x6F, 0x27, 0x13, 
	0x70, 0xEF, 0x76, 0xB3, 0x2A, 0x68, 0x77, 0x70, 0x65, 0xB4, 0x4D, 0x2E, 0xA9, 0x46, 0xBA, 0xA4, 
	0x69, 0xB3, 0xC3, 0xCB, 0x2B, 0x4D, 0x23, 0x63, 0xB4, 0xE7, 0xD3, 0x4C, 0xE1, 0xED, 0xF4, 0x8D, 
	0x75, 0x5E, 0x43, 0x54, 0x6C, 0xEC, 0x4B, 0x59, 0x5D, 0xBD, 0x1E, 0xA6, 0x56, 0x43, 0xF2, 0x32, 
	0x4F, 0x1A, 0x7F, 0x15, 0x28, 0x97, 0xAA, 0xEB, 0x5E, 0x7C, 0x87, 0x8B, 0xCC, 0x6C, 0xF6, 0x13, 
	0x55, 0x1B, 0x20, 0xBB, 0x78, 0xBC, 0xAC, 0x34, 0x64, 0x2A, 0x28, 0x64, 0x40, 0x7E, 0x3F, 0x66, 
	0xB0, 0x33, 0xC5, 0xD1, 0x85, 0x94, 0x41, 0x38, 0x22, 0x3D, 0xA3, 0xB3, 0xA8, 0x4A, 0x34, 0xDA, 
	0x78, 0x6C, 0x7A, 0xE7, 0xB1, 0xBF, 0x29, 0xC7, 0x25, 0x4E, 0x83, 0x7D, 0x50, 0xA7, 0xB2, 0x17, 
	0xAF, 0xC1, 0x82, 0xA1, 0xB1, 0xE9, 0x0A, 0x08, 0x08, 0x93, 0x34, 0x05, 0xD5, 0x80, 0xFA, 0x32, 
	0xBC, 0xA4, 0xA9, 0x12, 0xAB, 0x6E, 0x85, 0xDE, 0xCA, 0xAB, 0x28, 0x58, 0x82, 0xF6, 0xF6, 0xA2, 
	0x2E, 0x9F, 0x6C, 0x60, 0x67, 0xD7, 0x89, 0xE7, 0xA7, 0x08, 0x07, 0x09, 0x0C, 0x81, 0x2D, 0xB8, 
	0xE5, 0x1F, 0xE4, 0xA2, 0x43, 0xBB, 0x22, 0xD3, 0x5C, 0xAA, 0xD5, 0xB1, 0x10, 0x30, 0x06, 0x51, 
	0x81, 0xAD, 0x45, 0x2D, 0x72, 0x2A, 0xC0, 0x3D, 0x39, 0xE8, 0xFA, 0xA0, 0xEB, 0x70, 0xE1, 0x4F, 
	0x30, 0x22, 0x6A, 0x6F, 0x40, 0x44, 0x8C, 0xED, 0x62, 0xD4, 0x6C, 0x76, 0x34, 0x92, 0x48, 0x3F, 
	0xDD, 0xC4, 0xA0, 0x76, 0xD5, 0x1F, 0x24, 0x0A, 0xA6, 0xE8, 0xC3, 0xD7, 0x70, 0xB0, 0xCE, 0x3D, 
	0x88, 0x2E, 0x3A, 0x89, 0xBD, 0x0E, 0xEE, 0x2F, 0x16, 0xAE, 0x7F, 0xEC, 0x7C, 0xF3, 0x8C, 0x32, 
	0x16, 0xC3, 0x10, 0xE3, 0xBA, 0x82, 0x68, 0x45, 0x92, 0x7C, 0xF4, 0x2D, 0x8E, 0x76, 0xE3, 0xC1, 
	0x9C, 0x9C, 0x4F, 0x4E, 0xF6, 0x9F, 0xCF, 0x49, 0x68, 0xCC, 0xAA, 0xA9, 0x7F, 0xAF, 0x0A, 0xB7, 
	0x84, 0xB4, 0xE7, 0x93, 0x60, 0xB5, 0xC0, 0x97, 0x2E, 0x36, 0x29, 0x2C, 0x94, 0x50, 0x99, 0xDE, 
	0xA0, 0xEC, 0x87, 0x55, 0x57, 0x24, 0x03, 0xCE, 0xE5, 0xC3, 0x6A, 0x70, 0x11, 0x9B, 0x58, 0x53, 
	0x46, 0x7D, 0x95, 0xA1, 0x42, 0xA3, 0xC7, 0x77, 0x4D, 0xB2, 0xBC, 0xE7, 0xDF, 0x65, 0xBB, 0x66, 
	0x80, 0x9E, 0xA5, 0x86, 0x58, 0x43, 0xCD, 0x43, 0xBA, 0x2F, 0x18, 0x5E, 0x1D, 0x30, 0x82, 0x1A, 
	0x1E, 0x27, 0x4A, 0xAA, 0xF3, 0xB7, 0x85, 0x1D, 0x80, 0x9D, 0x12, 0x91, 0xE6, 0x5E, 0x89, 0xCF, 
	0xD8, 0x39, 0x63, 0x15, 0xA3, 0x2E, 0xF6, 0x99, 0xD2, 0xAF, 0x0B, 0xD3, 0xC0, 0x54, 0x09, 0xEF, 
	0x79, 0xB5, 0x32, 0x86, 0x4E, 0xCC, 0x5B, 0x8A, 0x0C, 0x95, 0x57, 0xB6, 0x6D, 0x6B, 0xA1, 0x8A, 
	0xDC, 0x3B, 0x59, 0x71, 0x2E, 0x88, 0x9E, 0xC5, 0xAB, 0xFA, 0x67, 0x8B, 0x41, 0x74, 0xA7, 0xB9, 
	0x5A, 0x42, 0x46, 0x4F, 0x2B, 0x77, 0x19, 0x93, 0xAA, 0x61, 0xB8, 0x2A, 0x33, 0x54, 0x15, 0x9D, 
	0x7C, 0x3E, 0x07, 0x63, 0xD6, 0xAD, 0x3F, 0x81, 0x6F, 0xCE, 0x4D, 0x63, 0x06, 0x9E, 0xB0, 0xD7, 
	0x7F, 0xDA, 0x8E, 0x66, 0xA3, 0xB1, 0xF4, 0xD6, 0xF2, 0xA7, 0x55, 0xE0, 0x4C, 0x5B, 0x4D, 0x0C, 
	0x31, 0xDD, 0xCC, 0xF4, 0xE3, 0x52, 0xB7, 0x4A, 0xEE, 0xEA, 0xBA, 0x9C, 0x9D, 0x67, 0xC0, 0xA2, 
	0x49, 0xAA, 0xD6, 0x76, 0xF6, 0x0A, 0x98, 0x9C, 0x10, 0x2E, 0x0B, 0x5F, 0xC3, 0x4E, 0x2D, 0x66, 
	0x40, 0xD0, 0x09, 0x6C, 0x8F, 0xBA, 0x7D, 0x4E, 0xBA, 0x13, 0x99, 0xB3, 0xC9, 0xC5, 0xEE, 0x2E, 
	0xB3, 0xDB, 0xF1, 0x74, 0x8F, 0x79, 0x18, 0x14, 0xB8, 0xCA, 0xC4, 0x42, 0x0B, 0x6D, 0xEE, 0x41, 
	0x75, 0xBA, 0xD8, 0x72, 0x60, 0xCE, 0x39, 0x9C, 0xEB, 0x11, 0xC5, 0x7D, 0x6C, 0x5F, 0xAB, 0x46, 
	0x85, 0x98, 0x84, 0x94, 0xED, 0xB8, 0xC7, 0x30, 0x89, 0x4F, 0x45, 0x61, 0x7C, 0xB1, 0x53, 0xB5, 
	0x66, 0x50, 0x77, 0xCA, 0xEC, 0xEF, 0x13, 0x14, 0x51, 0xB0, 0xFA, 0xFD, 0x91, 0x54, 0xD6, 0x9B, 
	0x0F, 0x1D, 0x21, 0x65, 0xCC, 0xD8, 0x97, 0x91, 0x95, 0x8D, 0x3F, 0x0C, 0xBE, 0x75, 0x52, 0xEA, 
	0x32, 0x47, 0xDE, 0xB9, 0x0E, 0xEB, 0x90, 0x42, 0x60, 0xEB, 0xD2, 0x9B, 0x61, 0x47, 0xBC, 0x95, 
	0x3F, 0xA8, 0x4C, 0xB0, 0x14, 0x89, 0xB8, 0xC6, 0xA3, 0x72, 0x41, 0xAB, 0xA8, 0x9A, 0x76, 0xAB, 
	0xA2, 0x70, 0x13, 0x96, 0x98, 0x58, 0xAB, 0x83, 0x3B, 0xA1, 0xD0, 0xEB, 0x44, 0x6B, 0x10, 0x63, 
	0xC3, 0x90, 0x5D, 0x8D, 0xAA, 0x0D, 0xD8, 0x19, 0x23, 0xD9, 0xCB, 0x24, 0x14, 0x98, 0x9D, 0x87, 
	0x48, 0x8B, 0xCB, 0x39, 0xB7, 0x0C, 0xC7, 0x0E, 0x95, 0xBF, 0x77, 0xE0, 0xAB, 0x80, 0xD1, 0x15, 
	0xF2, 0x1C, 0xA0, 0x55, 0xD1, 0xFA, 0x26, 0x77, 0x37, 0xCD, 0x4D, 0x5B, 0x1F, 0x78, 0x1A, 0xD1, 
	0x3F, 0x7B, 0xDE, 0x7F, 0xB1, 0x84, 0xB1, 0xBB, 0xF7, 0x42, 0x10, 0xAA, 0x53, 0xB6, 0x9B, 0x4B, 
	0xCB, 0x97, 0x61, 0x9F, 0xE0, 0xB4, 0xE2, 0xDB, 0x98, 0x48, 0x04, 0xBC, 0x0C, 0xB0, 0x92, 0xCC, 
	0x4D, 0x1D, 0xEB, 0xBF, 0xE5, 0xD4, 0x8B, 0x5E, 0x68, 0x15, 0xDC, 0xCD, 0x0A, 0xDF, 0x49, 0x9F, 
	0xE3, 0x7A, 0x9D, 0x6C, 0x51, 0xEC, 0x23, 0xC5, 0xB1, 0x3A, 0x2F, 0xEB, 0x38, 0x5C, 0x2D, 0x52, 
	0xDE, 0x50, 0x92, 0x89, 0xE1, 0x8B, 0xDC, 0x6D, 0xA2, 0x51, 0x23, 0xF0, 0xBC, 0x5F, 0x20, 0x6D, 
	0x82, 0x22, 0x69, 0xDA, 0xC0, 0x17, 0x06, 0xAE, 0x98, 0xAF, 0xEC, 0xD1, 0x35, 0x04, 0x61, 0x24, 
	0x2C, 0xF0, 0x42, 0xB1, 0x6B, 0xB1, 0xBA, 0x2F, 0x16, 0xF4, 0xD7, 0x47, 0x97, 0xE6, 0xE2, 0xCD, 
	0x99, 0x07, 0xAB, 0x7E, 0xF8, 0xE5, 0x5E, 0xBE, 0x0B, 0xC2, 0x4C, 0x84, 0xB3, 0xC1, 0x32, 0xAF, 
	0xE0, 0x25, 0x45, 0x62, 0x51, 0xF1, 0x82, 0xAC, 0xC4, 0x3F, 0xF4, 0xF3, 0xF0, 0xF3, 0xB2, 0x9A, 
	0xB8, 0x96, 0x49, 0x08, 0x02, 0xC8, 0x33, 0xDF, 0x5C, 0x9C, 0x29, 0x88, 0xA3, 0x44, 0xCB, 0x5A, 
	0x70, 0xAF, 0xFC, 0xFB, 0xAA, 0x7B, 0xEE, 0xD3, 0x71, 0x23, 0x74, 0xAA, 0x30, 0x5F, 0x0F, 0x7C, 
	0x2D, 0x5B, 0xDB, 0x89, 0xE2, 0xC3, 0x0A, 0xD8, 0x9C, 0x54, 0x5E, 0x9E, 0x08, 0xA3, 0x17, 0x12, 
	0xE4, 0xC1, 0x98, 0x2F, 0x96, 0xE3, 0x58, 0x36, 0x66, 0xD3, 0x19, 0x4C, 0xE0, 0xA6, 0xE4, 0xF7, 
	0xD2, 0xE2, 0x32, 0x51, 0xE9, 0x31, 0xBC, 0x3C, 0x7C, 0x11, 0xAC, 0xC8, 0xF9, 0xB6, 0x15, 0xB9, 
	0x19, 0x4F, 0x26, 0xE2, 0x8A, 0x76, 0x3A, 0x3E, 0xB8, 0x94, 0x7B, 0x06, 0xDC, 0xB5, 0x9A, 0x3B, 
	0x3C, 0xB2, 0xAC, 0x0D, 0x87, 0x06, 0xB6, 0x38, 0x5E, 0x07, 0xBF, 0x59, 0xE3, 0x9C, 0x56, 0x04, 
	0x40, 0x7B, 0xA5, 0x7D, 0xE3, 0xE5, 0xAB, 0x27, 0x1A, 0x80, 0x4F, 0x39, 0x13, 0x10, 0xD6, 0x48, 
	0xA0, 0x75, 0xD6, 0x89, 0x52, 0xC4, 0xB0, 0xE7, 0x44, 0x6F, 0x2D, 0xCE, 0x4F, 0x21, 0xCC, 0x40, 
	0x88, 0x64, 0x0D, 0x60, 0x6A, 0x7A, 0x16, 0xCC, 0xD3, 0xEE, 0x17, 0xA5, 0x80, 0xC0, 0xE0, 0xE3, 
	0xE9, 0xBA, 0x1A, 0xF2, 0xF5, 0x94, 0xB5, 0x3F, 0xBC, 0x9C, 0x55, 0x2E, 0xBC, 0x93, 0xE8, 0x9C, 
	0x9E, 0x28, 0x19, 0x71, 0xD9, 0x0F, 0x46, 0x1C, 0xDE, 0x22, 0x23, 0x5C, 0x66, 0x5B, 0x30, 0xA9, 
	0x94, 0x34, 0x93, 0xDA, 0x68, 0xE0, 0x62, 0xC3, 0x43, 0xC3, 0x9D, 0x80, 0x26, 0xBE, 0x60, 0x1A, 
	0xD1, 0xEC, 0x92, 0xC3, 0x3F, 0xD6, 0x8D, 0x7C, 0xF5, 0x5A, 0xDC, 0x9E, 0x31, 0xE9, 0xBF, 0xFC, 
	0xD1, 0x8E, 0x96, 0xE1, 0xA8, 0xE2, 0x96, 0xFA, 0xAF, 0x56, 0x4E, 0x3A, 0x5D, 0x19, 0x4F, 0x70, 
	0x40, 0xF0, 0x14, 0xAF, 0x9F, 0xDA, 0x7F, 0x4A, 0x5B, 0xEB, 0x88, 0xEE, 0x5F, 0x28, 0xE5, 0xF5, 
	0x7C, 0x83, 0x26, 0x18, 0xE7, 0x37, 0xAC, 0x1C, 0xA7, 0x90, 0x96, 0x19, 0x93, 0x6B, 0x5F, 0x31, 
	0x75, 0x7E, 0x19, 0xE4, 0x5D, 0x6C, 0x2C, 0x93, 0x06, 0x52, 0x2B, 0x3D, 0x9C, 0x27, 0x82, 0x7E, 
	0x0F, 0xD1, 0x3E, 0xBB, 0xA2, 0xED, 0x80, 0x0E, 0x86, 0xDF, 0x90, 0x0F, 0x15, 0x28, 0x7B, 0x9E, 
	0xDA, 0xC8, 0x25, 0x5A, 0xCC, 0x7F, 0x0D, 0x4B, 0x82, 0xE2, 0xDE, 0xA3, 0xDB, 0x97, 0xB5, 0x50, 
	0xAA, 0x5C, 0xB6, 0x76, 0x3E, 0xD3, 0x20, 0x97, 0x3C, 0xB6, 0x32, 0x60, 0x44, 0x4C, 0x17, 0xD0, 
	0x6A, 0x23, 0x79, 0x3D, 0xA2, 0x80, 0xF1, 0x1C, 0x2F, 0x14, 0x8E, 0x83, 0x17, 0xAF, 0x1B, 0xD0, 
	0x3C, 0xC9, 0x79, 0x11, 0x69, 0x29, 0x19, 0x5A, 0x4E, 0x88, 0x5F, 0xA7, 0xB8, 0x52, 0xE4, 0xBC, 
	0xB8, 0xDB, 0x77, 0x0C, 0x92, 0x76, 0x3B, 0x54, 0xE8, 0x59, 0x26, 0x92, 0x6B, 0x49, 0x9C, 0x6A, 
	0x19, 0x19, 0x1F, 0xA9, 0x10, 0x91, 0x78, 0x9F, 0x12, 0xC3, 0xEB, 0xBC, 0x3B, 0x32, 0x35, 0xE2, 
	0x26, 0x59, 0x29, 0x87, 0x8E, 0xE0, 0x80, 0x52, 0x56, 0x27, 0x4F, 0xD2, 0x3C, 0x8E, 0xBE, 0x0C, 
	0x6A, 0x1A, 0x50, 0xC2, 0x15, 0x73, 0x93, 0x84, 0x5E, 0x05, 0x8C, 0xAB, 0xA0, 0x86, 0x8E, 0xD4, 
	0x8F, 0x07, 0xA3, 0xD3, 0x9C, 0xD7, 0xD5, 0x0C, 0x9F, 0x17, 0xBD, 0x88, 0xEB, 0x69, 0x45, 0x7E, 
	0x0D, 0xAA, 0x95, 0x0F, 0x97, 0x99, 0x3D, 0xE2, 0xD3, 0xB8, 0xE8, 0xE8, 0x0E, 0x59, 0xF3, 0xBC, 
	0x9E, 0x40, 0xEC, 0x45, 0xEB, 0xEE, 0xC3, 0x3E, 0xBB, 0xA7, 0x18, 0x2B, 0x3C, 0x18, 0x5E, 0x77, 
	0x53, 0xD4, 0x54, 0x6F, 0x0B, 0x54, 0x93, 0x81, 0xA5, 0x83, 0x7B, 0x20, 0x97, 0x55, 0xDC, 0x92, 
	0x95, 0x81, 0xE0, 0x69, 0xF3, 0x46, 0x26, 0x7B, 0x39, 0x79, 0xAF, 0x9B, 0xE3, 0x8E, 0xB7, 0x52, 
	0x62, 0x88, 0xD4, 0x47, 0xB8, 0x96, 0x48, 0xB8, 0xBB, 0xF8, 0xB6, 0x42, 0xBF, 0x8F, 0x20, 0x1E, 
	0x5C, 0x4D, 0x45, 0x31, 0x36, 0x6F, 0x50, 0x32, 0x3B, 0x32, 0x09, 0xE3, 0xDF, 0x2F, 0x50, 0x2C, 
	0xF2, 0xC4, 0x6D, 0x0A, 0x5A, 0xB5, 0x4A, 0xD6, 0x9B, 0xC5, 0xE6, 0x8D, 0x0A, 0xB1, 0xDD, 0xF5, 
	0x94, 0x2A, 0xBC, 0xD2, 0x60, 0xB2, 0xEF, 0x74, 0xAB, 0x71, 0x5C, 0x82, 0x44, 0xD7, 0x9C, 0x0A, 
	0x7D, 0x8D, 0x2E, 0x8E, 0xAB, 0xB8, 0x0A, 0xD9, 0x75, 0x8F, 0x5A, 0x83, 0x0F, 0x09, 0xC8, 0x72, 
	0x62, 0x95, 0xF4, 0xC5, 0x46, 0xBB, 0x33, 0x21, 0x13, 0xD9, 0xE1, 0x13, 0x4D, 0x27, 0x66, 0x90, 
	0x0D, 0xF2, 0x2D, 0x06, 0x90, 0x14, 0x4A, 0x99, 0x23, 0x0C, 0x28, 0x02, 0xA4, 0x3E, 0xF4, 0xA8, 
	0xB8, 0x3E, 0x63, 0xBC, 0xE3, 0xD1, 0x87, 0xF3, 0x9B, 0x46, 0xAD, 0x72, 0x75, 0x05, 0xF3, 0x60, 
	0x44, 0x29, 0x4B, 0xBA, 0x36, 0xB5, 0x60, 0x9D, 0x25, 0xE9, 0x70, 0x15, 0xE0, 0x93, 0xD1, 0x84, 
	0x24, 0xA1, 0x72, 0xCE, 0x77, 0xAA, 0xE2, 0x73, 0x16, 0x4E, 0xCA, 0xEF, 0x4B, 0xEE, 0xFF, 0xA8, 
	0x95, 0x35, 0x7C, 0x6E, 0xB3, 0x4E, 0xCD, 0x4F, 0x9F, 0x0F, 0x10, 0x13, 0xDE, 0xD8, 0x3B, 0xAB, 
	0xCB, 0x89, 0x6C, 0x4B, 0x3B, 0x9D, 0xA3, 0xC2, 0x09, 0xCA, 0x2D, 0x0F, 0x72, 0x19, 0x79, 0x86, 
	0x07, 0x40, 0x7E, 0x09, 0x88, 0xC9, 0xBA, 0xBC, 0x79, 0x1E, 0xF1, 0xB0, 0xF3, 0x6C, 0x5E, 0xA7, 
	0x99, 0x85, 0x8C, 0xBB, 0xB4, 0x8A, 0x7F, 0x05, 0x82, 0x98, 0x86, 0x90, 0xEB, 0xF8, 0xEE, 0xDA, 
	0x43, 0x89, 0xF6, 0xC0, 0x47, 0xD7, 0x85, 0xE2, 0x1D, 0xF1, 0xED, 0xCF, 0x8F, 0x1B, 0xF3, 0xB1, 
	0x0E, 0x54, 0xEF, 0x18, 0x7B, 0xBA, 0x9B, 0xF1, 0x7B, 0x7A, 0xA6, 0x8D, 0xB7, 0xBF, 0x37, 0x40, 
	0x97, 0x4B, 0x82, 0x23, 0x83, 0x9E, 0x0A, 0x78, 0x9D, 0x85, 0x97, 0xA8, 0x4B, 0x4D, 0x27, 0xBC, 
	0x4A, 0xB7, 0xAF, 0x67, 0x67, 0x29, 0x7F, 0x3F, 0x3F, 0x54, 0x32, 0x56, 0x0A, 0x11, 0x88, 0x2B, 
	0x1E, 0xB0, 0x9A, 0xF0, 0x44, 0xB7, 0x83, 0xF7, 0xE0, 0x9E, 0x91, 0xBD, 0xEC, 0xF6, 0x58, 0xB3, 
	0x2C, 0x75, 0xA4, 0x32, 0x58, 0x35, 0x2F, 0x35, 0x05, 0x11, 0xA2, 0x98, 0x37, 0x21, 0xAB, 0xBE, 
	0x6F, 0x26, 0x96, 0x53, 0x63, 0x66, 0xA0, 0xA9, 0x4B, 0x2B, 0x53, 0xCE, 0x73, 0x87, 0x65, 0x24, 
	0x24, 0x56, 0xB2, 0x29, 0x6E, 0xD5, 0xF8, 0x14, 0x80, 0x9E, 0x83, 0x39, 0xB9, 0xA4, 0xB4, 0x0A, 
	0xCB, 0xDC, 0xD8, 0x92, 0x2F, 0x57, 0x78, 0x90, 0xEC, 0x2D, 0x49, 0xEE, 0xE2, 0xFB, 0xAC, 0x64, 
	0x64, 0x34, 0x99, 0x48, 0xE6, 0x9B, 0xAA, 0xAA, 0x3A, 0xEE, 0x21, 0x5F, 0x57, 0xD5, 0x1F, 0xB0, 
	0x53, 0x3E, 0x80, 0x57, 0xE0, 0xD5, 0x82, 0x88, 0x9A, 0x86, 0xBE, 0x7D, 0x83, 0xD5, 0xD2, 0x9E, 
	0xB1, 0xE1, 0x0D, 0xD0, 0x3D, 0x72, 0x6D, 0xCA, 0x2D, 0x14, 0xA5, 0x97, 0xCA, 0x91, 0xBD, 0x68, 
	0x7A, 0xA5, 0xB8, 0x8F, 0x17, 0x9F, 0x94, 0x30, 0xAD, 0x55, 0xE6, 0x0A, 0xB3, 0x30, 0xF2, 0xC3, 
	0x83, 0x52, 0x78, 0x72, 0xD9, 0xFC, 0xD8, 0xF8, 0x22, 0x01, 0x62, 0x94, 0x1F, 0x11, 0xF1, 0x66, 
	0x9F, 0x84, 0x7E, 0x6D, 0x54, 0x1F, 0x02, 0xD6, 0x4E, 0x8F, 0xE8, 0x72, 0x1B, 0x7E, 0xA6, 0x89, 
	0xE6, 0x6C, 0x78, 0xE1, 0x9F, 0x4D, 0xDD, 0x76, 0x6F, 0xC6, 0x61, 0x6B, 0x63, 0x3A, 0x7F, 0xBF, 
	0xB2, 0x47, 0xB8, 0x70, 0x76, 0x19, 0x73, 0xCD, 0x1C, 0x59, 0xC1, 0xEC, 0x56, 0x05, 0xBA, 0x73, 
	0xB2, 0x23, 0x5B, 0x55, 0x52, 0xEF, 0xF9, 0x51, 0x3A, 0x87, 0x86, 0x67, 0xEB, 0x6B, 0x74, 0x70, 
	0x43, 0x5C, 0x4C, 0x54, 0x6F, 0xEB, 0x1A, 0xEC, 0x7E, 0xC7, 0x6B, 0xF3, 0x48, 0x48, 0x9A, 0xBC, 
	0x4F, 0x6D, 0x73, 0x2A, 0x08, 0x2A, 0xDE, 0x60, 0x2E, 0x5D, 0xC1, 0x27, 0x37, 0x7E, 0x5A, 0x15, 
	0x8C, 0x59, 0xDE, 0x35, 0x5B, 0x97, 0x51, 0x0C, 0x7C, 0xFA, 0xAB, 0x50, 0xEB, 0x89, 0xF1, 0x86, 
	0xBD, 0x65, 0xE4, 0x15, 0xE2, 0x99, 0xDB, 0x49, 0xA0, 0x72, 0xE0, 0x82, 0xCD, 0xFA, 0x27, 0x1E, 
	0x85, 0xB5, 0x32, 0x4A, 0x7E, 0x82, 0x1C, 0x8C, 0xD9, 0x2F, 0x43, 0xE5, 0x97, 0x6D, 0xE7, 0x96, 
	0xCC, 0x0C, 0xCE, 0xF9, 0x61, 0x6B, 0x7E, 0x6E, 0xA6, 0xE9, 0x9A, 0xA5, 0x80, 0xCA, 0x21, 0xC4, 
	0xB9, 0x18, 0xA9, 0x50, 0x49, 0xA1, 0xBE, 0xD9, 0xE4, 0x7B, 0xDD, 0x31, 0x76, 0x3A, 0x10, 0x89, 
	0xD8, 0x6E, 0x3F, 0x35, 0xCA, 0x70, 0xC8, 0x12, 0xDD, 0x15, 0x71, 0x11, 0x2B, 0x72, 0x11, 0x1E, 
	0x55, 0xF4, 0xE3, 0x1A, 0x47, 0x83, 0xF8, 0xF9, 0xA1, 0x2B, 0x12, 0x92, 0x29, 0xA8, 0x51, 0xD7, 
	0xF2, 0xB4, 0x0A, 0x3E, 0xF2, 0xDF, 0x3B, 0x13, 0xAC, 0x13, 0x03, 0x65, 0xE7, 0xFC, 0x28, 0xDC, 
	0x4A, 0x1B, 0x1F, 0xC0, 0x45, 0x2D, 0xEC, 0xCC, 0xAF, 0x7C, 0x48, 0x17, 0x37, 0x1C, 0x06, 0xA5, 
	0xC6, 0x08, 0xEE, 0xEE, 0xA9, 0x8F, 0x8C, 0x49, 0x0E, 0x35, 0xA2, 0xBF, 0xF8, 0xF5, 0xDD, 0xAE, 
	0x0E, 0x13, 0xA5, 0xE0, 0x18, 0x2B, 0x2C, 0xEB, 0x6E, 0xBB, 0xDE, 0xC9, 0x8A, 0x56, 0xF1, 0xF4, 
	0xB7, 0x85, 0xD3, 0x5B, 0xC8, 0xD3, 0x18, 0x2E, 0x92, 0xD7, 0xB8, 0x5E, 0xB3, 0x78, 0x41, 0xCC, 
	0xCF, 0x9E, 0xB2, 0x25, 0xBE, 0xA0, 0x96, 0xDD, 0xC7, 0x4C, 0x25, 0x1D, 0x06, 0xAB, 0x55, 0x71, 
	0xBB, 0x72, 0x3F, 0xD1, 0x92, 0x8D, 0x67, 0x20, 0x9B, 0x51, 0x6A, 0xC5, 0xAF, 0x24, 0x9F, 0x7B, 
	0x75, 0x6B, 0x4C, 0x7D, 0x95, 0x2C, 0x86, 0xC4, 0x6E, 0x6D, 0x42, 0xC5, 0xD0, 0x26, 0x9F, 0xAD, 
	0x91, 0x07, 0xAC, 0x20, 0x35, 0x21, 0x94, 0x2F, 0x21, 0xE7, 0xE6, 0xE6, 0x95, 0x1C, 0xCC, 0x90, 
	0x78, 0x45, 0x6B, 0x51, 0xD9, 0xF0, 0xCD, 0xA4, 0x9D, 0x95, 0x4F, 0xCA, 0x39, 0x04, 0xE2, 0xF5, 
	0x82, 0x80, 0xA9, 0x15, 0x30, 0x79, 0x25, 0x36, 0xAD, 0x2F, 0x31, 0xCD, 0x42, 0x13, 0xF3, 0xC2, 
	0xFB, 0xEC, 0xFE, 0x2E, 0x24, 0xA6, 0x83, 0x3C, 0x4F, 0x2C, 0x43, 0x6F, 0x95, 0x54, 0x89, 0x62, 
	0x7F, 0x3B, 0x78, 0xE6, 0x23, 0x16, 0xD2, 0xEA, 0xA0, 0x6A, 0x41, 0xF4, 0xB2, 0x49, 0xB1, 0x8D, 
	0xD4, 0x3F, 0xC6, 0xD9, 0x19, 0x8F, 0x42, 0x19, 0x1C, 0x9B, 0x15, 0x3B, 0x91, 0x89, 0x51, 0xC8, 
	0x45, 0x7C, 0x64, 0x33, 0xAC, 0xEA, 0x12, 0xB1, 0xCB, 0x2B, 0xE2, 0x19, 0x18, 0x6E, 0xF8, 0x3C, 
	0x7A, 0x06, 0x84, 0x92, 0x7C, 0x6D, 0xF4, 0x96, 0x48, 0x71, 0x7A, 0x0D, 0xE2, 0xB0, 0x6A, 0xDE, 
	0x0D, 0xAB, 0x8D, 0xA6, 0xDC, 0x8B, 0x5C, 0xD2, 0xD8, 0xDD, 0xF3, 0x14, 0xBF, 0xE0, 0x45, 0xBD, 
	0x16, 0x26, 0xCA, 0xBC, 0x63, 0x7B, 0x1B, 0xBE, 0xB3, 0x2A, 0x3C, 0xE9, 0x86, 0x4E, 0x6F, 0x15, 
	0xBB, 0x3B, 0x07, 0x5B, 0xAE, 0xF0, 0xE4, 0x50, 0xF5, 0x23, 0x08, 0x2A, 0x37, 0x61, 0x44, 0x0E, 
	0x4E, 0x91, 0x2F, 0x09, 0xD8, 0x9B, 0x5F, 0x95, 0xF2, 0x47, 0xED, 0x64, 0x65, 0x76, 0x6E, 0x8B, 
	0x1B, 0x74, 0xC3, 0xAF, 0x69, 0xC2, 0x29, 0xCE, 0x26, 0x66, 0xB2, 0xFB, 0x16, 0x4D, 0x44, 0xA6, 
	0xB6, 0x3F, 0xF6, 0x78, 0x50, 0x1D, 0xF4, 0xB7, 0x50, 0x59, 0x29, 0xF2, 0xCF, 0xCC, 0xCA, 0x5B, 
	0x44, 0xE7, 0xB4, 0x3B, 0x58, 0x22, 0xF2, 0x19, 0xC5, 0x68, 0x77, 0x57, 0x12, 0x82, 0xDC, 0x09, 
	0x52, 0x13, 0x9C, 0x44, 0x1C, 0xDD, 0x95, 0x90, 0x91, 0x12, 0x41, 0xBB, 0x1F, 0x6C, 0x5A, 0x35, 
	0x34, 0x18, 0x89, 0xD9, 0x1E, 0xA0, 0xBA, 0x52, 0x3E, 0xA3, 0xB1, 0x4D, 0x34, 0x6F, 0x23, 0x37, 
	0xE6, 0x23, 0x50, 0xF5, 0xE4, 0x68, 0x1E, 0x65, 0x54, 0xF4, 0xA1, 0xE8, 0xCE, 0x16, 0x52, 0xAF, 
	0x7F, 0x75, 0x0F, 0xCC, 0x51, 0x84, 0x1C, 0xAA, 0x51, 0xD7, 0xAF, 0x40, 0x8F, 0xFB, 0x77, 0x47, 
	0xE0, 0x66, 0x34, 0x79, 0x6D, 0x84, 0x07, 0x3F, 0xBC, 0xD1, 0x7A, 0x06, 0x92, 0xD7, 0x66, 0x2F, 
	0x58, 0x94, 0xBE, 0x95, 0xD0, 0x7C, 0x30, 0x24, 0x7D, 0xB0, 0x9C, 0xD4, 0x75, 0xA7, 0xAB, 0xE0, 
	0x56, 0xED, 0x54, 0xD5, 0xA4, 0xC4, 0x1E, 0xE1, 0xB8, 0x49, 0xEA, 0xD0, 0x58, 0x8F, 0x89, 0xBC, 
	0xAE, 0x19, 0x2E, 0xD2, 0xAE, 0xB9, 0x83, 0x57, 0x0B, 0xD6, 0x9A, 0x13, 0x36, 0x6D, 0x11, 0x8D, 
	0xDD, 0xED, 0x9D, 0x7C, 0x99, 0x2E, 0x90, 0xF0, 0xB6, 0x14, 0x1D, 0x67, 0xF4, 0x7E, 0x42, 0x4F, 
	0x07, 0x7E, 0xBC, 0xAF, 0x09, 0x10, 0x01, 0xB7, 0xB5, 0x2A, 0x9D, 0x1D, 0x76, 0xD6, 0x44, 0x9D, 
	0xF5, 0x76, 0xEC, 0x13, 0x8A, 0x3B, 0x1C, 0xB7, 0xE0, 0xEE, 0xF2, 0x3C, 0xB0, 0x5F, 0x5E, 0x8D, 
	0x90, 0x91, 0xBE, 0x67, 0x25, 0xC4, 0x08, 0x9C, 0x0F, 0x44, 0xA3, 0x79, 0xEC, 0xFA, 0x54, 0x22, 
	0x9C, 0xA4, 0x1F, 0x75, 0xE4, 0x0E, 0xAC, 0x6F, 0x18, 0xAF, 0x50, 0xC9, 0xD3, 0x91, 0x2F, 0xEB, 
	0x37, 0xE0, 0x6F, 0x8D, 0x87, 0xBE, 0x43, 0x0A, 0x26, 0x17, 0x73, 0xF2, 0x87, 0x68, 0xAD, 0xE7, 
	0x8B, 0xB9, 0xBE, 0x0F, 0x2F, 0x2A, 0xC7, 0xEB, 0xC4, 0x3B, 0xE9, 0x31, 0xC3, 0xEB, 0x55, 0xB7, 
	0x66, 0x3F, 0xD7, 0x19, 0xC7, 0x54, 0xD7, 0xC0, 0xDD, 0x71, 0xC9, 0xAC, 0x3B, 0x41, 0x48, 0x9D, 
	0x0A, 0xE4, 0x77, 0x3A, 0x1E, 0xC2, 0x4B, 0xEB, 0x18, 0x46, 0x8C, 0x7A, 0x39, 0xD6, 0xDC, 0xED, 
	0x5E, 0x4E, 0x25, 0x11, 0xBE, 0x60, 0x6C, 0x63, 0xA0, 0x2B, 0x48, 0xE1, 0x45, 0x32, 0x5A, 0xAE, 
	0x1C, 0x79, 0xB1, 0xD2, 0x8C, 0x8F, 0x5D, 0xF4, 0xC6, 0xD2, 0xBE, 0x43, 0xDB, 0x4F, 0x50, 0x59, 
	0xDB, 0xDF, 0x31, 0xF6, 0x60, 0x56, 0xDB, 0x58, 0x91, 0x2F, 0x76, 0x55, 0xF1, 0x6D, 0x97, 0x52, 
	0x64, 0xB1, 0xE3, 0xF1, 0x80, 0xA9, 0xB5, 0x50, 0x51, 0xBA, 0xF7, 0x43, 0xB4, 0xA7, 0x8E, 0x95, 
	0x7B, 0xBC, 0xC8, 0x96, 0xA3, 0x38, 0x93, 0xB5, 0x78, 0x6C, 0xC7, 0xD6, 0xE3, 0x9F, 0x1E, 0x6E, 
	0x43, 0xDC, 0x59, 0xE7, 0x26, 0xD2, 0x6D, 0xEA, 0xD4, 0x09, 0xA2, 0x81, 0xD0, 0xF1, 0xDE, 0x0A, 
	0x44, 0xBD, 0xC2, 0xCD, 0xE4, 0x78, 0x55, 0x7F, 0xB4, 0xDC, 0x9F, 0xA2, 0xAC, 0x16, 0x54, 0xD8, 
	0xA4, 0x66, 0x34, 0x66, 0xC3, 0x60, 0xE5, 0xC0, 0x10, 0x8D, 0x20, 0x5E, 0x6F, 0xAC, 0xF2, 0xC4, 
	0x1B, 0xC0, 0xBD, 0xF3, 0x8A, 0x1F, 0x43, 0x68, 0x6B, 0x80, 0x30, 0x31, 0x26, 0x85, 0x41, 0x20, 
	0x26, 0x91, 0x9D, 0x54, 0xEC, 0xFC, 0x29, 0x51, 0x5B, 0x79, 0x84, 0x7E, 0xEF, 0xEB, 0xEE, 0xC9, 
	0x57, 0xAF, 0x4E, 0x98, 0x1B, 0xB2, 0xFB, 0xF3, 0x59, 0x5E, 0xA3, 0x49, 0x49, 0x5A, 0x1D, 0x82, 
	0x1B, 0xDC, 0x9C, 0xD7, 0x4C, 0x11, 0x4B, 0x14, 0xD6, 0xC1, 0x0C, 0xB3, 0xED, 0x40, 0x4C, 0xC2, 
	0x26, 0x6E, 0xDB, 0x99, 0x52, 0x63, 0x7D, 0x65, 0xCB, 0x86, 0x21, 0xDE, 0x40, 0x5B, 0xA2, 0x35, 
	0x60, 0xBC, 0x19, 0x7B, 0x8C, 0x6C, 0x2B, 0x29, 0x4A, 0x78, 0x9E, 0x49, 0x1A, 0xAE, 0xF8, 0x4A, 
	0x3F, 0xF0, 0xE1, 0x10, 0x11, 0xB3, 0x2F, 0xC7, 0xF1, 0x12, 0x84, 0x6A, 0x42, 0xE5, 0xFC, 0xFE, 
	0xA3, 0xA2, 0xD9, 0x0D, 0xB5, 0x77, 0xC4, 0x8F, 0x09, 0xB9, 0x4A, 0x92, 0x4F, 0x08, 0x4A, 0x7C, 
	0x1F, 0x44, 0x8F, 0x56, 0x64, 0xDC, 0xCD, 0x13, 0x6D, 0x0F, 0xC5, 0x69, 0xCE, 0xF5, 0xAB, 0x9C, 
	0x15, 0x0D, 0xAB, 0x77, 0xEC, 0x1E, 0xA6, 0xF6, 0x19, 0xB3, 0xCA, 0x6B, 0x90, 0x56, 0xF6, 0x8F, 
	0xC6, 0x64, 0x29, 0x2D, 0x78, 0x88, 0x9C, 0xB8, 0xA8, 0xB4, 0xB4, 0xBD, 0x8B, 0xE4, 0x99, 0x7D, 
	0x98, 0x89, 0x3D, 0x26, 0x6C, 0xBD, 0xBF, 0xF2, 0x29, 0x8B, 0xEA, 0xC2, 0x21, 0x54, 0x30, 0x3C, 
	0x04, 0x4E, 0xB0, 0x8D, 0xAB, 0xE4, 0x3F, 0x44, 0x97, 0x37, 0xE7, 0x9F, 0x2C, 0xB5, 0x23, 0xD0, 
	0xCC, 0xA8, 0xFA, 0xB5, 0xA4, 0x72, 0x54, 0xC6, 0x93, 0x77, 0x58, 0xE9, 0x40, 0x49, 0x6A, 0x37, 
	0x2D, 0x31, 0x3C, 0xA9, 0x7B, 0xB6, 0xA3, 0xD8, 0xF8, 0xC1, 0x1F, 0x6E, 0x94, 0xEB, 0xFC, 0xB8, 
	0xDE, 0x09, 0x6F, 0xF7, 0x2B, 0xA0, 0x24, 0x8C, 0x65, 0xA4, 0x92, 0x8A, 0x6E, 0xEB, 0xAC, 0xD7, 
	0x58, 0x20, 0xA0, 0x23, 0x84, 0x47, 0x48, 0x75, 0x1D, 0x91, 0xB0, 0xF5, 0xEA, 0x91, 0x60, 0xD7, 
	0xB6, 0x3C, 0xEE, 0x3B, 0xA3, 0x6E, 0x47, 0x25, 0x3F, 0x65, 0x18, 0x6A, 0x5F, 0x96, 0x44, 0x57, 
	0x29, 0x39, 0xBD, 0xA9, 0xAD, 0x5E, 0x05, 0xD0, 0xF6, 0x0B, 0x24, 0x32, 0x5B, 0x27, 0xC6, 0xE0, 
	0xD2, 0xF3, 0xCC, 0xC9, 0x21, 0x54, 0x4E, 0x29, 0x75, 0x05, 0x3B, 0xBB, 0xD9, 0x1E, 0xEC, 0xAC, 
	0x0E, 0xAD, 0x4D, 0x65, 0xDA, 0x55, 0x0A, 0x85, 0x3C, 0x4E, 0xC1, 0x6E, 0x52, 0xC8, 0x48, 0x20, 
	0x62, 0xE3, 0x24, 0x75, 0x83, 0x7E, 0x2F, 0x0C, 0x08, 0xBF, 0x58, 0xEB, 0xDA, 0xC5, 0xF1, 0x90, 
	0xF1, 0xC4, 0xD9, 0xBA, 0x44, 0x04, 0x01, 0xD2, 0x34, 0xCF, 0xCD, 0x37, 0x50, 0x2B, 0x1E, 0xB0, 
	0x4D, 0xCA, 0xFB, 0x4F, 0x1D, 0x80, 0x39, 0x02, 0x87, 0x1C, 0x80, 0xB2, 0x7A, 0x87, 0xC9, 0x87, 
	0x9C, 0xA0, 0xF9, 0x4E, 0x17, 0xD0, 0xFA, 0xE6, 0xC9, 0xF5, 0x63, 0x5F, 0x13, 0x5D, 0x26, 0x90, 
	0xF6, 0x6E, 0x6D, 0x7F, 0x3E, 0x92, 0x33, 0x07, 0x51, 0x53, 0xDF, 0x10, 0xF3, 0xCF, 0x80, 0xE0, 
	0x59, 0x93, 0x27, 0x01, 0xC8, 0xC1, 0x70, 0x86, 0xA5, 0x1E, 0x7B, 0x1C, 0x64, 0x25, 0x82, 0x6D, 
	0xA0, 0x7D, 0x50, 0xB3, 0x6D, 0x64, 0x40, 0xD8, 0x53, 0xDF, 0x7A, 0x34, 0xD1, 0x8D, 0x68, 0xBD, 
	0x19, 0xE4, 0xA5, 0x22, 0x0D, 0x30, 0x30, 0x69, 0x14, 0xA3, 0x2B, 0xBF, 0x5F, 0xA5, 0xD8, 0xB8, 
	0x18, 0xD4, 0x72, 0xC4, 0x58, 0x2A, 0xEE, 0x24, 0x13, 0x41, 0x1C, 0xB8, 0xA0, 0x3D, 0x54, 0xF3, 
	0x82, 0xF9, 0xBF, 0x22, 0x84, 0x2E, 0x87, 0x09, 0xE7, 0x2B, 0x2C, 0x1A, 0x15, 0xAA, 0x26, 0xB1, 
	0xBC, 0x68, 0x7D, 0xD3, 0xCB, 0xA7, 0x54, 0x0F, 0xDC, 0xE6, 0xA5, 0x88, 0x15, 0xD5, 0x7F, 0x39, 
	0xD9, 0x2C, 0x95, 0xC2, 0x33, 0x2F, 0x2C, 0x83, 0xDC, 0x0B, 0x4F, 0x0F, 0xDE, 0x8A, 0xBC, 0x7C, 
	0xC1, 0xF1, 0x25, 0x4D, 0xC9, 0x2D, 0xA6, 0xCF, 0xB0, 0x57, 0xBE, 0xA7, 0x19, 0x07, 0x70, 0xDE, 
	0x37, 0xC0, 0x4F, 0x2A, 0x0A, 0x4D, 0x27, 0xEE, 0x22, 0xC7, 0x4A, 0xDB, 0x54, 0xF0, 0x88, 0xCC, 
	0xF0, 0x79, 0xC8, 0xE4, 0x87, 0x7D, 0xD0, 0x54, 0x05, 0x14, 0x19, 0x7F, 0xB3, 0xC6, 0x4A, 0x39, 
	0x08, 0x4E, 0xBF, 0xA0, 0x5B, 0x25, 0xEE, 0x25, 0x7F, 0x1D, 0x8E, 0x27, 0xE1, 0x63, 0xA5, 0x58, 
	0xAE, 0xD4, 0xF7, 0x98, 0x38, 0x05, 0xED, 0x38, 0x17, 0xB6, 0x34, 0xC5, 0x34, 0xB5, 0x59, 0x37, 
	0xA2, 0x3E, 0xE2, 0xC9, 0x7C, 0xC2, 0x87, 0x87, 0xA9, 0x79, 0xB6, 0xA1, 0x87, 0x97, 0xC7, 0x6F, 
	0x22, 0x14, 0xEE, 0xA3, 0x5A, 0x99, 0xB0, 0xE9, 0xCF, 0xE8, 0x73, 0x75, 0xD6, 0x10, 0x75, 0x9E, 
	0xFB, 0xFD, 0x87, 0x8A, 0xEF, 0xDF, 0x23, 0x8D, 0xC4, 0x8C, 0x1C, 0x72, 0x1A, 0x11, 0xE6, 0x45, 
	0xEF, 0x37, 0x07, 0x8F, 0x87, 0xAF, 0x09, 0xB5, 0xB4, 0x41, 0x2F, 0xB8, 0x48, 0x57, 0xE7, 0x11, 
	0x9B, 0x26, 0x3C, 0x18, 0x76, 0x9B, 0x71, 0x5D, 0xAF, 0xF4, 0xF9, 0x0E, 0xAC, 0xB6, 0x8C, 0xBE, 
	0xA3, 0x34, 0x43, 0x46, 0x87, 0x38, 0x51, 0xA6, 0xF5, 0x67, 0xAB, 0x32, 0x17, 0xD8, 0x5A, 0xBF, 
	0xC8, 0x3A, 0xAE, 0xE2, 0xE5, 0xB7, 0xA1, 0xCC, 0xF4, 0x75, 0x8F, 0xF0, 0xA4, 0x09, 0x6B, 0xA9, 
	0x34, 0x28, 0xBA, 0xD0, 0x52, 0x9F, 0x75, 0x7E, 0x76, 0x0E, 0x13, 0x87, 0x2D, 0x5D, 0xB4, 0xEE, 
	0x5F, 0xC4, 0x68, 0xB0, 0x39, 0x66, 0x32, 0x96, 0xBC, 0xA9, 0xF4, 0x42, 0x48, 0xEC, 0xDF, 0x89, 
	0x57, 0x32, 0x6E, 0x95, 0xDE, 0xFA, 0xA2, 0xCE, 0xAE, 0xF1, 0x72, 0xF0, 0x80, 0x1B, 0x87, 0x79, 
	0xD9, 0x82, 0xB6, 0x8D, 0x8F, 0x7B, 0x12, 0x37, 0xD7, 0x68, 0x32, 0x0F, 0x3C, 0x16, 0x7A, 0x95, 
	0x77, 0x6D, 0x30, 0x44, 0x85, 0xC7, 0x78, 0xF6, 0xCA, 0xE0, 0xB0, 0xC4, 0x39, 0xCD, 0xAD, 0x0E, 
	0x86, 0xF4, 0x0A, 0xB5, 0x4D, 0x3B, 0x8A, 0xE6, 0xD8, 0x6B, 0x26, 0xE9, 0x43, 0x71, 0x5F, 0xEB, 
	0x9B, 0x09, 0xB5, 0xCF, 0xA4, 0x27, 0xF5, 0x2E, 0x93, 0x9D, 0xB6, 0xA1, 0x9E, 0xE8, 0x5F, 0x18, 
	0x3B, 0xE0, 0x77, 0xDB, 0xD8, 0x82, 0x6F, 0xB5, 0xCC, 0x84, 0xA2, 0xAF, 0x29, 0xA4, 0xF2, 0x77, 
	0x69, 0x29, 0xC4, 0x75, 0xBB, 0x9C, 0xAC, 0x3F, 0x93, 0xF8, 0x55, 0x74, 0x37, 0x38, 0x41, 0xDA, 
	0x79, 0xF9, 0x39, 0xCB, 0xDD, 0xA8, 0xD1, 0x76, 0x8C, 0x8B, 0x6D, 0x5B, 0x04, 0xCF, 0x2A, 0xB4, 
	0x48, 0x12, 0xE2, 0xB1, 0x92, 0x5B, 0x5A, 0xE9, 0xE5, 0xD9, 0x28, 0x77, 0x93, 0x26, 0x72, 0x71, 
	0x61, 0xF4, 0x49, 0xB8, 0x29, 0x91, 0x4C, 0xAD, 0x8F, 0x65, 0x21, 0x48, 0x07, 0x9E, 0x32, 0x36, 
	0x25, 0x02, 0x93, 0x57, 0xEE, 0x10, 0x44, 0xBC, 0x53, 0x19, 0xBD, 0x33, 0x81, 0x8F, 0x73, 0x93, 
	0xD0, 0xA5, 0x97, 0x17, 0x92, 0xBB, 0xC5, 0xD6, 0xEA, 0xF0, 0x4B, 0x22, 0x86, 0x46, 0xBE, 0x1E, 
	0xAF, 0x47, 0x3B, 0x72, 0xEB, 0xD6, 0x23, 0xEC, 0x4A, 0x9C, 0xB7, 0x57, 0xEC, 0xFA, 0x22, 0xDA, 
	0x4D, 0xBE, 0x0E, 0x7F, 0x57, 0x14, 0xA0, 0x12, 0x68, 0x26, 0x4D, 0xC3, 0x1E, 0x66, 0xF6, 0x60, 
	0x47, 0x27, 0x1A, 0x68, 0xAC, 0x81, 0xE5, 0x9A, 0xD9, 0x6E, 0x63, 0xF3, 0xF5, 0x63, 0xB1, 0xB9, 
	0xDE, 0x38, 0x51, 0x1A, 0x95, 0x18, 0xA9, 0x45, 0x7C, 0xED, 0x9E, 0x76, 0x52, 0x58, 0x59, 0xBA, 
	0xCB, 0x0E, 0x68, 0xD8, 0x8A, 0x4A, 0x2B, 0x79, 0xD7, 0x72, 0x14, 0x74, 0xC8, 0x40, 0xF2, 0x48, 
	0x69, 0xC5, 0x28, 0x14, 0xCA, 0xC5, 0x17, 0x2D, 0x36, 0x5B, 0x67, 0x9A, 0x13, 0xCF, 0xC0, 0xD1, 
	0xE7, 0x48, 0x4C, 0xB1, 0xF0, 0xF8, 0xC0, 0x48, 0xA7, 0xAF, 0xF4, 0x71, 0xD8, 0xA2, 0x0B, 0x61, 
	0x5B, 0x71, 0x09, 0x06, 0x86, 0xB6, 0x5E, 0x55, 0x52, 0x68, 0xDB, 0x0C, 0x43, 0x39, 0x7A, 0xE2, 
	0xE2, 0x49, 0xBA, 0x2F, 0x93, 0xE0, 0xED, 0x54, 0x5C, 0x3D, 0x36, 0xB3, 0xB6, 0x29, 0x53, 0xD9, 
	0xCB, 0x20, 0x6F, 0xC4, 0x83, 0x08, 0x86, 0xF9, 0x40, 0x2A, 0x18, 0xAC, 0x24, 0x52, 0x4B, 0x19, 
	0xA2, 0x7C, 0xAF, 0xB1, 0x47, 0xDD, 0x71, 0xC5, 0xAB, 0x2A, 0xCC, 0x91, 0x14, 0xD5, 0xD7, 0x35, 
	0x7B, 0xAF, 0xCC, 0x7C, 0x8E, 0x45, 0x0E, 0x39, 0xEC, 0xB4, 0x0E, 0xF2, 0xE0, 0x8C, 0x4A, 0x46, 
	0xCE, 0x69, 0xF0, 0x1E, 0xDF, 0x62, 0x51, 0xA8, 0xF0, 0x8A, 0xBB, 0x66, 0xC1, 0x79, 0xDB, 0x9B, 
	0xDE, 0x42, 0x5B, 0x7F, 0xBF, 0x9E, 0xA5, 0xE0, 0x44, 0x25, 0x8B, 0x7B, 0xF7, 0xC2, 0xF7, 0x27, 
	0x9F, 0x80, 0x4D, 0x5D, 0xA1, 0x3A, 0x1E, 0xAC, 0x47, 0x7F, 0xC5, 0xF0, 0xE1, 0x20, 0x27, 0x2B, 
	0x09, 0xB2, 0x52, 0x8D, 0x4C, 0xBC, 0x90, 0x98, 0x72, 0xA3, 0x7F, 0x13, 0x10, 0x65, 0x51, 0x15, 
	0xF5, 0x5C, 0x52, 0xDA, 0xBE, 0xE1, 0xBB, 0x65, 0x4C, 0x45, 0xAF, 0x49, 0x8B, 0x78, 0xCE, 0xC0, 
	0xAD, 0x41, 0xB7, 0x9E, 0x7E, 0xE1, 0x69, 0xBF, 0x95, 0x68, 0x80, 0xDD, 0xDD, 0x82, 0xA1, 0x61, 
	0x75, 0x78, 0x96, 0x3C, 0x98, 0x61, 0x78, 0x09, 0x60, 0x05, 0x25, 0xA0, 0x2A, 0xCA, 0x70, 0xEE, 
	0x3B, 0xCF, 0xA8, 0xE6, 0xDF, 0xCA, 0x31, 0x90, 0x56, 0x9B, 0x3A, 0x65, 0x4F, 0x7B, 0xAE, 0x0B, 
	0x3E, 0x7E, 0x8F, 0x4C, 0xD3, 0x31, 0x14, 0xAB, 0x91, 0xF0, 0xB0, 0xAD, 0x2A, 0xE1, 0xE7, 0x35, 
	0xA2, 0xA5, 0xF1, 0xFA, 0x1F, 0xAA, 0x53, 0x08, 0x06, 0x86, 0x20, 0x55, 0x74, 0x71, 0x9E, 0xCB, 
	0x42, 0x13, 0x92, 0x43, 0x30, 0x50, 0xA4, 0x4A, 0x77, 0x60, 0xBA, 0x3D, 0x33, 0x0D, 0x98, 0x9C, 
	0xBB, 0xCF, 0x7B, 0xA0, 0xF0, 0x71, 0xA6, 0xD4, 0xAB, 0x79, 0x9D, 0xB4, 0x8F, 0xE4, 0x0A, 0x4C, 
	0xEB, 0xD2, 0xF1, 0x93, 0x83, 0x66, 0xBF, 0x69, 0x70, 0x8D, 0xB5, 0x6E, 0x21, 0x0E, 0x53, 0x38, 
	0xC9, 0x85, 0xE2, 0xF7, 0x76, 0x51, 0x70, 0x8E, 0xDF, 0xB1, 0x17, 0xC2, 0xF7, 0xFB, 0xCB, 0xE2, 
	0x95, 0x74, 0xC9, 0xF1, 0xE1, 0x85, 0x56, 0x7B, 0x6F, 0xD0, 0xDE, 0xB7, 0xDA, 0x50, 0x39, 0xB7, 
	0xE0, 0xF1, 0xE2, 0x61, 0xA9, 0x3F, 0x4F, 0x80, 0xFA, 0x90, 0xA8, 0x2D, 0x42, 0x4A, 0x58, 0xA8, 
	0xF0, 0xB3, 0x40, 0x6E, 0x7D, 0x48, 0xAF, 0xC0, 0x1E, 0x89, 0x65, 0xC8, 0x8F, 0xA5, 0xD5, 0xB5, 
	0xA2, 0x60, 0xEA, 0x79, 0xEC, 0x98, 0x55, 0xC3, 0xF3, 0x70, 0x8D, 0xA7, 0x23, 0xF6, 0x7C, 0x94, 
	0x95, 0x4C, 0x39, 0x4F, 0xB2, 0xDD, 0xA6, 0x35, 0xAC, 0x23, 0x58, 0xAB, 0x79, 0x8E, 0x33, 0x69, 
	0x60, 0x0B, 0x7F, 0x35, 0xA9, 0x4E, 0xE4, 0x48, 0x60, 0xB0, 0xC6, 0x70, 0x63, 0xC4, 0x56, 0x51, 
	0x9B, 0x0F, 0xA2, 0x2F, 0x10, 0xF5, 0x54, 0x8B, 0x35, 0xE5, 0xC3, 0xA2, 0x0F, 0xEE, 0xA6, 0xF7, 
	0x22, 0x3E, 0xED, 0xCE, 0x81, 0xCF, 0xF7, 0x9A, 0x8B, 0xD4, 0x4D, 0xD9, 0x1E, 0xD7, 0x84, 0x5C, 
	0xDA, 0xC0, 0x5D, 0xD1, 0x3A, 0xD8, 0x47, 0x65, 0x31, 0x70, 0x80, 0x35, 0xD0, 0x62, 0xF7, 0x47, 
	0x6F, 0x5A, 0x80, 0xC2, 0x25, 0x2B, 0xBA, 0x3D, 0x5B, 0x4D, 0xE1, 0xB5, 0x64, 0x08, 0x04, 0xE9, 
	0xD2, 0x4B, 0xF5, 0x81, 0xF4, 0x4B, 0x76, 0x13, 0xE2, 0x2F, 0x62, 0x37, 0x9F, 0xC1, 0x76, 0xDC, 
	0xB5, 0xB4, 0x57, 0xDC, 0x7D, 0xD8, 0xEE, 0x65, 0x6E, 0x91, 0x6D, 0xDB, 0x99, 0x80, 0x43, 0x2A, 
	0x8D, 0x7D, 0x33, 0x80, 0x5F, 0x73, 0x55, 0xA2, 0x55, 0x8D, 0x27, 0xC5, 0x57, 0xB2, 0x9D, 0x51, 
	0xCD, 0xB5, 0x7C, 0x36, 0x9A, 0xEE, 0x9E, 0x13, 0xF3, 0x38, 0x79, 0xA6, 0x37, 0x21, 0x08, 0xC3, 
	0xE6, 0x56, 0x75, 0xA2, 0x85, 0x47, 0x99, 0x13, 0xE8, 0x3D, 0x58, 0x59, 0xEC, 0x52, 0x7B, 0xBA, 
	0x6F, 0xC2, 0xEA, 0x1A, 0xC0, 0x0C, 0x3C, 0x0D, 0xE4, 0xB6, 0xAC, 0x97, 0xD3, 0x46, 0x8B, 0x78, 
	0x47, 0xAA, 0x42, 0xD0, 0xBA, 0x16, 0x80, 0xEF, 0x11, 0xA7, 0x91, 0x8D, 0xBA, 0x24, 0x7E, 0x31, 
	0xBC, 0x64, 0x8A, 0x1F, 0x53, 0x31, 0xB9, 0xE6, 0xD0, 0xB8, 0x77, 0x7C, 0x4D, 0xB9, 0x78, 0x8D, 
	0xBD, 0x95, 0xD5, 0x66, 0x71, 0xB3, 0xA5, 0xCD, 0x75, 0x92, 0x37, 0x59, 0x0F, 0x4F, 0x7B, 0x67, 
	0xBD, 0x08, 0x1F, 0x36, 0xC9, 0x23, 0x6A, 0xF8, 0xD7, 0xD8, 0x3E, 0x70, 0x85, 0x09, 0xBB, 0x41, 
	0x18, 0xF5, 0x87, 0xCB, 0x4F, 0xA0, 0xF8, 0xDB, 0xBD, 0x8C, 0x99, 0x09, 0x64, 0x93, 0xA8, 0xF2, 
	0xFB, 0x33, 0x58, 0x96, 0xE4, 0xF6, 0xFA, 0x75, 0xDA, 0xBF, 0x46, 0xD6, 0xA3, 0x08, 0xDD, 0x77, 
	0xB0, 0xF8, 0x67, 0xEB, 0x10, 0xC1, 0xF4, 0x23, 0x17, 0x3A, 0x04, 0x08, 0x7C, 0x1F, 0xA3, 0x37, 
	0xA8, 0x6E, 0xCC, 0xB6, 0x78, 0x77, 0x84, 0x26, 0x6E, 0x1C, 0xB9, 0x66, 0xD9, 0x36, 0xB1, 0xEB, 
	0xA7, 0x99, 0x80, 0xE3, 0x98, 0xA3, 0x65, 0x5C, 0x5C, 0x5C, 0x8E, 0x3F, 0x2E, 0x9B, 0x8A, 0x3F, 
	0xB5, 0x5F, 0x08, 0x4B, 0x77, 0xD6, 0x95, 0xC6, 0xBB, 0xA0, 0xCF, 0xF6, 0xAB, 0x8E, 0x74, 0x33, 
	0x9B, 0xED, 0xD3, 0x1C, 0x09, 0x30, 0x78, 0x38, 0x0F, 0xA1, 0x58, 0xAD, 0x6C, 0x69, 0xB8, 0xF6, 
	0xB1, 0x96, 0x5F, 0x69, 0x1F, 0xDF, 0x17, 0xD3, 0x92, 0x15, 0x72, 0xD1, 0x93, 0xA2, 0xC0, 0x86, 
	0x0E, 0x23, 0x34, 0x23, 0x99, 0x08, 0xD7, 0x0B, 0x51, 0xDA, 0x4B, 0xC1, 0x62, 0x42, 0x1D, 0x18, 
	0xB5, 0xBD, 0x30, 0x56, 0xAA, 0xEA, 0x56, 0x98, 0x6E, 0x36, 0x94, 0x7E, 0x55, 0x7F, 0xB0, 0xF8, 
	0xE4, 0x64, 0x6B, 0x0B, 0xB3, 0x28, 0x97, 0xE3, 0x0C, 0xC9, 0x43, 0x24, 0x55, 0x7B, 0xE6, 0x19, 
	0xB9, 0x86, 0xA4, 0xB0, 0xA8, 0xBF, 0x19, 0x11, 0x75, 0xD4, 0x13, 0xB1, 0xD1, 0xC2, 0xBD, 0x76, 
	0xDC, 0xCF, 0x2A, 0xF3, 0xEB, 0x38, 0x20, 0xC9, 0x94, 0x53, 0x09, 0xAB, 0xCD, 0xF7, 0xD8, 0x27, 
	0x3C, 0x99, 0xE9, 0x5B, 0xA7, 0xBF, 0x7D, 0x12, 0x7E, 0xD2, 0x89, 0x99, 0x1E, 0x7E, 0xBC, 0x8E, 
	0x5B, 0xAB, 0xEB, 0x8C, 0xDF, 0x52, 0x42, 0x73, 0x26, 0x35, 0x4B, 0xA8, 0x64, 0x1D, 0xE8, 0x54, 
	0x5F, 0xC1, 0x13, 0x67, 0x7E, 0xD0, 0x1F, 0x28, 0xF5, 0x17, 0xA6, 0x7D, 0x5A, 0x6D, 0x05, 0xAB, 
	0x4E, 0x41, 0x49, 0x73, 0x7E, 0x26, 0x44, 0x50, 0x7D, 0x68, 0xA4, 0x8E, 0xD2, 0xCB, 0xB6, 0x6C, 
	0xF4, 0xC5, 0xEC, 0x69, 0x18, 0x65, 0xD7, 0xC5, 0x11, 0x5F, 0x0D, 0xF3, 0xED, 0xB6, 0x36, 0x1A, 
	0x5A, 0xC8, 0x9C, 0xD4, 0xC5, 0xE1, 0xD4, 0xA9, 0x20, 0xC6, 0x94, 0x20, 0x1A, 0x7E, 0x0B, 0x08, 
	0x83, 0x64, 0x6E, 0xF0, 0x89, 0x75, 0x2B, 0x0B, 0x65, 0xC3, 0x15, 0x0B, 0x54, 0x0E, 0x61, 0xB5, 
	0xDF, 0xA8, 0x30, 0x0C, 0xD6, 0x4F, 0xF6, 0x8C, 0x11, 0x5B, 0x74, 0x65, 0x47, 0x3B, 0x2F, 0x86, 
	0x33, 0x77, 0x4E, 0x24, 0x11, 0x71, 0xBB, 0xE6, 0x90, 0x37, 0x15, 0xCD, 0x4A, 0xB1, 0x24, 0x55, 
	0xC7, 0x2B, 0x2F, 0xAC, 0x2A, 0x93, 0x3F, 0xBE, 0x1C, 0x14, 0x99, 0xBE, 0x98, 0x7A, 0xDE, 0x1F, 
	0xB2, 0xE4, 0x38, 0x31, 0x1F, 0x70, 0xC8, 0x22, 0x83, 0xA2, 0x60, 0xD2, 0x87, 0x7C, 0x45, 0x7B, 
	0xBD, 0xA9, 0xC4, 0xBB, 0x18, 0x93, 0x70, 0xF4, 0xA5, 0xEF, 0x4B, 0xC3, 0x77, 0x4C, 0x3D, 0x97, 
	0x99, 0x8E, 0xA8, 0xB0, 0x45, 0xF4, 0xE8, 0x28, 0x1A, 0x21, 0x16, 0xCA, 0x1A, 0xA6, 0x28, 0x7B, 
	0x09, 0x96, 0xEC, 0x5E, 0x48, 0x9A, 0xDD, 0x94, 0xBF, 0x0B, 0x7E, 0x68, 0x6B, 0x43, 0xB9, 0xCF, 
	0xEA, 0x62, 0x32, 0x76, 0x33, 0x26, 0x0D, 0x3F, 0xA1, 0xBA, 0x52, 0xC9, 0x19, 0x20, 0x6F, 0x75, 
	0x86, 0x73, 0x9A, 0x0B, 0x90, 0x83, 0x45, 0xAD, 0x33, 0x59, 0x62, 0xC3, 0x3B, 0x78, 0x57, 0x34, 
	0x71, 0x49, 0x26, 0xA6, 0xCA, 0x91, 0xA0, 0x90, 0x3F, 0x85, 0xFA, 0x2A, 0xC4, 0x3F, 0x53, 0x46, 
	0xD9, 0xA4, 0x9C, 0x86, 0xED, 0xAC, 0xAC, 0x58, 0x4A, 0x18, 0xC8, 0x64, 0xAA, 0x9C, 0x57, 0x0D, 
	0x98, 0x4F, 0xCA, 0xAF, 0x24, 0x5A, 0x70, 0xDF, 0x93, 0xA7, 0x14, 0x5C, 0xB0, 0xDB, 0x54, 0x95, 
	0x52, 0xAA, 0xAD, 0xE4, 0x7B, 0xF5, 0xA4, 0x38, 0x1F, 0x53, 0x9D, 0xEB, 0xDD, 0xD1, 0x78, 0x66, 
	0x7C, 0x72, 0x61, 0x34, 0x54, 0x3F, 0xAD, 0xDE, 0x09, 0x40, 0x41, 0x6D, 0x66, 0x7E, 0x4F, 0xDB, 
	0xBD, 0x26, 0x70, 0x7A, 0x69, 0xE4, 0x10, 0xCD, 0x60, 0x47, 0x91, 0x7A, 0xEC, 0xCE, 0xD8, 0x23, 
	0xC5, 0xC3, 0xED, 0x37, 0xC6, 0x6D, 0x07, 0xE1, 0x95, 0x86, 0x50, 0x76, 0xA0, 0x1B, 0xA5, 0x5F, 
	0xB3, 0x89, 0x7B, 0xDB, 0x3B, 0x6F, 0x34, 0x82, 0x5F, 0x1D, 0x4E, 0x4D, 0x41, 0xC6, 0x17, 0xC3, 
	0xEE, 0x5D, 0x7A, 0xDF, 0x0C, 0x97, 0x68, 0x39, 0xEB, 0xAD, 0xCB, 0xEB, 0x5B, 0x23, 0x26, 0x0B, 
	0x71, 0x7E, 0x39, 0xEE, 0x74, 0x17, 0xD0, 0x60, 0x26, 0x0F, 0x5F, 0x05, 0x47, 0x92, 0x0E, 0xD1, 
	0xF1, 0x52, 0xE7, 0xD9, 0xA3, 0x26, 0x48, 0xB6, 0x7C, 0xE9, 0x47, 0x84, 0x8F, 0xA8, 0xE2, 0xB9, 
	0xD8, 0xA9, 0x0B, 0xE3, 0xD5, 0xDA, 0x26, 0x2F, 0x57, 0x64, 0x43, 0x70, 0xB2, 0x75, 0x23, 0x75, 
	0x88, 0xC0, 0x1E, 0xD5, 0x7C, 0xBD, 0x85, 0x3E, 0x23, 0x95, 0x17, 0x46, 0x8A, 0x43, 0x73, 0xF0, 
	0x70, 0xA8, 0x2C, 0x36, 0x49, 0x58, 0x88, 0xA9, 0x52, 0x68, 0x4C, 0xC1, 0x53, 0x3A, 0x1A, 0x98, 
	0x15, 0xE4, 0xB0, 0x11, 0x7B, 0xCF, 0x54, 0x3D, 0x8E, 0xF7, 0x98, 0x7C, 0xAE, 0xF9, 0xD3, 0x28, 
	0x53, 0x3A, 0xC4, 0x90, 0xD9, 0xAA, 0x15, 0x36, 0xF4, 0x75, 0xC1, 0x6F, 0x11, 0x42, 0x20, 0x08, 
	0x81, 0xF9, 0x5B, 0xBA, 0xD7, 0x3F, 0x51, 0x14, 0x18, 0x69, 0x05, 0xA8, 0x85, 0x80, 0x58, 0x5A, 
	0x73, 0x11, 0x04, 0xEE, 0xC1, 0x6F, 0x09, 0x0B, 0x07, 0xC9, 0xDB, 0x1F, 0x11, 0x75, 0xC0, 0x42, 
	0x98, 0x39, 0x8B, 0xA1, 0xCA, 0x5A, 0x97, 0xD1, 0xAB, 0x4E, 0x78, 0xBE, 0xB9, 0xF0, 0xCC, 0x90, 
	0x48, 0xE0, 0xCE, 0xC2, 0x54, 0xC8, 0x32, 0x24, 0xB0, 0xF1, 0xAC, 0xC6, 0xA1, 0x48, 0x07, 0x86, 
	0xA1, 0xD3, 0xD1, 0xA7, 0xC9, 0x1F, 0x96, 0x64, 0xDD, 0xFB, 0x14, 0xCA, 0x32, 0x05, 0x5B, 0x6D, 
	0xEB, 0x95, 0x13, 0x78, 0x16, 0x7A, 0xAC, 0x48, 0xF4, 0x49, 0x2A, 0xBB, 0x2D, 0x95, 0x46, 0x0E, 
	0x91, 0x32, 0x6F, 0xF9, 0x72, 0xF1, 0x3C, 0x66, 0x0E, 0xE9, 0xA5, 0x4E, 0xD8, 0xEB, 0xAC, 0x79, 
	0x48, 0xD6, 0x92, 0x0C, 0xAC, 0xBB, 0x25, 0xF1, 0x77, 0x31, 0x40, 0x91, 0x42, 0xEE, 0x50, 0x99, 
	0x21, 0x8D, 0xB0, 0x35, 0x6F, 0xEC, 0xAB, 0x57, 0x11, 0x9E, 0x23, 0xD5, 0xF9, 0x72, 0xA7, 0xE6, 
	0xBF, 0xA3, 0x0C, 0x7C, 0x0C, 0x43, 0x71, 0x98, 0x5B, 0x36, 0xBA, 0x1C, 0x9F, 0x5F, 0x4C, 0xDD, 
	0x81, 0x61, 0xB3, 0x07, 0xBB, 0x8F, 0xA4, 0x62, 0x82, 0x8F, 0x42, 0x81, 0xD0, 0xCD, 0xC6, 0xD0, 
	0x79, 0xBF, 0x16, 0x56, 0x0E, 0x63, 0x12, 0x40, 0x97, 0xD5, 0x62, 0x62, 0x42, 0x59, 0xDF, 0x56, 
	0xA9, 0xFA, 0x98, 0x7F, 0x73, 0xD4, 0x47, 0x89, 0xA5, 0x42, 0xA9, 0x81, 0xE1, 0xDD, 0xCE, 0x09, 
	0x33, 0x29, 0x2C, 0x42, 0xDC, 0xF0, 0xBB, 0xD4, 0xCA, 0xA5, 0xB3, 0xDE, 0x28, 0x05, 0x18, 0x19, 
	0x47, 0xD2, 0x45, 0x05, 0xAF, 0x6C, 0xF1, 0xA5, 0x62, 0x3E, 0xF6, 0x62, 0xCB, 0xF4, 0xF8, 0x1C, 
	0x6A, 0xC0, 0xCC, 0x40, 0xD5, 0x46, 0xA0, 0x08, 0x1D, 0x2B, 0x4A, 0x3E, 0x76, 0xEF, 0x58, 0x3F, 
	0x90, 0x66, 0x96, 0x31, 0xE9, 0x64, 0xAA, 0x37, 0x39, 0x25, 0xA4, 0xE5, 0x65, 0xF2, 0xE4, 0x6F, 
	0x38, 0x8C, 0x46, 0x7F, 0x6B, 0x37, 0x67, 0x3D, 0x79, 0x0F, 0x8D, 0x72, 0xA8, 0x56, 0x62, 0x82, 
	0x79, 0x23, 0x66, 0xE0, 0xAD, 0x61, 0xAE, 0x95, 0x6D, 0x91, 0x17, 0x3F, 0x83, 0x4E, 0x95, 0x37, 
	0x4C, 0x89, 0xC8, 0xA8, 0x30, 0x3A, 0x0B, 0xB8, 0x6D, 0xDE, 0xDF, 0xB8, 0x42, 0xC2, 0x89, 0x7C, 
	0x8B, 0x8F, 0x63, 0x5C, 0x91, 0x95, 0xB6, 0xE9, 0xD3, 0x38, 0x7E, 0xC3, 0x62, 0xDC, 0x89, 0x60, 
	0x1E, 0xBC, 0x8A, 0x7D, 0xDD, 0x49, 0xE5, 0x96, 0x20, 0x60, 0x6E, 0x94, 0xD9, 0x8E, 0x63, 0x79, 
	0x0E, 0x3F, 0x1A, 0x08, 0x7E, 0xBA, 0xDB, 0x26, 0xEB, 0xB1, 0x30, 0x22, 0x2A, 0x30, 0x7D, 0xA6, 
	0xAF, 0x4A, 0x85, 0x23, 0x78, 0xC5, 0xE3, 0x86, 0x69, 0x3D, 0x66, 0xD6, 0x65, 0x57, 0xF6, 0xA3, 
	0xD1, 0xCA, 0x16, 0xA2, 0x7E, 0x16, 0xA0, 0xDC, 0xFC, 0xC3, 0x2D, 0x45, 0x55, 0x3A, 0xC3, 0x95, 
	0xC0, 0x32, 0xB8, 0xEE, 0x17, 0xC6, 0x31, 0x23, 0xCC, 0x2F, 0xD0, 0x9F, 0xC5, 0x73, 0xC9, 0xD1, 
	0x79, 0xC4, 0xAC, 0x4B, 0xA2, 0x5D, 0x05, 0x9F, 0xC4, 0x2F, 0x75, 0x6D, 0x71, 0x84, 0x0D, 0x65, 
	0xAE, 0x9A, 0x0C, 0x99, 0xD0, 0xDC, 0x65, 0xCC, 0x8A, 0xE7, 0xB7, 0x3E, 0x37, 0x9D, 0xAC, 0xC0, 
	0x2B, 0xD7, 0x45, 0x33, 0x50, 0xDE, 0x49, 0xAF, 0xC7, 0xAD, 0x10, 0x18, 0x38, 0x24, 0x48, 0x3E, 
	0x83, 0xB4, 0x2A, 0x1E, 0x31, 0x0A, 0x87, 0xAF, 0x57, 0x53, 0xD8, 0x5B, 0x04, 0x3F, 0xD8, 0xE2, 
	0xBC, 0xBD, 0x0A, 0x03, 0xEC, 0x8B, 0x2C, 0x13, 0x2B, 0x1C, 0xA6, 0x17, 0x8B, 0xAC, 0x0E, 0xE2, 
	0xEF, 0xB6, 0xC4, 0xA9, 0xB5, 0xE7, 0x2B, 0xAA, 0xB2, 0x36, 0x1A, 0xD7, 0x9A, 0x32, 0x10, 0x71, 
	0xB9, 0x1E, 0x15, 0x92, 0x3A, 0x9C, 0xD2, 0x93, 0xBD, 0x53, 0x1C, 0x67, 0x7F, 0x45, 0x1F, 0x16, 
	0x43, 0xC4, 0x7E, 0xBE, 0x1B, 0x9E, 0xF7, 0x89, 0xC3, 0x64, 0x16, 0x0E, 0x96, 0xC4, 0x54, 0x7F, 
	0x57, 0xA8, 0x80, 0x1D, 0xD1, 0x1F, 0xD0, 0xC8, 0xF4, 0x2C, 0xED, 0x81, 0x3F, 0x88, 0xD3, 0x2F, 
	0x82, 0x40, 0xBE, 0x3C, 0x28, 0xDA, 0x5C, 0xA5, 0x5A, 0xBF, 0x67, 0x5E, 0xCF, 0xF9, 0x25, 0xCD, 
	0x5E, 0x41, 0x30, 0xEE, 0xD1, 0x5D, 0x29, 0x1B, 0xE5, 0x85, 0xC6, 0xE9, 0x26, 0xB2, 0xDD, 0x58, 
	0x5A, 0x55, 0x07, 0x1A, 0xED, 0xD6, 0xDE, 0x68, 0xD3, 0x4E, 0x84, 0x93, 0x34, 0x3E, 0x55, 0x09, 
	0x40, 0x9B, 0x07, 0xDE, 0x3B, 0x5A, 0x1F, 0xA9, 0x70, 0x5A, 0x0A, 0x97, 0xA7, 0x83, 0x51, 0x8F, 
	0x17, 0x5F, 0x84, 0xC6, 0xAF, 0x3D, 0x9F, 0xBE, 0x65, 0xDB, 0xE3, 0xC2, 0xC4, 0x90, 0x4E, 0x72, 
	0x38, 0x9C, 0xB0, 0xEB, 0x4A, 0x9A, 0x80, 0x79, 0xDD, 0xA3, 0x0E, 0xC0, 0x88, 0x2C, 0xA0, 0xA8, 
	0xA4, 0xBD, 0x81, 0xE3, 0xA4, 0x50, 0x21, 0x8E, 0xB4, 0x89, 0xC6, 0x3D, 0xC9, 0x71, 0xAA, 0x4A, 
	0xF6, 0x2A, 0xE1, 0x55, 0x68, 0x2A, 0x78, 0x32, 0x5E, 0x57, 0x11, 0xDA, 0x8C, 0x74, 0xC5, 0x28, 
	0xA9, 0xCA, 0x12, 0x5C, 0x4D, 0xD7, 0x39, 0x78, 0x40, 0x41, 0x6A, 0x95, 0xB7, 0xE6, 0x9A, 0x6D, 
	0x13, 0x06, 0x36, 0x97, 0x38, 0x82, 0xA5, 0x56, 0xA3, 0x86, 0x47, 0xAD, 0xAC, 0xB3, 0x11, 0x4D, 
	0x7A, 0xEE, 0x34, 0x64, 0x57, 0x3E, 0x27, 0xD4, 0x14, 0x17, 0xE1, 0xC7, 0x17, 0x8E, 0x8C, 0x98, 
	0x85, 0x3F, 0x19, 0xA5, 0x61, 0xC9, 0xFC, 0x35, 0x1B, 0x38, 0xB7, 0x41, 0x15, 0xBA, 0x24, 0x4B, 
	0xF3, 0xA9, 0xCF, 0x7B, 0x88, 0x49, 0xA6, 0xE0, 0xD9, 0x27, 0x4A, 0xE9, 0x8D, 0x8C, 0x77, 0x51, 
	0x23, 0xB2, 0xE5, 0xA1, 0xC5, 0xA1, 0xE4, 0xCE, 0xC9, 0x8E, 0x73, 0xD0, 0x0F, 0xF3, 0x2D, 0xF4, 
	0xC4, 0x61, 0xC7, 0x5C, 0xD5, 0x5F, 0xD5, 0x88, 0x0C, 0x6E, 0x7C, 0x8D, 0x0A, 0x71, 0xA8, 0xD2, 
	0x57, 0x78, 0xE9, 0xDD, 0x7C, 0x24, 0x2E, 0x10, 0x64, 0x97, 0x48, 0x18, 0xF1, 0x57, 0xA1, 0x12, 
	0x11, 0x94, 0xD7, 0x18, 0x63, 0x63, 0x38, 0x7A, 0x9D, 0x3A, 0x53, 0x5B, 0x86, 0x7D, 0xDE, 0x3E, 
	0x2A, 0x81, 0x5E, 0x18, 0x9B, 0xFA, 0x13, 0x8B, 0x58, 0x8A, 0x06, 0xD7, 0x8D, 0x2D, 0x89, 0xE5, 
	0xD0, 0xE5, 0xA3, 0xF3, 0x78, 0xD1, 0xA8, 0x56, 0x53, 0x90, 0x8F, 0x60, 0x44, 0x55, 0x43, 0x4E, 
	0x62, 0xE1, 0x52, 0x41, 0x97, 0x73, 0x17, 0xB4, 0x98, 0x92, 0x58, 0x5F, 0x75, 0x80, 0x39, 0xCC, 
	0x90, 0xCF, 0xAA, 0xA7, 0x6D, 0xA6, 0x7E, 0x52, 0x7B, 0xBC, 0xD4, 0xE4, 0x8E, 0x40, 0x53, 0xB6, 
	0x67, 0xB1, 0xBA, 0xA0, 0xE3, 0x3E, 0x52, 0xBD, 0xD8, 0xE2, 0xDF, 0x0D, 0xA3, 0xD5, 0x63, 0xC5, 
	0x86, 0xF4, 0x6E, 0x08, 0xD9, 0x66, 0x70, 0x8B, 0x22, 0xEB, 0xB5, 0x87, 0xDB, 0xF5, 0x15, 0xD7, 
	0x3C, 0x0E, 0x8C, 0xB4, 0x31, 0x90, 0x39, 0x96, 0x74, 0xBA, 0x26, 0x83, 0x3B, 0x36, 0x2C, 0x94, 
	0x8F, 0xF6, 0x42, 0x3B, 0x95, 0x0E, 0x9F, 0xE0, 0xDF, 0x7B, 0x9E, 0x22, 0xDD, 0xCE, 0xC3, 0xEC, 
	0x90, 0x17, 0x9B, 0x5B, 0x3C, 0x58, 0x8D, 0x0D, 0x5D, 0x69, 0x7E, 0xE7, 0x61, 0x2F, 0x2E, 0xCD, 
	0x3E, 0x7D, 0x65, 0xBA, 0x73, 0x33, 0x9F, 0xF5, 0x1C, 0x8B, 0xF4, 0xD2, 0x72, 0x97, 0x42, 0xD6, 
	0xC5, 0xF2, 0xA4, 0x9C, 0x13, 0xD3, 0xA0, 0x92, 0x4B, 0x37, 0x51, 0x7A, 0x75, 0xCF, 0x61, 0xD1, 
	0xB1, 0x41, 0x13, 0x47, 0x74, 0xEF, 0x62, 0x3C, 0xAC, 0x96, 0x0A, 0x10, 0x69, 0xB0, 0xA8, 0x6D, 
	0xDC, 0xE7, 0x38, 0xDA, 0xC4, 0xF8, 0x10, 0x84, 0x78, 0x7A, 0xCE, 0xC9, 0x1A, 0xC2, 0x1E, 0xB9, 
	0xCB, 0xE6, 0x5C, 0xDC, 0xDF, 0xF5, 0x30, 0xD6, 0x63, 0xDC, 0xEF, 0x95, 0x09, 0x01, 0x8D, 0x21, 
	0x88, 0x2E, 0xD1, 0xD0, 0xA8, 0x20, 0xCC, 0x10, 0xDA, 0x9A, 0x25, 0xA6, 0xE0, 0x41, 0x24, 0x7B, 
	0x11, 0x40, 0x2E, 0xCC, 0x10, 0x5C, 0xC1, 0xDE, 0x67, 0xD2, 0xD3, 0x55, 0x74, 0xE9, 0xFB, 0x4C, 
	0x1F, 0x02, 0x08, 0x55, 0x27, 0x2A, 0x7A, 0xE8, 0x33, 0xE9, 0x4E, 0x48, 0xBE, 0xD1, 0xB1, 0xC3, 
	0x9C, 0x1C, 0x78, 0xAE, 0x76, 0xDF, 0x68, 0x07, 0xA6, 0xE0, 0xAC, 0x94, 0x38, 0x6E, 0x46, 0xEE, 
	0x90, 0xB6, 0x20, 0xAB, 0xD8, 0xA3, 0xDE, 0xE2, 0x95, 0xF5, 0x40, 0x08, 0xAD, 0xCB, 0x5A, 0x0E, 
	0x41, 0x37, 0x11, 0x52, 0xCB, 0xBD, 0x90, 0xD3, 0xDA, 0x7A, 0x5E, 0xE2, 0xD5, 0x0C, 0x35, 0x13, 
	0x78, 0xA4, 0x4F, 0x5B, 0x82, 0x7C, 0x45, 0x58, 0x0A, 0x26, 0xC7, 0x9A, 0xE0, 0xE8, 0x1B, 0x91, 
	0x80, 0x7B, 0x98, 0xE3, 0xF2, 0xAF, 0x45, 0xA9, 0x31, 0x0F, 0xB0, 0x2B, 0x16, 0xA4, 0x0E, 0x3D
};



//log, 1.0 max	from mathcad (mode -16dB to 0dB)
const static float VR_FDR[256] = {
0.00000,  
0.00195,  
0.00333,  
0.00471,  
0.00610,  
0.00751,  
0.00892,  
0.01035,  
0.01178,  
0.01323,  
0.01468,  
0.01615,  
0.01762,  
0.01911,  
0.02061,  
0.02212,  
0.02364,  
0.02517,  
0.02671,  
0.02827,  
0.02983,  
0.03141,  
0.03299,  
0.03459,  
0.03620,  
0.03782,  
0.03946,  
0.04110,  
0.04276,  
0.04443,  
0.04611,  
0.04781,  
0.04951,  
0.05123,  
0.05296,  
0.05471,  
0.05646,  
0.05823,  
0.06001,  
0.06181,  
0.06362,  
0.06544,  
0.06727,  
0.06912,  
0.07098,  
0.07286,  
0.07474,  
0.07664,  
0.07856,  
0.08049,  
0.08243,  
0.08439,  
0.08636,  
0.08835,  
0.09035,  
0.09236,  
0.09439,  
0.09644,  
0.09849,  
0.10057,  
0.10266,  
0.10476,  
0.10688,  
0.10901,  
0.11116,  
0.11333,  
0.11551,  
0.11771,  
0.11992,  
0.12215,  
0.12440,  
0.12666,  
0.12894,  
0.13123,  
0.13354,  
0.13587,  
0.13821,  
0.14058,  
0.14295,  
0.14535,  
0.14776,  
0.15019,  
0.15264,  
0.15511,  
0.15759,  
0.16010,  
0.16262,  
0.16516,  
0.16771,  
0.17029,  
0.17288,  
0.17550,  
0.17813,  
0.18078,  
0.18345,  
0.18614,  
0.18885,  
0.19158,  
0.19433,  
0.19709,  
0.19988,  
0.20269,  
0.20552,  
0.20837,  
0.21124,  
0.21413,  
0.21704,  
0.21998,  
0.22293,  
0.22591,  
0.22891,  
0.23192,  
0.23497,  
0.23803,  
0.24111,  
0.24422,  
0.24735,  
0.25051,  
0.25368,  
0.25688,  
0.26010,  
0.26335,  
0.26662,  
0.26991,  
0.27323,  
0.27657,  
0.27993,  
0.28332,  
0.28673,  
0.29017,  
0.29364,  
0.29712,  
0.30064,  
0.30418,  
0.30774,  
0.31133,  
0.31495,  
0.31859,  
0.32226,  
0.32596,  
0.32968,  
0.33343,  
0.33721,  
0.34101,  
0.34484,  
0.34870,  
0.35259,  
0.35651,  
0.36045,  
0.36443,  
0.36843,  
0.37246,  
0.37652,  
0.38061,  
0.38473,  
0.38888,  
0.39305,  
0.39726,  
0.40150,  
0.40577,  
0.41008,  
0.41441,  
0.41877,  
0.42317,  
0.42760,  
0.43206,  
0.43655,  
0.44107,  
0.44563,  
0.45022,  
0.45484,  
0.45950,  
0.46419,  
0.46892,  
0.47368,  
0.47847,  
0.48330,  
0.48816,  
0.49306,  
0.49800,  
0.50297,  
0.50797,  
0.51302,  
0.51809,  
0.52321,  
0.52836,  
0.53355,  
0.53878,  
0.54405,  
0.54935,  
0.55469,  
0.56007,  
0.56549,  
0.57095,  
0.57645,  
0.58199,  
0.58757,  
0.59319,  
0.59885,  
0.60455,  
0.61030,  
0.61608,  
0.62191,  
0.62777,  
0.63369,  
0.63964,  
0.64564,  
0.65168,  
0.65776,  
0.66389,  
0.67006,  
0.67628,  
0.68254,  
0.68885,  
0.69520,  
0.70160,  
0.70805,  
0.71454,  
0.72108,  
0.72767,  
0.73431,  
0.74099,  
0.74772,  
0.75450,  
0.76133,  
0.76821,  
0.77514,  
0.78212,  
0.78915,  
0.79623,  
0.80336,  
0.81055,  
0.81778,  
0.82507,  
0.83241,  
0.83981,  
0.84726,  
0.85476,  
0.86232,  
0.86993,  
0.87759,  
0.88532,  
0.89309,  
0.90093,  
0.90882,  
0.91677,  
0.92478,  
0.93284,  
0.94096,  
0.94914,  
0.95738,  
0.96569,  
0.97405,  
0.98247,  
0.99095,  
1.00000 };


//for EQ, 1.0 max from Omnis Duo curve dump (mode 0: ISO, mode 1: EQ -26dB)
const static float EQ_26[2][256] = {
0.00000,     
0.00362,     
0.00724,     
0.01086,     
0.01448,     
0.01810,     
0.02172,     
0.02534,     
0.02896,     
0.03258,     
0.03620,     
0.03982,     
0.04344,     
0.04706,     
0.05068,     
0.05430,     
0.05792,     
0.06154,     
0.06516,     
0.06878,     
0.07240,     
0.07602,     
0.07964,     
0.08326,     
0.08688,     
0.09050,     
0.09412,     
0.09774,     
0.10136,     
0.10498,     
0.10860,     
0.11222,     
0.11613,     
0.12088,     
0.12563,     
0.13038,     
0.13513,     
0.13989,     
0.14464,     
0.14939,     
0.15414,     
0.15889,     
0.16365,     
0.16840,     
0.17315,     
0.17790,     
0.18266,     
0.18741,     
0.19216,     
0.19691,     
0.20166,     
0.20642,     
0.21117,     
0.21592,     
0.22067,     
0.22542,     
0.23018,     
0.23493,     
0.23968,     
0.24443,     
0.24919,     
0.25394,     
0.25869,     
0.26344,     
0.26819,     
0.27484,     
0.28148,     
0.28813,     
0.29477,     
0.30142,     
0.30806,     
0.31471,     
0.32136,     
0.32800,     
0.33465,     
0.34129,     
0.34794,     
0.35458,     
0.36123,     
0.36787,     
0.37452,     
0.37772,     
0.38091,     
0.38411,     
0.38731,     
0.39051,     
0.39371,     
0.39691,     
0.40011,     
0.40331,     
0.40651,     
0.40970,     
0.41290,     
0.41610,     
0.41930,     
0.42250,     
0.42562,     
0.42851,     
0.43139,     
0.43428,     
0.43716,     
0.44005,     
0.44293,     
0.44582,     
0.44870,     
0.45159,     
0.45448,     
0.45736,     
0.46025,     
0.46313,     
0.46602,     
0.46890,     
0.47153,     
0.47340,     
0.47526,     
0.47712,     
0.47898,     
0.48085,     
0.48271,     
0.48457,     
0.48643,     
0.48830,     
0.49016,     
0.49202,     
0.49389,     
0.49575,     
0.49761,     
0.49947,     
0.50134,     
0.50433,     
0.50733,     
0.51032,     
0.51332,     
0.51632,     
0.51931,     
0.52231,     
0.52531,     
0.52830,     
0.53130,     
0.53430,     
0.53729,     
0.54029,     
0.54328,     
0.54628,     
0.54928,     
0.55227,     
0.55527,     
0.55827,     
0.56126,     
0.56426,     
0.56725,     
0.57025,     
0.57325,     
0.57624,     
0.57924,     
0.58224,     
0.58523,     
0.58823,     
0.59122,     
0.59422,     
0.59722,     
0.60021,     
0.60321,     
0.60621,     
0.60920,     
0.61220,     
0.61519,     
0.61819,     
0.62119,     
0.62418,     
0.62718,     
0.63018,     
0.63317,     
0.63617,     
0.63917,     
0.64216,     
0.64516,     
0.64815,     
0.65115,     
0.65415,     
0.65714,     
0.66014,     
0.66314,     
0.66613,     
0.66913,     
0.67212,     
0.67512,     
0.67812,     
0.68111,     
0.68411,     
0.68711,     
0.69010,     
0.69310,     
0.69795,     
0.70280,     
0.70765,     
0.71250,     
0.71735,     
0.72220,     
0.72705,     
0.73190,     
0.73675,     
0.74160,     
0.74645,     
0.75130,     
0.75615,     
0.76100,     
0.76585,     
0.77070,     
0.77555,     
0.78040,     
0.78525,     
0.79010,     
0.79495,     
0.79980,     
0.80465,     
0.80950,     
0.81435,     
0.81920,     
0.82405,     
0.82890,     
0.83375,     
0.83860,     
0.84345,     
0.84830,     
0.85315,     
0.85800,     
0.86285,     
0.86770,     
0.87255,     
0.87740,     
0.88225,     
0.88710,     
0.89195,     
0.89680,     
0.90165,     
0.90650,     
0.91135,     
0.91620,     
0.92105,     
0.92590,     
0.93075,     
0.93560,     
0.94045,     
0.94530,     
0.95016,     
0.95501,     
0.95986,     
0.96471,     
0.96956,     
0.97441,     
0.97926,     
0.98411,     
0.98896,     
0.99381,     
1.00000,
///////////
0.02413,
0.02780,
0.03146,
0.03512,
0.03878,
0.04245,
0.04611,
0.04977,
0.05343,
0.05710,
0.06076,
0.06442,
0.06808,
0.07175,
0.07541,
0.07907,
0.08273,
0.08639,
0.09006,
0.09372,
0.09738,
0.10104,
0.10471,
0.10837,
0.11203,
0.11569,
0.11936,
0.12302,
0.12668,
0.13034,
0.13401,
0.13767,
0.14163,
0.14648,
0.15132,
0.15617,
0.16102,
0.16586,
0.17071,
0.17556,
0.18041,
0.18525,
0.19010,
0.19495,
0.19979,
0.20464,
0.20949,
0.21434,
0.21918,
0.22403,
0.22888,
0.23372,
0.23857,
0.24342,
0.24827,
0.25311,
0.25796,
0.26281,
0.26766,
0.27250,
0.27735,
0.28220,
0.28704,
0.29189,
0.29674,
0.30160,
0.30646,
0.31132,
0.31618,
0.32104,
0.32590,
0.33077,
0.33563,
0.34049,
0.34535,
0.35021,
0.35507,
0.35993,
0.36479,
0.36965,
0.37452,
0.37772,
0.38091,
0.38411,
0.38731,
0.39051,
0.39371,
0.39691,
0.40011,
0.40331,
0.40651,
0.40970,
0.41290,
0.41610,
0.41930,
0.42250,
0.42562,
0.42851,
0.43139,
0.43428,
0.43716,
0.44005,
0.44293,
0.44582,
0.44870,
0.45159,
0.45448,
0.45736,
0.46025,
0.46313,
0.46602,
0.46890,
0.47153,
0.47340,
0.47526,
0.47712,
0.47898,
0.48085,
0.48271,
0.48457,
0.48643,
0.48830,
0.49016,
0.49202,
0.49389,
0.49575,
0.49761,
0.49947,
0.50134,
0.50433,
0.50733,
0.51032,
0.51332,
0.51632,
0.51931,
0.52231,
0.52531,
0.52830,
0.53130,
0.53430,
0.53729,
0.54029,
0.54328,
0.54628,
0.54928,
0.55227,
0.55527,
0.55827,
0.56126,
0.56426,
0.56725,
0.57025,
0.57325,
0.57624,
0.57924,
0.58224,
0.58523,
0.58823,
0.59122,
0.59422,
0.59722,
0.60021,
0.60321,
0.60621,
0.60920,
0.61220,
0.61519,
0.61819,
0.62119,
0.62418,
0.62718,
0.63018,
0.63317,
0.63617,
0.63917,
0.64216,
0.64516,
0.64815,
0.65115,
0.65415,
0.65714,
0.66014,
0.66314,
0.66613,
0.66913,
0.67212,
0.67512,
0.67812,
0.68111,
0.68411,
0.68711,
0.69010,
0.69310,
0.69795,
0.70280,
0.70765,
0.71250,
0.71735,
0.72220,
0.72705,
0.73190,
0.73675,
0.74160,
0.74645,
0.75130,
0.75615,
0.76100,
0.76585,
0.77070,
0.77555,
0.78040,
0.78525,
0.79010,
0.79495,
0.79980,
0.80465,
0.80950,
0.81435,
0.81920,
0.82405,
0.82890,
0.83375,
0.83860,
0.84345,
0.84830,
0.85315,
0.85800,
0.86285,
0.86770,
0.87255,
0.87740,
0.88225,
0.88710,
0.89195,
0.89680,
0.90165,
0.90650,
0.91135,
0.91620,
0.92105,
0.92590,
0.93075,
0.93560,
0.94045,
0.94530,
0.95016,
0.95501,
0.95986,
0.96471,
0.96956,
0.97441,
0.97926,
0.98411,
0.98896,
0.99381,
1.00000
};



//crossfader linear, 1,0 max
const static float CRSF_POS[3][128] = {			
1.00000, 
1.00000, 
1.00000, 
1.00000, 
1.00000, 
1.00000, 
1.00000, 
1.00000, 	
1.00000, 
1.00000, 
1.00000, 
1.00000, 
1.00000, 
1.00000, 
1.00000, 
1.00000, 	
1.00000, 
1.00000, 
1.00000, 
1.00000, 
1.00000, 
1.00000, 
1.00000, 
1.00000, 	
1.00000, 
1.00000, 
1.00000, 
1.00000, 
1.00000, 
1.00000, 
1.00000, 
1.00000, 	
1.00000, 
1.00000, 
1.00000, 
1.00000, 
1.00000, 
1.00000, 
1.00000, 
1.00000, 	
1.00000, 
1.00000, 
1.00000, 
1.00000, 
1.00000, 
1.00000, 
1.00000, 
1.00000, 	
1.00000, 
1.00000, 
1.00000, 
1.00000, 
1.00000, 
1.00000, 
1.00000, 
1.00000, 	
1.00000, 
1.00000, 
1.00000, 
1.00000, 
1.00000, 
1.00000, 
1.00000, 
1.00000, 		
1.00000, 
1.00000, 
1.00000, 
1.00000, 
1.00000, 
1.00000, 
1.00000, 
1.00000, 	
1.00000, 
1.00000, 
1.00000, 
1.00000, 
1.00000, 
1.00000, 
1.00000, 
1.00000, 	
1.00000, 
1.00000, 
1.00000, 
1.00000, 
1.00000, 
1.00000, 
1.00000, 
1.00000, 	
1.00000, 
1.00000, 
1.00000, 
1.00000, 
1.00000, 
1.00000, 
1.00000, 
1.00000, 	
1.00000, 
1.00000, 
1.00000, 
1.00000, 
1.00000, 
1.00000, 
1.00000, 
1.00000, 	
1.00000, 
1.00000, 
1.00000, 
1.00000, 
1.00000, 
1.00000, 
1.00000, 
1.00000, 	
1.00000, 
1.00000, 
1.00000, 
1.00000, 
1.00000, 
1.00000, 
1.00000, 
1.00000, 	
1.00000, 
1.00000, 
1.00000, 
1.00000, 
1.00000, 
1.00000, 
1.00000, 
1.00000, 	
/////////////////	
1.00000, 
1.00000, 
1.00000, 
1.00000, 
1.00000, 
1.00000, 
1.00000, 
1.00000, 
1.00000, 
1.00000, 
1.00000, 
1.00000, 
1.00000, 
1.00000, 
1.00000, 
1.00000, 
1.00000, 
1.00000, 
1.00000, 
1.00000, 
1.00000, 
1.00000, 
1.00000, 
1.00000, 
1.00000, 
1.00000, 
1.00000, 
1.00000, 
1.00000, 
1.00000, 
1.00000, 
1.00000, 
1.00000, 
1.00000, 
1.00000, 
1.00000, 
1.00000, 
1.00000, 
1.00000, 
1.00000, 
1.00000, 
1.00000, 
1.00000, 
1.00000, 
1.00000, 
1.00000, 
1.00000, 
1.00000, 
1.00000, 
1.00000, 
1.00000, 
1.00000, 
1.00000, 
1.00000, 
1.00000, 
1.00000, 
1.00000, 
1.00000, 
1.00000, 
1.00000, 
1.00000, 
1.00000, 
1.00000, 
1.00000, 
1.00000, 
1.00000, 
1.00000, 
1.00000, 
1.00000, 
1.00000, 
1.00000, 
0.98181, 
0.96363, 
0.94545, 
0.92727, 
0.90909, 
0.89090, 
0.87272, 
0.85454, 
0.83636, 
0.81818, 
0.80000, 
0.78181, 
0.76363, 
0.74545, 
0.72727, 
0.70909, 
0.69090, 
0.67272, 
0.65454, 
0.63636, 
0.61818, 
0.60000, 
0.58181, 
0.56363, 
0.54545, 
0.52727, 
0.50909, 
0.49090, 
0.47272, 
0.45454, 
0.43636, 
0.41818, 
0.40000, 
0.38181, 
0.36363, 
0.34545, 
0.32727, 
0.30909, 
0.29090, 
0.27272, 
0.25454, 
0.23636, 
0.21818, 
0.20000, 
0.18181, 
0.16363, 
0.14545, 
0.12727, 
0.10909, 
0.09090, 
0.07272, 
0.05454, 
0.03636, 
0.01818, 
0.00000, 
0.00000, 
0.00000,
/////////////////
1.00000, 
1.00000, 
1.00000, 
1.00000, 
1.00000, 
1.00000, 
1.00000, 
1.00000, 	
1.00000, 
1.00000, 
1.00000, 
1.00000, 
1.00000, 
1.00000, 
1.00000, 
1.00000, 	
1.00000, 
1.00000, 
1.00000, 
1.00000, 
1.00000, 
1.00000, 
1.00000, 
1.00000, 	
1.00000, 
1.00000, 
1.00000, 
1.00000, 
1.00000, 
1.00000, 
1.00000, 
1.00000, 	
1.00000, 
1.00000, 
1.00000, 
1.00000, 
1.00000, 
1.00000, 
1.00000, 
1.00000, 	
1.00000, 
1.00000, 
1.00000, 
1.00000, 
1.00000, 
1.00000, 
1.00000, 
1.00000, 	
1.00000, 
1.00000, 
1.00000, 
1.00000, 
1.00000, 
1.00000, 
1.00000, 
1.00000, 	
1.00000, 
1.00000, 
1.00000, 
1.00000, 
1.00000, 
1.00000, 
1.00000, 
1.00000, 		
1.00000, 
1.00000, 
1.00000, 
1.00000, 
1.00000, 
1.00000, 
1.00000, 
1.00000, 	
1.00000, 
1.00000, 
1.00000, 
1.00000, 
1.00000, 
1.00000, 
1.00000, 
1.00000, 	
1.00000, 
1.00000, 
1.00000, 
1.00000, 
1.00000, 
1.00000, 
1.00000, 
1.00000, 	
1.00000, 
1.00000, 
1.00000, 
1.00000, 
1.00000, 
1.00000, 
1.00000, 
1.00000, 	
1.00000, 
1.00000, 
1.00000, 
1.00000, 
1.00000, 
1.00000, 
1.00000, 
1.00000, 	
1.00000, 
1.00000, 
1.00000, 
1.00000, 
1.00000, 
1.00000, 
1.00000, 
1.00000, 	
1.00000, 
1.00000, 
1.00000, 
1.00000, 
1.00000, 
1.00000, 
1.00000, 
1.00000, 	
1.00000, 
1.00000, 
1.00000, 
1.00000, 
0.00000, 
0.00000, 
0.00000, 
0.00000 };


//linear, for TRIM, 9.0 max
const static float TRM[256] = {			
0.00000,
0.03137,
0.06274,
0.09411,
0.12549,
0.15686,
0.18823,
0.21960,
0.25098,
0.28235,
0.31372,
0.34509,
0.37647,
0.40784,
0.43921,
0.47058,
0.50196,
0.53333,
0.56470,
0.59607,
0.62745,
0.65882,
0.69019,
0.72156,
0.75294,
0.78431,
0.81568,
0.84705,
0.87843,
0.90980,
0.94117,
0.97254,
1.00392,
1.03529,
1.06666,
1.09803,
1.12941,
1.16078,
1.19215,
1.22352,
1.25490,
1.28627,
1.31764,
1.34901,
1.38039,
1.41176,
1.44313,
1.47450,
1.50588,
1.53725,
1.56862,
1.60000,
1.63137,
1.66274,
1.69411,
1.72549,
1.75686,
1.78823,
1.81960,
1.85098,
1.88235,
1.91372,
1.94509,
1.97647,
2.00784,
2.03921,
2.07058,
2.10196,
2.13333,
2.16470,
2.19607,
2.22745,
2.25882,
2.29019,
2.32156,
2.35294,
2.38431,
2.41568,
2.44705,
2.47843,
2.50980,
2.54117,
2.57254,
2.60392,
2.63529,
2.66666,
2.69803,
2.72941,
2.76078,
2.79215,
2.82352,
2.85490,
2.88627,
2.91764,
2.94901,
2.98039,
3.01176,
3.04313,
3.07450,
3.10588,
3.13725,
3.16862,
3.20000,
3.23137,
3.26274,
3.29411,
3.32549,
3.35686,
3.38823,
3.41960,
3.45098,
3.48235,
3.51372,
3.54509,
3.57647,
3.60784,
3.63921,
3.67058,
3.70196,
3.73333,
3.76470,
3.79607,
3.82745,
3.85882,
3.89019,
3.92156,
3.95294,
3.98431,
4.01568,
4.04705,
4.07843,
4.10980,
4.14117,
4.17254,
4.20392,
4.23529,
4.26666,
4.29803,
4.32941,
4.36078,
4.39215,
4.42352,
4.45490,
4.48627,
4.51764,
4.54901,
4.58039,
4.61176,
4.64313,
4.67450,
4.70588,
4.73725,
4.76862,
4.80000,
4.83137,
4.86274,
4.89411,
4.92549,
4.95686,
4.98823,
5.01960,
5.05098,
5.08235,
5.11372,
5.14509,
5.17647,
5.20784,
5.23921,
5.27058,
5.30196,
5.33333,
5.36470,
5.39607,
5.42745,
5.45882,
5.49019,
5.52156,
5.55294,
5.58431,
5.61568,
5.64705,
5.67843,
5.70980,
5.74117,
5.77254,
5.80392,
5.83529,
5.86666,
5.89803,
5.92941,
5.96078,
5.99215,
6.02352,
6.05490,
6.08627,
6.11764,
6.14901,
6.18039,
6.21176,
6.24313,
6.27450,
6.30588,
6.33725,
6.36862,
6.40000,
6.43137,
6.46274,
6.49411,
6.52549,
6.55686,
6.58823,
6.61960,
6.65098,
6.68235,
6.71372,
6.74509,
6.77647,
6.80784,
6.83921,
6.87058,
6.90196,
6.93333,
6.96470,
6.99607,
7.02745,
7.05882,
7.09019,
7.12156,
7.15294,
7.18431,
7.21568,
7.24705,
7.27843,
7.30980,
7.34117,
7.37254,
7.40392,
7.43529,
7.46666,
7.49803,
7.52941,
7.56078,
7.59215,
7.62352,
7.65490,
7.68627,
7.71764,
7.74901,
7.78039,
7.81176,
7.84313,
7.87450,
7.90588,
7.93725,
7.96862,
8.00000 };



//linear, for MIXING, 1.0 max
const static float MXNG[256] = {
1.00000,  
1.00000,  
1.00000,  
1.00000,  
1.00000,  
1.00000,  
1.00000,  
1.00000,  
1.00000,  
1.00000,  
1.00000,  
1.00000,  
1.00000,  
1.00000,  
1.00000,  
1.00000,  
1.00000,  
1.00000,  
1.00000,  
1.00000,  
1.00000,  
1.00000,  
1.00000,  
1.00000,  
1.00000,  
1.00000,  
1.00000,  
1.00000,  
1.00000,  
1.00000,  
1.00000,  
1.00000,  
1.00000,  
1.00000,  
1.00000,  
1.00000,  
1.00000,  
1.00000,  
1.00000,  
1.00000,  
1.00000,  
1.00000,  
1.00000,  
1.00000,  
1.00000,  
1.00000,  
1.00000,  
1.00000,  
1.00000,  
1.00000,  
1.00000,  
1.00000,  
1.00000,  
1.00000,  
1.00000,  
1.00000,  
1.00000,  
1.00000,  
1.00000,  
1.00000,  
1.00000,  
1.00000,  
1.00000,  
1.00000,  
1.00000,  
1.00000,  
1.00000,  
1.00000,  
1.00000,  
1.00000,  
1.00000,  
1.00000,  
1.00000,  
1.00000,  
1.00000,  
1.00000,  
1.00000,  
1.00000,  
1.00000,  
1.00000,  
1.00000,  
1.00000,  
1.00000,  
1.00000,  
1.00000,  
1.00000,  
1.00000,  
1.00000,  
1.00000,  
1.00000,  
1.00000,  
1.00000,  
1.00000,  
1.00000,  
1.00000,  
1.00000,  
1.00000,  
1.00000,  
1.00000,  
1.00000,  
1.00000,  
1.00000,  
1.00000,  
1.00000,  
1.00000,  
1.00000,  
1.00000,  
1.00000,  
1.00000,  
1.00000,  
1.00000,  
1.00000,  
1.00000,  
1.00000,  
1.00000,  
1.00000,  
1.00000,  
1.00000,  
1.00000,  
1.00000,  
1.00000,  
1.00000,  
1.00000,  
1.00000,  
1.00000,  
1.00000,  
1.00000,  
1.00000,  
1.00000,  
1.00000,  
1.00000,  
0.99200,  
0.98400,  
0.97600,  
0.96800,  
0.96000,  
0.95200,  
0.94400,  
0.93600,  
0.92800,  
0.92000,  
0.91200,  
0.90400,  
0.89600,  
0.88800,  
0.88000,  
0.87200,  
0.86400,  
0.85600,  
0.84800,  
0.84000,  
0.83200,  
0.82400,  
0.81600,  
0.80800,  
0.80000,  
0.79200,  
0.78400,  
0.77600,  
0.76800,  
0.76000,  
0.75200,  
0.74400,  
0.73600,  
0.72800,  
0.72000,  
0.71200,  
0.70400,  
0.69600,  
0.68800,  
0.68000,  
0.67200,  
0.66400,  
0.65600,  
0.64800,  
0.64000,  
0.63200,  
0.62400,  
0.61600,  
0.60800,  
0.60000,  
0.59200,  
0.58400,  
0.57600,  
0.56800,  
0.56000,  
0.55200,  
0.54400,  
0.53600,  
0.52800,  
0.52000,  
0.51200,  
0.50400,  
0.49600,  
0.48800,  
0.48000,  
0.47200,  
0.46400,  
0.45600,  
0.44800,  
0.44000,  
0.43200,  
0.42400,  
0.41600,  
0.40800,  
0.40000,  
0.39200,  
0.38400,  
0.37600,  
0.36800,  
0.36000,  
0.35200,  
0.34400,  
0.33600,  
0.32800,  
0.32000,  
0.31200,  
0.30400,  
0.29600,  
0.28800,  
0.28000,  
0.27200,  
0.26400,  
0.25600,  
0.24800,  
0.24000,  
0.23200,  
0.22400,  
0.21600,  
0.20800,  
0.20000,  
0.19200,  
0.18400,  
0.17600,  
0.16800,  
0.16000,  
0.15200,  
0.14400,  
0.13600,  
0.12800,  
0.12000,  
0.11200,  
0.10400,  
0.09600,  
0.08800,  
0.08000,  
0.07200,  
0.06399,  
0.05600,  
0.04800,  
0.04000,  
0.03200,  
0.02400,  
0.01600,  
0.00800,  
0.00000};

float curr_TRIM_FILTER;
const static float TRIM_FILTER[256] = {
1.00000,
1.00938,
1.01877,
1.02816,
1.03755,
1.04694,
1.05633,
1.06572,
1.07511,
1.08450,
1.09389,
1.10328,
1.11267,
1.12206,
1.13145,
1.14084,
1.15023,
1.15962,
1.16901,
1.17840,
1.18779,
1.19718,
1.20657,
1.21596,
1.22535,
1.23474,
1.24413,
1.25352,
1.26291,
1.27230,
1.28169,
1.29107,
1.30046,
1.30985,
1.31924,
1.32863,
1.33802,
1.34741,
1.35680,
1.36619,
1.37558,
1.38497,
1.39436,
1.40375,
1.41314,
1.42253,
1.43192,
1.44131,
1.45070,
1.46009,
1.46948,
1.47887,
1.48826,
1.49765,
1.50704,
1.51643,
1.52582,
1.53521,
1.54460,
1.55399,
1.56338,
1.57276,
1.58215,
1.59154,
1.60093,
1.61032,
1.61971,
1.62910,
1.63849,
1.64788,
1.65727,
1.66666,
1.67605,
1.68544,
1.69483,
1.70422,
1.71361,
1.72300,
1.73239,
1.74178,
1.75117,
1.76056,
1.76995,
1.77934,
1.78873,
1.79812,
1.80751,
1.81690,
1.82629,
1.83568,
1.84507,
1.85446,
1.86384,
1.87323,
1.88262,
1.89201,
1.90140,
1.91079,
1.92018,
1.92957,
1.93896,
1.94835,
1.95774,
1.96713,
1.97652,
1.98591,
1.99530,
2.00469,
2.01408,
2.02347,
2.03286,
2.04225,
2.05164,
2.06103,
2.07042,
2.07981,
2.08920,
2.09859,
2.10798,
2.11737,
2.12676,
2.13615,
2.14553,
2.15492,
2.16431,
2.17370,
2.18309,
2.19248,
2.20187,
2.21126,
2.22065,
2.23004,
2.23943,
2.24882,
2.25821,
2.26760,
2.27699,
2.28638,
2.29577,
2.30516,
2.31455,
2.32394,
2.33333,
2.34272,
2.35211,
2.36150,
2.37089,
2.38028,
2.38967,
2.39906,
2.40845,
2.41784,
2.42723,
2.43661,
2.44600,
2.45539,
2.46478,
2.47417,
2.48356,
2.49295,
2.50234,
2.51173,
2.52112,
2.53051,
2.53990,
2.54929,
2.55868,
2.56807,
2.57746,
2.58685,
2.59624,
2.60563,
2.61502,
2.62441,
2.63380,
2.64319,
2.65258,
2.66197,
2.67136,
2.68075,
2.69014,
2.69953,
2.70892,
2.71830,
2.72769,
2.73708,
2.74647,
2.75586,
2.76525,
2.77464,
2.78403,
2.79342,
2.80281,
2.81220,
2.82159,
2.83098,
2.84037,
2.84976,
2.85915,
2.86854,
2.87793,
2.88732,
2.89671,
2.90610,
2.91549,
2.92488,
2.93427,
2.94366,
2.95305,
2.96244,
2.97183,
2.98122,
2.99061,
3.00000,
3.00938,
3.01877,
3.02816,
3.03755,
3.04694,
3.05633,
3.06572,
3.07511,
3.08450,
3.09389,
3.10328,
3.11267,
3.12206,
3.13145,
3.14084,
3.15023,
3.15962,
3.16901,
3.17840,
3.18779,
3.19718,
3.20657,
3.21596,
3.22535,
3.23474,
3.24413,
3.25352,
3.26291,
3.27230,
3.28169,
3.29107,
3.30046,
3.30985,
3.31924,
3.32863,
3.33802,
3.34741,
3.35680,
3.36619,
3.37558,
3.38497,
3.39436};

const static float VR_VCFx116[256] = {
0.01740,
0.02048,
0.02361,
0.02678,
0.03001,
0.03328,
0.03660,
0.03996,
0.04338,
0.04685,
0.05037,
0.05394,
0.05756,
0.06124,
0.06497,
0.06875,
0.07260,
0.07650,
0.08045,
0.08447,
0.08854,
0.09267,
0.09687,
0.10113,
0.10545,
0.10983,
0.11428,
0.11879,
0.12337,
0.12802,
0.13274,
0.13752,
0.14238,
0.14731,
0.15231,
0.15738,
0.16253,
0.16776,
0.17306,
0.17844,
0.18390,
0.18944,
0.19507,
0.20077,
0.20656,
0.21244,
0.21840,
0.22445,
0.23059,
0.23682,
0.24314,
0.24956,
0.25607,
0.26267,
0.26938,
0.27618,
0.28308,
0.29009,
0.29719,
0.30441,
0.31173,
0.31915,
0.32669,
0.33434,
0.34210,
0.34998,
0.35797,
0.36608,
0.37431,
0.38266,
0.39113,
0.39973,
0.40846,
0.41731,
0.42630,
0.43541,
0.44467,
0.45405,
0.46358,
0.47325,
0.48306,
0.49302,
0.50312,
0.51337,
0.52377,
0.53433,
0.54504,
0.55591,
0.56694,
0.57813,
0.58949,
0.60102,
0.61272,
0.62458,
0.63663,
0.64885,
0.66125,
0.67384,
0.68661,
0.69957,
0.71272,
0.72606,
0.73960,
0.75334,
0.76729,
0.78144,
0.79579,
0.81036,
0.82515,
0.84015,
0.85538,
0.87083,
0.88650,
0.90241,
0.91856,
0.93494,
0.95156,
0.96843,
0.98555,
1.00292,
1.02054,
1.03843,
1.05658,
1.07500,
1.09369,
1.11265,
1.13190,
1.15143,
0.01160, 
0.01225,
0.01292,
0.01361,
0.01432,
0.01506,
0.01582,
0.01660,
0.01741,
0.01824,
0.01910,
0.01998,
0.02090,
0.02184,
0.02281,
0.02381,
0.02484,
0.02590,
0.02700,
0.02813,
0.02930,
0.03050,
0.03174,
0.03302,
0.03434,
0.03570,
0.03710,
0.03855,
0.04004,
0.04158,
0.04317,
0.04480,
0.04649,
0.04823,
0.05002,
0.05187,
0.05378,
0.05574,
0.05777,
0.05986,
0.06202,
0.06424,
0.06653,
0.06889,
0.07133,
0.07385,
0.07644,
0.07911,
0.08187,
0.08471,
0.08764,
0.09066,
0.09378,
0.09699,
0.10030,
0.10372,
0.10724,
0.11088,
0.11462,
0.11849,
0.12247,
0.12658,
0.13081,
0.13518,
0.13969,
0.14433,
0.14912,
0.15406,
0.15915,
0.16440,
0.16982,
0.17540,
0.18116,
0.18710,
0.19322,
0.19953,
0.20604,
0.21276,
0.21968,
0.22682,
0.23418,
0.24177,
0.24960,
0.25767,
0.26599,
0.27457,
0.28342,
0.29255,
0.30196,
0.31167,
0.32167,
0.33199,
0.34263,
0.35360,
0.36492,
0.37658,
0.38861,
0.40102,
0.41381,
0.42700,
0.44060,
0.45463,
0.46909,
0.48401,
0.49939,
0.51525,
0.53160,
0.54846,
0.56585,
0.58378,
0.60228,
0.62134,
0.64100,
0.66128,
0.68218,
0.70374,
0.72597,
0.74890,
0.77253,
0.79691,
0.82204,
0.84796,
0.87469,
0.90225,
0.93067,
0.95997,
0.99019,
1.02135 };

const static float VR_QFAC[256] = {
0.00015,
0.01175,
0.02350,
0.03525,
0.04700,
0.05876,
0.07051,
0.08226,
0.09401,
0.10577,
0.11752,
0.12927,
0.14102,
0.15277,
0.16453,
0.17628,
0.18803,
0.19978,
0.21154,
0.22329,
0.23504,
0.24679,
0.25854,
0.27030,
0.28205,
0.29380,
0.30555,
0.31731,
0.32906,
0.34081,
0.35256,
0.36432,
0.37607,
0.38782,
0.39957,
0.41132,
0.42308,
0.43483,
0.44658,
0.45833,
0.47009,
0.48184,
0.49359,
0.50534,
0.51709,
0.52885,
0.54060,
0.55235,
0.56410,
0.57586,
0.58761,
0.59936,
0.61111,
0.62286,
0.63462,
0.64637,
0.65812,
0.66987,
0.68163,
0.69338,
0.70513,
0.71688,
0.72864,
0.74039,
0.75214,
0.76389,
0.77564,
0.78740,
0.79915,
0.81090,
0.82265,
0.83441,
0.84616,
0.85791,
0.86966,
0.88141,
0.89317,
0.90492,
0.91667,
0.92842,
0.94018,
0.95193,
0.96368,
0.97543,
0.98719,
0.99894,
1.01069,
1.02244,
1.03419,
1.04595,
1.05770,
1.06945,
1.08120,
1.09296,
1.10471,
1.11646,
1.12821,
1.13996,
1.15172,
1.16347,
1.17522,
1.18697,
1.19873,
1.21048,
1.22223,
1.23398,
1.24573,
1.25749,
1.26924,
1.28099,
1.29274,
1.30450,
1.31625,
1.32800,
1.33975,
1.35151,
1.36326,
1.37501,
1.38676,
1.39851,
1.41027,
1.42202,
1.43377,
1.44552,
1.45728,
1.46903,
1.48078,
1.49253,
1.50428,
1.51604,
1.52779,
1.53954,
1.55129,
1.56305,
1.57480,
1.58655,
1.59830,
1.61005,
1.62181,
1.63356,
1.64531,
1.65706,
1.66882,
1.68057,
1.69232,
1.70407,
1.71583,
1.72758,
1.73933,
1.75108,
1.76283,
1.77459,
1.78634,
1.79809,
1.80984,
1.82160,
1.83335,
1.84510,
1.85685,
1.86860,
1.88036,
1.89211,
1.90386,
1.91561,
1.92737,
1.93912,
1.95087,
1.96262,
1.97438,
1.98613,
1.99788,
2.00963,
2.02138,
2.03314,
2.04489,
2.05664,
2.06839,
2.08015,
2.09190,
2.10365,
2.11540,
2.12715,
2.13891,
2.15066,
2.16241,
2.17416,
2.18592,
2.19767,
2.20942,
2.22117,
2.23292,
2.24468,
2.25643,
2.26818,
2.27993,
2.29169,
2.30344,
2.31519,
2.32694,
2.33870,
2.35045,
2.36220,
2.37395,
2.38570,
2.39746,
2.40921,
2.42096,
2.43271,
2.44447,
2.45622,
2.46797,
2.47972,
2.49147,
2.50323,
2.51498,
2.52673,
2.53848,
2.55024,
2.56199,
2.57374,
2.58549,
2.59724,
2.60900,
2.62075,
2.63250,
2.64425,
2.65601,
2.66776,
2.67951,
2.69126,
2.70302,
2.71477,
2.72652,
2.73827,
2.75002,
2.76178,
2.77353,
2.78528,
2.79703,
2.80879,
2.82054,
2.83229,
2.84404,
2.85579,
2.86755,
2.87930,
2.89105,
2.90280,
2.91456,
2.92631,
2.93806,
2.94981,
2.96157,
2.97332,
2.98507,
2.99682};


const static float VR_VCF1minusKV[256] = {
0.99995, 
0.99993, 
0.99991, 
0.99989, 
0.99986, 
0.99983, 
0.99979, 
0.99976, 
0.99971, 
0.99967, 
0.99961, 
0.99956, 
0.99950, 
0.99943, 
0.99936, 
0.99929, 
0.99920, 
0.99912, 
0.99902, 
0.99892, 
0.99882, 
0.99871, 
0.99859, 
0.99846, 
0.99833, 
0.99819, 
0.99804, 
0.99788, 
0.99771, 
0.99754, 
0.99735, 
0.99716, 
0.99695, 
0.99674, 
0.99652, 
0.99628, 
0.99603, 
0.99577, 
0.99550, 
0.99522, 
0.99492, 
0.99461, 
0.99429, 
0.99395, 
0.99359, 
0.99323, 
0.99284, 
0.99244, 
0.99202, 
0.99158, 
0.99113, 
0.99065, 
0.99016, 
0.98965, 
0.98911, 
0.98855, 
0.98797, 
0.98737, 
0.98675, 
0.98609, 
0.98542, 
0.98472, 
0.98399, 
0.98323, 
0.98244, 
0.98162, 
0.98077, 
0.97989, 
0.97898, 
0.97803, 
0.97705, 
0.97603, 
0.97497, 
0.97387, 
0.97274, 
0.97156, 
0.97034, 
0.96907, 
0.96776, 
0.96640, 
0.96499, 
0.96353, 
0.96203, 
0.96046, 
0.95884, 
0.95717, 
0.95543, 
0.95364, 
0.95178, 
0.94986, 
0.94787, 
0.94581, 
0.94368, 
0.94148, 
0.93920, 
0.93684, 
0.93441, 
0.93189, 
0.92928, 
0.92659, 
0.92380, 
0.92092, 
0.91794, 
0.91487, 
0.91168, 
0.90840, 
0.90500, 
0.90149, 
0.89786, 
0.89412, 
0.89024, 
0.88624, 
0.88211, 
0.87784, 
0.87343, 
0.86888, 
0.86417, 
0.85932, 
0.85430, 
0.84912, 
0.84377, 
0.83824, 
0.83254, 
0.82665, 
0.82057, 
0.81429, 
0.80781, 
0.80112, 
0.99997, 
0.99997, 
0.99997, 
0.99997, 
0.99996, 
0.99996, 
0.99996, 
0.99995, 
0.99995, 
0.99995, 
0.99994, 
0.99994, 
0.99993, 
0.99992, 
0.99992, 
0.99991, 
0.99990, 
0.99989, 
0.99989, 
0.99988, 
0.99987, 
0.99986, 
0.99984, 
0.99983, 
0.99982, 
0.99980, 
0.99979, 
0.99977, 
0.99975, 
0.99974, 
0.99972, 
0.99969, 
0.99967, 
0.99965, 
0.99962, 
0.99959, 
0.99956, 
0.99953, 
0.99949, 
0.99946, 
0.99942, 
0.99938, 
0.99933, 
0.99928, 
0.99923, 
0.99918, 
0.99912, 
0.99906, 
0.99899, 
0.99892, 
0.99884, 
0.99876, 
0.99868, 
0.99858, 
0.99849, 
0.99838, 
0.99827, 
0.99815, 
0.99802, 
0.99789, 
0.99774, 
0.99759, 
0.99743, 
0.99725, 
0.99707, 
0.99687, 
0.99666, 
0.99643, 
0.99620, 
0.99594, 
0.99567, 
0.99538, 
0.99507, 
0.99474, 
0.99439, 
0.99402, 
0.99363, 
0.99320, 
0.99276, 
0.99228, 
0.99177, 
0.99123, 
0.99065, 
0.99004, 
0.98938, 
0.98869, 
0.98795, 
0.98716, 
0.98632, 
0.98542, 
0.98447, 
0.98346, 
0.98239, 
0.98124, 
0.98002, 
0.97872, 
0.97734, 
0.97587, 
0.97431, 
0.97264, 
0.97087, 
0.96899, 
0.96699, 
0.96485, 
0.96259, 
0.96017, 
0.95760, 
0.95487, 
0.95197, 
0.94887, 
0.94558, 
0.94208, 
0.93836, 
0.93440, 
0.93019, 
0.92571, 
0.92094, 
0.91587, 
0.91047, 
0.90473, 
0.89863, 
0.89214, 
0.88523, 
0.87789, 
0.87007, 
0.86176, 
0.85292, 
0.84352 };

//noise level, 1.0 max
const static float NSLV[256] = {
1.00000,  
1.00000,  
1.00000,  
1.00000,  
1.00000,  
1.00000,  
1.00000,  
1.00000,  
1.00000,  
1.00000,  
1.00000,  
1.00000,  
1.00000,  
1.00000,  
1.00000,  
1.00000, 
1.00000,  
1.00000,  
1.00000,  
1.00000,  
1.00000,  
1.00000,  
1.00000,  
1.00000,  
1.00000,  
1.00000,  
1.00000,  
1.00000,  
1.00000,  
1.00000,  
1.00000,  
1.00000,  
1.00000,  
1.00000,  
1.00000,  
1.00000,  
1.00000,  
1.00000,  
1.00000,  
1.00000,  
1.00000,  
1.00000,  
1.00000,  
1.00000,  
1.00000,  
1.00000,  
1.00000,  
1.00000, 
1.00000,  
1.00000,  
1.00000,  
1.00000,  
1.00000,  
1.00000,  
1.00000,  
1.00000,  
1.00000,  
1.00000,  
1.00000,  
1.00000,  
1.00000,  
1.00000,  
1.00000,  
1.00000,  
1.00000,  
1.00000,  
1.00000,  
1.00000,  
1.00000,  
1.00000,  
1.00000,  
1.00000,  
1.00000,  
1.00000,  
1.00000,  
1.00000,  
1.00000,  
1.00000,  
1.00000,  
1.00000, 
1.00000,  
1.00000,  
1.00000,  
1.00000,  
1.00000,  
1.00000,  
1.00000,  
1.00000,  
1.00000,  
1.00000,  
1.00000,  
1.00000,  
1.00000,  
1.00000,  
1.00000,  
1.00000,  
1.00000,  
1.00000,  
1.00000,  
1.00000,  
1.00000,  
1.00000,  
1.00000,  
1.00000,  
1.00000,  
1.00000,  
1.00000,  
1.00000,  
1.00000,  
1.00000,  
1.00000,  
1.00000, 
1.00000,  
1.00000,  
1.00000,  
1.00000,  
1.00000,  
1.00000,  
1.00000,  
1.00000,  
1.00000,  
1.00000,  
1.00000,  
1.00000,  
0.80000,  
0.60000,  
0.40000,  
0.20000,  
0.00000,
0.20000,  
0.40000,  
0.60000,  
0.80000,  
1.00000,  
1.00000,  
1.00000,  
1.00000,  
1.00000,  
1.00000,  
1.00000,  
1.00000,  
1.00000,  
1.00000,  
1.00000, 
1.00000,  
1.00000,  
1.00000,  
1.00000,  
1.00000,  
1.00000,  
1.00000,  
1.00000,  
1.00000,  
1.00000,  
1.00000,  
1.00000,  
1.00000,  
1.00000,  
1.00000,  
1.00000,  
1.00000,  
1.00000,  
1.00000,  
1.00000,  
1.00000,  
1.00000,  
1.00000,  
1.00000,  
1.00000,  
1.00000,  
1.00000,  
1.00000,  
1.00000,  
1.00000,  
1.00000,  
1.00000, 
1.00000,  
1.00000,  
1.00000,  
1.00000,  
1.00000,  
1.00000,  
1.00000,  
1.00000,  
1.00000,  
1.00000,  
1.00000,  
1.00000,  
1.00000,  
1.00000,  
1.00000,  
1.00000,  
1.00000,  
1.00000,  
1.00000,  
1.00000,  
1.00000,  
1.00000,  
1.00000,  
1.00000,  
1.00000,  
1.00000,  
1.00000,  
1.00000,  
1.00000,  
1.00000,  
1.00000,  
1.00000, 
1.00000,  
1.00000,  
1.00000,  
1.00000,  
1.00000,  
1.00000,  
1.00000,  
1.00000,  
1.00000,  
1.00000,  
1.00000,  
1.00000,  
1.00000,  
1.00000,  
1.00000,  
1.00000,  
1.00000,  
1.00000,  
1.00000,  
1.00000,  
1.00000,  
1.00000,  
1.00000,  
1.00000,  
1.00000,  
1.00000,  
1.00000,  
1.00000,  
1.00000,  
1.00000,  
1.00000,  
1.00000, 
1.00000,  
1.00000,  
1.00000,  
1.00000,  
1.00000,  
1.00000,  
1.00000,  
1.00000,  
1.00000,  
1.00000,  
1.00000,  
1.00000,  
1.00000,  
1.00000,  
1.00000,  
1.00000};


//BEAT FX CONSTANTS ARRAYS
const static float EFF_ATT[256] = {
0.00000,    
0.00781,    
0.01562,    
0.02343,    
0.03125,    
0.03906,    
0.04687,    
0.05468,    
0.06250,    
0.07031,    
0.07812,    
0.08593,    
0.09375,    
0.10156,    
0.10937,    
0.11718,    
0.12500,    
0.13281,    
0.14062,    
0.14843,    
0.15625,    
0.16406,    
0.17187,    
0.17968,    
0.18750,    
0.19531,    
0.20312,    
0.21093,    
0.21875,    
0.22656,    
0.23437,    
0.24218,    
0.25000,    
0.25781,    
0.26562,    
0.27343,    
0.28125,    
0.28906,    
0.29687,    
0.30468,    
0.31250,    
0.32031,    
0.32812,    
0.33593,    
0.34375,    
0.35156,    
0.35937,    
0.36718,    
0.37500,    
0.38281,    
0.39062,    
0.39843,    
0.40625,    
0.41406,    
0.42187,    
0.42968,    
0.43750,    
0.44531,    
0.45312,    
0.46093,    
0.46875,    
0.47656,    
0.48437,    
0.49218,    
0.50000,    
0.50781,    
0.51562,    
0.52343,    
0.53125,    
0.53906,    
0.54687,    
0.55468,    
0.56250,    
0.57031,    
0.57812,    
0.58593,    
0.59375,    
0.60156,    
0.60937,    
0.61718,    
0.62500,    
0.63281,    
0.64062,    
0.64843,    
0.65625,    
0.66406,    
0.67187,    
0.67968,    
0.68750,    
0.69531,    
0.70312,    
0.71093,    
0.71875,    
0.72656,    
0.73437,    
0.74218,    
0.75000,    
0.75781,    
0.76562,    
0.77343,    
0.78125,    
0.78906,    
0.79687,    
0.80468,    
0.81250,    
0.82031,    
0.82812,    
0.83593,    
0.84375,    
0.85156,    
0.85937,    
0.86718,    
0.87500,    
0.88281,    
0.89062,    
0.89843,    
0.90625,    
0.91406,    
0.92187,    
0.92968,    
0.93750,    
0.94531,    
0.95312,    
0.96093,    
0.96875,    
0.97656,    
0.98437,    
0.99218,    
1.00000,    
1.00322,    
1.00645,    
1.00967,    
1.01290,    
1.01612,    
1.01935,    
1.02258,    
1.02580,    
1.02903,    
1.03225,    
1.03548,    
1.03870,    
1.04193,    
1.04516,    
1.04838,    
1.05161,    
1.05483,    
1.05806,    
1.06129,    
1.06451,    
1.06774,    
1.07096,    
1.07419,    
1.07741,    
1.08064,    
1.08387,    
1.08709,    
1.09032,    
1.09354,    
1.09677,    
1.10000,    
1.10322,    
1.10645,    
1.10967,    
1.11290,    
1.11612,    
1.11935,    
1.12258,    
1.12580,    
1.12903,    
1.13225,    
1.13548,    
1.13870,    
1.14193,    
1.14516,    
1.14838,    
1.15161,    
1.15483,    
1.15806,    
1.16129,    
1.16451,    
1.16774,    
1.17096,    
1.17419,    
1.17741,    
1.18064,    
1.18387,    
1.18709,    
1.19032,    
1.19354,    
1.19677,    
1.20000,    
1.20322,    
1.20645,    
1.20967,    
1.21290,    
1.21612,    
1.21935,    
1.22258,    
1.22580,    
1.22903,    
1.23225,    
1.23548,    
1.23870,    
1.24193,    
1.24516,    
1.24838,    
1.25161,    
1.25483,    
1.25806,    
1.26129,    
1.26451,    
1.26774,    
1.27096,    
1.27419,    
1.27741,    
1.28064,    
1.28387,    
1.28709,    
1.29032,    
1.29354,    
1.29677,    
1.30000,    
1.30322,    
1.30645,    
1.30967,    
1.31290,    
1.31612,    
1.31935,    
1.32258,    
1.32580,    
1.32903,    
1.33225,    
1.33548,    
1.33870,    
1.34193,    
1.34516,    
1.34838,    
1.35161,    
1.35483,    
1.35806,    
1.36129,    
1.36451,    
1.36774,    
1.37096,    
1.37419,    
1.37741,    
1.38064,    
1.38387,    
1.38709,    
1.39032,    
1.39354,    
1.39677,    
1.40000,    
1.40322,    
1.40645,    
1.40967};

const static float ORIG_ATT[256] = {
1.00000,    
1.00000,    
1.00000,    
1.00000,    
1.00000,    
1.00000,    
1.00000,    
1.00000,    
1.00000,    
1.00000,    
1.00000,    
1.00000,    
1.00000,    
1.00000,    
1.00000,    
1.00000,    
1.00000,    
1.00000,    
1.00000,    
1.00000,    
1.00000,    
1.00000,    
1.00000,    
1.00000,    
1.00000,    
1.00000,    
1.00000,    
1.00000,    
1.00000,    
1.00000,    
1.00000,    
1.00000,    
1.00000,    
1.00000,    
1.00000,    
1.00000,    
1.00000,    
1.00000,    
1.00000,    
1.00000,    
1.00000,    
1.00000,    
1.00000,    
1.00000,    
1.00000,    
1.00000,    
1.00000,    
1.00000,    
1.00000,    
1.00000,    
1.00000,    
1.00000,    
1.00000,    
1.00000,    
1.00000,    
1.00000,    
1.00000,    
1.00000,    
1.00000,    
1.00000,    
1.00000,    
1.00000,    
1.00000,    
1.00000,    
1.00000,    
1.00000,    
1.00000,    
1.00000,    
1.00000,    
1.00000,    
1.00000,    
1.00000,    
1.00000,    
1.00000,    
1.00000,    
1.00000,    
1.00000,    
1.00000,    
1.00000,    
1.00000,    
1.00000,    
1.00000,    
1.00000,    
1.00000,    
1.00000,    
1.00000,    
1.00000,    
1.00000,    
1.00000,    
1.00000,    
1.00000,    
1.00000,    
1.00000,    
1.00000,    
1.00000,    
1.00000,    
1.00000,    
1.00000,    
1.00000,    
1.00000,    
1.00000,    
1.00000,    
1.00000,    
1.00000,    
1.00000,    
1.00000,    
1.00000,    
1.00000,    
1.00000,    
1.00000,    
1.00000,    
1.00000,    
1.00000,    
1.00000,    
1.00000,    
1.00000,    
1.00000,    
1.00000,    
1.00000,    
1.00000,    
1.00000,    
1.00000,    
1.00000,    
1.00000,    
1.00000,    
1.00000,    
1.00000,    
1.00000,    
1.00000,    
0.99212,    
0.98425,    
0.97637,    
0.96850,    
0.96062,    
0.95275,    
0.94488,    
0.93700,    
0.92913,    
0.92125,    
0.91338,    
0.90551,    
0.89763,    
0.88976,    
0.88188,    
0.87401,    
0.86614,    
0.85826,    
0.85039,    
0.84251,    
0.83464,    
0.82677,    
0.81889,    
0.81102,    
0.80314,    
0.79527,    
0.78740,    
0.77952,    
0.77165,    
0.76377,    
0.75590,    
0.74803,    
0.74015,    
0.73228,    
0.72440,    
0.71653,    
0.70866,    
0.70078,    
0.69291,    
0.68503,    
0.67716,    
0.66929,    
0.66141,    
0.65354,    
0.64566,    
0.63779,    
0.62992,    
0.62204,    
0.61417,    
0.60629,    
0.59842,    
0.59055,    
0.58267,    
0.57480,    
0.56692,    
0.55905,    
0.55118,    
0.54330,    
0.53543,    
0.52755,    
0.51968,    
0.51181,    
0.50393,    
0.49606,    
0.48818,    
0.48031,    
0.47244,    
0.46456,    
0.45669,    
0.44881,    
0.44094,    
0.43307,    
0.42519,    
0.41732,    
0.40944,    
0.40157,    
0.39370,    
0.38582,    
0.37795,    
0.37007,    
0.36220,    
0.35433,    
0.34645,    
0.33858,    
0.33070,    
0.32283,    
0.31496,    
0.30708,    
0.29921,    
0.29133,    
0.28346,    
0.27559,    
0.26771,    
0.25984,    
0.25196,    
0.24409,    
0.23622,    
0.22834,    
0.22047,    
0.21259,    
0.20472,    
0.19685,    
0.18897,    
0.18110,    
0.17322,    
0.16535,    
0.15748,    
0.14960,    
0.14173,    
0.13385,    
0.12598,    
0.11811,    
0.11023,    
0.10236,    
0.09448,    
0.08661,    
0.07874,    
0.07086,    
0.06299,    
0.05511,    
0.04724,    
0.03937,    
0.03149,    
0.02362,    
0.01574,    
0.00787,    
0.00000};

	
	
	
////////////////////////////////////////////////////////////////////////////////////////////////////////////////////////



