:020000040800F2
:10000000580F002441030008B75D0008335300086F
:10001000B55D0008850A0008CD91000800000000C9
:10002000000000000000000000000000376600082B
:10003000870A000800000000B95D00083966000862
:100040005B0300085B0300085B0300085B03000818
:100050005B0300085B0300085B0300085B03000808
:100060005B0300085B0300085B0300085B030008F8
:100070005B0300085B0300085B0300085B030008E8
:100080005B0300085B0300085B0300085B030008D8
:100090005B0300085B0300085B0300085B030008C8
:1000A0005B0300085B0300085B0300085B030008B8
:1000B0003D7600085B0300085B0300085B03000853
:1000C0005B0300085B0300085B0300085B03000898
:1000D0005B030008859100085B0300085B030008D0
:1000E0005B0300085B030008000000005B030008DE
:1000F000398600085B0300085B0300085B03000807
:100100005B0300085B0300085B0300085B03000857
:100110005B030008C98A00085B0300085B03000852
:100120005B0300085B0300085B0300085B03000837
:100130005B0300085B0300085B0300085B03000827
:1001400000000000000000000000000000000000AF
:100150005B0300085B0300085B0300085B03000807
:100160005B0300085B0300085B0300085B030008F7
:100170005B0300085B0300085B030008000000004D
:100180005B0300085B0300085B0300085B030008D7
:100190005B0300085B0300085B0300085D60000868
:1001A0005B0300085B0300085B030008BD610008F7
:1001B0005B0300085B0300085B0300085B030008A7
:1001C0005B0300085B0300085B0300085B03000897
:1001D0005B0300085B0300085B0300085B03000887
:1001E0005B0300085B0300085B0300085B03000877
:1001F0005B0300085B0300085B0300085B03000867
:100200005B0300085B030008DD6100085B03000876
:100210005B0300085B0300085B0300085B03000846
:100220005B0300085B0300085B030008000000009C
:100230005B0300085B030008000000005B0300088C
:100240005B0300085B0300085B0300085B03000816
:100250005B0300085B0300085B0300085B03000806
:100260005B0300085B0300085B0300085B030008F6
:100270005B0300085B0300085B030008000000004C
:100280005B0300085B0300085B030008000000003C
:10029000000000005B03000800F002F800F041F8E5
:1002A0000AA090E8000C82448344AAF10107DA45D1
:1002B00001D100F036F8AFF2090EBAE80F0013F0E2
:1002C000010F18BFFB1A43F00103184798B500004F
:1002D000B8B50000103A24BF78C878C1FAD85207E0
:1002E00024BF30C830C144BF04680C6070470000B0
:1002F0000023002400250026103A28BF78C1FBD82F
:10030000520728BF30C148BF0B607047752900F005
:10031000EB80002070471FB509F02DFA1FBD10B506
:1003200010BD00F082FA1146FFF7F5FF08F0D0FF8C
:1003300000F0A0FA03B4FFF7F2FF03BC00F0A8FA44
:100340000948804709480047FEE7FEE7FEE7FEE769
:10035000FEE7FEE7FEE7FEE7FEE7FEE704480549A5
:10036000054A064B70470000216700089902000803
:1003700058090024580F0024580B0024580B00245F
:1003800053EA020C00F069802DE9F04B4FF00006B3
:10039000002B1FBFB3FA83F503FA05F424FA05F620
:1003A0005E4012BF1643B2FA82F502FA05F4C5F1B7
:1003B00020051EBF22FA05FC44EA0C04203556EA4B
:1003C000044C4FEA144418BF641C4FF000084FF06F
:1003D0000009904271EB030C39D3002919BFB1FA1F
:1003E00081F701FA07F6B0FA80F700FA07F6C7F1CD
:1003F00020071EBF20FA07FC46EA0C062037B6FB92
:10040000F4FCA7EB0507103F07F01F0BCBF120060C
:100410000CFA0BFB2CFA06F644BFB3460026202F3D
:10042000A4BF5E464FF0000B5BEA060C08BF4FF01E
:10043000010B19EB0B09ABFB027C48EB0608C01B58
:1004400006FB02CC0BFB03CC71EB0C01C1E70B46A6
:10045000024641464846BDE8F08B13B54FF0000018
:100460004FF00001AFF30080BDE81C407047000072
:100470000FB41CB5074B06AA7B446946009005984B
:1004800000F0BBF90020694600F0CAF91CBC5DF819
:1004900014FB0000A503000070B5044685690068E0
:1004A000C10601D5302600E02026C00707D070BD68
:1004B000D4E9012130469047206A401C20626D1E1D
:1004C000F6D570BD70B5044685690078C00707D1C0
:1004D00070BDD4E9012120209047206A401C206291
:1004E0006D1EF6D570BD00002DE9F04106460024D2
:1004F00010687529314616A510D0AFF3008000288A
:1005000002DA404213A507E031688A0701D512A537
:1005100002E0490704D511A5012401E0AFF30080F2
:1005200000210A2206F1240709E0B0FBF2FCB0FB2F
:10053000F2F302FB1C00303078541846491C0028A6
:10054000F3D123462A463046BDE8F04100F0F6B824
:10055000000000002D0000002B0000002000000023
:100560002DE9F05F894604464FF0000ADFF874B1C8
:10057000FB44C0F820A02046E1688847002874D0DA
:10058000252806D0D4E901219047206A401C20622A
:10059000F1E700265F462046E168884720280546A7
:1005A00007DB312D05D2781910F8200C08B106436D
:1005B000F1E7B00701D526F00406C4F81CA0002717
:1005C000C4F818A02A2D09D0284608F07AFE38B3BE
:1005D00004EB8708303DC8F8185019E059F8041B9F
:1005E000204604EB87029161E1688847012F0546A8
:1005F00018D1E069002820DA26F020061DE0D8F89E
:10060000180000EB800005EB40003038C8F81800F7
:100610002046E1688847054608F053FE0028EED1E1
:10062000012F0AD02E2D08D12046E16888477F1C73
:100630000546022F46F02006C4DBA069002803DA35
:10064000404246F00106A061F00701D026F01006F6
:100650006C2D0BD0682D09D04C2D39D06A2D35D09A
:10066000742D35D07A2D33D016E038E0E1682F466E
:1006700020468847B842054609D16C2F26D04FF452
:100680008060E168064320468847054604E06C2FF9
:100690001AD04FF4807006430DB3A5F1410019281C
:1006A00002D8203546F400664A4629462046266090
:1006B0004E46FFF72BFE80B101280BD0F61D26F029
:1006C000070000F1080956E74020E4E78020D8E75A
:1006D0000020D6E706F104094DE7284652E7206AD4
:1006E000BDE8F09FDCB200004FF0000200B51346F9
:1006F00094469646203922BFA0E80C50A0E80C5042
:10070000B1F12001BFF4F7AF090728BFA0E80C50F2
:1007100048BF0CC05DF804EB890028BF40F8042BEB
:1007200008BF704748BF20F8022B11F0804F18BF58
:1007300000F8012B70477047704770472DE9F0476C
:100740000D4699469246044600F124080168880641
:1007500004D5E06921F01001216000E00120A842E9
:1007600001DD471B00E00027A1697A1902EB0900AF
:10077000081AA0612078C00602D42046FFF78CFE3C
:10078000002608E0D4E901211AF806009047206A03
:10079000401C761C20624E45F4DB2078C0060AD54A
:1007A0002046FFF779FE06E0D4E90121302090478A
:1007B000206A401C2062381EA7F10107F4DC07E024
:1007C000D4E9012118F805009047206A401C2062F6
:1007D000281EA5F10105F3DC2046FFF773FE207803
:1007E000000602D50220BDE8F0870120FBE70000EB
:1007F00001694A1C02610878704700B58FB0CDE9E5
:1008000001310021059105497944CDE903101146D4
:100810006846FFF7A5FE0FB000BD0000E5FFFFFF33
:100820000A6802F8010B0A607047754600F02CF860
:10083000AE4605006946534620F00700854618B0CD
:1008400020B5FFF78BFDBDE820404FF000064FF0CC
:1008500000074FF000084FF0000B21F00701AC46F5
:10086000ACE8C009ACE8C009ACE8C009ACE8C00914
:100870008D46704710B50446AFF300802046BDE8B2
:100880001040FFF757BD000000487047F4080024EF
:1008900001491820ABBEFEE72600020070470000A9
:1008A00070B53A4905460068884202D0384A9042FD
:1008B00002D1D1F8080302E03648D0F8080310F45A
:1008C000403F11D002F0C4FB04466868B0F5803F99
:1008D00006D0B0F5003F03D0B0F5403F27D101E08E
:1008E000000C18E0A40822E000214FF4002001F0E1
:1008F00047FC044668688103890B18D181140C29D0
:1009000015D2DFE801F0140606060606060B0D0FE9
:100910001113800C4000B4FBF0F408E0240906E059
:10092000640904E0A40902E0E40900E0240A01F0FB
:100930003FF941F20301884208D8174884422868E9
:10094000816813D821F48071816070BD13496008FB
:10095000884204D82868816821F44071F4E710497E
:10096000884206D82868816821F4407141F480717A
:10097000EAE70C4988422868816804D821F440716C
:1009800041F40071E0E741F44071DDE700200240EE
:100990000021024000600258002D3101105E5F000E
:1009A00020BCBE0040787D0170B5044600688168B7
:1009B00011F0010F40D18168204A11422DD1816888
:1009C000D5432940491C816001F0F8F81C490646CE
:1009D00020681C4B884201D0984201D11A4A00E09D
:1009E0001A4A9268984202F01F0200D001468142E2
:1009F0001DD0E2B120E0816811F0010F03D18168C0
:100A00002940491C816001F0D9F8801B02280ED9C9
:100A100020680068C043C00709D0606D40F0100036
:100A20006065A06D40F00100A065012070BD2068E8
:100A30000168C943C907DED1002070BD3F000080B6
:100A400000200240002102400023024000630258BF
:100A500010EE100A0949884202DD47F6FF70704720
:100A600010EE100AB0F1474F01D905487047BDEEAE
:100A7000C00A10EE100A00B27047000000FEFF46E8
:100A80000080FFFFFEE7704772B6FEE72DE9F047F2
:100A90000F4690F850109AB0044601294FF0000913
:100AA00015D00026DFF8F880012084F85000159654
:100AB0001696216841450ED13A4D0095284604F01E
:100AC000F1FC8246206804F0EDFC60B10EE00220EB
:100AD0001AB0BDE8F087606D84F8506040F02000E7
:100AE00060650120F4E7BAF1000F09D0616D4FF0A5
:100AF000010941F020006065484684F85060E7E74E
:100B000020684146884201D0A84201D1264800E031
:100B1000264840F61F72D7F800C0254BBCF1000FE5
:100B200023D0D0F808C0D7F804802CF4404C4CEA0D
:100B3000080CC0F808C0D4F800C08C4501D0AC4502
:100B400007D18968AB6801F0010103F00103194383
:100B500002E0996801F001010029CDD1BD68396832
:100B6000836829439343194317E0876827F4404774
:100B7000876027688F4201D0AF4207D18968AB6890
:100B800001F0010103F00103194302E0996801F04B
:100B900001010029B0D1816891438160ACE7000078
:100BA000002002400021024000230240006302585E
:100BB000006002582DE9F84F4FF0000B0446E54E57
:100BC0000D46CDF800B05F4690F85000DFF888A3DE
:100BD000012808D04FF0010984F85090206804F0F3
:100BE0005DFC18B169E10220BDE8F88F2168286832
:100BF000CA69030328D090FAA0F0B0FA80F000BFD1
:100C000000F01F0309FA03F00243CA61D5E900129C
:100C10004FF00C0C20681F23C1F384610CEA921C76
:100C200002F01F02604493409140026B9A430A43D2
:100C30000263206804F032FC8046206804F02AFC3D
:100C400058EA000003D07FE0C0F38460D8E7206852
:100C5000AA68296804F02AFCC0490968B9EB117F29
:100C600006D121686869C968C1F38201490008E0BA
:100C70002068C168C906C1686869F5D501F010012E
:100C800049088840296904292ED022682B6802EB84
:100C9000810103F0F8420B6E024303F00040104361
:100CA0000866697E22682869012917D05FF0000173
:100CB00002EB8000026E22F000420A430266287EA8
:100CC00021682A6901280CD000200B6902F01F025C
:100CD000904023F4F04202430A6135E04FF00041B6
:100CE000E6E74FF40060F0E720682978026E02F032
:100CF000F842B2EB816F03D1016E21F00041016631
:100D000020682978426E02F0F842B2EB816F03D17D
:100D1000416E21F00041416620682978826E02F020
:100D2000F842B2EB816F03D1816E21F00041816600
:100D300020682978C26E02F0F842B2EB816F03D1CD
:100D4000C16E21F00041C1662068816811F0010F79
:100D500076D150F8C02F95F80CC0814B29680CF063
:100D6000180C23FA0CF3C1F313080B4022EA080213
:100D70001A4302607B48E968814277D12868010301
:100D80001BD090FAA0F1B1FA81F1491C01F01F01CA
:100D900009294FEA003131D8002911D090FAA0F189
:100DA000B1FA81F101F1010101F01F0109FA01F22B
:100DB00009D100BFC0F3846109E0C0F38461E4E7B6
:100DC000C0F38461EEE790FAA0F1B1FA81F101F18C
:100DD000010101F01F0142EA816102D1C0F3846088
:100DE00003E090FAA0F0B0FA80F000F1010000F00A
:100DF0001F0000EB400041EA005133E000290ED013
:100E000090FAA0F1B1FA81F101F1010101F01F01A5
:100E100009FA01F206D100BFC0F3846106E0C0F315
:100E20008461F1E790FAA0F1B1FA81F101F10101D9
:100E300001F01F0142EA816103D1C0F3846004E044
:100E400040E090FAA0F0B0FA80F0474A00F10100CB
:100E500000F01F0000EB400002EB005041EA0001EF
:100E600041F00071AA68206804F020FBD5F800C0AA
:100E7000BCF1000F26DA3D4B20683D49DFF8F490C5
:100E8000984201D0B04201D10A4600E04A46926839
:100E9000984202F0E07201D0B04209D19D68D6F8C4
:100EA000088005F0010508F0010845EA080503E09F
:100EB000DAF8085005F0010545B1606D012740F0F2
:100EC00020006065384684F850B08DE62A4DAC4568
:100ED0001CD115021AD45045F4D1984202D0B04228
:100EE00000D049468B6842F4000023F0E0720243D0
:100EF0008A60234921480968B1FBF0F04000801C5A
:100F000000E0401E00900028FBD1DBE71D4DAC4502
:100F10000CD1D5010AD45045D4D1984202D0B04268
:100F200000D049468B6842F080700EE0164DAC450B
:100F3000C8D15502C6D45045C4D1984202D0B0425F
:100F400000D049468B6842F4800023F0E0720243EF
:100F50008A60B7E700210240006002580010005C80
:100F6000FFFF0F000000FF47000020FE00200240AE
:100F70000023024000630258000084CB400D0300B0
:100F8000E8000024000052C70000B8CF0068006CE1
:100F900070470000F8B54FF0000604003546009693
:100FA00002D0606D10B107E00120F8BD204600F0CE
:100FB00005F9A66584F8506020688168C1F3407126
:100FC00019B18168704A1140816020688168C1F35D
:100FD000007181B981686D4A114041F08051816092
:100FE0006C496B480968B1FBF0F0401C00E0401E02
:100FF00000900028FBD120688168C1F3007141B9DD
:10100000616D012541F010016165A16D41F00101A3
:10101000A16504F043FA616DC90600D420B1606D8A
:10102000012540F0100093E0606D20F4807040F0E6
:10103000020060652068816811F0010F1FD1564AD7
:10104000564B904201D0984207D191689E6801F0BA
:10105000010106F00106314303E05149896801F0BE
:10106000010161B9904201D0984201D14D4800E0A0
:101070004D488268616822F47C120A43826000F065
:1010800097FD41F20301884202D9A06810280CD0D4
:10109000617D227FA368206B490341EA0241184326
:1010A0000843217F01290CD010E0607D227F216B55
:1010B000400340EA024241F01000104340F00C00AF
:1010C000EFE7218C394A02EB41410843616A29B1BB
:1010D000A26A01F47871014342EA01002168344BAD
:1010E000CA681A400243CA60206804F0D7F906466D
:1010F000206804F0CFF930431DD1216844F2030386
:10110000267DE26AC86842EA863298431043C86086
:1011100094F8380001281ED02068016921F00101EF
:1011200001612068626B016921F070411143016126
:101130002046FFF7B5FBE068012820681CD0016B52
:1011400021F00F010163606D20F0020040F001000A
:1011500060652846F8BD2068A28F164FD4E9101CA0
:10116000154E07EB0247A36C026941EA0C013B43B1
:10117000324019431143D3E7A269016B521E21F09B
:101180000F011143DEE70000C0FFFF5FC0FFFF7FDC
:10119000400D0300E800002400200240002102402E
:1011A0000060025800230240006302580000FEFF66
:1011B00003C0F0FF0100FFFF1EF800FCF0B587B090
:1011C000044614216846FFF78FFA234A0025276852
:1011D0000326204CDFF884C0116808341D4B674596
:1011E0001F4801F1010114D10129116007D11968CB
:1011F00041F020011960196801F020010591216872
:1012000041F001012160216801F0010105912021D7
:1012100017E0DFF850C0674519D10129116007D1E7
:10122000196841F020011960196801F02001059149
:10123000216841F001012160216801F0010105915F
:1012400010210295CDE90016694600F095FB07B024
:10125000F0BD0000D8440258CC0000240020024019
:1012600000000258002102402DE9F0413B4D0446A8
:1012700000683B4FA84201D0B84201D1394900E093
:101280003949896801F01F0604F008F918B10221F4
:101290000846BDE8F08194F8500001280CD00120E8
:1012A00084F850002046FFF77FFB01004FF000025A
:1012B00004D084F85020EBE70220EAE7636D40F6A3
:1012C000016C206823EA0C03B84243F48073636521
:1012D00001D12B4600E00346834200D01EB9636D66
:1012E00023F480136365636DDB0404D5A36D23F0E1
:1012F0000603A36500E0A2651C23036084F8502068
:101300002068B84201D12A4600E00246824215D048
:10131000A6B1052E12D0092E10D0626DB84242F44B
:101320008012626500D00546E8688001B0D5606D26
:1013300020F4005040F480506065A9E7C268920133
:1013400005D5626D22F4005242F4805262658268D3
:10135000064B1A40121D82609AE7000000200240EE
:10136000002102400023024000630258C0FFFF7FBB
:101370002DE9F84F044600F021FC00903CB194F8B0
:101380003500022806D0802161650020E4E00120BC
:10139000BDE8F88FC74DC74EC649183520683036AE
:1013A000DFF81483DFF814938842DFF814A3DFF822
:1013B00014B32ED0A8422CD0B0422AD0404528D019
:1013C000484526D0504524D0584522D0BD4A183231
:1013D00090421ED0BC4A90421BD0BB4A1832904269
:1013E00017D0B94A3032904213D0B74A48329042AF
:1013F0000FD0B54A603290420BD0B34A7832904257
:1014000007D0B14A9032904203D0AF4AA8329042FE
:1014100009D1026822F01E0202602068426922F0AF
:101420008002426103E0026822F00E020260276837
:101430008F4238464DD0A8424BD0B04249D04045AB
:1014400047D0484545D0504543D0584541D09D4AA6
:10145000183290423DD09C4A90423AD09A4A183273
:10146000904236D0984A3032904232D0964A483232
:1014700090422ED0944A603290422AD0924A7832DA
:10148000904226D0904A9032904222D08E4AA83282
:1014900090421ED08D4A90421BD08C4A143290420A
:1014A00017D08A4A2832904213D0884A3C32904260
:1014B0000FD0864A503290420BD0844A6432904218
:1014C00007D0824A7832904203D0804A8C329742C9
:1014D00004D1206E026822F480720260754920688F
:1014E000884228D0A84226D0B04224D0404522D0FD
:1014F000484520D050451ED058451CD07149183160
:10150000884218D07049884215D06F4918318842F6
:1015100011D06D49303188420DD06B494831884235
:1015200009D069496031884205D0674978318842DD
:1015300001D065499031016821F0010101600EE0A0
:1015400000F03CFB0099401A052808D9202262656A
:101550000321002084F8351084F8340017E7386838
:10156000C007EDD1534A0121206890422ED0A842F5
:101570002CD0B0422AD0404528D0484526D05045EE
:1015800024D0584522D04F4B183398421ED04E4B92
:1015900098421BD04C4B1833984217D04A4B3033EB
:1015A000984213D0484B483398420FD0464B603393
:1015B00098420BD0444B7833984207D0424B90333B
:1015C000984203D0404BA833984208D194F85C70FD
:1015D0003F23A06D07F01F07BB40836007E094F82E
:1015E0005C30A06D03F01F0301FA03F34360206831
:1015F00090424DD0A8424BD0B04249D0404547D050
:10160000484545D0504543D0584541D02D4A183221
:1016100090423DD02C4A90423AD02B4A1832904208
:1016200036D0294A3032904232D0274A483290424E
:101630002ED0254A603290422AD0234A78329042F6
:1016400026D0214A9032904222D01F4AA83290429E
:101650001ED01E4A90421BD01C4A1432904217D012
:101660001A4A2832904213D0184A3C3290420FD086
:10167000164A503290420BD0144A6432904207D03E
:10168000124A7832904203D0104A8C3290420BD1E9
:10169000D4E919024260E06E30B1026822F480722F
:1016A0000260D4E91C024260002084F8351084F8FE
:1016B00034006DE610000240580002407000024005
:1016C00088000240A0000240100402400854025862
:1016D0002DE9F05F28B190F83510022904D080215F
:1016E00041650120BDE8F09F904C904B0168183C8B
:1016F00018338E4ADFF83C92A1428D4CDFF838E275
:101700008E4FDFF83CB2DFF83CA28F4D8F4E31D0C8
:1017100091422FD099422DD0A1422BD0494529D0BA
:10172000714527D0B94225D0DFF810C20CF1180C52
:1017300061451FD0DFF808C2ACF1600C614519D0DB
:10174000DFF8FCC1ACF1480C614513D0DFF8F0C103
:10175000ACF1300C61450DD0DFF8E4C1ACF1180CF0
:10176000614507D0594505D0514503D0A94201D064
:10177000B1422CD1DFF8B4C14FF0040880F83580B5
:10178000ACF1180C61451DD091421BD0994219D083
:10179000A14217D0494515D0714513D0B94211D097
:1017A0006648183081420DD065486038814209D0C2
:1017B00063484838814205D061483038814201D0C1
:1017C0005F481838086820F001000860ABE0D1F8E5
:1017D00000C02CF00E08DFF854C1C1F80080ACF155
:1017E000180C0168614527D0914225D0994223D039
:1017F000A14221D049451FD071451DD0B9421BD00F
:10180000DFF838C10CF1180C614515D0DFF830C194
:10181000ACF1600C61450FD0DFF824C1ACF1480C8D
:10182000614509D0DFF818C1ACF1300C614503D037
:10183000DFF80CC1ACF1180CD1F800C02CF0010C91
:10184000C1F800C0DFF8E4804FF0010C0168A8F196
:101850001808414546D0914244D0994242D0A14215
:1018600040D049453ED071453CD0B9423AD0334A88
:101870001832914236D0324A603A914232D0304AE0
:10188000483A91422ED02E4A303A91422AD02C4AE0
:10189000183A914226D0594524D0514522D0A94228
:1018A00020D0B1421ED02A4A91421BD0284A14327D
:1018B000914217D0264A2832914213D0244A3C3212
:1018C00091420FD0224A503291420BD0204A6432CA
:1018D000914207D01E4A7832914203D01C4A8C3282
:1018E000914218D1016E0A6822F480720A6090F861
:1018F0005C20816D02F01F020CFA02F24A60D0E90E
:1019000019124A60C16E31B10A6822F480720A600D
:10191000D0E91C124A600022016D80F835C080F8C1
:10192000342001B188470020DCE600002800024096
:10193000580002407000024088000240A0000240AF
:101940007004024088040240A0040240B80402402F
:101950000854025870B5044600F030F90546601C82
:1019600002D004480078044400F028F9401BA0424B
:10197000FAD370BDDC0000242DE9F84F03247D4D1F
:1019800000234FF001094FF0B04B4FF00F0AE9E090
:1019900009FA03F73A4076D00E7906F00306012ED5
:1019A00001D0022E18D1D0F808C04FEA430ECE68FD
:1019B00004FA0EF82CEA080C06FA0EF646EA0C06B3
:1019C0008660D0F804C00E792CEA070CC6F3001626
:1019D0009E4046EA0C0646600E79F643B6070BD0E9
:1019E000C6684FEA43088F6804FA08FC26EA0C062A
:1019F00007FA08F73743C7600E7906F00306022E90
:101A000012D1DE080F694FEA437C00EB8606B6462A
:101A1000366A4FEADC6C0AFA0CF807FA0CF726EA89
:101A200008063743CEF820700F7906684FEA43085E
:101A300007F0030704FA08FC07FA08F726EA0C0681
:101A4000374307604E6816F4403F1CD04A4E376853
:101A500047F00207376036689F0706F002060096D7
:101A600023F0030606F1B046B6463F0FD6F80864E9
:101A7000DFF808810AFA07FC404526EA0C0603D184
:101A80004FF0000C41E06CE0DFF8F4C0604502D19B
:101A90004FF0010C39E0DFF8ECC0604502D14FF0A7
:101AA000020C32E0DFF8E0C0604502D14FF0030CD9
:101AB0002BE0DFF8D8C0604502D14FF0040C24E0E1
:101AC000DFF8CCC0604502D14FF0050C1DE0DFF817
:101AD000C4C0604502D14FF0060C16E0DFF8B8C074
:101AE000604502D14FF0070C0FE0DFF8B0C0604551
:101AF00002D14FF0080C08E0DFF8A4C0604502D125
:101B00004FF0090C01E04FF00A0C0CFA07FC4CEA0C
:101B1000060CCEF808C44F68DBF80060FF0226EA26
:101B2000020600D516435F46CBF80060D1F804C02A
:101B3000DBF804605FEA8C2C26EA020600D5164327
:101B40007E606E684F6826EA0206BF0300D5164322
:101B50006E602E684F6826EA0206FF0300D5164322
:101B60002E605B1C0A6832FA03F67FF411AFBDE801
:101B7000F88F000080000058F4440258000002581A
:101B80000004025800080258000C025800100258C5
:101B90000014025800180258001C02580020025875
:101BA000002402580AB1816170470904FBE7000074
:101BB00001480068000C70470010005C0148806814
:101BC00070470000DC000024074908B50A6842F0AD
:101BD00002020A60096801F00201009103490A68E3
:101BE00002430A6008BD0000F4440258040400588F
:101BF000024881680278114481607047DC0000244B
:101C0000032010B500F086F801F068FA0F4A104979
:101C100014681368C4F3032203F00F038A5CC95CE1
:101C200002F01F0201F01F01D0400A4A20FA01F120
:101C30001160094908600F2000F010F808B1012078
:101C400010BD00F02BF8002010BD00001844025811
:101C500040B80008EC000024E800002470B50D4DE9
:101C600004462878A0B14FF47A71B1FBF0F00A492C
:101C70000968B1FBF0F002F0FCFB48B9102C07D268
:101C800000222146501E00F025F800206C6070BD37
:101C9000012070BDDC000024E8000024054808B5E0
:101CA000016841F002010160006800F0020000904C
:101CB00008BD0000F4440258002809DB410900F087
:101CC0001F028900012001F1E0219040C1F80001CC
:101CD000704700000E4BF0B41B680D46C3F302239F
:101CE000C3F10706042E00D90426191D072901D2C5
:101CF000002300E0DB1E012404FA06F19C40491E8B
:101D00002940641E994014402143F0BC07F0C8BA32
:101D10000CED00E0064900F0070210B54FF6FF0495
:101D20000868044B204040EA02201843086010BDB8
:101D30000CED00E00000FA05134970B50A68D243C3
:101D4000520705D5096801F00701814213D118E057
:101D50000A6822F0070202430A60FFF72FFF0A4DCC
:101D60004FF47A760446083D07E000BFFFF726FFF0
:101D7000001BB04201D9012070BD2868C043800417
:101D8000F4D4002070BD00000C48025810B501F0DA
:101D90005FF905490968054AC1F30211515C01F078
:101DA0001F01C84010BD00002044025840B8000880
:101DB0004A4930B5494C0B1D0A680C3409681D6846
:101DC000246802F0030305F00102C1F30511C4F316
:101DD000CC04002914FB02F200EE102AF8EE400AAF
:101DE00076D0414A9FED3E1ADFED3E1AB7EE000A6B
:101DF00023B1012B5AD0022B18D15CE0374C283C80
:101E000023689B0612D5394B246801EE901A11689D
:101E1000C4F3C104F8EE612AE34001EE903AC1F345
:101E20000801F8EE611A81EEA22A07E002EE101A0C
:101E30001168F8EE422A81EEA22A45E001EE901ADE
:101E40001168F8EE611A40EE811A71EE800A62EEB6
:101E5000200AC1F3462101EE101AB8EE411A31EE04
:101E6000001AC0EE811ABCEEE11A80ED001A11686A
:101E7000C1F3064101EE101AB8EE411A31EE001A14
:101E8000C0EE811ABCEEE11A80ED011A1168C1F3AF
:101E9000066101EE101AB8EE411A31EE000A80EE2A
:101EA000801ABCEEC10A80ED020A30BD01EE901A24
:101EB000DFED0F2A03E001EE901ADFED0E2A116824
:101EC000F8EE611A82EEA12AC1F30801B6E7FFE736
:101ED000002101604160816030BD0000284402584B
:101EE000000000390024744C304402580090D003A4
:101EF0000024744A20BCBE4B494930B5484C0B1DE8
:101F00000A68143409681D68246802F00303C5F3E5
:101F10000012C1F30531C4F3CC04002914FB02F212
:101F200000EE102AF8EE400A75D03F4A9FED3D1AA8
:101F3000B7EE000A6BB1DFED3D1A012B01D0022B89
:101F400064D002EE101A1168F8EE422A81EEA22A3D
:101F500021E0334C283C23689B0612D5344B24687F
:101F600001EE901A1168C4F3C104F8EE612AE3404F
:101F700001EE903AC1F30801F8EE611A81EEA22A4F
:101F80000BE001EE901ADFED2B2A00BFF8EE611A8C
:101F9000116882EEA12AC1F3080101EE901A1168BE
:101FA000F8EE611A40EE811A71EE800A62EE200AA4
:101FB000C1F3462101EE101AB8EE411A31EE001AB3
:101FC000C0EE811ABCEEE11A80ED001A1168C1F36F
:101FD000064101EE101AB8EE411A31EE001AC0EEB9
:101FE000811ABCEEE11A80ED011A1168C1F3066195
:101FF00001EE101AB8EE411A31EE000A80EE801A96
:10200000BCEEC10A80ED020A30BD04E001EE901A78
:10201000DFED092ABAE70021016041608160F3E742
:102020002844025800000039384402580024744AF9
:102030000090D0030024744C20BCBE4B494930B5FD
:10204000484C0B1D0A681C3409681D68246802F09E
:102050000303C5F30022C1F30551C4F3CC040029E6
:1020600014FB02F200EE102AF8EE400A75D03F4A47
:102070009FED3D1AB7EE000A6BB1DFED3D1A012B63
:1020800001D0022B64D002EE101A1168F8EE422A39
:1020900081EEA22A21E0334C283C23689B0612D50E
:1020A000344B246801EE901A1168C4F3C104F8EEB1
:1020B000612AE34001EE903AC1F30801F8EE611A9B
:1020C00081EEA22A0BE001EE901ADFED2B2A00BF71
:1020D000F8EE611A116882EEA12AC1F3080101EE3F
:1020E000901A1168F8EE611A40EE811A71EE800ABA
:1020F00062EE200AC1F3462101EE101AB8EE411A31
:1021000031EE001AC0EE811ABCEEE11A80ED001A21
:102110001168C1F3064101EE101AB8EE411A31EE12
:10212000001AC0EE811ABCEEE11A80ED011A1168A6
:10213000C1F3066101EE101AB8EE411A31EE000A41
:1021400080EE801ABCEEC10A80ED020A30BD04E0C8
:1021500001EE901ADFED092ABAE700210160416023
:102160008160F3E7284402580000003940440258D7
:102170000024744A0090D0030024744C20BCBE4B51
:102180002DE9F04FAC4A0546DFF8A8A280F4807034
:10219000DFF8AC9289B01311AA4C0843A748AAF102
:1021A00004064FF0805C4FF000582CD085F4007787
:1021B0000F4357D0DFF87CB285F480670F430BF1F3
:1021C000080B61D085F400670F4374D085F4805705
:1021D0000F436ED085F400570F434FF480394FF40E
:1021E000003E67D085F400270F4371D085F4803717
:1021F0000F436ED085F480460E436BD085F40042C9
:102200000A4368D02AE0DAF8001001F00701052936
:1022100024D2DFE801F075BC7D25B10006A8FFF7E8
:10222000C7FD079809B0BDE8F08F6846FFF764FE68
:102230000098F7E703A8FFF701FF0398F2E720688B
:10224000C0F3C10022FA00F0ECE72268D20571D594
:1022500061456FD11846E5E74145E3D00020E1E74D
:102260004846DFE7DAF8001001F4E07180294FD02A
:1022700004DC002944D04029F0D188E0C029EFD007
:10228000B1F5807FEAD177E0DBF8001001F460015E
:10229000B1F5800F3CD004DC91B3B1F5001FDDD166
:1022A00075E0B1F5C00FDBD0B1F5000FD6D163E01A
:1022B00001E018E030E0DBF8001001F0E061B1F17E
:1022C000007F25D008DCD9B1B1F1807FC6D15EE0B6
:1022D00049E06CE079E09CE0B1F1407FC0D0B1F121
:1022E000806FBBD148E0DAF8001001F4E041B1F5AD
:1022F000005F0DD005DC19B1B1F5805FAED146E0CD
:1023000094E0B1F5405FABD0B1F5804FA6D133E09A
:1023100020688000A2D58DE7DAF8001001F4E021F2
:10232000B1F5403F6CD006DC61B149457AD07145CA
:1023300094D157E037E0B1F5802F65D0B1F5A02FEB
:102340008CD10CE000F0A6FE6CE76846FFF7D4FDE8
:10235000019867E703A8FFF771FE049862E7216818
:102360008903F1D47AE7DBF8001011F440310ED084
:10237000494510D07145F5D13168256801F04051CB
:102380006D077FF562AF00297FF45FAF57E72068E4
:102390000001E7D549E720688000E3D503A8FFF7EF
:1023A0004DFE05983EE722689203DBD554E730687E
:1023B00010F480303AD04845D4D120680001D1D5FE
:1023C0006846FFF799FD02982CE7DBF8001001F052
:1023D000E041B1F1405F13D008DC71B1614521D01B
:1023E0004145BFD120688000B4D437E7B1F1804FB8
:1023F0000AD0B1F1A04FB2D030E7FFF7C7FC11E728
:1024000020684007AED51AE72068C005AAD521E7A5
:1024100008E0DAF8001011F04051A0D0614505D075
:1024200041459FD1206800018FD417E720688001C3
:1024300098D5F3E6504402580090D00340787D01CF
:102440000080BB00004402582DE9FE4F0546DFF82E
:10245000E48350F8081B0024F64FC943019005F1AE
:102460002800264608F12408009008011DD4A86E13
:1024700050B1B0F5801F0CD0B0F5001F0ED0B0F5F4
:10248000401F1ED001240FE0386840F4003038604F
:1024900017E00198022103F0C1FC03E0009802213B
:1024A00003F04CFD04000CD026462888C043C0052C
:1024B00023D4A86D05281ED2DFE800F00C11161BEE
:1024C0001B00AA6ED8F8001021F440111143C8F87F
:1024D0000010EAE7386840F40030386009E00198FD
:1024E000002103F09BFC03E00098002103F026FD8F
:1024F000044674B100E0012426462888C0438005C4
:1025000028D4E86D80281ED00CDC90B140280ED174
:1025100014E0AA6DD8F8001021F007011143C8F8A3
:102520000010EAE7C02813D0B0F5807F10D0012456
:102530000FE0386840F40030386009E0019800216D
:1025400003F06CFC03E00098002103F0F7FC044664
:102550009CB126462888DFF8DC92C04309F12C099B
:1025600040052CD4D5F8A800B0F5800F20D00DDCA4
:10257000A0B1B0F5001F0FD115E0EA6DD8F800103A
:1025800021F4E0711143C8F80010E3E7B0F5C00F83
:1025900013D0B0F5000F10D001240FE0386840F4DC
:1025A0000030386009E00198002103F037FC03E0B7
:1025B0000098002103F0C2FC04467CB1264628881E
:1025C000C04300052DD4D5F8AC00B0F1007F21D078
:1025D0000EDCA8B1B0F1807F10D116E0D5F8A820AC
:1025E000D9F8001021F460011143C9F80010E6E7A2
:1025F000B0F1407F13D0B0F1806F10D001240FE014
:10260000386840F40030386009E00198002103F098
:1026100005FC03E00098002103F090FC044674B12F
:1026200026462868C04380011FD4E86CD8B1102822
:102630000FD0202812D0302815D0012414E0D5F86E
:10264000AC20D9F8001021F0E0611143C9F8001066
:10265000E7E7386840F40030386004E00198022170
:1026600003F0DCFB044674B126462888C043C0044E
:102670002BD4286EB0F5005F20D00DDCA0B1B0F5F2
:10268000805F0FD115E06B48EA6C2030016821F0C3
:10269000300111430160E8E7B0F5405F13D0B0F5B9
:1026A000804F10D001240FE0386840F400303860CB
:1026B00009E00198002103F0B1FB03E0009800213C
:1026C00003F03CFC04468CB126462888C0438004B5
:1026D00029D4686EB0F5403F23D010DC08B3B0F5C4
:1026E000803F14D0B0F5003F0FD115E02A6ED8F826
:1026F000001021F4E0411143C8F80010E5E7B0F5FF
:10270000802F0ED0B0F5A02F0BD001240AE0019845
:10271000012103F083FB03E00098012103F00EFC8C
:10272000044694B126462888C04340042AD4D5F8EC
:10273000B000B0F1405F23D010DC08B3B0F1805F8F
:1027400014D0B0F1005F0FD115E06A6ED8F8001018
:1027500021F4E0211143C8F80010E4E7B0F1804F04
:102760000ED0B0F1A04F0BD001240AE00198012156
:1027700003F054FB03E00098012103F0DFFB044663
:1027800074B126462888C04300041FD4286FD8B1EE
:10279000B0F1805F0ED0B0F1005F10D0012414E0E2
:1027A000D5F8B020D9F8001021F0E0411143C9F864
:1027B0000010E7E7386840F40030386004E0019822
:1027C000012103F02BFB044674B126462868C04360
:1027D000C0011ED4A86CD0B101280ED0022811D09F
:1027E000032814D0012413E02A6FD8F8001021F038
:1027F00040511143C8F80010E8E7386840F4003051
:10280000386004E00198022103F008FB0446ACB1F3
:1028100026462868DFF81CB0C043ABF11C0B400211
:1028200052D40548016841F480710160FFF7C6F990
:10283000824611E02C44025800480258FA48AA6C1B
:10284000016821F0030111430160E2E7FFF7B6F9E7
:10285000A0EB0A00642835D8F4480068C005F5D517
:102860008CBBDFF8C4A3B5F8B4100AF1240ADAF877
:10287000000001F4407100F44070884211D0DAF891
:102880000010DAF8002021F4407142F48032CAF8D6
:102890000020DAF8002022F48032CAF80020CAF8BA
:1028A0000010D5F8B400B0F5807F1AD1FFF786F993
:1028B000029012E0FFF782F90299411A41F2883042
:1028C00081420AD9032426462878DFF85CA3C04356
:1028D0000AF1080AC00721D03CE0DAF800008007BE
:1028E000E8D5D5F8B410C1F30120032858460DD01F
:1028F000016821F47C510160B5F8B420DAF80010C9
:10290000C2F30B021143CAF80010DDE7C84A03689E
:1029100002EA111223F47C511143ECE7E86F182806
:1029200016D005DCA0B1082808D0102804D10AE090
:1029300020280DD028280BD001240AE0019801217D
:1029400003F06CFA03E00098012103F0F7FA044663
:1029500064B126462878C04380071ED4A86F062895
:1029600019D2DFE800F0160C11161616EA6FDAF825
:10297000001021F038011143CAF80010EAE701986D
:10298000012103F04BFA03E00098012103F0D6FA8D
:1029900004467CB100E0012426462878C043400765
:1029A0001FD4D5F89400062819D2DFE800F0160CE1
:1029B00011161616AA6FDAF8001021F0070111435C
:1029C000CAF80010E9E70198012103F027FA03E0B3
:1029D0000098012103F0B2FA0446A4B100E00124FA
:1029E00026462878C04380062BD4D5F89000B0F155
:1029F000405F24D011DC10B3B0F1805F15D0B0F18E
:102A0000005F10D116E0D5F89420D9F8001021F01D
:102A100007011143C9F80010E3E7B0F1804F0ED071
:102A2000B0F1A04F0BD001240AE00198002103F07F
:102A3000F5F903E00098022103F080FA044694B10E
:102A400026462878C04340062BD4D5F89C00B0F524
:102A5000406F24D011DC10B3B0F5806F15D0B0F505
:102A6000006F10D116E0D5F89020DAF8001021F0B0
:102A7000E0411143CAF80010E3E7B0F5805F0ED0E3
:102A8000B0F5A05F0BD001240AE00198002103F00B
:102A9000C5F903E00098022103F050FA044694B10E
:102AA00026462878C04300062BD4D5F8A000B0F500
:102AB000C04F24D011DC10B3B0F5005F15D0B0F5D5
:102AC000804F10D116E0D5F89C20D9F8001021F4E1
:102AD000E0511143C9F80010E3E7B0F5004F0ED004
:102AE000B0F5204F0BD001240AE00198002103F03B
:102AF00095F903E00098022103F020FA044654B14E
:102B000026462878C04300071ED4D5F88400B0F5C7
:102B1000805F0AD00FE0D5F8A020D9F8001021F48A
:102B200060411143C9F80010EBE70098022103F05F
:102B300005FA00B10126D5F88420DAF8001021F456
:102B400040511143CAF800102878C043C00613D47E
:102B5000D5F89800B0F5807F05D10098022103F0E8
:102B6000EDF900B10126D5F89820D9F8001021F42C
:102B700040711143C9F800102868C043000316D4FF
:102B8000D5F8A40038B1B0F5803F09D0B0F5003FCA
:102B90000BD001240AE00198002103F03FF903E083
:102BA0000098022103F0CAF904468CB12646286831
:102BB000C043400322D4D5F88800B0F5801F11D05F
:102BC000B0F5001F13D0B0F5401F15D0012414E05C
:102BD000D5F8A420D9F8001021F440311143C9F8E8
:102BE0000010E4E7386840F40030386004E00098F2
:102BF000012103F0A3F904465CB126462868C043CE
:102C0000C00323D4286DA8B1B0F5803F17D00124AC
:102C10001BE0D5F88820DAF8001021F440111143A8
:102C2000CAF80010EAE700004C4402580048025875
:102C3000CFFFFF00386840F40030386004E00198AE
:102C4000022103F0EBF80446E4B126462868C043AD
:102C5000800005D40098022103F070F900B101262C
:102C60002868C04380031BD4D5F88000B0B1B0F50C
:102C7000807F0FD0B0F5007F10D0B0F5407F0DD031
:102C800001240CE05A482A6D016821F48031114377
:102C90000160DBE7386840F400303860ECB326466A
:102CA0002868C043C00207D46A6FD8F8001021F02A
:102CB00000411143C8F800102868C043C00008D480
:102CC000D5F8B820DBF8001021F480411143CBF88F
:102CD00000102868C043800207D4EA6ED8F80010BC
:102CE00021F080711143C8F800102868C0434000EB
:102CF0000CD4DBF8001021F40041CBF80010DBF815
:102D00000010D5F8BC201143CBF800102868C04350
:102D100008D437486A6D016800E018E021F040519E
:102D2000114301602868C043000208D4D5F88C2004
:102D3000DAF8001021F440011143CAF80010287994
:102D40000024C04300F0010020430AD00FE0D5F872
:102D50008020DAF8001021F440711143CAF8001005
:102D60009EE70198002103F059F800B10646287942
:102D7000C04300F00200204305D10198012103F077
:102D80004DF800B106462879C04300F00400204306
:102D900005D10198022103F041F800B106462879D7
:102DA000C04300F00800204305D10098002103F043
:102DB000C5F800B106462879C04300F01000204352
:102DC00005D10098012103F0B9F800B10646287931
:102DD000C04300F02000044304D10098022103F016
:102DE000ADF800B916B10120BDE8FE8F0020FBE769
:102DF0004C4402582DE9F05F04000F467ED0DFF806
:102E00003882D8F8000000F00F00B8420CD2D8F891
:102E1000001021F00F013943C8F80010D8F8000065
:102E200000F00F00B84269D12078844D40070AD5E0
:102E30002069296801F07001884204D9296821F0CD
:102E400070010143296020787C4E361D00070AD5A9
:102E50006069316801F07001884204D9316821F05D
:102E60007001014331602078C0060AD5A06931683D
:102E700001F4E061884204D9316821F4E061014342
:102E800031602078DFF8B4B180060BF1080B0CD567
:102E9000E1695846DBF8002002F07002914204D943
:102EA000026822F070020A430260207880070AD587
:102EB000E068296801F00F01884204D9296821F0EF
:102EC0000F01014329602078C0073ED05B49A2680A
:102ED0002868183920F47060104328606068022860
:102EE00018D0032819D00968012819D049070029EA
:102EF0004ADADFF848A1AAF1080A00E044E0DAF86B
:102F0000002022F007020243CAF80020FEF756FE16
:102F1000814612E009688903E9E709688901E6E763
:102F2000C905E4E7FEF74AFEA0EB090141F288304B
:102F3000814202D90320BDE8F09F6168DAF8000001
:102F400000F03800B0EBC10FECD1207880070AD533
:102F5000E068296801F00F01884204D2296821F055
:102F60000F0101432960D8F80010404601F00F011D
:102F7000B9420BD9016821F00F01394301600068A3
:102F800000F00F00B84201D00120D4E720784007BC
:102F90000AD52069296801F07001884204D22968A5
:102FA00021F0700101432960207800070AD560698B
:102FB000316801F07001884204D2316821F070015B
:102FC000014331602078C0060AD5A069316801F458
:102FD000E061884204D2316821F4E061014331604C
:102FE000207880060CD5E1695846DBF8002002F015
:102FF0007002914204D2026822F070020A43026019
:1030000000F06CF80E492A682B68C2F3032203F023
:103010000F038A5CC95C02F01F0201F01F01D0405F
:10302000084A20FA01F11160074908600748006862
:10303000BDE8F05FFEF712BE0020005218440258AF
:1030400040B80008EC000024E8000024E000002460
:1030500030B500F043F80B4A0B490C4B1568146867
:10306000C5F3032204F00F048A5C095D02F01F021D
:1030700001F01F01D040064A20FA01F119601060EA
:10308000084630BD1844025840B80008EC0000243F
:10309000E800002400B5FFF7DBFF05490968054A91
:1030A000C1F30211515C01F01F01C84000BD0000D6
:1030B0001C44025840B8000800B5FFF7C9FF054995
:1030C0000968054AC1F30221515C01F01F01C840A3
:1030D00000BD00001C44025840B80008454970B5C6
:1030E00045480968434B103B11F0380208D00111E4
:1030F000082A03D0102A0BD0182A0BD0084670BD1E
:1031000019688906FBD51968C1F3C101C84070BDB3
:103110003A4870BD3749374D18310C1D24350A68BF
:10312000096826682D6802F0030406F00102C1F365
:103130000511C5F3CC0515FB02F200EE102AB8EE1E
:10314000400AE9B32F4ADFED2E0AB7EE001A6CB140
:10315000DFED2D1A012C01D0022C43D002EE101A03
:103160001068F8EE422A81EEA22A1EE01C68A4062E
:1031700011D51B6801EE901A1168C3F3C103F8EE74
:10318000612AD84001EE900AC1F30800F8EE611AF6
:1031900081EEA22A0BE001EE901ADFED1C2A00BF9F
:1031A000F8EE611A106882EEA12AC0F3080001EE61
:1031B000900AF8EE611A40EE201A31EE810A00E022
:1031C00015E022EE000A1068C0F34620401C00EE15
:1031D000900AF8EE600A80EE201ABCEEC10A10EEEA
:1031E000100A70BD01EE901ADFED092AD8E7002021
:1031F00070BD0000104402580090D00340787D015B
:1032000000000039304402580024744A0024744CF1
:1032100020BCBE4B2DE9F05F04007DD0FF4F20782D
:10322000FE4D1837DFF8F493103DC00748D0D9F8A9
:103230000000396800F03800102815D0182803D194
:1032400001F0030002280FD06068B0F5803F12D073
:1032500010B1B0F5A02F18D0286820F48030286075
:10326000286820F4802009E02868800328D5606859
:103270000028D2D024E0286840F4803028606068BC
:1032800088B1FEF79BFC064609E0286840F48020E0
:103290002860F0E7FEF792FC801B64286FD828684E
:1032A0008003F7D50CE0FEF789FC064605E000BF79
:1032B000FEF784FC801B6428F0D828688003F7D4CC
:1032C000207841F20308D54E0C3E800769D5D9F825
:1032D0000000396810F038000ED0182801D1880796
:1032E0000AD0E06890B3296821F0190101432960F0
:1032F000FEF764FC824631E02868400702D5E068AA
:1033000000288AD0E168286820F019000843286066
:10331000FEF754FC824607E0DFE000BFFEF74EFCFC
:10332000A0EB0A000228B9D828684007F6D500BFEC
:10333000FEF73EFC40451BD82069402812D031687A
:1033400021F47C3141EA003030602AE018E000BF0F
:10335000FEF734FCA0EB0A0002289FD8286840073B
:10336000F6D5E5E7306820F47C3040F40030EBE738
:10337000207C316821F0FE4141EA0060E4E70DE184
:10338000286820F001002860FEF718FC824605E05E
:10339000FEF714FCA0EB0A0002288DD8286840072D
:1033A000F6D42078C0065DD5D9F80000DFF86CB2FD
:1033B000396800F03800ABF1040B082810D0182849
:1033C00003D101F0030001280AD0E0690028286831
:1033D00038D040F080002860FEF7F0FB824623E002
:1033E0002868C00523D5E069802876D11FE0206ACF
:1033F000202821D0316821F0F84141EA8060306016
:1034000030E000BF94F82010DBF8002022F07C525E
:1034100042EA0161CBF8001024E000BFFEF7CEFBCA
:10342000A0EB0A00022898D82868C005F6D5FEF758
:10343000BFFB4045E6D8DAE7306820F0F84040F0BE
:103440008040DCE720F080002860FEF7B7FB0646EE
:1034500005E000BFFEF7B2FB801B02289DD828685C
:10346000C005F7D42078000729D56C48616964301D
:1034700000298046016811D041F001010160FEF78A
:103480009DFB064605E000BFFEF798FB801B022867
:10349000C9D8D8F800008007F6D510E021F0010166
:1034A0000160FEF78BFB064605E000BFFEF786FBDA
:1034B000801B022872D8D8F800008007F6D4207844
:1034C000800623D5A0690028286810D040F48050D9
:1034D0002860FEF773FB064605E036E1FEF76EFB5B
:1034E000801B02285AD828688004F7D50EE020F403
:1034F00080502860FEF762FB064604E0FEF75EFBA4
:10350000801B02284AD828688004F7D42078400716
:103510004FD5DFF80C81D8F8001041F48071C8F85D
:103520000010FEF74BFB064605E000BFFEF746FB2A
:10353000801B642832D8D8F80000C005F6D5374E75
:10354000A068603601280AD008B1052813D0306879
:1035500020F001003060306820F0040002E03068A4
:1035600040F001003060A06841F2883A90B1FEF767
:1035700025FB80460AE0306840F004003060EEE74A
:10358000FEF71CFBA0EB0801514507D83068800707
:10359000F6D50EE0FEF712FB804607E084E000BFA0
:1035A000FEF70CFBA0EB080151457DD83068800781
:1035B000F6D4606AB0B3DFF86480D9F8001008F17F
:1035C00020084FF6F87B08F10409C1F3C201032972
:1035D000A8F1040A69D00228286820F080702860C9
:1035E00003D0FEF7EBFA044684E0FEF7E7FA06465E
:1035F00005E000BFFEF7E2FA801B022877D82868B2
:103600008001F7D4E26A40F2F331386854F8283F79
:10361000884340EA02101843386004E0104402581E
:1036200000480258B5E0217B434622894FF4FE0C46
:10363000208A4FF0FE474902267D521E401EA1F50A
:103640000071C2F308088AB2761E0CEA004042EA12
:1036500008020243504607EA06610A431A60DAF894
:10366000002022F00102CAF80020D9F80020266AC2
:1036700022EA0B0242EAC602C9F80020DAF800107A
:10368000A26921F00C011143CAF800100168E26937
:1036900021F0020111430160016841F480310160B1
:1036A000016841F4003101E021E027E00160016898
:1036B00041F480210160016841F001010160286846
:1036C00040F080702860FEF779FA044605E000BFFC
:1036D000FEF774FA001B022809D828688001F7D584
:1036E00057E000BFFEF76AFA001B022802D9032048
:1036F000BDE8F09F28688001F4D44AE039680128C9
:10370000D8F8000021D0A26A01F0030393421CD133
:10371000E26AC1F305118A4217D1216BC0F3080296
:10372000491E8A4211D1616BC0F34622491E914263
:103730000BD1A16BC0F30642491E914205D1E16B4A
:10374000C0F30660491E814201D00120D0E7A16C80
:103750004E46D9F80000C0F3CC00814219D0DAF807
:103760000000554620F00100CAF80000FEF726FAD6
:103770004FEA0007FEF722FAB842FBD0A26C30688D
:1037800020EA0B0040EAC2003060286840F00100E7
:1037900028600020ACE72DE9F041044690F8900045
:1037A000002501280FD0012684F890602068016868
:1037B000890333D5016821F40031016094F8910048
:1037C000122803D014E00220BDE8F081D4F8800074
:1037D00070B1FDF7CDFD58B1D4F88000406D802860
:1037E00006D0D4F89400012540F08000C4F894007D
:1037F00094F89100222811D1D4F8840070B1FDF71B
:10380000B7FD58B1D4F88400406D802806D0D4F8B4
:103810009400012540F08000C4F89400216800273E
:10382000781E0F6121688861204602F013FD00B107
:1038300001252068416841F00801416084F89160E9
:10384000284684F89070BFE7704700002DE9F041EA
:10385000044690F89100002874D0206842690169FC
:103860000368150707D50D0705D5D4F88C10204639
:10387000BDE8F0410847D5074FF0010610D0CD074D
:103880000ED0866194F89100222807D05FF00200E4
:10389000D4F894100143C4F8941079E00120F7E7BC
:1038A00095070AD58D0708D502218161D4F88800D3
:1038B000002870D0BDE8F0410047384D970631D55B
:1038C0008F062FD5202181619A03D4F89400002A15
:1038D00040F0040032E000BFD4F8800070B105650C
:1038E000D4F88000FDF7F4FE40B1D4F8940040F025
:1038F0008000C4F894002046FFF7A6FFD4F88400A7
:10390000002848D00565D4F88400FDF7E1FE0028C2
:1039100041D0D4F8940040F0800037E02046FFF713
:103920003AFF35E057060ED54F060CD54021816190
:103930009A03D4F89400002A40F00800C4F89400D8
:10394000ECDAC9E727E0570716D54F0714D504214D
:1039500081619A03D4F8940040F02000C4F89400E8
:10396000BAD422680020411E10612268916184F857
:103970009160A4F87E000BE0D2060CD5C9060AD5EA
:1039800010218161D4F8940040F01000C4F8940034
:103990002046FFF759FFBDE8F081000011620008E2
:1039A0002DE9F05F040049D0FEF702F994F83800E1
:1039B000CF49DFF840A3012809D12068884201D00F
:1039C00050453BD16068012838D1606CB0BBDFF84E
:1039D00020838B46206808F12008584501D04045D7
:1039E00002D1C348001F1BE0C349884203D0C2492B
:1039F0002031884202D1C048001F11E0BF498842EF
:103A000003D0BE492031884202D1BC48001F07E0E4
:103A1000504503D0B749203188420FD1B548001F27
:103A2000814694F8910028B9002084F8900020463F
:103A300000F06CF9204602F00DFC10B10120BDE849
:103A4000F09FE068022184F8911020B101280CD089
:103A500002280CD00020A1684FF40066062908D285
:103A6000DFE801F007090C6A6D701020F3E72020F1
:103A7000F1E7002503E04FF4806500E03546C9F822
:103A80000000206A4FF40077E8B321680020594510
:103A900001D0414504D100214FF48070FEF770FB46
:103AA000954A2168914203D0934A2032914203D132
:103AB00000213846FEF764FB904A2168914203D00A
:103AC0008E4A2032914203D100213846FEF758FB3E
:103AD0002268524504D100214FF48060FEF750FB6C
:103AE0008449226820318A4203D100213046FEF702
:103AF00047FBA169B1F5002F27D0A16AB1F1806F12
:103B000037D0012100E038E0226A00EB800040005D
:103B10004A431102B0FBF1F00A22B0FBF2F3B0FB12
:103B2000F2F1616202FB1300082801D9491C6162AD
:103B3000606C04281FD020E040F001009EE740F0B8
:103B400002009BE740F0030098E7616C04290BD06A
:103B500008290BD0D4F8541000EB8000226A4A43A5
:103B60004000B0FBF2F0D7E74021F5E74FF4807159
:103B7000F2E70221C6E748086062606878B302286D
:103B80002ED0206D012800D00027FEF711F8B0F5E7
:103B9000005F206828D35A4A016811400160D4E9C7
:103BA00011316068D4F84CC0184341EA0C01B4F8F4
:103BB00024C0084321683843D4E90536D4E90A8291
:103BC000284325698E46096810431843304340EA6C
:103BD0000C5040EA080028430843714621E0FFE703
:103BE000206D0128D0D0D0E7464A0168114001601D
:103BF000D4E911626068E16C3043B4F824800A4370
:103C00001043D4E9056CD4E90A23216838432843DA
:103C10000D681843304340EA0C0040EA0850104356
:103C20002843086020686FF0FF01374A4EF20F0604
:103C30004FF220074568B54345602068D4F81CC0A2
:103C4000266B456845EA0C05D4F834C046EA0C06F4
:103C5000354345602068856815408560D4E9185073
:103C6000D4E916C2666D10432268761E3543284398
:103C7000956801EB0C2630432843906054F8680B9C
:103C8000C2683A40C26094E8C100A58954F8682D22
:103C900001EB072141EA05413043D5680843284339
:103CA000D0602068584501D0504518D1D9F844005B
:103CB00020F00101C9F8441094F8380001280ED111
:103CC000D4E90F106FF00F0202EB01110843C9F89D
:103CD0004400D9F8440040F00101C9F84410002024
:103CE000C4F89400012184F8911084F89000A6E6AD
:103CF0000458014004540058045C01400460014031
:103D000010C005F010C005F80080F8FF2DE9F0475D
:103D10004E490746006800264D4D86B04D4C8842FE
:103D20004FF002084FF006091ED1206878B92868C4
:103D300040F48000286028680022114600F48000CA
:103D400005905720FDF7C6FF5720FDF7B5FF206807
:103D500074236946401C20600093CDE901863E48EB
:103D6000CDE90369FDF708FE3C483968DFF8F0A0AB
:103D7000814220D1606878B9286840F4000028604A
:103D800028680022012100F4000005905B20FDF767
:103D9000A1FF5B20FDF790FF60680A234FF40062EB
:103DA0006946401C606000925046CDE90186CDE92D
:103DB0000363FDF7E1FD2B49386888421ED1A068F6
:103DC00078B9286840F080702860286800220221B5
:103DD00000F0807005907220FDF77CFF7220FDF7E7
:103DE0006BFFA1685046491CA160CDF80080694670
:103DF000CDE90186CDE90369FDF7BEFD19483968B3
:103E0000203081421FD1A06878B9286840F08070C6
:103E1000286028680022022100F08070059072203E
:103E2000FDF758FF7220FDF747FFA1684FF40073BC
:103E30005046491CA16000936946CDE90186CDE951
:103E40000369FDF799FD06B0BDE8F087045801400D
:103E5000F0440258D000002400100258045C0140D5
:103E6000000C02580460014070B5044629B122B12B
:103E700094F89100012802D036E0012070BD94F83A
:103E80009000012830D0A4F87C200025A4F87E20E2
:103E90000122A06CA167222184F89020C4F89450DC
:103EA00084F89110402803D0802806D80F4805E0F8
:103EB000206B0028FAD10E4800E00E480121C4F81A
:103EC0008C00204602F026FA21680A691043086136
:103ED00020680168C90303D4016841F4803101609E
:103EE000002084F8905070BD022070BD4763000828
:103EF000FB630008976300087047000070B5044634
:103F000029B122B194F89100012802D039E00120B2
:103F100070BD94F89000012833D0A4F87C200025CF
:103F2000A4F87E200122A06CA167122184F89020C1
:103F3000C4F8945084F89110402803D0802806D803
:103F4000114805E0206B0028FAD1104800E0104825
:103F5000C4F88C00204602F09DF90121204602F0B1
:103F6000D9F921680A691043086120680168C9030A
:103F700003D4016841F480310160002084F890503E
:103F800070BD022070BD000041640008EF640008AD
:103F90008F640008704700002DE9F047040029D025
:103FA000594A4FF000092068584B594D9042C4F8C7
:103FB000289006D0984204D0A84202D0E1680F2988
:103FC00018D8E1684FF0010AE76B0831C9080AEB1D
:103FD00057167143904205D0984203D0A84201D0B1
:103FE000082907D8904203D0984201D0A84204D1B2
:103FF000102902D90120BDE8F08794F8810020B98A
:10400000204684F8809000F085F8022084F8810032
:104010002068016821F0010101602068A1698268BF
:10402000B1F1806F02F4F81110D16268B2F5800F1F
:1040300001D01AB10AE0A26B22B107E0A26BB2F183
:10404000805F03D1026842F48052026060684002DF
:1040500009D5E068072806D32068236D026822F49A
:1040600080721A4303E02068026822F480720260C2
:10407000A66AE069E26B25683043E3680A431043AF
:104080001843A860D4E90D02D4E90581636A256963
:104090001843D4F820C00A43266810432843A56D6E
:1040A000D4E90172D4E9123140EA080040EA0C0078
:1040B00038430843104318432843F060606868B9E8
:1040C0002068816821F4C05141F40061816020685A
:1040D000816821F4C06141F4806181602068016DD4
:1040E00021F0010101656068400206D52068626D1B
:1040F000C16821F000411143C160C4F8849084F884
:1041000081A0002077E70000003001400038004027
:10411000003C00402DE9F041B6B00546142130A81E
:10412000FCF7E2FAC0216846FCF7DEFA3A490226BB
:1041300028680527364C0025DFF8D880884237D11B
:10414000811418950020CDE900106846FEF77CF92F
:1041500008B1FCF799FC2E481030016841F48051F9
:104160000160006800F480503590206840F008003D
:104170002060206800F008003590206840F00200C0
:104180002060206832AA30A900F00200359080201B
:10419000CDE9300682E8E0002048FDF7EDFB08207D
:1041A00032AACDE9300630A9404682E8E00029E095
:1041B0001B49884228D1811418950020CDE90010B0
:1041C0006846FEF741F908B1FCF75EFC104808307C
:1041D000016841F480410160006800F4804035903E
:1041E000206840F00200206020680121349700F030
:1041F000020035904FF40440CDE93251CDE930064C
:1042000030A94046FDF7B8FB36B0BDE8F0810000AC
:10421000E04402580004025800300140000C0258EB
:10422000003800402DE9FC5F0446006817468A46C6
:104230000021994694F8802000F1200B0191012A79
:104240000DD04FF0010884F88080FDF7B7FC0646DA
:1042500094F881000025012804D0022034E00220D7
:10426000BDE8FC9FBAF1000F2DD067B3A168032011
:10427000C4F85CA0A4F8607084F88100C4F884508D
:10428000A4F862706566A4F86850A4F86A50B1F5A5
:10429000C02F65672567206819D0C16821F4C02147
:1042A00041F40031C160206841686FF30F01394368
:1042B00041602068016841F0010101606068B0F56B
:1042C000800F09D00DE0012084F88050C8E7016814
:1042D00041F400610160E6E72068016841F4007183
:1042E0000160E0680F281CD820E020684169890738
:1042F0000BD5E16D09680162E06D001DE065B4F861
:104300006200401EA4F862000BE0FDF757FC811B21
:10431000494503D3B9F1FF3F03D099E0B9F1000F4C
:1043200030D0B4F862000028DFD177E007282DD81C
:1043300070E02068416989071CD5B4F86210012932
:104340000BD9E16B49B1E16D09680162E06D001DB7
:10435000E065B4F86200801E09E0E06D0188ABF80A
:104360000010E06D801CE065B4F86200401EA4F807
:1043700062000BE0FDF722FC811B494503D3B9F134
:10438000FF3F03D064E0B9F1000F61D0B4F86200E0
:104390000028CED142E02068416989072ED5B4F8C3
:1043A000621003290CD9E16B402909D9E16D096834
:1043B0000162E06D001DE065B4F86200001F1AE0C4
:1043C000B4F8621001290CD9E16B51B1E06D01889C
:1043D000ABF80010E06D801CE065B4F86200801E50
:1043E00009E0E16D097880F82010E06D401CE0657F
:1043F000B4F86200401EA4F862000BE0FDF7DEFB9B
:10440000811B494503D3B9F1FF3F03D020E0B9F147
:10441000000F1DD0B4F862000028BCD100224B462A
:1044200008212046009602F0E3F828B1D4F8840071
:1044300040F02000C4F88400204602F07AF884F8A6
:104440008180D4F8840084F8805080B1012007E78F
:10445000204602F06EF8D4F8841084F8805041F4BD
:104460008071C4F8841084F881800320F8E60198F4
:10447000F6E6401EB0F1807F10B501D3012010BDDB
:104480004FF0E02460610F21601704F009FF002065
:10449000A0610721216110BD70477047704700007F
:1044A000F0B590F83C20012A3BD01F4E012480F843
:1044B0003C40022280F83D2002681C4D5368B24205
:1044C000D2F808C001D0AA4203D14F6823F4700388
:1044D0003B430F6823F070031F4357600268B242EA
:1044E00013D0B2F1804F10D0114B9A420DD0114B26
:1044F0009A420AD0104B9A4207D0AA4205D00F4BDD
:104500009A4202D00E4B9A4204D189682CF0800363
:1045100019439160002180F83D4080F83C10084626
:10452000F0BD0220F0BD0000000001400004014089
:104530000004004000080040000C0040001800404B
:104540000040014010B5040003D094F83D0010B1C4
:1045500007E0012010BD002084F83C00204600F058
:1045600023F8022084F83D002068211D04F06AF839
:10457000012084F8480084F83E0084F83F0084F865
:10458000400084F8410084F8420084F8430084F835
:10459000440084F8450084F8460084F8470084F815
:1045A0003D00002010BD000008B501681048B1F1C1
:1045B000804F0BD00F4A914207D1016841F00201B0
:1045C0000160006800F00200009008BD016841F041
:1045D0000101016000680022032100F00100009049
:1045E0001C20FDF777FBBDE808401C20FDF764BBED
:1045F000E84402580004004090F83D10012901D021
:1046000001207047174A022180F83D100168CB68ED
:1046100043F00103CB600068904214D0B0F1804FAA
:1046200011D0114988420ED0104988420BD0104950
:10463000884208D00F49884205D00F49884202D0ED
:104640000E49884207D181680D4A1140062906D0DB
:10465000B1F5803F03D0016841F001010160002005
:1046600070470000000001400004004000080040C6
:10467000000C0040000401400018004000400140D0
:104680000700010070B5044690F83C0000250128A1
:1046900014D03A4B012684F83C60022084F83D0097
:1046A00022689068184020F47F4090600868702865
:1046B0002FD010DC10F00F0F03D022E04FF00200DB
:1046C00070BD4FEA2012072A1BD2DFE802F05353D5
:1046D00053534B394100B0F1101F4BD009DCB0F5FA
:1046E000805F0FD0B0F5005F1ED0B0F5801F08D1FD
:1046F00040E0A0F5801120393CD010293AD0202983
:1047000038D0012584F83D60002084F83C0028461C
:1047100070BD4A682068D1E9021304F002F82068ED
:10472000816841F0770109E04A682068D1E9021305
:1047300003F0F7FF2068816841F480418160E1E780
:10474000CA684968206804F09BF92068502106E097
:10475000CA684968206804F0A4F92068602103F061
:10476000E9FFCFE7CA684968206804F089F9206842
:104770004021F4E7226801461046F0E788FFCEFFAB
:104780002DE9F04104000D4603D094F83D0018B126
:1047900008E00120BDE8F081002084F83C002046BC
:1047A00000F04CF8244A022084F83D00206881681B
:1047B000114081602068211D03F044FF226840F20F
:1047C0000336AF6940F60C4C2B684FF2F00EA86828
:1047D00091680B439169B14341EA07210843D5E948
:1047E000031720EA0C00D5E9076C20EA0E00D2F886
:1047F00020E03F0140EA062668686D69314347EAD8
:104800000C37936023680F4301219F612EF0AA02A9
:1048100042EA051322681843106284F8481084F8AD
:104820003E1084F83F1084F8441084F8451084F852
:104830003D100020AEE70000F8BFFEFF10B586B0C7
:10484000044614216846FBF74FFF17492068884249
:1048500027D11648016841F002010160006800F0AC
:104860000200059011481038016841F00401016010
:1048700000680323C02100F004000590002000918F
:1048800002226946CDE90120CDE903030848FDF77E
:1048900073F8002206212C20FDF71CFA2C20FDF7CE
:1048A0000BFA06B010BD000000040140F0440258AD
:1048B00000080258704770B5044600680025016979
:1048C000C943890715D4C168C943890711D4EA1EB1
:1048D000026101212177206880698007204602D08B
:1048E000FFF7E8FF04E000F0CFF8204600F091F970
:1048F000257720680169C943490717D4C168C943AE
:10490000490713D402216FF0040202612177206865
:10491000806910F4407F204602D0FFF7CBFF04E00F
:1049200000F0B2F8204600F074F92577206801699C
:10493000C943090716D4C168C943090712D4042121
:104940006FF00802026121772068C0698007204665
:1049500002D0FFF7AFFF04E000F096F8204600F029
:1049600058F9257720680169C943C90617D4C16879
:10497000C943C90613D408216FF0100202612177E0
:104980002068C06910F4407F204602D0FFF792FFF4
:1049900004E000F079F8204600F03BF92577206824
:1049A0000169C943C90708D1C168C943C90704D10E
:1049B000891E0161204600F0B5F920680169C943EC
:1049C000090609D4C168C943090605D46FF08001FE
:1049D00001612046FFF761FD20680169C943C905EF
:1049E00009D4C168C943090605D46FF48071016117
:1049F0002046FFF751FD20680169C943490609D4E3
:104A0000C168C943490605D46FF0400101612046E1
:104A100000F089F920680169C94389060BD4C1688F
:104A2000C943890607D46FF0200101612046BDE823
:104A30007040FFF733BD70BD10B586B00446142139
:104A40006846FBF751FE0D492068884214D10C4896
:104A5000016841F00201016000680021202200F09D
:104A60000200059002200092CDE90101CDE903107A
:104A700004486946FCF780FF06B010BD0004004002
:104A8000E044025800040258704770B5044690F89C
:104A90003C0000260D4601280BD0012084F83C0084
:104AA0000C2A4AD007DC82B1042A20D0082A06D179
:104AB00031E0022070BD102A53D0142A63D00126A1
:104AC000002084F83C00304670BD206803F03CFEB6
:104AD0002068816941F0080181612068816921F0C5
:104AE0000401816120682A698169114311E020680D
:104AF00003F07EFE2068816941F4006181612068D5
:104B0000816921F48061816120682969826942EAB2
:104B100001218161D4E7206803F0B6FE2068C169F5
:104B200041F00801C1612068C16921F00401C1613F
:104B300020682A69C169114311E0206803F0F0FE82
:104B40002068C16941F40061C1612068C16921F434
:104B50008061C16120682969C26942EA0121C1619D
:104B6000AEE7206803F018FF2068416D41F00801AE
:104B700041652068416D21F00401416520682A6982
:104B8000416D114311E0206803F040FF2068416D42
:104B900041F4006141652068416D21F48061416507
:104BA00020682969426D42EA0121416588E710B514
:104BB000040003D094F83D0010B107E0012010BDBF
:104BC000002084F83C00204600F022F8022084F8FF
:104BD0003D002068211D03F035FD012084F84800C8
:104BE00084F83E0084F83F0084F8400084F84100D7
:104BF00084F8420084F8430084F8440084F84500B7
:104C000084F8460084F8470084F83D00002010BD79
:104C10007047704730B504464FF0020269B104296D
:104C200012D0082917D00C291CD0102921D094F8B3
:104C30004300012824D0012030BD94F83E00012813
:104C4000F9D184F83E201DE094F83F000128F2D10C
:104C500084F83F2016E094F840000128EBD184F856
:104C600040200FE094F841000128E4D184F841206D
:104C700008E094F842000128DDD184F8422001E0E8
:104C800084F843200122206803F03EFD1B4B20687E
:104C90001B491C4A984209D0884207D0904205D04F
:104CA000194DA84202D0194DA84203D1456C45F4D4
:104CB000004545642068984212D0B0F1804F0FD073
:104CC000134B98420CD0134B984209D0124B984288
:104CD00006D0884204D01149884201D0904207D1C1
:104CE00081680F4A1140062906D0B1F5803F03D0F4
:104CF000016841F001010160002030BD0000014069
:104D000000040140004001400044014000480140CF
:104D10000004004000080040000C00400018004063
:104D2000070001007047704730B590F884100129E2
:104D300018D0012280F884202421C0F88810002295
:104D4000202401680B680D6823F0005325F001054D
:104D50000D60426601680B60C0F8884080F88420CE
:104D6000104630BD022030BD7047704770B5044614
:104D700090F8840001281DD0012284F8842024208A
:104D8000C4F8880020680568026822F00102026009
:104D90002068826822F060620A438260204603F045
:104DA000C5FE2268202100201560C4F8881084F810
:104DB000840070BD022070BD70B5044690F8840078
:104DC00001281DD0012284F884202420C4F8880002
:104DD00020680568026822F001020260206882688B
:104DE00022F060420A438260204603F09FFE226860
:104DF000202100201560C4F8881084F8840070BD5C
:104E0000022070BD70477047704700002DE9F041E7
:104E100007680025044640F60F030226F869396842
:104E2000BA6818420AD183067ED501F0200302F049
:104E3000805C53EA0C0377D0616F74E1CF4BDFF8ED
:104E400040C3134001EA0C0C53EA0C0C6CD05FEA2F
:104E5000C07C0CD05FEAC15C09D54FF0010CC7F8EB
:104E600020C0D4F8907047F00107C4F8907087070D
:104E700009D5D70707D027683E62D4F8906046F07E
:104E80000406C4F8906046070AD5D60708D02768FC
:104E900004263E62D4F8906046F00206C4F89060A2
:104EA00006070CD501F020061E4308D0266808230B
:104EB0003362D4F8903043F00803C4F8903003050F
:104EC0000BD54B0109D526684FF400633362D4F843
:104ED000903043F02003C4F89030D4F89030002B89
:104EE0003DD0800609D501F0200002F08051084332
:104EF00003D0616F09B1204688472168D4F890003B
:104F00008968490602D410F0280F2AD0204603F001
:104F1000F3FE2068806840061ED52068083050E8FF
:104F2000001F21F0400100E021E040E80012002ACB
:104F3000F3D1D4F8800078B192490165D4F88000AB
:104F4000FCF7C6FB00280AD0D4F88000016D00E011
:104F50002046BDE8F04108472046FFF755FFBDE871
:104F6000F0812046FFF750FFC4F89050F7E7D4F8DF
:104F70006CC02023BCF1010F7ED15FEAC06C7BD5F1
:104F80005FEAC16C78D510203862206880684006DE
:104F900073D5D4F880107C4A0868904234D07A4A9D
:104FA0001832904230D0784A303290422CD0764A33
:104FB0004832904228D0744A6032904224D0724ADB
:104FC0007832904220D0704A903290421CD06E4A83
:104FD000A832904218D06D4A904215D06B4A1832D0
:104FE000904211D0694A303290420DD0674A48321F
:104FF000904209D0654A6032904205D0634A7832C7
:10500000904201D0614A903240680004000CA6D062
:10501000B4F85C208242A2D9A4F85E00C869B0F559
:10502000807F2FD0216851E8000F20F4807041E884
:105030000002002AF6D12068083050E8001F21F055
:10504000010140E80012002AF5D12068083050E83C
:10505000001F21F0400140E80012002AF5D1C4F8F9
:105060008C30E566216851E8000F20F0100041E81F
:105070000002002AF6D101E040E00BE0D4F8800005
:10508000FCF776F92667B4F85C00B4F85E10401AB5
:1050900081B22FE0B4F85C00B4F85E10B4F85E2082
:1050A000401A81B2002AB2D00029B0D0226852E85A
:1050B000000F20F4907042E80007002FF6D1344F23
:1050C000206800F1080050E8002F02EA070240E8DB
:1050D000002CBCF1000FF3D1C4F88C30E566656795
:1050E000206850E8002F22F0100240E80023002B37
:1050F000F6D126672046FFF737FE30E7C60209D50E
:10510000560207D54FF4801038622046BDE8F041C2
:10511000FFF779BE06060AD501F0800602F4000208
:10512000164304D0A16F00297FF412AF17E742069F
:1051300011D54A060FD52046026852E8001F21F01B
:10514000400142E80014002CF6D1C0F88830856791
:1051500000F0EEF803E7020206D54A0004D5204627
:10516000BDE8F041FFF74EBEC001C6D50029C4DA44
:105170002046BDE8F041FFF7F8BD00000100001037
:1051800020010004E38C00081000024010040240DB
:10519000FEFFFFEF10B5040003D0D4F8880010B173
:1051A00007E0012010BD002084F88400204600F0B4
:1051B00027F82420C4F888002068016821F0010144
:1051C0000160204603F0C2FD0128EBD0A06A10B1B7
:1051D000204603F0CDFC2068416821F490414160F5
:1051E0002068816821F02A0181602068016841F00F
:1051F000010101602046BDE8104003F01DBD000024
:10520000F0B5B7B00446142130A8FBF76DFAC02101
:105210006846FBF769FA43490226206800243F4D9F
:105220003F4F88422FD100201E940221CDE900106B
:105230006846FDF709F908B1FBF726FC3748083046
:10524000016841F480110160006800F4801035901D
:10525000286840F00200286028680E2100F0020053
:1052600035904FF440503090CDE93164CDE9334171
:1052700030A93846FCF780FB002203213520FCF7DB
:1052800029FD352045E02849884244D100201F945B
:105290000121CDE900106846FDF7D6F808B1FBF70B
:1052A000F3FB1E481030016841F0100101600068F6
:1052B00000F010003590286840F00200286028684F
:1052C00000F002003590286840F00100286028684E
:1052D000042100F0010035904FF480403090CDE97A
:1052E0003164CDE9334130A93846FCF745FB07214D
:1052F0004FF480603090CDE93164CDE933410B4803
:1053000030A9FCF739FB002205212520FCF7E2FC3F
:105310002520FCF7D1FC37B0F0BD0000E044025876
:1053200000040258005000400010014000000258E4
:105330007047FEE72DE9FC4F5FEA000E4FF0FF00DB
:10534000DFF84CA1C1F10C07A2F109054FF01006DE
:10535000A2F101044FF0010320FA07F706FA05FB5A
:105360000AF1680903FA04F307F0F0050195C1F1A9
:10537000080C9AF80550DEB299F8023020FA0CF4C5
:1053800000931CD00F274FF0010CC1F10C08A2F1C3
:10539000090327FA08F70CFA03FCBEF1010F2AD023
:1053A0004B46BEF1020F93F805804B4644D00929C5
:1053B00008F0F00883F8058057D21C715AE0009F6E
:1053C00009294B4607F00F0789F8027001D21C70BB
:1053D00003E0019918700F439F704AB1092A02D265
:1053E00089F8006004E0987840EA0B0089F8020030
:1053F00045F005011CE0DDF8008009294B4608F066
:10540000F00889F8028001D25C7004E0587048EA24
:10541000070883F802804AB1092A02D289F801609C
:1054200004E0987840EA0C0089F8020045F0060193
:105430008AF80510BDE8FC8F092908F00F075F7195
:1054400001D2DC7003E00199D8700F435F714AB15B
:10545000092A02D289F8036004E0587940EA0B0077
:1054600089F8050045F02801E2E7187148EA0708C5
:1054700083F805804AB1092A02D289F8046004E061
:10548000587940EA0C0089F8050045F03001CFE773
:105490002C0000248068C0F3C00070478068C0F30F
:1054A000800070478068C0F38000704710B5042406
:1054B00004EAD1540723C1F3045120448B408A40AD
:1054C000416999431143416110BD00003E48F8B560
:1054D0000024047044708470C47004714471847139
:1054E000C471204600F076F8012000F073F8022025
:1054F00000F070F8032000F06DF8042000F06AF866
:10550000052000F067F8062000F064F8072000F09E
:1055100061F82E4E4FF48045002229463046FCF7B4
:1055200041FBFF208DF800000C2129480A238DF84B
:10553000011001226946FEF775FE01222946304618
:10554000FCF730FB002229463046FCF72BFB0720F6
:105550008DF800000B211E480A238DF8011001224E
:105560006946FEF75FFE012229463046FCF71AFB2A
:10557000002229463046FCF715FB05208DF8000077
:105580000A21134801220B468DF801106946FEF7E7
:1055900049FE012229463046FCF704FB0022294639
:1055A0003046FCF7FFFA8DF8004009208DF8010025
:1055B0000A23074801226946FEF734FE01222946E4
:1055C0003046FCF7EFFAF8BD9400002400100258B2
:1055D0006006002438B50A4CA204411CA261094AA5
:1055E0000A23105C01228DF8000007488DF8011095
:1055F0006946FEF717FE4FF48040A06138BD0000F9
:1056000000100258940000246006002430B58BB0CE
:10561000002468461C21079408940994FBF764F859
:105620001C4804251A4908220123E0E8021480E8F6
:1056300034000473447303610475C46104624462FA
:105640008462C46280F830401248FBF7A3FC08B1C2
:10565000FBF71AFA0F4807A90794FBF717FA08B1E6
:10566000FBF712FA0C48062140F2FF7203928DE814
:10567000130008486946CDE904548DF81940FBF73A
:1056800099FA002801D0FBF7FFF90BB030BD0000FC
:1056900000200240B00200240000B84F30B587B0AF
:1056A0001C216846FBF720F81848002416490425F9
:1056B00008220123E0E8021480E8340004734473F4
:1056C00003610475C461046244628462C46280F848
:1056D00030400E48FBF75EFC08B1FBF7D5F90C48EB
:1056E000062140F2FF7203928DE8130007486946D5
:1056F000CDE904548DF81940FBF75CFA002801D07D
:10570000FBF7C2F907B030BD0021024014030024AA
:105710000000844B2DE9F04F87B014216846FAF75A
:10572000E3FF7048016841F010010160016801F079
:1057300010010591016841F004010160016801F068
:1057400004010591016841F080010160016801F0E8
:1057500080010591016841F001010160016801F0DB
:1057600001010591016841F002010160016801F049
:1057700002010591016841F0080101600068002202
:10578000594E42F2070100F0080005903046FCF740
:1057900009FA564F002201213846FCF703FADFF8D8
:1057A00050A100224FF4A2415046FCF7FBF9DFF86C
:1057B00044B1002260215846FCF7F4F94E4800221B
:1057C0001021FCF7EFF94C4801224021FCF7EAF9DF
:1057D00000244FF00809694650460294CDE9009430
:1057E000FCF7CAF80125694668030090CDE9015429
:1057F00030460394FCF7C0F807206946CDE9000560
:105800000220CDE902403046FCF7B6F80095694623
:10581000CDE9015438460395FCF7AEF840260096D2
:10582000CDE9014569463846FCF7A6F84FF08008F7
:105830006946CDE9008438460294FCF79DF840F6AD
:10584000040069468DE831002B48FCF795F84FF4C9
:1058500088506946CDE90005CDE902455046FCF780
:105860008BF803276946A803CDE90005CDE9024777
:105870005046FCF781F8CDE90094694658460294F9
:10588000FCF77AF820206946CDE90005CDE902470A
:105890005846FCF771F800966946CDE90154584620
:1058A0000395FCF769F810206946CDE90005124818
:1058B000CDE90245FCF760F80397694600960E486B
:1058C000CDE90154FCF758F80B486946CDE900844E
:1058D0000294FCF751F81020FCF776F907B0BDE808
:1058E000F08F0000E04402580008025800000258FF
:1058F00000100258000C0258000402581C480021F5
:105900002DE9F041194C01220460802341645403C5
:1059100083644AF6444341601604C0E9131281606F
:105920009704C0E90541C0E90713C162140201638D
:105930002025C2604023416380F83810C2630222F0
:1059400004640324C0E9176100F16C06C0E9197111
:1059500086E81600C0E91535FEF722F8002803D0C6
:10596000BDE8F041FBF790B8BDE8F0810458014074
:10597000780300241A4800212DE9F041174C8025B6
:105980000460022242600123C0E91115140344613E
:105990008260D401C0E91313C161D703C1624FF41F
:1059A000802C016320264163402580F83810C0E92F
:1059B0000F3400F16C04C0E917710323C0E919C169
:1059C00084E80E00C0E91556FDF7EAFF002803D071
:1059D000BDE8F041FBF758B8BDE8F081045C014038
:1059E000100400242DE9F05F30484FF0E00A2E4902
:1059F00000244FF001094FF040084FF4005B4B4684
:105A000001600226C0E9114AC0F814B00325C0E9BC
:105A10001349C4612021C46200F1580C0463CA0216
:105A20004463CF00C0E9015680F83840C0F8548084
:105A30008CE81600446645678466C0E90F37C0E904
:105A40001B46FDF7ADFF08B1FBF71EF817484FF4F2
:105A5000803C154B494698302033C0E9114AC0E9D3
:105A60001349C461C0F814B0C0F80890C462C0E91A
:105A7000003504632023446380F83840C0E917C42C
:105A8000446645678466C0E90F17C0E91583C0E91D
:105A90001B46FDF785FF002803D0BDE8F05FFAF74D
:105AA000F3BFBDE8F09F000004600140A80400249B
:105AB0002DE9F04115484FF480060021124D3401C4
:105AC0000722C0E90321E300C0E90514C0E907315A
:105AD00041625A008162771142635200C162816360
:105AE000C163016441648164C164C0E914128165C9
:105AF00080E8E000FEF750FA002803D0BDE8F0414E
:105B0000FAF7C2BFBDE8F08100300140D80500249B
:105B10002DE9F04115484FF480060021124D340163
:105B20000F22C0E90321E300C0E90514C0E90731F1
:105B300041625A008162771142635200C1628163FF
:105B4000C163016441648164C164C0E91412816568
:105B500080E8E000FEF720FA002803D0BDE8F0411D
:105B6000FAF792BFBDE8F0810038004060060024DB
:105B700030B587B01748002440F2E7334FF080413A
:105B80000094632201948D15029403940494059467
:105B9000069480E816008461C0E90335FEF7D2FC64
:105BA00008B1FAF771FF4FF4805000900948694638
:105BB000FEF768FD08B1FAF767FF064804A90494E8
:105BC0000694FEF76DFC002801D0FAF75DFF07B0E0
:105BD00030BD0000E806002430B58FB000241C2141
:105BE000009407A8019402940394049405940694E5
:105BF000FAF77AFD1E4840F2E7321C4DEF23691593
:105C00000161C0E902428461C0E90053FEF79AFCD9
:105C100008B1FAF739FF4FF48050009014486946F4
:105C2000FEF730FD08B1FAF72FFF1148FEF7BFFF6E
:105C300008B1FAF729FF0E4804A904940694FEF768
:105C40002FFC08B1FAF720FF6020CDE907040848CF
:105C5000042207A909940B94FEF717FF08B1FAF77D
:105C600013FF0348FEF7E8FE0FB030BD000400400C
:105C70003407002430B58DB024216846FAF734FD8E
:105C8000174800244FF6FF73144D099401210A941C
:105C900005220B94C0E90054C0E902430461446149
:105CA0008461CDE90014CDE902140492CDE90541E7
:105CB000CDE907426946FEF763FD08B1FAF7E4FE55
:105CC000074809A909940A940B94FEF7E9FB0028F8
:105CD00001D0FAF7D9FE0DB030BD0000000401403C
:105CE000800700241848002110B5164C0C224FF4F0
:105CF000E1330460C0E90131C160C0E9041281618F
:105D0000C161016241628162FFF744FA08B1FAF7AA
:105D1000BBFE0D480021FFF74FF808B1FAF7B4FEBB
:105D200009480021FFF722F808B1FAF7ADFE06484E
:105D3000FEF7FAFF002803D0BDE81040FAF7A4BE32
:105D400010BD000000500040CC070024184800217E
:105D500010B5164C042247F612230460C0E9013145
:105D6000C160C0E904128161C16101624162816266
:105D7000FFF710FA08B1FAF787FE0D480021FFF788
:105D80001BF808B1FAF780FE09480021FEF7EEFF84
:105D900008B1FAF779FE0648FEF7C6FF002803D0DF
:105DA000BDE81040FAF770BE10BD000000100140C1
:105DB00060080024FEE7FEE770470000F0B5B1B0D0
:105DC000C0216846FAF790FC134A00230A241846BB
:105DD000902606278DE8DC00022105910422069119
:105DE000402540F2C3131924CDE90750CDE90B3209
:105DF0000D918022CDE909041190CDE90E1010908B
:105E0000CDE9161229906846FCF71EFB002801D048
:105E100072B6FEE731B0F0BD000308002DE9F0478F
:105E2000454D044689464FF0000A2868C043800764
:105E30000AD0414E283E306820F080603060FBF789
:105E4000BDFE0746B04608E00120BDE8F08700BF70
:105E5000FBF7B4FEC01B022867D8D8F80000000189
:105E6000F6D4206829684FF4FE0721F47C313E0205
:105E700041EA00302860207AA389B4F804C04002C7
:105E80002D4D2D495B1E227CACF1010C1035091DF6
:105E9000A0F5007080B2521ECCF3080C07EA034351
:105EA00040EA0C00184306EA0262104328600868C2
:105EB000626920F0C000104308600A68A06922F0FF
:105EC000200202430A60281D0A6822F010020A60BC
:105ED00002684FF6F873E4699A4342EAC40202602A
:105EE0000868B9F1000F40F010020A6011D008688C
:105EF000B9F1010F11D040F400100860D8F800008B
:105F0000444640F08060C8F80000FBF757FE0546A5
:105F10000DE0086840F40020EFE740F48010ECE763
:105F2000FBF74CFE401B022801D903208DE72068B7
:105F30000001F5D5504688E7284402582DE9F0477E
:105F4000454D044689464FF0000A2868C043800743
:105F50000AD0414E283E306820F080503060FBF778
:105F60002DFE0746B04608E00120BDE8F08700BFDF
:105F7000FBF724FEC01B022867D8D8F80000800079
:105F8000F6D4208829684FF4FE0721F07C713E0288
:105F900041EA00502860207AA389B4F804C0400286
:105FA0002D4D2D495B1E227CACF1010C1835091DCD
:105FB000A0F5007080B2521ECCF3080C07EA034330
:105FC00040EA0C00184306EA0262104328600868A1
:105FD000626920F44060104308600A68A06922F4F6
:105FE000007202430A60281D0A6822F480720A6067
:105FF00002684FF6F873E4699A4342EAC402026009
:106000000868B9F1000F40F480720A6011D0086886
:10601000B9F1010F11D040F080700860D8F800008D
:10602000444640F08050C8F80000FBF7C7FD054625
:106030000DE0086840F48000EFE740F40000ECE772
:10604000FBF7BCFD401B022801D903208DE7206827
:106050008000F5D5504688E72844025870B554486A
:10606000FDF7F4FB534CA4F1700000F18003B4F988
:10607000006000F1780590ED0D0A00EE906A00F1E5
:10608000880100F19002F8EEE00A60EE801AC3ED9C
:10609000001AB4F9024000EE904AF8EEE00A20EE51
:1060A000801A83ED011AB5F9004090ED0E0A00EE5A
:1060B000904AF8EEE00A60EE800AC1ED000AB5F9F8
:1060C000024002EE104AB8EEC22A22EE000A81ED2A
:1060D000010A847F24B1C2ED001A82ED011A05E0A5
:1060E0009FED352A82ED002A82ED012AC47F5CB142
:1060F00092ED002A32EE202A82ED002A92ED012A4A
:1061000032EE002A82ED012A00F13C04D0ED124A61
:10611000D0ED143A94EC032A92EC025A21EE034A91
:1061200061EE831A20EEA43A20EE241A25EE230A0B
:1061300065EEA30A61EE821A64EE023A23EE222A89
:1061400021EE221A81ED002A71EE822A73EE811A65
:1061500081ED011AC3ED002AC3ED011A90ED131A67
:1061600090ED0C2A41EE210A01EE220A60EE820A2D
:1061700020EE020A82EC020AFAF76AFC0D4C183C87
:10618000208092ED010AFAF763FC608093ED000A2B
:10619000FAF75EFC221F108093ED010AFAF758FC13
:1061A00050802146BDE8704001480222FDF7A6BE9E
:1061B000780300249C00002400000000054810B56E
:1061C000FDF744FBBDE81040034902220148FDF7FA
:1061D00095BE00001004002480000024094810B57A
:1061E000FDF734FB084902220648FDF73DFE07484B
:1061F000FDF72CFB04490222BDE81040034808319A
:10620000FDF732BEA80400249C00002440050024B1
:1062100070B5846B0025691E2068026822F4003284
:1062200002602068056120688161D4F8940020280C
:1062300007D0204600F00EF82068416841F00801C0
:106240004160012084F891002046A4F87E50FDF7BB
:10625000FBFA70BD30B50E4A41F658330168146838
:1062600000220D68B4FBF3F325F480340C60990030
:1062700031B103681B68491EDB03F9D4104630BDF9
:10628000D0F89410032241F04001C0F89410F5E7D3
:10629000E8000024F0B532E0826C402A0CD0802A5D
:1062A00014D8836F1A46521C1B78541C82671278CC
:1062B000846743EA02221CE0026B002AF1D1826F5C
:1062C0001278CA61816F491C816713E0826F531C89
:1062D0001478921C83671D78531C8267971C16786C
:1062E000836744EA05221B7842EA0642876742EA4E
:1062F0000362CA61B0F87E10491EA0F87E100168E2
:106300004A69C2F30242052A03D0B0F87E20002A6F
:10631000C2D1F0BD01294FF0010100D10921426C29
:106320004068082A05D1032801D0012803D141F093
:106330001001032804D0022802D041F00400704765
:1063400041F06000704710B504460068A26FC06954
:106350001070010AA06F401CA0670170A06F401C64
:10636000A067B4F87E00401E0004000CA4F87E0074
:1063700010D101212046FFF7CDFF02462068012100
:106380000369934303612068816184F8911020467A
:10639000FDF7B2FD10BD10B504460068A16FC069DD
:1063A0000870020AA16F491CA1670A70020CA16F54
:1063B000000E491CA1670A70A16F491CA1670870F3
:1063C000A06F401CA067B4F87E00401E0004000CC3
:1063D000A4F87E0010D101212046FFF79BFF024662
:1063E000206801210369934303612068816184F877
:1063F00091102046FDF780FD10BD10B504460068E1
:10640000A16FC0690870A06F401CA067B4F87E003F
:10641000401E0004000CA4F87E0010D1012120468B
:10642000FFF778FF2168024601200B6993430B6157
:106430002168886184F891002046FDF75DFD10BD5C
:1064400010B50446B0F87E0088B1A16F0846401C24
:106450000978421CA0670078A267226841EA002000
:10646000D061B4F87E00401EA4F87E0010BD01216A
:106470002046FFF74FFF01462068012302698A4347
:10648000026184F891302046FDF784FD10BD70B59F
:106490000446B0F87E00D0B1A06F421C0378801C87
:1064A000A267411C1278861CA0670578A16743EAA1
:1064B00002200978A66740EA0540226840EA0160A8
:1064C000D061B4F87E00401EA4F87E0070BD0121AA
:1064D0002046FFF71FFF01462068012302698A4317
:1064E000026184F891302046FDF754FD70BD10B56F
:1064F0000446B0F87E0060B1A06F21680078C861E2
:10650000A06F401CA067B4F87E00401EA4F87E0077
:1065100010BD01212046FFF7FDFE01462068012342
:1065200002698A43026184F891302046FDF732FD0A
:1065300010BD10B5026840F26F335169946944F0A0
:10654000080494610268946944F01004946102683C
:10655000146824F001041460026814699C431461F7
:106560000268936823F44043936090F88120042AE2
:106570000CD08A060AD5D0F8842042F08002C0F8F8
:1065800084200268936943F02003936190F881208E
:10659000032A0CD04A060AD5D0F8842042F004021F
:1065A000C0F884200268936943F0400393618A0530
:1065B0000AD5D0F8842042F00102C0F88420026895
:1065C000936943F400739361C9050AD5D0F8841028
:1065D00041F00801C0F8841001688A6942F48072B1
:1065E0008A610021A0F86210A0F86A1010BD0000B6
:1065F0002DE9F0411C4616460D460746DDF8188089
:106600000AE000BFFBF7DAFAA0EB0800A04202D3D1
:10661000601C01D00BE054B13868406935EA0000D5
:1066200007D00020B042EDD00020BDE8F08103206B
:10663000FBE70120F6E77047FBF7DABA70B59CB0CC
:106640004C216846FAF750F8202113A8FAF74CF8C5
:106650000220FBF771FB2F4900242F480A6822F023
:1066600001020A600A68026842F44042026002685D
:1066700002F440421B9202689204FCD5274A136838
:1066800043F002031360126802F002021B920268D8
:1066900042F44042026002680A6842F001020A6065
:1066A000096801F001011B9101688904FCD50220F1
:1066B00009900DF1280C01210091C20301920A23D7
:1066C0004FF4C0758CE8290005260FAB0421CDE9F5
:1066D0000D0683E8130068461294FCF79BFD08B191
:1066E00072B6FEE740201A9008230501CDE9163066
:1066F00013ABCDE918053F21032283E816000421DE
:1067000013A8FCF777FB002801D072B6FEE71CB097
:1067100070BD00002C04005818480258F444025878
:106720002C48F0B52C4A016841F4700101601068F2
:1067300000F00F00072804D2106820F00F00C01DE1
:10674000106026490020254C10340B68244D43F07E
:1067500001030B6020600B682B400B60136803F093
:106760000F03072B04D9136823F00F03DB1D1360FD
:106770001A4C1C4A18341C4B261D371D2060174C20
:106780001A4D28343060261D3860371D23603B1DAC
:1067900035601C1D3A60251D2E1D1860331D2260BA
:1067A0002860326018600A680C4B114C22F4802279
:1067B00060330A60186020686FF30F00B0F1005F6B
:1067C00003D20C490120C1F8080143F2D2000A4962
:1067D0000860F0BD88ED00E000200052004402583F
:1067E0007FEDF6EA80020101000202020000FF01D3
:1067F0000010005C00800051004000522DE9F84F6D
:10680000022806467ED883498879B0427AD001288A
:1068100079D0022878D000243C20009004F1290986
:1068200004F10F014B4628228A46002000F0B8FCF4
:106830002720009004F12808024604F1100743467F
:106840000020394600F028FC3D20434639460246E8
:106850000090002000F020FCBD1E4FF03B0B2922D1
:106860002B4600202946CDF800B000F015FC2A3454
:10687000CDF800B0234629221946002000F00CFC78
:1068800000222846282100F053FC002250462721F0
:1068900000F04EFC00224846272100F049FC00226F
:1068A0002046282100F044FC002220463C2100F034
:1068B0003FFC002248463D2100F03AFC00225046B1
:1068C0003D2100F035FC002228463C2100F030FC40
:1068D00000223846292100F02BFC002240462921C5
:1068E00000F026FC002240463B2100F021FC002263
:1068F00038463B2100F01CFC012E7DD0022E7CD0BE
:10690000002402E07BE07CE07DE03C20009004F18C
:10691000290A04F10F015346282289464FF4784092
:1069200000F03EFC2720009004F12808024604F104
:10693000100743464FF47840394600F0ADFB3D2048
:1069400043463946024600904FF4784000F0A4FBDD
:10695000BD1ECDF800B029222B464FF478402946C1
:1069600000F09AFB2A34CDF800B0234629221946BC
:106970004FF4784000F090FB4FF4184B2846282144
:106980005A4600F0D5FB272148465A4600F0D0FB76
:10699000272150465A4600F0CBFB282120465A4674
:1069A00000F0C6FB3C2120465A4600F0C1FB3D21C9
:1069B00050465A4600F0BCFB3D2148465A4600F07E
:1069C000B7FB3C2128465A4600F0B2FB2921384645
:1069D0005A4600F0ADFB292140465A4600F0A8FB7C
:1069E0003B2140465A4600F0A3FB3B2138465A461D
:1069F00000F09EFB074801E007E008E08671BDE873
:106A0000F88F232408E7462406E7232479E7462461
:106A100077E700002C000024F8B5012808D00020FA
:106A2000009063231C224C210D2000F031FCF8BDA6
:106A30000C4D00244C264FF4B877210904F00F00C8
:106A400035F811108140090406D506EB14111F22F8
:106A50000D30C9B200F06CFB641CA4B2BC42ECD394
:106A6000F8BD0000EAB700082DE9F84F1F2446F6EC
:106A7000DF5B2823224602215846009400F00CFBDD
:106A80004FF020085846282342460121CDF80080C7
:106A900000F002FB2127584628233A4600210097A0
:106AA00000F0FAFA2225584628232A4601210095AB
:106AB00000F0F2FA23265846282332460221009697
:106AC00000F0EAFA7D2358461F220094572100F077
:106AD000E3FA7E2358462022CDF80080572100F0AB
:106AE000DBFA7F23584621220097572100F0D4FA81
:106AF0007E23584622220095572100F0CDFA7D23AF
:106B0000584623220096572100F0C6FA41255846E0
:106B100025232A460221009500F0BEFA4224584659
:106B2000252322460121009400F0B6FA4326584658
:106B3000252332460021009600F0AEFA4FF04408BB
:106B40005846252342460121CDF8008000F0A4FAE2
:106B50004527584625233A460221009700F09CFA23
:106B60007D235846412200955A2100F095FA7E2354
:106B70005846422200945A2100F08EFA7F2358464C
:106B8000432200965A2100F087FA7E235846442279
:106B9000CDF800805A2100F07FFA7D235846452227
:106BA00000975A2100F078FA002442F645184FF475
:106BB00078494FF6FF7701E0032C1CD004EB44002A
:106BC000CDF8008000EB041505F10D068F2386211A
:106BD000E8B2F2B200F05CFB9623CDF8007093218E
:106BE000F2B2E8B200F054FB641CE4B2072CE3D329
:106BF0000024464615E039264FF0460A8F234D46BD
:106C0000862152463046CDF8009000F041FB962395
:106C10005246932130460095E4E70C2C7ED00D2C93
:106C2000FCD004EB84000096811CCAB29F239B21F8
:106C3000C0B200F02DFB4D46641CE4B21A2CECD31C
:106C4000E74E00244FF01F0806EBD40104F00700C4
:106C500009788140090605D52C305A4608EBD40145
:106C600000F066FA641CE4B2282CEDD3DFF87493CC
:106C7000002428264FF0050809EBD40004F0070192
:106C80000078884000060FD5E1082046B1FBF8F3F4
:106C9000B4FBF6F208FB131162F3DF005A463830FA
:106CA0001F31C0B200F044FA641CE4B2A02CE3D35C
:106CB000DFF830930024B2464FEA080609F11409C0
:106CC00009EBD40004F007010078884000060FD5D6
:106CD000E108B1FBF6F0B4FBFAF206FB1011204616
:106CE000413162F3DF005A462930C0B200F020FA89
:106CF000641CE4B2F02CE3D3BA4E0024B84632361A
:106D00005FF05F0706EBD40004F0070100788840CD
:106D1000000607D507EBD400424600E054E15A31A3
:106D200000F006FA641CE4B2A82CEBD3AD4E0024AC
:106D300016F1470606EBD40004F0070100788840FE
:106D4000000605D57731424607EBD40000F0F0F994
:106D5000641CE4B2882CEDD3A24E002416F1580630
:106D600006EBD40004F0070100788840000605D542
:106D70004D312A4607EBD40000F0DAF9641CE4B286
:106D8000D02CEDD31E23C246382419462C2240466F
:106D9000009400F081F91D2350462C2219460094DE
:106DA00000F07AF91C2350462D221946009400F079
:106DB00073F91B235046302519462E22009500F00A
:106DC0006BF91A234FF031082F2219465046CDF89F
:106DD000008000F061F930215246192000F0A8F936
:106DE00031215246192000F0A3F94323504638229E
:106DF00000943B2100F050F9372650464323324699
:106E00003B21009600F048F9362000903E230246D0
:106E10003B21504600F040F9352000903F230246C8
:106E20003C21504600F038F93427504640233A467A
:106E30003D21009700F030F93320009041230246B5
:106E40003E21504600F028F93220009042230246AD
:106E50003F21504600F020F9432350463122CDF81F
:106E60000080402100F018F943235046302200955D
:106E7000412100F011F94FF02F08504643234246BC
:106E80004121CDF8008000F007F94FF02E0950465F
:106E900043234A464121CDF8009000F0FDF83D2300
:106EA00050462F22CDF800803B2100F0F5F83D231D
:106EB00050462E22CDF800903B2100F0EDF82D2019
:106EC0000090422302463C21504600F0E5F82C2079
:106ED0000090412302463D21504600F0DDF85C233E
:106EE00050462C221946009400F0D6F85D235046F7
:106EF0002C221946009400F0CFF85E2350462C2235
:106F00001946009400F0C8F8662350462C22194612
:106F1000009400F0C1F8672350462C2219460094D3
:106F200000F0BAF8682350462C221946009400F06D
:106F3000B3F85F2350462C221946009500F0ACF8B8
:106F4000652350462C221946009500F0A5F86023D1
:106F500050462E221946009700F09EF864235046B2
:106F60002E221946009700F097F8612350463122EF
:106F70001946009600F090F86323504631221946D6
:106F8000009600F089F86223504635221946009495
:106F900000F082F8154814A1F9F76AFA504600F09B
:106FA0002FFA134800F016FA104A4D21262000F05F
:106FB0002DFA0E480FA1F9F75BFABDE8F84F6A21E8
:106FC0000A4A262000F022BA04EB84000095811CB6
:106FD000CAB29F239B21C0B200F05AF92CE60000F0
:106FE00068AD000878B70008313233004002002451
:106FF00024000024343930002DE9F74F2548203A89
:1070000041688C88CF88E01D09688246C30820F05B
:10701000070013FB02F2001B002607FB021B00F017
:10702000FF0932E04FEADA01012901FB06B009D07D
:10703000022909D0017842788378080440EA0220C6
:10704000184303E0007801E0008840BA002580463C
:1070500014E0621B02EB09010120491E884010EA7E
:10706000080F009800EB05010A4801D0028800E0F3
:107070004288C8B2019900F05BF86D1CA542E8D3C4
:107080000198401C761CC0B20190BE42CAD3BDE834
:10709000FE8F00001C0000242DE9FF5F14460E4601
:1070A000A3EB06011D460E98021B00D55242002993
:1070B00000DA49428A4207DD31464FF00108264690
:1070C0000C460546184601E04FF00008AE4205D9CF
:1070D00031462E460D46214604460846011BA5EBC7
:1070E000060900D549428B4609EBD9714F108442FD
:1070F00001D2012001E04FF0FF30824614E000BFD2
:10710000009AB8F1000F02D03146204601E0214636
:10711000304600F00DF8B7EB0B0703D504EB0A017E
:107120004F44CCB2761CF6B2AE42E9D9BDE8FF9F1F
:107130002DE9F8431446894680462A2000F022F9BA
:10714000154E0027009720258DF8018035600A2311
:10715000124802226946FDF765F82B2000F012F96B
:1071600000978DF8019035600A230C480222694689
:10717000FDF758F82C2000F005F9200A8DF80000E2
:107180008DF8014035600A23044802226946FDF764
:1071900049F8BDE8F8830000180C0258D80500240F
:1071A0002DE9F8431E4615460F468046089C00927E
:1071B000FFF772FF33462A46194640460094FFF710
:1071C0006BFF3B462A46194640460094FFF764FF92
:1071D00033462246394640460094FFF75DFFBDE83E
:1071E000F8830000082810B52CD2E8B101281DD082
:1071F00002281DD003281DD004281DD005281DD02D
:1072000006281DD010A11248F9F732F94FF6FF7089
:1072100000F0F6F80F4800F0DDF801210C4ABDE857
:107220001040002000F0F2B80BA1ECE70CA1EAE757
:107230000DA1E8E70EA1E6E70FA1E4E710A1E2E760
:1072400011A1E0E710BD000056494E594C20200026
:10725000400200242400002444454C4159202000D1
:107260004543484F202020005245564552422000B9
:107270005452414E53202000464C414E4745520047
:10728000534C50524F4C4C00524F4C4C202020003D
:107290002DE9FC471C4615460E460746DDF82880BA
:1072A0002A2000F06FF84FF00009CDF804908DF817
:1072B0000570042101A88DF8075000F0C7F82B20B5
:1072C00000F060F8CDF8049004218DF8056001A865
:1072D0008DF8074000F0BAF82C2000F053F8E91BB5
:1072E000A21B0D4E2024491C521C4FEA18238DF876
:1072F000003011FB02F58DF801803460002406E0B7
:1073000006480A2302226946FCF78CFF641CAC4243
:10731000F6D3BDE8FC870000180C0258D8050024FD
:1073200008B50090054841780078491E401ECBB250
:107330000021C2B20846FFF7ABFF08BD00000024E1
:107340000F4A0821F0B5A2F10803D18005249480EA
:10735000A2F110004FF00B0C0C25DD8007269E805B
:1073600000F118014FF0000E1027C780A0F804C0EC
:107370004FF4FC62A1F802E00A804860F0BD000012
:1073800014000024064901B54FF4001008600122E2
:1073900004484FF4FA736946FCF744FF08BD000047
:1073A000180C0258D8050024054901B520200860B2
:1073B000012204484FF4FA736946FCF733FF08BD15
:1073C000180C0258D8050024014948807047000075
:1073D0001C00002401494860704700001C00002484
:1073E000362010B5FFF7CEFFC020FFF7DDFF0348C2
:1073F0008022A0210270417010BD00000000002416
:1074000001490880704700001C0000242DE9F0416C
:107410000D4E15460F4604460CE070683946C0888C
:10742000072820460BD0FFF7E7FD7068007920445D
:10743000C4B26D1C2A78002AEFD1BDE8F08101F0BA
:10744000C7FE1334E4B2F4E71C0000242DE9F04138
:107450000C460D4906464FF0FF3820208702086091
:107460000DE0BC4201D9384600E02046434685B2D3
:1074700006482A463146FCF7D5FE641B2E44002CF4
:10748000EFD1BDE8F0810000180C0258D8050024A7
:107490002DE9F34F604985B04FF48000086000F09B
:1074A000BFF80120FFF76EFF4FF47A70FAF752FA37
:1074B00008248DF800403620FFF764FF012168465C
:1074C000FFF7C4FF05208DF800003A20FFF75AFFB0
:1074D00001216846FFF7BAFF00258DF80050B12062
:1074E0004FF010088DF80180FFF74CFF022168462D
:1074F000FFF7ACFF8DF8004082208DF801002721B6
:10750000B6208DF80210FFF73DFF03216846FFF714
:107510009DFF01208DF800002620FFF733FF012199
:107520006846FFF793FF4FF00E098DF804900F2681
:107530008DF8006037218DF8081031278DF8017023
:107540002B228DF802200C204FF0070B8DF8030042
:107550004E208DF8054009218DF809B0F1228DF8F3
:107560000C904FF0030A8DF80600E0208DF80A8099
:107570008DF80D108DF807208DF80BA08DF80E50AA
:10758000FFF700FF0F216846FFF760FF8DF80050FE
:1075900011204FF048088DF801908DF80400142553
:1075A0008DF8088036218DF802500C238DF805B037
:1075B000C1258DF80940E1208DF80C708DF806701A
:1075C0008DF80A608DF80D108DF803A08DF8075026
:1075D0008DF80B308DF80E60FFF7D4FE0F21684652
:1075E000FFF734FF1120FFF7CDFE7820FAF7B2F94C
:1075F00029208DF80080FFF7C5FE01216846FFF7BE
:1076000025FF0648DDE9051201704270FFF798FE7C
:1076100007B0BDE8F08F00001804025800000024F5
:1076200010B5054C4FF4801020603220FAF792F923
:107630001020206010BD0000180402582DE9F05FF2
:10764000FE4A0124FE4E0025114692F8200091F8D2
:1076500024100F286FD2DFF8EC9302F168084FF086
:10766000FF0B00B3012817467BD0DFF8DCA302280C
:107670006FD003286ED004286DD005283A466BD011
:1076800006286AD0072869D0082868D0092867D05A
:107690000A287CD00B287BD00C287AD00D2879D0F2
:1076A0000E2878D0C2E2E948F9F7DEFDE848F9F79C
:1076B000DBFDD9F810000007E048817B15D5B9B98A
:1076C000017F08290DD0E34A0A44082112F8012C51
:1076D00088F806200177417941F0400141718473B7
:1076E00006E088F806B00577F5E7012900D1857333
:1076F000D9480068000707D5D04907200874CA7B1D
:10770000072A01D00C71C873D44800680006CB4822
:10771000817E17D5C9B9C17F002998F807100BD011
:1077200001F0F30188F80710C577417941F0800135
:107730004171847609E0FDE341F00C0188F80710FF
:10774000C477F2E7012900D185764FF4E021CCE23D
:1077500007E080E0B9E033E199E188E2C6E2A6E320
:10776000E9E3BF4AB94802F1F00302EB41011A68AC
:1077700031F8101C511A1960F9F708FCDFF8E082A3
:1077800097F8201097F82420A8F1100804E0FDE3F2
:10779000FDE3FDE3FDE3FDE383B208EB011505EB3B
:1077A000420008F58074203720F8103C04EB81007B
:1077B00050F804CC634440F8043C35F8120054F807
:1077C0002120101A44F82100A148F9F7DFFB39788D
:1077D00080B23A7904F1900908EB011323F8120002
:1077E00054F821201044021D44F82100D008F86309
:1077F00039F81120203F931D834202D3831D9A4202
:107800001BD902F10C054B46854206D300F10C054D
:10781000AA4202D8401C1044400823F8110080B24C
:1078200001F099FF97F820208A490B3101EB800184
:10783000B05491ED000A87ED0C0A97F8200004EB94
:10784000800309EB4002A2E0831D99427ED8EDE15E
:1078500022F8020CF9E37D48F9F706FD7C48F9F7B8
:1078600003FDD9F81000F9790007384614D5B1B9ED
:10787000017F01290CD0774A114411F8011C88F8C6
:1078800006100477417941F040014171FC7106E036
:1078900088F806B00577F5E7012900D1FD71DAF81F
:1078A0001000000605D5BD743846797C09B1C47056
:1078B0007D7469480068000705D53D743846F97B3A
:1078C00009B10471FD7367490FE2654A5F482032D0
:1078D00002EB410102F1D00331F8102C9968891AAA
:1078E0009960F9F753FB97F8201083B2DFF87081A5
:1078F00097F824202037A8F1100808EB011505EBB4
:10790000420008F5807420F8103C04EB810050F828
:1079100004CC634440F8043C35F8120054F82120AC
:10792000101A44F821004A48F9F730FB397880B240
:107930003A7904F1900908EB011323F8120054F886
:1079400021201044021D44F8210000E02AE0D00864
:10795000F86339F81130203F9A1D824202D3821D0C
:10796000934213D903F10C054A46854206D300F130
:107970000C05AB4202D8401C1844400822F8110004
:1079800080B201F0C3FE97F82010705456E353F80C
:10799000040C001DC008F86532F8021C8B1D8342E0
:1079A000BFF452AF01F10C038342FFF451AF00F179
:1079B0000C0399423FF64CAF401C0844400847E78F
:1079C0002248F9F751FC2248F9F74EFCD9F810008B
:1079D000397A0007384615D5B9B9017F02290DD08B
:1079E0001C4A0A44022112F8012C88F8062001776B
:1079F000417941F0400141713C7206E088F806B0DF
:107A00000577F5E7012900D13D72DAF8100000068C
:107A100007D5BC743846FC70797C012901D0C4704C
:107A20007C740D480068000706D53C743846F97B25
:107A3000012901D00471FC73084815E02C000024D2
:107A4000300200240010025800000258B002002446
:107A5000140300246DAD0008100C025810040258E5
:107A600000010024040003000068B97D00063846C8
:107A700008D551B990F8291011B1491E80F8291084
:107A8000BC7502E0012900D1BD75FD492DE1FD4B1A
:107A90009246FD4803F1B00703EB41013A6931F822
:107AA000101C511A3961F9F771FA9AF82010A7F5EC
:107AB00080739AF8242080B203EB011303EB420792
:107AC00027F8100CEF4FB03707EB810757F804CCBD
:107AD000604447F8040CEB4833F81220B03050F8FB
:107AE0002100821AE748B03040F82120E748F9F732
:107AF0004DFA9AF8201080B2E24B9AF82420503BBD
:107B000003EB011323F81200DE4AB03252F82120B1
:107B10001044DC4A031DB03242F821009032D808EC
:107B2000CAF85C0032F81120931D834202D3831DF2
:107B30009A4214D9D64B02F10C07874206D300F1C2
:107B40000C07BA4202D8401C10444008524623F8A1
:107B5000110080B201F0DAFD92F820107054CC4888
:107B60009AF82020A0F1900303EB820700EB420378
:107B700057F8040C001DC008CAF85C0033F8021C5A
:107B80008A1D824202D3821D914215D901F10C0750
:107B90005246874206D300F10C07B94202D8401C76
:107BA0000844400823F8020C80B201F0AFFD92F8BF
:107BB0002010314401F8010C50469AF82110122986
:107BC0003BD281BB90F8222052B180F8225090F82D
:107BD000232042B180F82350427F012A06D013E0CF
:107BE00080F822401FE080F82340F5E790F823203A
:107BF000002A98F807201AD002F0EF0288F8072030
:107C0000427942F080024271027F62B190F82330E3
:107C100083B1A04B1A4412F8012C88F8062042794F
:107C200042F040024271491C8AF821103EE142F0C4
:107C30001002E3E788F806B0F1E74178A1B1CA077E
:107C400007D04FF0807200BFC9F81820012903D077
:107C500008E04FF48072F7E704704FF480538470AB
:107C6000C9F81830491E41708AF821501EE1864833
:107C7000F9F7FAFA8548F9F7F7FAD9F81000797A9E
:107C80000007384615D5B9B9017F03290DD0814ABF
:107C90000A44032112F8012C88F806200177417963
:107CA00041F0400141717C7206E088F806B005772A
:107CB000F5E7012900D17D72DAF81000000607D53A
:107CC0000221B9747A7C3846022A01D0C4707974D2
:107CD00071480068000707D502213974FA7B3846DD
:107CE000022A01D00471F9736C49E5E2654B9346B1
:107CF0006548203303F1900703EB4101BA6931F87D
:107D0000101C511AB961F9F741F99BF82010A7F539
:107D100080779BF8242083B207EB011C0CEB420018
:107D200020F8103C07F5807000EB810050F8048CBF
:107D3000434440F8043C07F580703CF8122050F8AA
:107D40002100821A07F5807040F821204F48F9F78A
:107D50001DF99BF8201080B29BF82420DFF83081B9
:107D600007EB011323F8120007F5807252F8212067
:107D7000104407F58072031D42F82100D808CBF8A3
:107D80005C0038F81120931D834202D3831D9A4270
:107D900014D902F10C074346874206D300F10C07C1
:107DA000BA4202D8401C104440085A4623F8110039
:107DB00080B201F0ABFC92F8201070549BF82000C8
:107DC0005A46334B903B03EB800708EB400357F8D0
:107DD000040C001DC008CBF85C0033F8021C8F1D9A
:107DE000874202D3871DB94214D901F10C0787429B
:107DF00006D300F10C07B94202D8401C08444008E1
:107E000023F8020C80B201F081FC92F8201031447A
:107E100001F8010C224801684907D17E19D421BB21
:107E2000117811B1012903D011E0182050700EE033
:107E30000068000509D44FF080531570C9F8183058
:107E40001915C9F81810947001E0CAF81840D476D2
:107E50000BE0012909D11178012905D1006800053D
:107E600002D50904CAF81810D576107801281DD15A
:107E7000DAF81000400615D44FF4807014E00000CA
:107E80000200050040010024B00200241403002475
:107E9000800200246DAD0008100C0258060001009D
:107EA000100402584FF08070C9F81800EEE2F7484D
:107EB000F9F7DAF9F648F9F7D7F9D9F81000B97AED
:107EC0000007384615D5B9B9017F04290DD0F14A0C
:107ED0000A44042112F8012C88F806200177417920
:107EE00041F040014171BC7206E088F806B00577A8
:107EF000F5E7012900D1BD72DAF81000F97C00061F
:107F000002D521B9FC7402E0012900D1FD74E248D8
:107F10000068000707D503213974FA7B3846032A25
:107F200001D00471F973DD480068F97D0006384618
:107F30000CD501E0B1E20EE059B990F829100F29F3
:107F400002D2491C80F82910FC7502E0012900D1F9
:107F5000FD75D349B0E1D34ACC4802F1700302EB7E
:107F600041011A6A31F8101C511A1962F9F70EF81A
:107F7000DFF8308383B297F82010A8F1900897F8C3
:107F8000242008F5807408EB011504E05EE09BE016
:107F900022E194E128E205EB4200203720F8103C72
:107FA00004EB810050F804CC634440F8043C35F8FD
:107FB000120054F82120101A44F82100B448F8F7B0
:107FC000E5FF397880B23A7904F1900908EB0113A2
:107FD00023F8120054F821201044021D44F8210017
:107FE000D008F86339F81120203F931D834202D353
:107FF000831D9A4222D902F10C054B46854206D3D5
:1080000000F10C05AA4202D8401C1044400823F895
:10801000110080B201F07AFB97F82020A24901EB11
:108020008003B054C0F1FF0093ED000A01EB800023
:1080300087ED130A90ED000A87ED140A97F82010D7
:1080400004EB810309EB4102A1E4BCE08F48F9F79E
:108050000BF98F48F9F708F9D9F81000F97A0007F9
:10806000384615D5B9B9017F05290DD0894A0A448A
:10807000052112F8012C88F806200177417941F09A
:1080800040014171FC7206E088F806B00577F5E71B
:10809000012900D1FD72DAF81000397D000602D501
:1080A00041F0010101E001F0FE017B4839750068F3
:1080B000000707D504203874FA7B3946042A01D01A
:1080C0000C71F8737949F7E0764A7048203202F172
:1080D000500302EB41019A6A31F8101C511A99625F
:1080E000F8F754FF97F8201083B2DFF8B88197F8BB
:1080F00024202037A8F1900808EB011505EB420079
:1081000008F5807420F8103C04EB810050F804CC92
:10811000634440F8043C35F8120054F82120101A4A
:1081200044F821005A48F8F731FF397880B23A799B
:1081300004F1900908EB011323F8120054F82120F0
:108140001044021D44F82100D008F86339F81120CA
:10815000203F931D834202D3831D9A4213D902F11B
:108160000C054B46854206D300F10C05AA4202D805
:10817000401C1044400823F8110080B201F0C6FAF8
:1081800097F82010705497F8201004EB810209EB47
:10819000410152F8040C001DC008F86531F8022CAA
:1081A000931D834202D3831D9A4214D902F10C031A
:1081B000834206D300F10C039A4202D8401C1044BB
:1081C000400821F8020C80B201F0A0FA97F82010C4
:1081D000314401F8010C59E12C48F9F745F82C48D5
:1081E000F9F742F8D9F81000397B0007384615D561
:1081F000B9B9017F06290DD0264A0A44062112F892
:10820000012C88F806200177417941F04001417145
:108210003C7306E088F806B00577F5E7012900D140
:108220003D73DAF81000397D000602D541F00201F5
:1082300001E001F0FD01184839750068000707D515
:1082400005213974FA7B3846052A01D00471F97387
:1082500012480068397E0006384629D5A9B9417F01
:10826000002998F807100AD041F0100188F807108B
:108270004577417941F0800141713C761BE001F086
:10828000EF0188F807104477F3E714E0B002002408
:10829000140300246DAD0008100C0258100402589D
:1082A000010006008001002478B1000805000200EA
:1082B000012900D13D76D549D5480160E6E0D54A8F
:1082C000D54802F1300302EB41011A6B31F8101C62
:1082D000511A1963F8F75AFE97F8201083B2DFF8A5
:1082E000348397F824202037A8F1D00808EB011533
:1082F00005EB420008F5807420F8103C04EB810087
:1083000050F804CC634440F8043C35F8120054F8AB
:108310002120101A44F82100C048F8F737FE3978B8
:1083200080B23A7904F1900908EB011323F81200A6
:1083300054F821201044021D44F82100D008F863AD
:1083400039F81120203F931D834202D3831D9A42A6
:108350001AD902F10C054B46854206D300F10C05F3
:10836000AA4202D8401C1044400823F8110080B2F1
:1083700001F0F1F997F82020A94901EB8001B054F0
:1083800091ED000A87ED110A97F8200004EB8002B6
:1083900009EB400152F8040C001DC008F86531F8E3
:1083A000022C931D834202D3831D9A426ED902F19F
:1083B0000C03834206D300F10C039A4202D8401CFE
:1083C0001044400821F8020C80B201F0C4F997F87B
:1083D00020209349324401EB800102F8010C91ED19
:1083E000000A87ED120A51E08B48F8F73DFF8B48F1
:1083F000F8F73AFFD9F810000007787B16D5C0B916
:10840000387F07280ED086490B390144072011F820
:10841000011C88F806103877787940F040007871B0
:108420007C7306E088F806B03D77F5E7012800D1B7
:108430007D737C480068000706D506203874F97BF8
:10844000062901D03C71F873774800680006787EF1
:1084500016D5C0B9B87F002898F807000AD000F0F8
:10846000FC0088F80700BD77787940F080007871CB
:108470007C7608E040F0030088F80700BC77F3E75B
:10848000012800D17D76072061490860674890F88F
:108490002010491C80F82010B2E0DFF878B1914636
:1084A000ABF1D00B0BEB00120BF5807702EB410127
:1084B00007EB800031F8101C50F8042C511A40F8DA
:1084C000041C5548F8F762FD99F8201080B299F81D
:1084D00024800BEB011202EB480C07EB81032CF814
:1084E000100C53F804CC604443F8040C32F8180024
:1084F00057F82120101A47F821004848F8F746FDA0
:1085000099F8201080B299F8242007F1900A0BEB1B
:10851000011323F8120057F821201044021D47F8D8
:108520002100D008C9F85C003AF811309A1D824247
:1085300002D3821D93421BD903F10C08D446804517
:108540004A4606D300F10C08434502D8401C1844A3
:1085500040082CF8110080B201F0FDF892F82010CC
:10856000334B03EB8003705493ED000A82ED0D0A48
:1085700099F820104A4607EB81070AEB410357F8A8
:10858000040C001DC008C9F85C0033F8021C8F1DE4
:10859000874202D3871DB9421BD901F10C078742DC
:1085A00006D300F10C07B94202D8401C0844400829
:1085B00023F8020C80B201F0CEF892F820101C4B88
:1085C000314403EB800301F8010C93ED000A82EDC6
:1085D0000E0A107D60B101280CD00220507515756F
:1085E00092F82400072807D2401C82F8240005E0F6
:1085F0005575F4E75475F2E782F8245082F820505C
:10860000BDE8F05F0B48FCF756B90000030004001A
:1086100018080258C0010024B002002414030024EA
:1086200078AD0008100C0258100402582C000024E9
:1086300078B10008E80600240148FCF73CB90000C6
:10864000800700242DE9F047274B4FF0804A274D43
:1086500002689842264E274F274C09D0504507D034
:10866000A84205D0B04203D0B84201D0A04205D103
:10867000D1F804C022F070024CEA0202DFF87CC09C
:10868000DFF87C809842DFF87C900FD050450DD009
:10869000A8420BD0B04209D0B84207D0A04205D0C2
:1086A000604503D0404501D0484503D1CD6822F450
:1086B00040722A434D6922F080022A4302609842A8
:1086C0008A68C2620A68826207D0A04205D060450B
:1086D00003D0404501D0484501D10969016301211A
:1086E0004161BDE8F0870000000001400004004047
:1086F00000080040000C0040000401400040014020
:10870000004401400048014010B5046A012301F013
:108710001F018B409C4304628A40016A114301623D
:1087200010BD42EA032283680A4323F47F410A43CF
:1087300082607047034B82681A400A4342F0070187
:10874000816070478FFFCFFF2DE9F04F026ADFF89D
:108750008880DFF8889022F00102DFF884A0DFF83B
:1087600084B0214F0262DFF884C0066A42688369E0
:1087700026F002060D68B8428C6803EA0C0323F069
:10878000030344EA060445EA030507D0404505D043
:10879000484503D0504501D0584505D1CB6824F059
:1087A0000804234323F00404B84207D0404505D011
:1087B000484503D0504501D0584505D122F44076B4
:1087C000D1E9053233431A43426085614968416308
:1087D0000462BDE8F08F0000000401400040014049
:1087E0000044014000480140000001408FFFFEFFAF
:1087F000F0B5026A1E4E1F4C22F01002DFF878E03E
:108800000262056A4368826925F02005D1F808C034
:10881000A0420F6802EA060222F4407245EA0C15F3
:1088200042EA072201D0704506D1CE6825F08005C6
:1088300045EA061525F04005A0420AD0704508D04B
:108840000E4CA04205D00E4CA04202D00D4CA042CE
:1088500007D1D1E9054623F4406343EA840343EAA0
:10886000860343608261496881630562F0BD000050
:10887000FF8FFFFE00000140000401400040014066
:108880000044014000480140F0B5026A1E4F1F4EEF
:1088900022F48072DFF878E00262056A4368C269F8
:1088A00025F40075D1F808C0B0420C6802EA07024E
:1088B00022F0030245EA0C2544EA020401D0704587
:1088C00006D1CF6825F4006242EA072222F48065CF
:1088D000B0420AD0704508D00E4A904205D00E4AE8
:1088E000904202D00D4A904207D123F44052D1E980
:1088F000053642EA031242EA06134360C46149683E
:10890000C1630562F0BD00008FFFFEFF0000014063
:108910000004014000400140004401400048014083
:10892000F0B5026A174B164F22F480529842026249
:10893000046A4268C36924F400548E680D6803EA2F
:10894000070323F4407344EA063443EA05230BD0BB
:108950000D4DA84208D00D4DA84205D00C4DA8429F
:1089600002D00C4DA84204D14D6922F4804242EA63
:1089700085124260C361496801640462F0BD000071
:10898000FF8FFFFE00000140000401400040014055
:108990000044014000480140F0B5026ADFF854C0CD
:1089A00022F480320262056A4268446D25F4003583
:1089B0000E896045104F0B6804EA070445EA064536
:1089C00043EA04030BD00D4CA04208D00C4CA0424B
:1089D00005D00C4CA04202D00B4CA04204D14C69F3
:1089E00022F4803242EA042242604365496881658C
:1089F0000562F0BD000001408FFFFEFF0004014052
:108A0000004001400044014000480140F0B5026AC6
:108A1000DFF854C022F480120262046A4268436D97
:108A200024F400140E896045104F0D6803EA070313
:108A300044EA065443EA05230BD00D4DA84208D062
:108A40000C4DA84205D00C4DA84202D00B4DA842B7
:108A500004D14D6922F4802242EA852242604365B6
:108A60004968C1650462F0BD00000140FF8FFFFE50
:108A70000004014000400140004401400048014022
:108A800010B5036A046A23F00A0324F001040462A7
:108A900084690B4324F0F00141EA02118161036211
:108AA00010BD10B5036A23F0100303628369046AE2
:108AB00023F4704324F0A00443EA0232826144EAC2
:108AC0000111016210BD0000144810B5C16989068A
:108AD0001ED5134C406A84F82A00F9F76FF8206617
:108AE000E16A411A142902D9002184F82610E062B3
:108AF00094F82600102808D20A4A012894F82A106F
:108B0000115402D1012184F82710401C84F826005A
:108B1000BDE810400448FCF779B90000005000405F
:108B20002C000024A0020024CC07002430B5416EA4
:108B3000B9B101680D4B03F108048A688968C2F372
:108B40004262490F5D5C615C2D01B5FBF1F1A0F85B
:108B50006A10995CA25C0901B1FBF2F1A0F86810FF
:108B600030BD0121A0F86A10F8E7000030B8000815
:108B700090F82810C90706D00168C36A4A6822F431
:108B800000321A434A6090F82810890706D5016818
:108B9000036B4A6822F480321A434A6090F8281026
:108BA000490706D50168436B4A6822F480221A43BC
:108BB0004A6090F82810090706D50168836B4A6857
:108BC00022F400421A434A6090F82810C90606D5DC
:108BD0000168C36B8A6822F480521A438A6090F855
:108BE0002810890606D50168036C8A6822F40052B1
:108BF0001A438A6090F82810490611D50168436C21
:108C00004A6822F480121A434A60416CB1F5801F11
:108C100006D10168836C4A6822F4C0021A434A6094
:108C200090F82810090606D50168C26C486820F43F
:108C300000201043486070472DE9F84300250446A2
:108C4000C0F89050F8F7BAFF8046206820266FF0F1
:108C50007E470068000713D50022434631042046B2
:108C6000009700F049FA58B1216851E8000F20F050
:108C7000800041E80002002AF6D1C4F8886021E0B3
:108C800020680068400722D5002243464FF4800147
:108C90002046009700F030FAC8B1206850E8001F65
:108CA00021F4907140E80012002AF6D120680830C3
:108CB00050E8001F21F0010140E80012002AF5D120
:108CC000C4F88C60032084F88450BDE8F883C4F8AD
:108CD0008860C4F88C60E5662567002084F88450BD
:108CE000F3E710B5806B0021A0F85E10A0F85610D5
:108CF000FCF78AF810BD000010B5026852E8001FAA
:108D000021F4907142E80013002BF6D10E4B02685B
:108D1000083252E8001F194042E80014002CF6D136
:108D2000C16E012908D1026852E8001F21F010012C
:108D300042E80013002BF6D100212022C0F88C203D
:108D4000C166416710BD0000FEFFFFEF2DE9F04353
:108D500004468068D84E87B0D84B2168D4E90427F0
:108D6000D4F81CC010430A68002547EA0C073843B2
:108D7000324002430A602068E268416821F44051B1
:108D8000114341602268A1699A4201D0206A0143DF
:108D90009768DFF82CC3CB4ECB4807EA0C070F438C
:108DA00097602168676ACA6A22F00F023A43CA6272
:108DB0002268B2420ED1006800F03800182873D043
:108DC00047DCB8B3082879D010286FD178E028287C
:108DD0007ED17BE0BD498A4209D1006800F00700DE
:108DE000062875D2DFE800F0546A6C6E7072B849DC
:108DF0008A4209D1006800F00700062868D2DFE83F
:108E000000F0475D5F616365B2498A4209D100683D
:108E100000F0070006285BD2DFE800F03A50525419
:108E20005658AD498A420BD1006800F00700062869
:108E30004ED200E010E0DFE800F02B414345474907
:108E4000A6498A420AD1006800F03800182839D0B3
:108E5000B7DD2028BBD13CE001203AE0A0498A429E
:108E600009D1006800F00700062831D2DFE800F0E1
:108E70001026282A2C2E9B498A420BD1006800F02C
:108E80000700062824D2DFE800F003191B1D1F216C
:108E900000201EE09A421BD18B48001D006800F0A4
:108EA0000700062814D202E00CE007E010E0DFE83B
:108EB00000F0030507090B0D02200AE0042008E07A
:108EC000082006E0102004E0202002E0402000E01E
:108ED00080208549DFF814829A42854A4FF4004386
:108EE0004FEA21174FF000064ED110281AD006DCA9
:108EF000022809D004280BD008287CD10DE02028B6
:108F00003ED0402877D13DE0F8F740FF014610E021
:108F10006846F8F7F1FF01990BE003A8F9F78EF81E
:108F2000049906E01068800605D51068C0F3C100FA
:108F3000C140002970D0606A676838F8102007EBDC
:108F40004703B1FBF2F0834255D8B0EB073F52D84C
:108F5000002308461946F7F713FA02467808130E5D
:108F6000120243EA012110183A4671410023F7F733
:108F700007FA604AA0F5407191423CD821688FE021
:108F80003946D8E71946D6E7D4F81CC04FF6EF7932
:108F90009C4546D1082819D005DC58B101280CD0D1
:108FA000042875D10DE0102815D0202835D0402890
:108FB0006ED134E0FAF76EF801E0FAF77DF8014679
:108FC00010E06846F8F798FF01990BE003A8F9F75D
:108FD00035F8049906E01068800604D51068C0F3DF
:108FE000C100C140C1B1636A606838F81330B1FB99
:108FF000F3F1490000E04BE001EB5001B1FBF0F070
:10900000A0F11001494543D84FF6F0732168C0F331
:1090100042021840104343E043E03946E3E7194673
:10902000E1E7082819D005DC58B101280CD0042844
:109030002ED10DE0102815D020282BD0402827D184
:109040002AE0FAF727F801E0FAF736F8014610E0CF
:109050006846F8F751FF01990BE003A8F8F7EEFF17
:10906000049906E01068800604D51068C0F3C100BA
:10907000C140B1B1636A606838F81330B1FBF3F1F5
:1090800001EB5001B1FBF0F0A0F11001494505D909
:10909000012506E03946EDE71946EBE7216880B285
:1090A000C8600120A4F86A00A4F868002846666732
:1090B000A66707B0BDE8F083F369FFCF000C005846
:1090C000FFF4FF11001001405444025800440040D6
:1090D00000480040004C0040005000400014014097
:1090E00000780040007C00400090D00318B80008D1
:1090F00000440258FFFC0F002DE9F047994617463F
:109100000E460446089D4FF000082FE0681C2DD045
:10911000F8F754FDA0EB0900A84214D89DB12068CF
:109120000168490722D5C169C94309070DD408253B
:1091300005622046FFF7E0FDC4F89050012084F856
:109140008480BDE8F0870320FBE7C069C0430005C9
:109150000CD421684FF4006008622046FFF7CCFD74
:109160002021C4F8901084F88480ECE72068C0695E
:1091700036EA000004D00020B842C7D00020E0E763
:109180000120F9E70D49C869800613D50C480D4A3E
:10919000496AC9B280F8251002EB8103C1F17F0151
:1091A00093ED000A02EB810180ED0F0A91ED000AB8
:1091B00080ED100A0448FBF729BE000000100140B2
:1091C0002C00002478B5000860080024FEE70000A9
:1091D0002DE9F74F31488846C2EBC20182B0834681
:1091E00000274268E039106808440090002408EB2A
:1091F000470610F80790751C0120C4F1070188404C
:1092000010EA090F029804EB440101EB000AF1B2E5
:1092100018D0BBF800200AF0FF00FDF789FFBBF86B
:1092200000200AF0FF00E9B2FDF782FF0AF1010A0F
:10923000BBF800200AF0FF00F1B2FDF779FFBBF8A0
:10924000002017E0BBF802200AF0FF00FDF770FFD6
:10925000BBF802200AF0FF00E9B2FDF769FF0AF14E
:10926000010ABBF802200AF0FF00F1B2FDF760FF2F
:10927000BBF802200AF0FF00E9B2FDF759FF641CB9
:10928000052CB9D37F1C08F10100072F00F0FF085F
:1092900001D20098AAE705B0BDE8F08F1C000024B9
:1092A000090700284FEA116104DB00F1E02080F893
:1092B0000014704700F00F0000F1E02080F8141D4A
:1092C000704730380A2801D20120704700207047CB
:1092D000F64908680024800311D4BFF34F8FBFF311
:1092E0006F8FF3480460BFF34F8FBFF36F8F086831
:1092F00040F400300860BFF34F8FBFF36F8F0868F2
:10930000C00323D4E94870300460BFF34F8F001FBF
:1093100043F6FF760068E64D1035C0F34E32C0F3D9
:10932000C90306EA4217184647EA807CC5F800C020
:10933000401EF9D2521EF4D2BFF34F8F086840F49A
:1093400080300860BFF34F8FBFF36F8FF8F758FC82
:10935000FDF774F9FCF732FDFCF7DCF9FCF7C2FC11
:10936000FCF7CCFAFCF706FBFCF73CFBFCF700FC37
:10937000FCF74CF9FCF792F9FCF79AFBFCF7C8FBF9
:10938000FCF778FCFCF7E2FCFCF726FCFCF79EF807
:1093900040F61C40F8F7DEFAC64D0122102128469F
:1093A000F8F700FC6420F8F7D5FA002228461021CF
:1093B000F8F7F8FBA0218020FEF76AF8FEF710F816
:1093C0000020FDF7ADFFFDF74FFB0020FDF7FCFF90
:1093D0004FF6FF7B5846FEF713F8B7490222B7480D
:1093E000FAF78CFDB4490222B548091DFAF786FD4B
:1093F000B1490222B3481C31FAF736FDAE490222C8
:10940000B1482431FAF730FDB048FBF7F5F8B04821
:109410000421FBF7FFFBAF4AFF20A74D40F2EE21EE
:109420001435116028706870A870E8702871687130
:10943000A871E8710020FCF7CDF80120FCF7CAF80C
:109440000220FCF7C7F80320FCF7C4F80420FCF75F
:10945000C1F80520FCF7BEF80620FCF7BBF8072092
:10946000FCF7B8F89C494FF4807088614FF4FA60BB
:10947000F8F770FA012299485103F8F793FB9848DE
:109480009849026842F0200202600268F02342F428
:1094900080720260086840F020000860086840F4AC
:1094A000807008600720EB71FCF794F88E4F05F18F
:1094B0003006683D40F24918A7F15009F8F77EFBE5
:1094C000696E401AFA282CD995F8280000287DD01A
:1094D0000020FDF795FF85F8284084A18248403898
:1094E000F6F7C6FF8248FDF775FF7F4A4D2126201B
:1094F000403AFDF78BFF7C487EA195F82920103873
:109500008246F6F7B5FF1F20FDF77AFF7C48FDF78E
:1095100061FF7A2152460120FDF778FFF8F74EFBF4
:1095200068667188788B814208D0B0FBF8F0002221
:10953000C1B21046FBF7FEFE788B70803188388B05
:10954000814208D0B0FBF8F00022C1B20120FBF745
:10955000F1FE388B3080B1887888814208D0B0FB2A
:10956000F8F00022C1B20220FBF7E4FE7888B08058
:1095700095F82920F18819F80220914220D05A4804
:1095800060A120388246F6F773FF5846FDF738FF92
:109590005B48FDF71FFF712152460120FDF736FFA2
:1095A00095F82910152219F80100B0FBF2F10022FC
:1095B0000320FBF7BFFE95F8291019F80100F08091
:1095C0006879E8B3C00708D0002000E067E0FCF746
:1095D00001F8687900F0FE0068716879800706D5A7
:1095E0000120FBF7F7FF687900F0FD0068716879EA
:1095F000400706D50220FBF7EDFF687900F0FB007D
:1096000068716879000706D50320FBF7E3FF6879E6
:1096100000F0F70068716879C00606D50420FBF7F2
:10962000D9FF687900F0EF0068716879800606D587
:109630000520FBF7CFFF687900F0DF00687100E0DC
:1096400013E06879400606D50620FBF7C3FF68796A
:1096500000F0BF0068716879000606D50720FBF7A7
:10966000B9FF687900F07F006871287918B1287C0B
:10967000FDF7B8FD2C71E87818B1A87CFDF7BEF8AD
:10968000EC70A87818B12878FDF7C6F9AC7095F899
:10969000270000283FF412AF85F827400EE7584610
:1096A000FDF7AEFE012085F8280016E714ED00E076
:1096B00050EF00E0000402588000002478030024EA
:1096C00010040024A804002440050024E806002417
:1096D00034070024380400400010025800080258E3
:1096E000001001400050004080020024313233005D
:1096F0002400002443483A2530326C7500000000F5
:10970000140000242530336C7500000040F2C57150
:1097100088420AD25A2801D2002070475A3840F2B3
:1097200013114843C0F30730704740F68D0188425B
:1097300001D88020704740F6D971884200D9084688
:10974000A0F68D008021C0EB401000EBC00001EBC3
:109750001030C0B270475A2801D20020704740F63E
:10976000D971884200D908465A3800EB4010C00031
:10977000C0F3073070474FF04070E1EE100A7047B9
:1097800000000000000000000000000000000000D9
:1097900000000000000000000000000000000000C9
:1097A00000000C000C000C000C000C000C000C0065
:1097B0000C0000000C000000000000000000000091
:1097C000000000001DC01DC0088008800880000047
:1097D0000000000000000000000000000000000089
:1097E00000000D800D800D800D803FC01B003FC02C
:1097F0001B001B001B001B000000000000000000FD
:1098000004001F803180318038001E000F0003806B
:10981000318031803F00040004000000000000009F
:10982000000018002400240018C007801E003180AA
:109830000240024001800000000000000000000023
:10984000000000000F001800180018000C001D8018
:10985000370033001D800000000000000000000001
:1098600000000000070007000200020002000000E4
:1098700000000000000000000000000000000000E8
:1098800000000300030006000E000C000C000C009A
:109890000C000E00060003000300000000000000A2
:1098A0000000180018000C00060006000600060064
:1098B000060006000C001C0018000000000000005C
:1098C0000000060006003FC03FC00F001F80198047
:1098D0000000000000000000000000000000000088
:1098E0000000000000000400040004003F800400A9
:1098F0000400040000000000000000000000000060
:109900000000000000000000000000000000000057
:109910000000060004000C00080008000000000021
:109920000000000000000000000000003F80000078
:109930000000000000000000000000000000000027
:109940000000000000000000000000000000000017
:1099500000000C000C0000000000000000000000EF
:1099600000C000C0018001800300030006000C005D
:109970000C0018001800300030000000000000004B
:1099800000000E001B003180318031803180318039
:1099900031801B000E0000000000000000000000ED
:1099A000000006003E000600060006000600060055
:1099B000060006003FC0000000000000000000009C
:1099C00000000F00198031803180030006000C0078
:1099D000180030003F800000000000000000000080
:1099E00000003F006180018003001F0003800180B0
:1099F000018061803F0000000000000000000000C6
:109A00000000070007000F000B001B0013003300CD
:109A10003F8003000F8000000000000000000000F5
:109A200000001F801800180018001F00118001801E
:109A3000018021801F0000000000000000000000E5
:109A4000000007801C00180030003700398031808A
:109A5000318019800F0000000000000000000000AD
:109A600000007F0043000300060006000600060019
:109A70000C000C000C0000000000000000000000C2
:109A800000001F003180318031801F003180318023
:109A9000318031801F000000000000000000000045
:109AA00000001E0033003180318033801D80018032
:109AB000030007003C000000000000000000000060
:109AC00000000000000000000C000C00000000007E
:109AD00000000C000C00000000000000000000006E
:109AE0000000000000000000030003000000000070
:109AF000000006000400080008000000000000004C
:109B00000000000000C003000400180060001800FE
:109B10000400030000C0000000000000000000007E
:109B2000000000000000000000007FC000007FC0B7
:109B30000000000000000000000000000000000025
:109B400000000000600018000400030000C00300D3
:109B50000400180060000000000000000000000089
:109B6000000000001F0031803180018007000C00E0
:109B70000C0000000C0000000000000000000000CD
:109B800000000E00110021002100270029002900FB
:109B90002700200011000E0000000000000000005F
:109BA000000000003F000F000900198019801F808D
:109BB00030C030C079E0000000000000000000006C
:109BC000000000007F003180318031803F00318013
:109BD000318031807F0000000000000000000000A4
:109BE000000000001F4030C0604060006000600066
:109BF000604030801F0000000000000000000000F6
:109C0000000000007F00318030C030C030C030C064
:109C100030C031807F000000000000000000000024
:109C2000000000007F803080308032003E00320033
:109C3000308030807F8000000000000000000000C5
:109C4000000000007FC03040304032003E00320053
:109C5000300030007C000000000000000000000028
:109C6000000000001E80318060806000600067C0DE
:109C7000618031801F000000000000000000000033
:109C8000000000007BC03180318031803F80318016
:109C9000318031807BC00000000000000000000027
:109CA000000000003FC00600060006000600060097
:109CB000060006003FC00000000000000000000099
:109CC000000000001FC00300030003000300630046
:109CD000630063003E000000000000000000000080
:109CE000000000007BC03180330036003C003E00A5
:109CF0003300318079C00000000000000000000047
:109D0000000000007E00180018001800180018401D
:109D1000184018407FC00000000000000000000054
:109D200000000000E0E060C071C07BC06AC06EC08F
:109D300064C060C0FBE00000000000000000000004
:109D40000000000073C0318039803D80358037804D
:109D500033803180798000000000000000000000A6
:109D6000000000001F00318060C060C060C060C0A3
:109D700060C031801F0000000000000000000000F3
:109D8000000000007F0031803180318031803F0051
:109D9000300030007E0000000000000000000000E5
:109DA000000000001F00318060C060C060C060C063
:109DB00060C031801F000CC01F8000000000000048
:109DC000000000007F003180318031803E00330090
:109DD000318031807CE000000000000000000000C5
:109DE000000000001F803180318038001F00038098
:109DF000318031803F0000000000000000000000C2
:109E0000000000007F804C804C804C800C000C00D7
:109E10000C000C003F0000000000000000000000EB
:109E2000000000007BC03180318031803180318082
:109E3000318031801F0000000000000000000000A1
:109E4000000000007BC0318031801B001B001B0024
:109E50000A000E000E0000000000000000000000DC
:109E600000000000FBE060C064C06EC06EC02A80CD
:109E70003B803B80318000000000000000000000BB
:109E8000000000007BC031801B000E000E000E00A1
:109E90001B0031807BC000000000000000000000BB
:109EA0000000000079E030C019800F0006000600B5
:109EB000060006001F8000000000000000000000F7
:109EC000000000003F8021802300060004000C00F9
:109ED000188030803F80000000000000000000007B
:109EE00000000780060006000600060006000600C7
:109EF00006000600060006000780000000000000C3
:109F000030003000180018000C000C0006000300A0
:109F100003000180018000C000C0000000000000BC
:109F200000001E00060006000600060006000600EF
:109F300006000600060006001E00000000000000EB
:109F400004000A000A0011002080208000000000A8
:109F50000000000000000000000000000000000001
:109F600000000000000000000000000000000000F1
:109F70000000000000000000000000000000FFE002
:109F800008000400020000000000000000000000C3
:109F900000000000000000000000000000000000C1
:109FA00000000000000000001F00018001801F80F1
:109FB000318033801DC00000000000000000000060
:109FC00000007000300030003700398030C030C0F1
:109FD00030C0398077000000000000000000000061
:109FE00000000000000000001E80318060806000E2
:109FF000608031801F0000000000000000000000B1
:10A0000000000380018001801D80338061806180B9
:10A01000618033801DC000000000000000000000CF
:10A0200000000000000000001F00318060C07FC001
:10A03000600030C01F800000000000000000000031
:10A04000000007E00C000C003F800C000C000C002E
:10A050000C000C003F800000000000000000000029
:10A0600000000000000000001DC03380618061809E
:10A07000618033801D80018001801F00000000008E
:10A0800000007000300030003700398031803180AE
:10A09000318031807BC00000000000000000000023
:10A0A00000000600060000001E0006000600060074
:10A0B000060006003FC00000000000000000000095
:10A0C00000000600060000003F000300030003003C
:10A0D000030003000300030003003E000000000033
:10A0E0000000700030003000378036003C003C003B
:10A0F0003600330077C000000000000000000000C0
:10A1000000001E000600060006000600060006000D
:10A11000060006003FC00000000000000000000034
:10A1200000000000000000007F8036C036C036C04E
:10A1300036C036C076E000000000000000000000DD
:10A14000000000000000000077003980318031807D
:10A15000318031807BC00000000000000000000062
:10A1600000000000000000001F00318060C060C0DF
:10A1700060C031801F0000000000000000000000EF
:10A1800000000000000000007700398030C030C0BF
:10A1900030C039803700300030007C000000000003
:10A1A00000000000000000001DC03380618061805D
:10A1B000618033801D800180018007C000000000A5
:10A1C00000000000000000007B801CC01800180088
:10A1D000180018007F0000000000000000000000D0
:10A1E00000000000000000001F8031803C001F00C4
:10A1F000038031803F0000000000000000000000EC
:10A2000000001800180018007F001800180018003F
:10A21000180018800F00000000000000000000007F
:10A220000000000000000000738031803180318028
:10A23000318033801DC000000000000000000000DD
:10A2400000000000000000007BC0318031801B0056
:10A250001B000E000E0000000000000000000000C7
:10A260000000000000000000F1E060C064C06EC0AB
:10A270003B803B80318000000000000000000000B7
:10A2800000000000000000007BC01B000E000E005C
:10A290000E001B007BC0000000000000000000005A
:10A2A000000000000000000079E030C01980198033
:10A2B0000B000F00060006000C003E00000000002E
:10A2C00000000000000000003F80218003000E001D
:10A2D000180030803F8000000000000000000000F7
:10A2E000000006000C000C000C000C000C00180014
:10A2F0000C000C000C000C00060000000000000028
:10A300000000060006000600060006000600060023
:10A31000060006000600060006000000000000001F
:10A3200000000C0006000600060006000600030000
:10A3300006000600060006000C00000000000000F9
:10A34000000000000000000000001800248003004E
:10A3500000000000000000000000000000000000FD
:10A3600000000000000000000000000000101010BD
:10A370001010000010000000006C484800000000B1
:10A3800000000000001414287C287C285050000095
:10A390000010384040384870101000000020502055
:10A3A0000C70081408000000000000182020544819
:10A3B0003400000000101010100000000000000029
:10A3C00000080810101010101008080000202010BD
:10A3D000101010101020200000107C102828000001
:10A3E000000000000000101010FE1010100000000F
:10A3F00000000000000000181030200000000000E5
:10A40000007C0000000000000000000000000030A0
:10A410003000000000040408081010202040000054
:10A4200000384444444444443800000000301010D4
:10A43000101010107C000000003844040810204464
:10A440007C00000000384404180404443800000074
:10A45000000C141424447E040E000000003C202054
:10A460003804044438000000001C20407844444470
:10A4700038000000007C44040808081010000000A8
:10A480000038444438444444380000000038444410
:10A49000443C040870000000000000303000003030
:10A4A00030000000000000181800001830200000E4
:10A4B00000000C10608060100C0000000000000024
:10A4C0007C007C00000000000000C0201804182060
:10A4D000C000000000001824040810003000000034
:10A4E0003844444C54544C40443800000030102848
:10A4F00028287C44EE00000000F84444784444449A
:10A50000F8000000003C4440404040443800000057
:10A5100000F0484444444448F000000000FC44502B
:10A5200070504044FC000000007E22283828202083
:10A5300070000000003C4440404E4444380000009D
:10A5400000EE44447C444444EE000000007C1010C3
:10A55000101010107C000000003C08080848484813
:10A560003000000000EE444850704844E60000000F
:10A5700000702020202024247C00000000EE6C6C61
:10A5800054544444EE00000000EE64645454544CAF
:10A59000EC000000003844444444444438000000C7
:10A5A000007824242438202070000000003844441F
:10A5B00044444444381C000000F84444447848446F
:10A5C000E200000000344C403804046458000000ED
:10A5D00000FE9210101010103800000000EE4444ED
:10A5E000444444443800000000EE44442828281025
:10A5F0001000000000EE444454545454280000005D
:10A6000000C6442810102844C600000000EE44286C
:10A610002810101038000000007C4408101020445E
:10A620007C0000000038202020202020202038003E
:10A6300000402020201010080808000000380808FA
:10A640000808080808083800001010284400000016
:10A65000000000000000000000000000000000FEFC
:10A66000001008000000000000000000000000389A
:10A67000443C44443E00000000C04058644444440C
:10A68000F80000000000003C444040443800000056
:10A69000000C04344C4444443E00000000000038E8
:10A6A000447C40403C000000001C207C20202020F6
:10A6B0007C000000000000364C4444443C04380058
:10A6C00000C0405864444444EE0000000010007094
:10A6D000101010107C000000001000780808080816
:10A6E0000808700000C0405C48705048DC00000062
:10A6F00000301010101010107C000000000000E866
:10A7000054545454FE000000000000D864444444F3
:10A71000EE000000000000384444444438000000CB
:10A72000000000D8644444447840E0000000003653
:10A730004C4444443C040E000000006C30202020B7
:10A740007C0000000000003C443804447800000015
:10A750000000207C202020221C000000000000CCF3
:10A760004444444C36000000000000EE44442828D5
:10A7700010000000000000EE445454542800000073
:10A78000000000CC48303048CC000000000000EE53
:10A7900044242818101078000000007C4810204441
:10A7A0007C0000000008101010102010101008008D
:10A7B00000101010101010101010000000201010C9
:10A7C0001010081010102000000000000024580095
:10A7D00000000000000000000000000020202020F9
:10A7E0000020000050500000000000002850F850E9
:10A7F000F850A00020306030106020002020186049
:10A800001010000000382060507800002020200048
:10A8100000000000102020202020100040202020D8
:10A82000202040002070205000000000002020F870
:10A830002020000000000000102020000000007018
:10A840000000000000000000002000001020202078
:10A8500040408000205050505020000060202020B8
:10A8600020F80000205020204070000020501020D0
:10A8700010600000103050781038000070406010F8
:10A880005020000030406050506000007050102098
:10A890002020000020502050502000003050503028
:10A8A00010600000000020000020000000001000E8
:10A8B00010200000001020C0201000000070007068
:10A8C0000000000000402018204000002050102010
:10A8D0000020000030484858484038006020507040
:10A8E00088D80000F048704848F0000070504040A0
:10A8F00040300000F048484848F00000F848604008
:10A9000048F80000F848604040E0000070404058BF
:10A9100050300000E848784848E8000070202020C7
:10A92000207000003810105050200000D850607087
:10A9300050D80000E040404048F80000D8D8D8A8DF
:10A9400088D80000D868685858E80000304848485F
:10A9500048300000F048487040E000003048484867
:10A9600048301800F048487048E800007050201047
:10A9700050700000F8A8202020700000D8484848F7
:10A9800048300000D888485050300000D888A8A827
:10A99000A8500000D850202050D80000D88850205F
:10A9A00020700000784810204878000030202020D7
:10A9B00020203000804040202020100060202020F7
:10A9C0002020600020205000000000000000000057
:10A9D000000000F82010000000000000000030100F
:10A9E00070780000C040704848F0000000007040DF
:10A9F00040700000180838484838000000007070A7
:10AA00004030000010207020207000000000384806
:10AA100048380830C040704848E8000020006020F6
:10AA2000207000002000701010101070C04058708E
:10AA300050D8000060202020207000000000D0A826
:10AA4000A8A800000000F04848C8000000003048F6
:10AA5000483000000000F048487040E000003848EE
:10AA600048380818000078202070000000003020CE
:10AA7000106000000040F040483000000000D8485E
:10AA8000483800000000C848303000000000D8A856
:10AA9000A850000000004830304800000000D850A6
:10AAA000502020600000785028780000102020609E
:10AAB00020201000202020202020200040202030B6
:10AAC000202040000000002850000000000000008E
:10AAD0000000002020202020002010F8100040F866
:10AAE0004000000000000000000000000000000026
:10AAF00000C8D0205898000000000000002020006E
:10AB000000000000408080808080408040404040C5
:10AB1000408000000000100800002020F8202000E5
:10AB200000000000606020000000F800000000004D
:10AB3000000000200010102020404080708898A85D
:10AB4000C888702060202020207070880810204065
:10AB5000F8F810201008887010305090F81010F895
:10AB600080F008088870304080F0888870F80810FD
:10AB70002040404070888870888870708888780885
:10AB800010600000200000200000002000002020B5
:10AB90000810204020100800007000700000804065
:10ABA00020102040807088081020002070A8D8D87D
:10ABB00058283070888888F88888F08888F08888D5
:10ABC000F070888080808870E09088888890E0F8B5
:10ABD0008080F08080F8F88080F0808080708880AD
:10ABE000B8888878888888F888888870202020200D
:10ABF0002070701010101010608890A0C0A0908875
:10AC0000808080808080F888D8A888888888888814
:10AC1000C8A898888870888888888870F08888F0A4
:10AC200080808070888888A89878F08888F0A090C4
:10AC300088788080700808F0F82020202020208864
:10AC4000888888888870888888888850208888883C
:10AC5000A8A8A850888850205088888888885020C4
:10AC60002020F80810204080F830202020202030BC
:10AC70000000000000000060202020202060000074
:10AC800000000000000000000000000000000000C4
:10AC900000000000000000000000000000000000B4
:10ACA00000000000000000000000000000000000A4
:10ACB0000000000000000000000000000000000094
:10ACC0000000000000000000000000000000000084
:10ACD0000000000000000000000000000000000074
:10ACE0000000000000000000000000000000000064
:10ACF0000000000000000000000000000000000054
:10AD00000000000000000000000000000000000043
:10AD10000000000000000000000000000000000033
:10AD20000000000000000000000000000000000023
:10AD30000000000000000000000000000000000013
:10AD40000000000000000000000000000000000003
:10AD500000000000000000000000000000000000F3
:10AD6000000000000000000069898F8969FEFDFB7A
:10AD7000F7EFDFBF7F000000ACC5273775021A3B35
:10AD800075029A3B75ABE73B2CD41A3C9ED2413CF2
:10AD900001FB683CAB26883CCDE49B3CF0A2AF3C79
:10ADA000058BC33C1973D73C2670EB3C2C82FF3CCF
:10ADB00095D4093D14E8133D8C101E3D0439283DFF
:10ADC000F86B323D69A93C3D56F1463DBF43513DCC
:10ADD000A5A05B3D8BFD653D696F703D48E17A3D07
:10ADE000D1AE823D3DF2873DE73A8D3DCE88923D22
:10ADF000B6D6973D1B2F9D3D7F87A23D60EAA73DBC
:10AE0000404DAD3D5FB5B23DBC22B83D5795BD3D0F
:10AE1000300DC33D488AC83D9E0CCE3DF38ED33DD8
:10AE2000C51BD93D97A8DE3DE63FE43D34D7E93D5B
:10AE3000C173EF3DCA1AF53DD3C1FA3D0D37003E4F
:10AE4000D00F033E31EB053E32C9083ED2A90B3E7E
:10AE5000118D0E3EEF72113E6C5B143E8846173E1C
:10AE600044341A3E9E241D3EF914203E910A233E8E
:10AE7000C902263EA0FD283E16FB2B3E2BFB2E3E94
:10AE800040FB313E9300353E8508383E16133B3E6D
:10AE900047203E3E1630413E8542443E9357473E52
:10AEA0003F6F4A3E8B894D3E76A6503E00C6533ECC
:10AEB00029E8563EF20C5A3EF8365D3EFE60603E92
:10AEC000A48D633E87BF663E6BF1693E8D286D3E63
:10AED0004E62703E0F9C733E0EDB763EAC1C7A3E9B
:10AEE000E9607D3EE353803EF0F9813EFD9F833E65
:10AEF000AA48853E56F1863EA29C883E3D498A3E40
:10AF000027F78B3E61A68D3EEB568F3EC408913EDF
:10AF10003CBD923EB471943ECC28963E33E1973EC0
:10AF2000E99A993EEF559B3E94139D3E39D19E3E42
:10AF30007D91A03E1153A23EF415A43E27DAA53E12
:10AF4000F9A0A73ECB67A93E3C31AB3EFCFBAC3E33
:10AF50000CC8AE3EBC96B03EBA66B23EB936B43E00
:10AF6000A60AB63E94DEB73ED0B3B93EAC8BBB3E2C
:10AF7000D864BD3EA340BF3E6D1CC13ED7FAC23E61
:10AF800090DAC43E99BBC63E419FC83EE882CA3EA5
:10AF90007F6ACC3E1552CE3E4B3CD03E8126D23EFF
:10AFA000A514D43EC902D63E8CF3D73E9FE5D93EC8
:10AFB00051DADB3E03CFDD3E54C6DF3E44C0E13E06
:10AFC00034BAE33EC3B6E53EF2B5E73E20B5E93E0E
:10AFD000EDB6EB3E5ABBED3E16C1EF3E21C8F13E49
:10AFE0007DD0F33E77DBF53EC0E7F73EA9F6F93EAC
:10AFF000E206FC3E6A18FE3E4816003F0421013F6F
:10B00000672C023F1939033F1B47043F1D55053F7D
:10B010001765063F1075073F5986083FF298093FAC
:10B0200032AC0A3F1AC00B3F52D50C3F31EB0D3FFB
:10B0300060020F3F371A103FB532113F2B4D123FC0
:10B04000A167133F6683143F7BA0153F38BE163FB0
:10B050009CDC173F50FC183F541D1A3FFF3E1B3F1E
:10B06000FA611C3F9D851D3F8FAA1E3F29D01F3FBF
:10B0700012F7203FA31E223F8447233F0D71243F38
:10B08000E59B253F0CC8263FDCF4273F5322293F90
:10B09000C2512A3F30812B3F96B22C3FA4E42D3F72
:10B0A00001182F3F064C303F5A81313F56B7323F8F
:10B0B000A2EE333F3D27353F2861363FBB9B373FEC
:10B0C000F5D6383F27143A3F00523B3F82903C3F31
:10B0D000FAD03D3F1B123F3F8B54403FA297413F68
:10B0E0000ADC423FC021443FC768453F75B0463F38
:10B0F00072F9473F1843493FB48E4A3FF9DA4B3F54
:10B100008D284D3F70774E3FFCC64F3FD717513FBC
:10B11000016A523F7BBD533F9D11553FB667563F75
:10B1200077BE573F8716593F3F6F5A3FEFC95B3F86
:10B1300046255D3FED815E3FE3DF5F3F293F613F95
:10B14000BE9F623FFC00643F3064653F0CC8663FB1
:10B15000382D683FB493693F7FFB6A3FF1636C3FD2
:10B160005BCE6D3F153A6F3F76A6703F2714723F56
:10B17000CF83733F1FF4743F00000000EA784C3B1C
:10B18000CDCCCC3BA184193CCDCC4C3C07EB7F3CD7
:10B190009A99993CB728B33CCDCCCC3CEA5BE63CD1
:10B1A0000000003D8FC70C3D9A99193D2861263D4E
:10B1B0003333333DC2FA3F3DCDCC4C3D5B94593DDA
:10B1C0006666663DF52D733D0000803DC763863D94
:10B1D000CDCC8C3D9430933D9A99993D61FD9F3D36
:10B1E0006666A63D2ECAAC3D3333B33DFB96B93DF2
:10B1F0000000C03DC763C63DCDCCCC3D9430D33DAF
:10B200009A99D93D61FDDF3D6666E63D2ECAEC3D6B
:10B210003333F33DFB96F93D0000003EE431033E3D
:10B220006666063E4A98093ECDCC0C3EB0FE0F3E07
:10B230003333133E1765163E9A99193E7DCB1C3E5B
:10B240000000203EE431233E6666263E4A98293EB1
:10B25000CDCC2C3EB0FE2F3E3333333E1765363E09
:10B260009A99393E7DCB3C3E0000403EE431433E5E
:10B270006666463E4A98493ECDCC4C3EB0FE4F3EB7
:10B280003333533E1765563E9A99593E7DCB5C3E0B
:10B290000000603EE431633E6666663E4A98693E61
:10B2A000CDCC6C3EB0FE6F3E3333733E1765763EB9
:10B2B0009A99793E7DCB7C3E0000803EF298813E9B
:10B2C0003333833E25CC843E6666863E58FF873EF8
:10B2D0009A99893E8B328B3ECDCC8C3EBF658E3E9B
:10B2E0000000903EF298913E3333933E25CC943E3D
:10B2F0006666963E58FF973E9A99993E8B329B3EE2
:10B30000CDCC9C3EBF659E3E0000A03EF298A13E83
:10B310003333A33E25CCA43E6666A63E58FFA73E27
:10B320009A99A93E8B32AB3ECDCCAC3EBF65AE3ECA
:10B330000000B03EF298B13E3333B33E25CCB43E6C
:10B340006666B63E58FFB73E9A99B93E8B32BB3E11
:10B35000CDCCBC3EBF65BE3E0000C03EF298C13EB3
:10B360003333C33E25CCC43E6666C63E58FFC73E57
:10B370009A99C93E8B32CB3ECDCCCC3EBF65CE3EFA
:10B380000000D03EF298D13E3333D33E25CCD43E9C
:10B390006666D63E58FFD73E9A99D93E8B32DB3E41
:10B3A000CDCCDC3EBF65DE3E0000E03EF298E13EE3
:10B3B0003333E33E25CCE43E6666E63E58FFE73E87
:10B3C0009A99E93E8B32EB3ECDCCEC3EBF65EE3E2A
:10B3D0000000F03EF298F13E3333F33E25CCF43ECC
:10B3E0006666F63E58FFF73E9A99F93E8B32FB3E71
:10B3F000CDCCFC3EBF65FE3E0000003F79CC003F57
:10B400009A99013F1366023F3333033FACFF033F7A
:10B41000CDCC043F4699053F6666063FDF32073FC5
:10B420000000083F79CC083F9A99093F13660A3F0C
:10B4300033330B3FACFF0B3FCDCC0C3F46990D3F58
:10B4400066660E3FDF320F3F0000103F79CC103FA1
:10B450009A99113F1366123F3333133FACFF133FEA
:10B46000CDCC143F4699153F6666163FDF32173F35
:10B470000000183F79CC183F9A99193F13661A3F7C
:10B4800033331B3FACFF1B3FCDCC1C3F46991D3FC8
:10B4900066661E3FDF321F3F0000203F79CC203F11
:10B4A0009A99213F1366223F3333233FACFF233F5A
:10B4B000CDCC243F4699253F6666263FDF32273FA5
:10B4C0000000283F79CC283F9A99293F13662A3FEC
:10B4D00033332B3FACFF2B3FCDCC2C3F46992D3F38
:10B4E00066662E3FDF322F3F0000303F79CC303F81
:10B4F0009A99313F1366323F3333333FACFF333FCA
:10B50000CDCC343F4699353F6666363FDF32373F14
:10B510000000383F79CC383F9A99393F13663A3F5B
:10B5200033333B3FACFF3B3FCDCC3C3F46993D3FA7
:10B5300066663E3FDF323F3F0000403F79CC403FF0
:10B540009A99413F1366423F3333433FACFF433F39
:10B55000CDCC443F4699453F6666463FDF32473F84
:10B560000000483F79CC483F9A99493F13664A3FCB
:10B5700033334B3FACFF4B3FACC527372CF1003C7E
:10B580002CF1803CBB7EC13CA9FB003D7042213DBB
:10B59000BB7E413D06BB613DE700813D0C1F913DF7
:10B5A0007042A13D9560B13DBB7EC13D1FA2D13D22
:10B5B00044C0E13DA8E3F13DE700013EF90F093E3B
:10B5C000AB21113EBE30193E7042213E8351293ECF
:10B5D0009560313E4772393E5A81413E0C93493E57
:10B5E0001FA2513E31B1593EE3C2613EF6D1693EE0
:10B5F000A8E3713EBBF2793EE700813EC009853E7B
:10B600004911893E221A8D3EAB21913E3529953E46
:10B610000E32993E97399D3E7042A13EF949A53EB2
:10B620008351A93E5C5AAD3EE561B13EBE6AB53E6E
:10B630004772B93ED179BD3EAA82C13E338AC53E2A
:10B640000C93C93E959ACD3E1FA2D13EF8AAD53E95
:10B6500081B2D93E5ABBDD3EE3C2E13E6DCAE53E52
:10B6600046D3E93ECFDAED3EA8E3F13E31EBF53EBD
:10B67000BBF2F93E94FBFD3E8E01013FFB05033F0B
:10B68000C009053F840D073FF111093FB5150B3F78
:10B69000221A0D3FE71D0F3FAB21113F1826133F24
:10B6A000DC29153F492E173F0E32193FD2351B3F7B
:10B6B0003F3A1D3F033E1F3F7042213F3546233F27
:10B6C000F949253F664E273F2A52293F97562B3F7F
:10B6D0005C5A2D3F205E2F3F8D62313F5166333FD4
:10B6E000BE6A353F836E373F4772393FB4763B3F82
:10B6F000787A3D3FE57E3F3FAA82413F6E86433FD9
:10B70000DB8A453F9F8E473F0C93493FD1964B3F85
:10B71000959A4D3F029F4F3FC6A2513F33A7533FDB
:10B72000F8AA553FBCAE573F29B3593FEDB65B3F32
:10B730005ABB5D3F1FBF5F3FE3C2613F50C7633FDE
:10B7400014CB653F81CF673F46D3693F0AD76B3F34
:10B7500077DB6D3F3BDF6F3FA8E3713F6DE7733FE2
:10B7600031EB753F9EEF773F62F3793FCFF77B3F39
:10B7700094FB7D3F58FF7F3F6784671467A32223B4
:10B7800022BBCD109010CCF040404040E39494E7B1
:10B790008438A5A5B9A5C82D2AE828BDA0B8A0BCA5
:10B7A000F744474447B8242438A4FE9292926C0090
:10B7B00000FE888888700000FE4020102040FEFEB9
:10B7C0004080807E4080807E000064929292924C05
:10B7D0003E4888483E0000FC020202FC00008080D7
:10B7E000FE808000007C8282827CE00FF01FF83FA8
:10B7F000FC7DFEFC3EFC1EFC8EEC8EC41EE03EF08A
:10B800007EF83EF01EE08EC48EEC1EFC3EFCFEFC7C
:10B81000FC7DF83FF01FE00F01000200040006006D
:10B8200008000A000C001000200040008000000109
:10B8300001010103070100000804020408010101DD
:10B8400000000000010203040102030406070809C6
:10B8500004000008000000000000000200010000D9
:10B860001000000084B8000800000024F000000070
:10B87000D402000874B90008F0000024680E00002B
:10B88000F002000800000000809700080B00100084
:10B8900060A3000807000C00D4A7000805000800FA
:10B8A0000000000000000000CCAA0008050007000E
:10B8B000000000000000FF0000000000000000FF8A
:10B8C000FFFFFF000000000000000000000000007B
:10B8D0000000000000000000000000000000000068
:10B8E0000000000000000000000000000000000058
:10B8F0000000000000000000000000000000000048
:10B900000000000000000000000000000000000037
:10B910000000000000000000000000000000000027
:10B920000000000000000000000000000000000017
:10B930000000000000000000000000000000000007
:10B9400000000000000000000000000000000000F7
:10B9500000000000000000000000000000000000E7
:10B960000100000010000000000000000090D00363
:04B970000090D00370
:040000050800029954
:00000001FF
